word,freq_vedic,freq_upanisadic,freq_epics,freq_sutras,jac_ved_upa,so_ved_upa,proc_ved_upa,jac_upa_epi,so_upa_epi,proc_upa_epi,jac_epi_sut,so_epi_sut,proc_epi_sut,jac_ved_sut,so_ved_sut,proc_ved_sut
A,3956,145,94,629,0.9361702127659575,0.022956460196851824,0.21575682130857987,0.9795918367346939,0.07598106245808312,0.30052470229751627,1.0,0.12950499308376118,0.5713728203708488,0.9130434782608696,0.05920226252974192,0.24652472431391526
ADipatyam,21,10,18,10,0.9795918367346939,0.0592520393386764,0.18799544384770772,0.9130434782608696,0.06343830471577117,0.23829970084903684,0.9361702127659575,0.07443230561424752,0.21975155619860454,0.9583333333333334,0.02188912886609251,0.08016805082950362
ANgirasaH,29,18,5,7,0.9795918367346939,0.06967748159304854,0.23230126270005402,0.9583333333333334,0.057222168364940096,0.2293686600509246,0.9795918367346939,0.061995510629559325,0.25711924954143905,0.9795918367346939,0.05694074758063006,0.20872149034581
ASA,14,18,62,10,0.9795918367346939,0.013216907246247689,0.04367316791722975,1.0,0.08431207047643052,0.3466925231515259,0.9795918367346939,0.060724384478263005,0.322163522845313,1.0,0.007150465883700607,0.026767047424053336
AUM,9,129,25,72,1.0,0.05709993374240596,0.3501472061652433,0.9361702127659575,0.053082586137151444,0.30671887874523307,0.9361702127659575,0.049767096862025295,0.36172757612186635,1.0,0.0794287830548529,0.34407105875274824
AcAryaH,7,37,106,70,0.9795918367346939,0.05989014827982464,0.3113716714959083,1.0,0.11839123565449694,0.4402787991985375,0.9795918367346939,0.10401468724443219,0.5193595583617829,0.9361702127659575,0.021956862480754014,0.2478970480485313
Acakzate,9,74,8,53,0.9583333333333334,0.015293171068825662,0.11554451647476582,0.9795918367346939,0.08430036824505105,0.23530681988789448,1.0,0.05573917054776367,0.29416598358899004,1.0,0.02050535603659609,0.1631588214155455
AdAya,15,34,627,62,0.9795918367346939,0.020676159249246706,0.28355946497596984,0.9361702127659575,0.10500806426279408,0.6281617011365918,0.9361702127659575,0.07602109278695801,0.6100931077791425,0.9795918367346939,0.0210377366778699,0.19415035035638395
AdaH,34,35,7,7,0.9130434782608696,0.09117755803643257,0.27785118994846736,1.0,0.09283075814272845,0.6200967147747114,1.0,0.11138391552615412,0.5182636507550442,0.9130434782608696,0.06723473864063412,0.33501877948343783
AdityAH,118,15,60,17,0.8636363636363636,0.03709287147601048,0.24422826645817974,0.8636363636363636,0.041073688430234734,0.23349243523281737,1.0,0.057603113224311664,0.2815425883885898,0.9583333333333334,0.06262925697143196,0.3070224223362572
Aditya,32,96,245,24,0.8372093023255813,0.04198373943336553,0.20653611673813455,0.717948717948718,0.06555038942674463,0.42639311184977147,0.9130434782608696,0.09075049868516649,0.5188386286142118,0.9361702127659575,0.04082690660289978,0.21133508394371647
AdityaH,74,125,123,10,0.7804878048780488,0.03981424245588894,0.08262416940180017,0.8095238095238095,0.03387829412629395,0.2554411200374992,0.9583333333333334,0.06095005998780367,0.3670478362524222,0.9583333333333334,0.0525387606987614,0.22300151680693592
Adityam,43,50,103,29,0.9583333333333334,0.05773743722187252,0.09259733341481935,0.8372093023255813,0.04996792455355559,0.4089196298460399,0.9130434782608696,0.08114589050102983,0.4678606217113126,0.9130434782608696,0.0384905629287976,0.13621974827364403
Adityasya,18,34,15,5,0.9795918367346939,0.042033511145349145,0.14561127925886197,0.9130434782608696,0.07108888164510563,0.3102854005051614,0.9795918367346939,0.057271187659515665,0.27888498843940246,0.9583333333333334,0.024504293980383007,0.12876295294323525
Aditye,11,42,34,5,0.9583333333333334,0.04311309180786582,0.2582587475502671,0.9130434782608696,0.06061094265665323,0.3441782067835022,0.9361702127659575,0.08343213589493337,0.38283159040753945,0.9795918367346939,0.012204181785956503,0.11693606059092576
AgacCati,8,20,8,8,0.9795918367346939,0.02850047132507527,0.14314520602776348,0.9130434782608696,0.054929691778020096,0.24544027563554416,0.9583333333333334,0.058298012910908636,0.3225244517801835,0.9795918367346939,0.009679353271405122,0.09421411559060866
Aha,244,411,521,234,0.9795918367346939,0.055070282476462284,0.13518526229680394,0.9361702127659575,0.056953620605863176,0.3339858472265731,0.9583333333333334,0.07715182933511922,0.4327135191544075,1.0,0.033266002894646096,0.18733968298715054
AhuH,364,135,683,71,0.9583333333333334,0.06699860112264733,0.2659622298321205,0.9583333333333334,0.171852530688818,0.5551922278340953,0.9583333333333334,0.10667035842043804,0.5029261266338498,0.9361702127659575,0.03394527349756071,0.29767507162983753
Ahutim,34,5,7,18,0.9583333333333334,0.04346180482673212,0.16991055551338763,0.9795918367346939,0.04126135653879459,0.13750307922922533,0.8636363636363636,0.030781926570159657,0.2057978247669141,0.8888888888888888,0.02932503876714454,0.13470399895271634
AkASe,5,43,131,5,0.9583333333333334,0.04706116878895217,0.2704206646363112,0.9795918367346939,0.08899568602073504,0.424278366596859,0.9795918367346939,0.04976450028334034,0.4939304578772685,0.9795918367346939,0.010145695077987238,0.05845677411215777
ApaH,452,135,163,73,0.8888888888888888,0.04748756901106976,0.19440309734510364,0.8888888888888888,0.050241595087273994,0.2632164937304666,0.9361702127659575,0.09984237096937865,0.28390424402082726,0.9583333333333334,0.05057174874024095,0.22220178777660782
Apnoti,233,62,168,51,0.8636363636363636,0.04133415814902619,0.1394766697399168,0.8888888888888888,0.06497126086327587,0.3725010897723877,0.9583333333333334,0.11924593473055123,0.4346267122444232,0.9130434782608696,0.049478765801349356,0.18655964413970716
Aptam,9,8,17,5,1.0,0.0410339994235317,0.2551122069683275,1.0,0.08920232900711011,0.4386736473809896,1.0,0.07568133904310081,0.4084152358883225,0.9795918367346939,0.021892185243882256,0.09607456652458424
AraBate,7,11,19,6,1.0,0.029758650383886143,0.1979436867465143,1.0,0.10562937131299566,0.3188352368243679,1.0,0.06964721711980981,0.22093732626990192,0.9795918367346939,0.009006566100011715,0.020803618655869105
AraBya,12,20,5,72,0.9795918367346939,0.03259413656734955,0.170508298280325,0.9583333333333334,0.07125936308395275,0.2663088727081935,1.0,0.12022109056523123,0.4162792858333757,1.0,0.042074293593093226,0.256531357929376
AsAm,50,19,53,29,1.0,0.022789558728502413,0.15617639991864318,1.0,0.07851229198378629,0.382696281549462,0.9795918367346939,0.06002225665652039,0.35644556231523705,0.9583333333333334,0.012154301847138171,0.17415687316328576
AsIt,152,108,1280,19,0.9583333333333334,0.0892279499088674,0.2853462057841206,0.9583333333333334,0.1749474788042702,0.5470491611419066,1.0,0.13021172409393678,0.5933874120812519,1.0,0.10010223807896212,0.33613139489370925
Asa,44,25,2474,15,1.0,0.03264801281377272,0.09451668148577708,0.9795918367346939,0.08435706490511874,0.6488896206404688,1.0,0.08273986446463355,0.6975412353735132,0.9583333333333334,0.04013132991407842,0.11725270391984799
Asan,92,7,287,5,1.0,0.05899030331867072,0.4591333632403056,0.9795918367346939,0.13594635633425345,0.611018396477599,1.0,0.08714320496509309,0.5815886360752122,0.9795918367346939,0.0591894086609831,0.2894401710241141
Aste,11,17,128,10,1.0,0.023474121224231204,0.18330670472855637,0.9583333333333334,0.07308770128989672,0.5213654930188474,1.0,0.08415621240907645,0.5281764856720037,0.9795918367346939,0.01380366094238794,0.06966503011388414
AtmA,157,793,1757,64,0.9583333333333334,0.051910061895511506,0.17995783022835332,0.9583333333333334,0.08796071856604093,0.5026796953009461,0.9795918367346939,0.09766393476245061,0.5122458248086112,0.9795918367346939,0.056598906787860725,0.239988711819887
AtmAnaH,5,29,76,6,0.9795918367346939,0.029501973420921535,0.20644893445634227,0.9795918367346939,0.08144382276304896,0.35492294721077355,1.0,0.07972583146416734,0.4780475729922331,0.9583333333333334,0.013616429302693245,0.054212207665012
AtmAnam,93,387,990,86,0.9795918367346939,0.0503306721270077,0.1806182833067409,0.9361702127659575,0.056554499080708864,0.38593933527274815,0.9361702127659575,0.08686511010514975,0.5173959548693187,0.9583333333333334,0.0503742689675063,0.25209553954418606
Atma,16,912,757,141,1.0,0.049597945352447215,0.3093390590329731,0.9583333333333334,0.08323751532070867,0.5054596967551106,0.9795918367346939,0.14828939472172864,0.6380485757693944,0.9795918367346939,0.029811188175342673,0.3773196236548949
AtmanA,33,134,336,15,1.0,0.08055295537370621,0.4366716769904231,0.9583333333333334,0.09391039732320872,0.5649971500850026,0.9795918367346939,0.0848504583306603,0.4925212333252582,0.9583333333333334,0.023609874894689464,0.17829750134901423
AtmanaH,40,422,922,122,0.9795918367346939,0.07802087613118114,0.4444073280499039,0.9130434782608696,0.07585290812177936,0.4506012008517538,0.9795918367346939,0.11566056097465038,0.5218070968118949,1.0,0.022584830971278502,0.21292015254893926
Atmani,34,121,232,139,1.0,0.08282547899605319,0.42773233083419837,1.0,0.08371240449883122,0.5208410343421821,1.0,0.17578902695862186,0.6276277654416955,1.0,0.10846554273174291,0.6281352223662947
AvftaH,14,5,60,17,0.9361702127659575,0.011081497549839336,0.06100515882900759,1.0,0.1044558102808546,0.4698993000252112,0.9795918367346939,0.07661985427708728,0.5833120038293946,1.0,0.013599065981548586,0.1318606604325694
Ayatanam,37,76,33,20,0.9583333333333334,0.06819618056926058,0.34175347646182197,1.0,0.09703729748501566,0.6239448549361859,0.9795918367346939,0.08589168238373424,0.46304721972169194,0.9795918367346939,0.04587875888284454,0.21006215183426358
AyuH,375,53,230,80,0.9361702127659575,0.08878859804052885,0.17552902191276942,0.9361702127659575,0.11507799057215817,0.3653003214654852,1.0,0.11739987718877365,0.4198771338544892,0.9361702127659575,0.08926197963417437,0.22489390045088808
AyuzaH,13,10,83,12,0.9795918367346939,0.037281169538591064,0.1531974601607078,1.0,0.10910074618687349,0.4418532777344484,0.9583333333333334,0.06625237181607346,0.3912349941089326,1.0,0.012310608116115618,0.10938765525283256
Ayuzam,5,7,8,5,1.0,0.027784186675490652,0.1401885716834611,1.0,0.052672638374198,0.39792842351013435,0.9795918367346939,0.053826786518960223,0.3293929855753548,0.9795918367346939,0.010487138176813127,0.07857386737874983
BAgaH,51,6,58,111,0.9795918367346939,0.0200746467529197,0.15332909604099543,0.9795918367346939,0.07915182931111098,0.3564956589848951,0.9361702127659575,0.12322791053382032,0.4556871029023326,0.9795918367346939,0.09193927991979567,0.5188993076902073
BAj,7,11,81,7,1.0,0.015846033036854945,0.17093545058006399,0.9795918367346939,0.10265064050457862,0.4809770845765944,1.0,0.09726517685408176,0.36414786862597215,0.9795918367346939,0.003983167985373681,0.022877785973828724
BAti,41,25,113,5,0.9795918367346939,0.035304100744928735,0.3511381815813466,0.9361702127659575,0.05796263108857702,0.5562701326303765,1.0,0.09097058153463922,0.556516167116816,0.9583333333333334,0.046010346154732096,0.28951476431708867
BUH,39,44,98,64,0.9583333333333334,0.08389340722181315,0.49116910363541777,0.9795918367346939,0.0875883953068759,0.6038451549013468,0.9795918367346939,0.09562403223746252,0.5171808274485367,0.9795918367346939,0.08542966046733791,0.4691394294914981
BUmi,9,11,185,95,1.0,0.0421486694072436,0.2882793232822777,0.9130434782608696,0.07230929576467648,0.5574976449884155,1.0,0.18506647501316797,0.6479603598114623,0.9795918367346939,0.026720802858432036,0.3716649445778589
BUt,59,28,82,35,0.9795918367346939,0.029641167479941832,0.21346719520506208,0.9361702127659575,0.08642979413221807,0.35654055172114285,0.9583333333333334,0.080542386583079,0.3578611989659283,1.0,0.02987429681315701,0.30703752713981514
BUtA,7,18,22,5,0.9583333333333334,0.03406917844695645,0.23746502289405003,0.9583333333333334,0.12143768822547762,0.34733367748537924,0.9795918367346939,0.0865981495500876,0.3888887418844227,0.9795918367346939,0.008900878342078755,0.07709363580444939
BUtAnAm,15,84,668,31,1.0,0.037490863659848106,0.27005505694529797,0.9130434782608696,0.09073309643942151,0.46718005393243434,0.9583333333333334,0.078800621962832,0.4436580423195048,1.0,0.02200844236313182,0.13162863049795137
BUtAni,41,174,567,32,0.9130434782608696,0.040047320057000735,0.2327987867168606,0.8095238095238095,0.06129598207414644,0.4526472384730722,0.9130434782608696,0.0803960805756937,0.5289874973387174,0.9583333333333334,0.012246927693018272,0.09615539704985898
BUta,37,125,744,48,0.9795918367346939,0.06343123840656584,0.3167601653138341,0.9130434782608696,0.09195393175155553,0.4752703075863107,1.0,0.15626771343642876,0.5796593704989856,1.0,0.04532131710687959,0.3242341075562182
BUtaH,10,51,172,19,1.0,0.03265790147150127,0.20349758195060375,0.9583333333333334,0.11050497837199413,0.3839568299854914,0.9795918367346939,0.12243228923260685,0.4727966454204521,0.9583333333333334,0.008809201556404855,0.09189677461685475
BUtam,66,88,320,46,1.0,0.057459456613811466,0.3443354541342676,0.9583333333333334,0.07747159724429009,0.41223491650275956,1.0,0.09973302949865892,0.4522895818034838,1.0,0.011928963368816214,0.20252466463023944
BUtasya,24,32,38,10,1.0,0.025015627491023262,0.1997412207051914,0.9130434782608696,0.059880235408045546,0.23365830833065315,0.9361702127659575,0.07919447920575917,0.340555421675208,1.0,0.023104486261323443,0.1242245682306179
BUte,5,20,26,18,1.0,0.055791157801122426,0.27451327204446563,1.0,0.1138860215497437,0.3627757465755197,1.0,0.11850848963345295,0.4647511296365552,0.9795918367346939,0.048315293973130724,0.3305136652121502
BUtezu,9,36,267,9,1.0,0.040584012705522365,0.2300466903188445,0.9361702127659575,0.08038739041669052,0.3994036514619097,0.9583333333333334,0.08107173401465095,0.430732174430424,0.9583333333333334,0.006719717370638478,0.036434512415328024
BUtvA,93,95,621,19,1.0,0.047119844066127126,0.2586154828682703,1.0,0.07096111746081568,0.5426263332427365,1.0,0.08563122117335742,0.63824996900927,0.9795918367346939,0.02865265491918101,0.2495979180433292
BUyaH,15,61,33,12,1.0,0.03949041538776288,0.29470995083827567,1.0,0.09011386246458386,0.34063006055274725,0.9795918367346939,0.04621612564280431,0.235682452106577,0.9583333333333334,0.02096951608904396,0.06752861479299432
BUyas,13,50,822,24,1.0,0.03987631887011123,0.2967624758454417,0.9795918367346939,0.0844955018521838,0.5648567086052383,1.0,0.13759573319078666,0.5860063430894904,1.0,0.01904501731993591,0.10170143802407083
BagavAn,5,80,1235,6,1.0,0.06997352763368536,0.3133044163860139,0.9795918367346939,0.10497308704166597,0.5280433786130689,1.0,0.09329341774342581,0.4985470478069046,1.0,0.012903613248376189,0.06517068577716112
Bakzayanti,9,9,18,18,1.0,0.02652187560187025,0.11623122029862198,0.9795918367346939,0.06267169454318666,0.29500950715386376,0.9795918367346939,0.08422946049217495,0.3558360997240412,0.9583333333333334,0.02762652382722197,0.11630419019234739
Bakzayati,10,6,5,20,1.0,0.017328966414435598,0.04583516194133819,0.9361702127659575,0.055460590011170874,0.24770391133444758,0.9795918367346939,0.061765136585418934,0.3232979919694644,0.9795918367346939,0.030562491887112908,0.12711927127491474
Bava,224,10,459,38,0.9795918367346939,0.06994223019890566,0.3219482258628842,1.0,0.14800211383806106,0.5751761079312212,0.9583333333333334,0.10041813261300014,0.5121041979440041,0.9361702127659575,0.0667384362732002,0.2802599295777046
Bavanti,389,177,425,185,0.9130434782608696,0.04816995338770502,0.29275836059648874,0.9583333333333334,0.08027965990326946,0.38448195393348306,0.9583333333333334,0.07154692349215863,0.42440366205271696,0.9795918367346939,0.020021112359725812,0.17342566035474638
Bavat,21,22,180,7,0.9795918367346939,0.028640597346594077,0.28757533106737154,0.9361702127659575,0.08389800466508468,0.5848489317948999,0.9795918367346939,0.08336006057514445,0.6234581534243473,1.0,0.02240584073988905,0.16517993690745747
BavataH,98,26,194,39,1.0,0.06085692443771584,0.38774032199940334,0.9583333333333334,0.12292514643652908,0.41637421544942277,0.9795918367346939,0.07862823565325738,0.534005920637578,0.9583333333333334,0.021373945855972076,0.15283589177785273
Bavati,1236,1276,831,775,0.9795918367346939,0.04252827525826319,0.29605658841088967,0.9130434782608696,0.07435403476649793,0.40707329796672953,0.9130434782608696,0.08699676172709514,0.4746847666262449,0.9795918367346939,0.037741287886975616,0.2592036899224399
Bavizyati,21,32,899,32,1.0,0.03441640266618584,0.1251114369282318,1.0,0.0983895707479927,0.4460229337132816,0.9795918367346939,0.11485135864603258,0.44745426741681027,0.9795918367346939,0.017716064169157164,0.1173312269043707
Bayam,17,39,747,20,0.9583333333333334,0.03867618012091478,0.25031566175829245,0.9361702127659575,0.07101996069984617,0.4610429148469881,0.9795918367346939,0.06505071438859877,0.49565331733798357,1.0,0.01790934165522884,0.03977266085754971
BuvaH,53,27,22,56,0.9583333333333334,0.1082312867598183,0.5432150327087915,1.0,0.07812053013038056,0.4082135300477766,0.9583333333333334,0.0858120617402256,0.3794270972504138,0.9795918367346939,0.10720747535679453,0.46279831081305867
Buvanam,18,6,14,8,1.0,0.027598187750926262,0.1277740769056599,0.9795918367346939,0.062272140475509,0.2743540516207883,0.9361702127659575,0.0638017251584776,0.25237669861251844,0.9795918367346939,0.021143720636039753,0.13526038515797356
CAyA,8,41,53,15,0.9795918367346939,0.029706640648455185,0.36741288026786645,0.9795918367346939,0.15174081736563794,0.6718059022321435,0.9795918367346939,0.07836397136018092,0.4986928898911316,1.0,0.0075304633691740674,0.15585356029850894
CandaH,114,16,17,13,0.9583333333333334,0.05404983271708741,0.19591538193182534,1.0,0.06910118877105575,0.224633843576307,1.0,0.08710341102774488,0.23979786108377388,0.9795918367346939,0.043337475157692595,0.2495467886277951
Cidram,10,7,28,34,1.0,0.031286852013540534,0.13278489689691697,0.9583333333333334,0.07296378752472388,0.2636647157954277,1.0,0.14397044344953136,0.437728217306539,1.0,0.040017094300539124,0.29555307421575305
DAtu,27,6,45,6,0.9583333333333334,0.018333554443141553,0.40109447066832815,0.9583333333333334,0.06738372542863658,0.4781186339497273,1.0,0.13658844161462247,0.5212086859628904,1.0,0.03485311343143693,0.33323912977956827
DAtuH,14,11,31,11,1.0,0.02108229931502348,0.1290488510005039,0.9795918367346939,0.056639298610848376,0.2543245670102614,1.0,0.09244397511515723,0.3158816093658209,0.9130434782608696,0.011084443870741256,0.08824070637094761
DAvati,39,6,8,7,1.0,0.031886095536723946,0.31706775700932677,0.9361702127659575,0.06111550516222508,0.24846588918394952,1.0,0.055072723779080235,0.23508103934487368,1.0,0.025630815398597573,0.3536577967780077
DUma,13,32,48,12,0.9795918367346939,0.06656641333516644,0.4212550601967029,0.9361702127659575,0.11059993416656866,0.43668214783239057,0.9361702127659575,0.0884502607938884,0.46130789046734855,0.9583333333333334,0.011333894530172528,0.22883344897217728
DUmaH,9,36,27,14,0.9795918367346939,0.08045446533447176,0.3794739743058798,0.8888888888888888,0.061952443759311415,0.3112717419648039,1.0,0.09393402886061286,0.41842579690170845,0.9583333333333334,0.012877443406809186,0.1304659023581557
Dana,48,18,287,31,1.0,0.05408756662053471,0.28930729407710576,0.9795918367346939,0.0894364346873402,0.5605206468109271,1.0,0.09214973968366214,0.4945905292565814,1.0,0.08940046251483169,0.35182369969036875
Danam,43,37,462,73,1.0,0.08197827775559463,0.3211755105260041,0.9795918367346939,0.10487267162565317,0.5628620549201959,0.9583333333333334,0.10413284462737005,0.4857990109689285,1.0,0.0412419607390746,0.29926095370896033
Danena,23,8,51,5,0.9795918367346939,0.0319436501755298,0.15728607949173656,0.9795918367346939,0.08811387196117859,0.3878307392359934,0.9583333333333334,0.11240030575032778,0.509262735242758,0.9795918367346939,0.026997739790055708,0.2244548040393749
Darma,7,194,3820,234,0.8888888888888888,0.035474399703017134,0.38778621173040984,1.0,0.15260987992214414,0.7101995935765083,0.9130434782608696,0.1409397653161848,0.5943468610555454,0.9583333333333334,0.04155172990134659,0.41633453380961694
Darmam,6,14,1111,65,1.0,0.03376073549211234,0.2153453251116224,0.9583333333333334,0.07007994220537062,0.4706383153482644,0.9583333333333334,0.0969686122244442,0.45961008764262656,1.0,0.033350521161428226,0.2579417080906776
DiyA,109,12,20,9,0.9795918367346939,0.054782191204371,0.563585418903606,0.9583333333333334,0.058697869938253655,0.2984988294689196,0.9795918367346939,0.11704589253557751,0.5076009235883324,0.9130434782608696,0.06983005956032406,0.32794316389349376
DiyaH,106,7,5,13,0.9361702127659575,0.026257326817670457,0.28073723920866667,0.9795918367346939,0.058073199195545655,0.15428505128235903,0.9795918367346939,0.07422683626271687,0.3962831687756655,0.9795918367346939,0.09137989232398491,0.3411124889324406
DruvA,17,7,21,5,0.9795918367346939,0.025119187710568758,0.10988503475513423,0.9795918367346939,0.09557552245250434,0.28637727503160626,1.0,0.06819872179803799,0.2386978889681589,1.0,0.019657846777529686,0.12254198149323081
Druvam,30,9,419,15,0.9795918367346939,0.02621009421851539,0.24589316208942058,0.9795918367346939,0.06150215376240331,0.45692905796656924,0.9361702127659575,0.04995856677025956,0.4729173393694581,1.0,0.029969673482781456,0.1660067049332744
Gfta,99,5,60,37,0.9795918367346939,0.018409637466039075,0.33787738968015035,0.9361702127659575,0.0754830514162631,0.3570996935316606,0.9361702127659575,0.0929461827226774,0.37502216272865674,1.0,0.04731471796425735,0.37190897905778986
Gftam,79,5,57,37,0.9795918367346939,0.020202217196416683,0.16613388667993556,0.9130434782608696,0.0570539642853638,0.2871920655673945,0.8888888888888888,0.07278150292139574,0.2795831240121738,0.9795918367346939,0.03946488934420378,0.19928108489580865
ISAnam,19,6,47,6,0.9795918367346939,0.02500462919245605,0.1620381129480668,0.9795918367346939,0.07448409719605309,0.3953756061227103,0.9795918367346939,0.08068115254419261,0.41000662246227726,1.0,0.03835426318348967,0.1544809943960308
ISvaraH,12,27,365,8,0.9583333333333334,0.025704628408897867,0.1259018724264358,0.9795918367346939,0.08554741636297836,0.4837580373083018,1.0,0.11240083106604659,0.5724517529365869,1.0,0.010460049678243544,0.051129824770319465
Kalu,32,131,262,14,1.0,0.0633189786142706,0.3267529818855406,0.9583333333333334,0.08365908812388301,0.5681930707805158,0.9795918367346939,0.0672535458184147,0.5634002334068346,1.0,0.026223731150430196,0.17232571717225798
Palam,6,292,1261,81,1.0,0.03221729605435153,0.3550976989169917,0.9583333333333334,0.06667307459582017,0.48041083173319943,0.9583333333333334,0.07563962923879086,0.49724803745240387,0.9583333333333334,0.024519433296977478,0.27678032163328603
SIta,6,7,110,10,0.9583333333333334,0.030916769888284734,0.16828209895053614,1.0,0.12145773955238304,0.5663199691969043,0.9795918367346939,0.09242345820878517,0.5505265430413413,0.9583333333333334,0.011963092894219596,0.08808907825438128
SUdraH,6,7,119,28,1.0,0.015513237928160617,0.022563031017272417,0.9795918367346939,0.0688685689619678,0.3658919460060801,0.9583333333333334,0.07735164044612486,0.33074623587864327,0.9795918367346939,0.011354623654276641,0.07168860632976182
SaktiH,8,10,126,16,0.9130434782608696,0.02938206059796511,0.2762881724617062,1.0,0.11769072532407632,0.4786914732791008,1.0,0.19236205718497057,0.5722530027336878,0.9361702127659575,0.04406090073257074,0.36006741429555744
SarIram,48,161,258,19,0.9583333333333334,0.051884940948731195,0.2517403542382033,0.9583333333333334,0.08746249367249848,0.43474924620435673,1.0,0.07556131236056307,0.41280831758181935,0.9795918367346939,0.014977684026989069,0.1162637086542353
SaraRam,6,7,293,7,1.0,0.022920176135922787,0.11186250687093136,0.9795918367346939,0.05403864982150708,0.5078261351208643,1.0,0.09554865037488358,0.6399517865309583,0.9583333333333334,0.01476306053241172,0.13458078438476562
SatAni,37,9,201,51,0.9795918367346939,0.0450582992337738,0.2565104776801461,1.0,0.09542725092382709,0.39957242054015596,0.8372093023255813,0.051921285343111134,0.28944704296791723,0.8372093023255813,0.03350278137641782,0.12760054057956804
Sata,224,14,634,115,1.0,0.06375963080520486,0.33888851593061087,1.0,0.186321584253742,0.47841039373532634,0.8636363636363636,0.10887762036304982,0.4499976913794419,0.9361702127659575,0.05977491283386316,0.33810486580252463
Satam,220,47,525,160,0.9795918367346939,0.11040534451141493,0.4804110960749711,1.0,0.21504087728477428,0.5042720428868177,0.8095238095238095,0.05479400815449453,0.3871808369002627,0.8095238095238095,0.04453407358397077,0.2821711458907702
Satena,9,6,104,7,1.0,0.017432478143886487,0.17720708840458677,1.0,0.15283424994700445,0.5805844845050596,0.9795918367346939,0.09802766829858833,0.4862877077185115,1.0,0.024851392293449015,0.10152750251613585
SatruH,22,5,119,21,0.9795918367346939,0.018561272848805044,0.06833141153919109,0.9795918367346939,0.08052133520772298,0.3869611709253342,0.9795918367346939,0.10979173789657293,0.36258274955998726,1.0,0.03255295580402884,0.1766825432257022
SezaH,8,15,38,84,0.9795918367346939,0.012973321753743772,0.133039893011889,1.0,0.10131954296900669,0.3810697080224552,0.9795918367346939,0.08217785152185209,0.45715513239420713,1.0,0.053192933309077595,0.2685320625568699
SfRuta,5,5,12,9,1.0,0.026227382493054563,0.13404091388314188,0.9795918367346939,0.07012602599988094,0.1861663778935091,1.0,0.07032089434703725,0.2313002636336725,1.0,0.04579816015928506,0.13171487372379365
SiraH,126,74,497,65,0.9130434782608696,0.031524487172396976,0.2209957438165039,0.9361702127659575,0.05152511116540315,0.54173788162354,0.9583333333333334,0.08681665854677312,0.6248738265764213,0.9361702127659575,0.014708312399746681,0.19011389156380964
Sivam,19,5,120,10,0.9583333333333334,0.01774538263008829,0.14132382882936223,0.9583333333333334,0.08158691434578724,0.4212300559082953,0.9795918367346939,0.07917211335903618,0.4823101529593744,1.0,0.020134299910370412,0.20628669272897326
SlokaH,15,40,23,14,1.0,0.03301516339758448,0.32189898515900583,1.0,0.12285506388972289,0.42788999317084075,1.0,0.07390208516569818,0.2882102695590647,0.9795918367346939,0.010720255117943833,0.0685535818990104
SrIH,42,10,177,9,1.0,0.04037979531568503,0.18739144741822633,0.9583333333333334,0.07905889993491111,0.5115609660869506,0.9795918367346939,0.09392329335894334,0.5456097859440667,1.0,0.041123497014122545,0.21517668428367798
SradDA,25,53,88,12,0.9795918367346939,0.06475838824428848,0.3843348450645414,0.9795918367346939,0.12822700381978158,0.561307094469299,0.9795918367346939,0.06370260422828067,0.3564975053490864,0.9583333333333334,0.011878936659618144,0.04150490660447015
SreyAn,8,9,47,39,0.9795918367346939,0.024370775144180512,0.18068415453471376,1.0,0.08326667529198428,0.36582705453130937,0.9795918367346939,0.14306592951931374,0.3525602486232824,1.0,0.031765347978235714,0.247940638570046
SreyaH,9,31,408,40,0.9130434782608696,0.021169801147818412,0.24692854405968845,0.9583333333333334,0.08788692017928046,0.4191393646669732,0.9583333333333334,0.1120156255869399,0.39094533117266117,0.9583333333333334,0.03699742048703769,0.24191447202752836
SrezWaH,31,36,556,11,0.9583333333333334,0.042971235642555006,0.2119093331948807,0.9583333333333334,0.09597534798158958,0.5825710595986767,0.9583333333333334,0.09659559650276184,0.5560206332194271,0.9795918367346939,0.024896028105638957,0.1004455001010266
SrezWam,15,7,418,11,0.9583333333333334,0.01849693292317489,0.1390179130442728,0.9361702127659575,0.06608129155505771,0.6032097043909216,0.9795918367346939,0.0954837843468358,0.6122509750264675,1.0,0.017832952849774042,0.049628383031689705
Srotra,7,33,30,5,0.9130434782608696,0.03439118787746309,0.21099264956819064,0.9130434782608696,0.08214636063405623,0.28932495464926977,0.9583333333333334,0.11487165356247997,0.5131456798471625,0.8636363636363636,0.027644509038404985,0.19765689052091573
Srotram,49,90,58,15,0.8372093023255813,0.030592451906761076,0.12997136140377696,0.9361702127659575,0.07964313470486106,0.274363418434624,0.9583333333333334,0.13869701655084044,0.4279589905148762,0.7804878048780488,0.04745701256074952,0.25366148624241247
Sruta,8,16,93,23,0.9795918367346939,0.03827789924469083,0.3472276740434359,0.9795918367346939,0.1417671706954614,0.47729110726411383,0.9795918367346939,0.1137582304506487,0.47380278434332346,0.9795918367346939,0.020364212509470292,0.2591637064778065
SrutaH,34,7,145,7,1.0,0.02977038592223913,0.3312529495707892,0.9583333333333334,0.1465654935325803,0.5078221627128942,0.9795918367346939,0.0936845910466112,0.4177662564318181,0.9583333333333334,0.04385463961626268,0.16427688223857395
Srutam,35,29,464,6,0.9583333333333334,0.044635398634959356,0.3246616610644131,0.9583333333333334,0.09599609841967394,0.5320380559694083,0.9795918367346939,0.0793315236048221,0.5113707118072257,0.9361702127659575,0.04100396007420015,0.20306902346913125
SudDa,6,19,131,25,0.9795918367346939,0.030240046438347545,0.29916754383074573,0.9795918367346939,0.12655102362485504,0.5698220840117476,0.9795918367346939,0.11197594131122124,0.543566677230633,0.9795918367346939,0.014920897461731752,0.2954016707873264
SudDaH,23,6,36,11,0.9583333333333334,0.03800655697177857,0.3670022290953736,0.9583333333333334,0.09387462494965926,0.2651266286074252,1.0,0.09724351649186558,0.3079623055701002,0.9795918367346939,0.038453403779187156,0.3717026901405063
SudDam,6,8,54,13,0.9795918367346939,0.019383392562138724,0.12391144140533428,0.9583333333333334,0.09195844544743637,0.3273754108561089,1.0,0.11954574800178852,0.3751492543624759,0.9583333333333334,0.01254736732683559,0.21970144729557473
Sukram,38,13,45,9,1.0,0.019652983913273303,0.17561202081314697,1.0,0.0733549162553141,0.26164527893420764,0.9583333333333334,0.09253209959906494,0.3225785053753464,1.0,0.027830704411635265,0.14129393723460693
Svas,29,7,104,21,0.9795918367346939,0.04715541340884,0.26099344545934433,0.9795918367346939,0.07965825022367701,0.4791823285094903,1.0,0.08318455895156018,0.47741791259009647,0.9583333333333334,0.03699390172914929,0.2676203057465203
SyenaH,63,5,26,30,1.0,0.03152467408532866,0.3328891618495623,0.9583333333333334,0.04546493771640914,0.28248680599715204,1.0,0.10298668706645309,0.42632011226145927,1.0,0.05588511371595484,0.42924486584343247
UcuH,15,56,413,7,0.9583333333333334,0.06562037483110805,0.30854071891058654,0.9361702127659575,0.07354470353010278,0.456414591112263,0.9361702127659575,0.08398699520342523,0.5200465232839455,1.0,0.048295519400405995,0.11861288516759128
UrDva,20,33,93,60,0.9795918367346939,0.030058552549400375,0.16551828006273972,0.9583333333333334,0.08988906836452037,0.37965541161610017,1.0,0.15744541406945312,0.4813555893798045,1.0,0.01672410214604758,0.18364808419430667
UrDvam,41,81,212,173,1.0,0.03571243293438919,0.16272700355178693,1.0,0.09998022117575012,0.49254718743425685,1.0,0.09305674511548745,0.5703901648396568,0.9795918367346939,0.022634634531109588,0.22541701043432782
a,1198,678,3023,716,0.9795918367346939,0.017861392693654166,0.22611341952020536,0.9361702127659575,0.06927858008709475,0.5303186381017554,0.9795918367346939,0.0750693961028377,0.5023645781276049,0.9583333333333334,0.012694560994749748,0.13161578882212144
aBUt,60,60,556,19,0.9361702127659575,0.04201454741536659,0.2704524032076461,1.0,0.20767888308779847,0.6128404645158219,1.0,0.13124718944422986,0.5805489367728195,1.0,0.05601359453201671,0.2276531521727062
aBayam,39,66,97,26,0.9795918367346939,0.06362286383361171,0.42297792432427794,0.9795918367346939,0.11351569577776544,0.43271487558247035,0.9795918367346939,0.0828007161213048,0.3698364924976332,1.0,0.06165371645316242,0.12083118837350848
aBi,1247,7,19,140,1.0,0.024543600920634456,0.3023300811224877,0.9361702127659575,0.049464344944549765,0.2274777270374374,0.9795918367346939,0.10650244683651633,0.34040062515312486,1.0,0.07522939863947165,0.35363340841869595
aBitas,66,10,119,37,0.9583333333333334,0.03407254437653717,0.18640112843140622,0.9583333333333334,0.0653443925832462,0.4759475037442342,1.0,0.1249384729979015,0.4538887037358268,0.8888888888888888,0.017640735269796814,0.10434107469547305
aDas,22,28,108,30,1.0,0.03428658379585037,0.22872564163839781,1.0,0.07475423275788295,0.4151474740003196,1.0,0.10979571401993338,0.6228292718389055,0.9795918367346939,0.022812158164395635,0.27641548183469533
aDi,749,24,30,27,0.9795918367346939,0.04617596216868769,0.29203902802837556,1.0,0.06757164413895045,0.4133255707410616,1.0,0.09629686344065203,0.41385764191618635,0.9583333333333334,0.021712245689773146,0.2572551016241481
aDidEvatam,14,26,99,9,0.9583333333333334,0.042349178638998675,0.14521784639477509,0.9583333333333334,0.06985544008855304,0.22862777607423412,0.9795918367346939,0.09516472218014838,0.4128372049429241,0.9795918367346939,0.02225028774932125,0.0929036193228493
aDipatiH,59,22,98,9,1.0,0.027615912288036615,0.12531706430141343,1.0,0.0789490907836583,0.4730214982330103,0.9583333333333334,0.0739777473229497,0.4232047429722603,1.0,0.03465015833119811,0.13065785072713365
aDvaryuH,62,11,12,65,1.0,0.05019251659430746,0.13383716221025432,0.9130434782608696,0.03445302703853459,0.15383407250111514,0.9583333333333334,0.05313577091713373,0.22828796587986033,0.9795918367346939,0.04961835930383296,0.23622615741300113
aDyAtmam,16,84,136,10,0.9583333333333334,0.07198691116452971,0.2630822593368518,0.9795918367346939,0.09257521077956254,0.34523026796630085,0.9795918367346939,0.09715693935483338,0.45479022243574185,0.9583333333333334,0.030989012729965126,0.1104480344378087
aNgAni,24,11,82,17,1.0,0.03632421820391307,0.14704852273305535,0.9130434782608696,0.04653238306893004,0.363193672827427,0.9795918367346939,0.10284567863920757,0.42291024552880996,1.0,0.010334194698998989,0.033365082153752335
aNgAt,29,5,12,13,0.9795918367346939,0.020622785047039627,0.12147813616293213,0.9361702127659575,0.048765040373902724,0.3004267665297389,1.0,0.052111229822861205,0.3397192489341183,0.9583333333333334,0.019844441759345632,0.20820169230466512
aNga,76,50,184,78,1.0,0.07832007154243004,0.4841399927310013,1.0,0.07672408490023408,0.5396272103261975,0.9795918367346939,0.14515627460329394,0.5320023566897679,0.9795918367346939,0.029634716580539955,0.1490785015226319
aNgam,48,10,137,34,1.0,0.04729606529152397,0.2869649238489267,1.0,0.10304323022055129,0.5389081250231045,0.9583333333333334,0.10994021509697582,0.4937988645522525,1.0,0.035736318603449835,0.28412112223618835
aNgirasaH,71,9,41,9,0.9795918367346939,0.057947938286605716,0.2949238306389519,0.9583333333333334,0.05562027884947407,0.3124160217963081,0.9795918367346939,0.08539930791765049,0.38038799230819065,0.9583333333333334,0.06299607552261344,0.25363330332816814
aSmAnam,14,7,10,8,0.9583333333333334,0.014133847777733521,0.08551528923628426,0.9795918367346939,0.05864084526025248,0.2845416501449065,0.9795918367346939,0.06250450679160202,0.28250435854222755,0.9795918367346939,0.01860770576225812,0.20757629003659606
aSnIyAt,16,7,25,15,0.9583333333333334,0.020529898366852373,0.05450590420514323,0.9795918367346939,0.06767934642045303,0.26174432375777745,1.0,0.0677325507104295,0.2210192993911234,0.9583333333333334,0.010593013746412638,0.07800676454215649
aSnanti,9,5,34,6,1.0,0.016973641100966552,0.06924546311751689,0.9795918367346939,0.07713119736418994,0.3294788350611755,1.0,0.08837859470099885,0.2878591802849402,0.9795918367346939,0.007829420762274553,0.017171357948872812
aSnute,35,21,178,15,0.9583333333333334,0.043093533665368944,0.14056450308902657,0.8888888888888888,0.06015123180861803,0.30316019785959836,1.0,0.11466211291659212,0.33684292813509065,0.9583333333333334,0.022525308208197536,0.11123026015322057
aSvAH,68,8,94,12,0.9583333333333334,0.03267650025276159,0.34404471431003525,0.9795918367346939,0.06109687998569968,0.4858389357058963,1.0,0.06198493538590111,0.4262171258348394,1.0,0.03516886386564522,0.3042812222332121
aSva,92,20,638,124,0.9583333333333334,0.06570840355359608,0.409525706285937,0.9583333333333334,0.08908663709098252,0.5550751730870317,0.8888888888888888,0.12241803598577938,0.3536822018934521,0.9130434782608696,0.09403871371353001,0.2101661605328108
aSvaH,110,17,85,20,1.0,0.03169830232162074,0.3089744953507281,0.9361702127659575,0.056177617310513406,0.4603315073389739,0.9583333333333334,0.08241538383359304,0.4269686389275662,0.9795918367346939,0.03289728498871802,0.2642529860251259
aSvam,68,14,123,47,0.9795918367346939,0.04826470430059182,0.32734679148569734,0.9795918367346939,0.081894587445978,0.5479931717191434,1.0,0.07445600389192186,0.5261097250085072,1.0,0.05823505079990765,0.36738607710826154
aSvasya,46,24,13,5,1.0,0.033813131241175576,0.19641545501514723,0.9361702127659575,0.06533050675567886,0.3503571091784431,1.0,0.06704811022341295,0.3359552830379573,0.9795918367346939,0.021145375625302942,0.12161860401394287
aSvinO,48,8,137,15,0.9583333333333334,0.049849710145295045,0.2499244109827008,1.0,0.07801747883372256,0.4239685852629308,0.9361702127659575,0.07927634188502652,0.3946299348730389,0.8888888888888888,0.06138889865925057,0.16696325143260293
aSvinoH,38,8,26,8,0.9795918367346939,0.0222926355994173,0.19934185811332195,1.0,0.10221084692067994,0.4317712394291897,0.9583333333333334,0.047648906289616155,0.24324585027587087,0.9795918367346939,0.03294887158627313,0.08354974531653536
aTa,1322,801,4928,671,1.0,0.04372148440815504,0.12443417627208553,1.0,0.056793248459486856,0.49484248650662566,0.9583333333333334,0.06860442925873766,0.4910165160327673,0.9795918367346939,0.03346047375058858,0.21042062106491877
aTarva,5,9,10,7,1.0,0.03728356060836968,0.12995737830746168,0.9583333333333334,0.03673054045067259,0.19791603347385744,0.9795918367346939,0.06981596937313961,0.2657296815949661,1.0,0.011455236516775269,0.06406337221312186
aTo,68,6,161,6,0.9361702127659575,0.030538813416943866,0.15166085382666694,0.9583333333333334,0.05498400505381862,0.40257700688202935,0.9583333333333334,0.06347093326624809,0.43155217533764056,0.9795918367346939,0.01713863853248576,0.09393398714396128
aYjasA,21,8,71,5,0.9795918367346939,0.031452638829751245,0.19439411892597125,0.9583333333333334,0.07491416936792294,0.4487896806931748,1.0,0.08029381240743727,0.42145553630228005,0.9795918367346939,0.02672135260451236,0.19440547166285138
abravIt,134,59,3315,16,0.9583333333333334,0.05635973106381964,0.1691588267586307,0.9130434782608696,0.06711094799802009,0.43458639102200314,0.9583333333333334,0.08486476118897401,0.4803194435329363,1.0,0.027006377615478083,0.2503227426082695
abruvan,53,9,334,6,1.0,0.060338982566841226,0.1584831121651894,0.9361702127659575,0.06980041866772357,0.4805143349106573,0.9795918367346939,0.07653737405436889,0.5224821041356448,1.0,0.04108623094294195,0.17097898324105176
adBiH,36,16,52,57,0.9583333333333334,0.027152654618011862,0.18045821607896229,0.9361702127659575,0.05551322374112155,0.549356675578175,0.9795918367346939,0.09908939364842284,0.4684171899170074,1.0,0.05161065019567013,0.30204873496181617
adByaH,24,19,16,6,1.0,0.04444930813691772,0.333964781617451,0.9583333333333334,0.06343741717910367,0.21085858601763274,1.0,0.06912902852957292,0.2612340105615447,0.9795918367346939,0.023101157016507057,0.15342283362844744
adfzwa,8,19,27,26,0.9361702127659575,0.02447645817618571,0.25199342517499157,0.9795918367346939,0.09988115408883025,0.37983528135302647,0.9795918367346939,0.08994569763439186,0.32639392911136567,0.9795918367346939,0.016459211122300976,0.35594750425267374
adya,310,45,2317,105,1.0,0.05116226928249701,0.25452330180514426,1.0,0.08935160570351919,0.4533386581409198,1.0,0.1683556861833515,0.6606787147759828,1.0,0.1631964593756261,0.4528266358619981
agnIn,17,13,51,27,1.0,0.038399660156089976,0.14770275128976862,0.9795918367346939,0.09493683741143422,0.38494027582030554,0.9583333333333334,0.0791682323484183,0.3778765087296405,0.9795918367346939,0.011083496170546825,0.050574117662724793
agnO,65,94,118,137,0.9130434782608696,0.07013877549250269,0.3104824768873494,0.8636363636363636,0.0741203853997241,0.4142734661498306,0.9361702127659575,0.0898694511971394,0.4347590129398228,0.9130434782608696,0.047074024275209014,0.25503366229781244
agnayaH,69,14,86,22,1.0,0.02738526916905959,0.1929327359890879,0.9795918367346939,0.1024054174559097,0.44711314659856094,0.9795918367346939,0.06490166624365357,0.3765033611619727,0.9795918367346939,0.01908552134676289,0.15755917966477395
agnaye,107,12,13,79,1.0,0.05801351351622186,0.28357267546226905,1.0,0.07488140720622272,0.24521426794273715,0.9583333333333334,0.05238332817489111,0.3259845767044498,0.9795918367346939,0.05918594481745387,0.28381309207164374
agne,1317,18,24,344,0.9361702127659575,0.05076222248039297,0.26313603550258857,1.0,0.1543764859517478,0.4826378549743984,1.0,0.08784523165678892,0.28707135074595624,0.8636363636363636,0.056056548947146845,0.20239996490169743
agneH,175,91,89,188,0.9795918367346939,0.047668638961674725,0.28962931039127593,0.9795918367346939,0.0713628782006569,0.36687070897958995,1.0,0.1566417811919235,0.5492893868642621,1.0,0.06816024351866479,0.45028016115107705
agni,66,180,588,291,0.9795918367346939,0.04559774431070207,0.32057802692928705,0.8888888888888888,0.09227327296991905,0.511619742581785,0.9130434782608696,0.09043638114003649,0.43261044900444023,0.9795918367346939,0.027810196095788497,0.2992705990574689
agniH,999,206,604,352,0.9130434782608696,0.043603011951512616,0.2855551451530953,0.8888888888888888,0.05391798130014558,0.40903795275545973,0.9361702127659575,0.08429057070274404,0.4613442100853937,0.8888888888888888,0.03908397017262599,0.19887571686999317
agnihotram,36,20,54,35,0.9795918367346939,0.033404912503074535,0.23595961421001,0.9130434782608696,0.092903025770245,0.2962711809290124,0.8636363636363636,0.02811439947306471,0.2547083566004127,0.9361702127659575,0.02515516480181501,0.17437114518126062
agnim,365,41,271,360,1.0,0.06684017746034243,0.3878083657660579,0.9583333333333334,0.053047393757301387,0.3886287132450472,0.9361702127659575,0.07228691061592529,0.404889089050934,0.9795918367346939,0.03845143264272188,0.1750114057256934
agninA,41,23,107,37,1.0,0.023619800725502738,0.14063027475166323,0.9361702127659575,0.042709511993669236,0.48067654953204486,0.9795918367346939,0.07824464602704195,0.5491224189211106,1.0,0.03137458882340993,0.16459835952892654
agra,10,6,160,34,0.9795918367346939,0.016714132072576326,0.11075876719184075,0.9795918367346939,0.08165481683207121,0.5953372389321151,0.9795918367346939,0.0950282487784645,0.6875413563820718,0.9583333333333334,0.03236662941850643,0.31275328733985797
agram,63,8,84,41,0.9795918367346939,0.020350250390284708,0.17244906765856371,0.9583333333333334,0.06722611919124821,0.4652377842104696,0.9583333333333334,0.07430872803727862,0.4583117580706635,1.0,0.021503844788184123,0.20863451207410844
agre,174,68,192,105,0.9795918367346939,0.09691871600870228,0.35165166732829456,1.0,0.17338543670328443,0.5855080883713384,0.8888888888888888,0.06357129749313761,0.607785081265386,1.0,0.08147850420986447,0.4965153752708972
ahAni,124,7,45,25,1.0,0.057770200897073964,0.33752420635515623,1.0,0.0833836372750032,0.41023772108038514,0.75,0.05999203808524123,0.32523012567730925,0.8888888888888888,0.020147883590846516,0.15215017466220826
aha,74,9,24,29,1.0,0.01181274656773279,0.09550448882100948,0.9361702127659575,0.10402163754074722,0.4228844204526371,0.9795918367346939,0.0550725725424005,0.27472587799514026,0.9361702127659575,0.018277967540863083,0.1253133307623262
aham,676,581,6115,208,0.8888888888888888,0.07116977252420298,0.20835276951059534,0.8888888888888888,0.05417188092925285,0.3612190600424656,0.9130434782608696,0.08435723247294358,0.39540413945341324,0.9583333333333334,0.042038231533912396,0.19375061277948147
ahani,40,21,190,75,1.0,0.05446926137137886,0.2832937855647414,0.9795918367346939,0.10402864648879406,0.5602223279651902,0.9130434782608696,0.13948987830197246,0.5809452373729316,0.9583333333333334,0.08076745855781964,0.2976938593855528
ahar,546,94,122,167,0.9130434782608696,0.1062684253505165,0.34927497786642125,0.8372093023255813,0.08431216804412989,0.38460565081265075,0.8372093023255813,0.08356436890770735,0.347151771080503,0.9361702127659575,0.04472099725999512,0.20940460011429718
ahnaH,253,5,16,68,1.0,0.07543945554202502,0.4325771606597426,0.8372093023255813,0.04551246131923159,0.20477240969234434,0.9795918367346939,0.11769931406862477,0.4115654193973307,0.8095238095238095,0.041916917567189516,0.2728949596313799
aja,29,8,15,15,0.9583333333333334,0.015619117355031076,0.11748908353319987,0.9361702127659575,0.056683056773544904,0.3344107363299047,1.0,0.07677563865217774,0.27355658856578424,1.0,0.011511896846467806,0.1936723956917087
ajaH,40,19,44,10,1.0,0.045963465258853975,0.3048439038398021,0.9795918367346939,0.14322722291838408,0.3261752624250217,0.9795918367346939,0.1182307819293168,0.3141576004525134,1.0,0.031192370511231693,0.1476294156929142
ajaraH,23,10,11,5,1.0,0.025138180234256846,0.18453367050360203,0.9583333333333334,0.060506114646527,0.1275455710344926,0.9795918367346939,0.07002761475367525,0.24125481562752582,1.0,0.026147273111154723,0.07402729071442538
akAmayata,30,15,5,6,1.0,0.042952662932273955,0.12905422077807205,0.9795918367346939,0.040872960710916395,0.10836184392634007,0.9583333333333334,0.05840136119689976,0.17575677877310092,0.9130434782608696,0.018175757542607696,0.09842996018562966
akfta,6,7,18,27,0.9583333333333334,0.026413278106334204,0.22690021506514257,0.9795918367346939,0.08297919836771972,0.2938940459178696,0.9583333333333334,0.053636090297712435,0.31334750028427527,0.9795918367346939,0.012894779970491155,0.11742882689595979
akzaH,35,10,161,18,0.9795918367346939,0.019605109679125765,0.18609309272379204,0.9795918367346939,0.10981776377916541,0.47200427111233045,0.9583333333333334,0.1104566171641087,0.5386937694279892,0.9361702127659575,0.02132587083669668,0.2242754880660529
akzara,14,28,57,19,0.9361702127659575,0.03726408517523394,0.24174933405252974,0.9130434782608696,0.06841563470111689,0.4113545374075659,0.8888888888888888,0.08412075416181386,0.3987584565009479,0.9361702127659575,0.016842833656437017,0.1318534896927036
akzaram,46,121,135,25,0.9583333333333334,0.03571554302874114,0.26578316653100176,0.9361702127659575,0.0868815574523889,0.4079593243709927,0.9361702127659575,0.10575440543996784,0.41248342978511765,0.8636363636363636,0.02393265335815542,0.07446442625726846
akzi,10,9,108,16,0.9583333333333334,0.01390644172891864,0.06411311318730384,1.0,0.11426865051029267,0.569027940325288,0.9795918367346939,0.11016654745674181,0.5675978253210575,0.9795918367346939,0.008203945378587263,0.1703211705571086
alam,9,12,174,19,0.9795918367346939,0.03627047621661106,0.09265451286456106,0.9795918367346939,0.10792733225696993,0.545741354007188,0.9583333333333334,0.08498409811257956,0.5280508332564247,1.0,0.014580114393989096,0.10821939433368288
amfta,119,146,183,14,0.9583333333333334,0.07696891214070745,0.24766888917924978,0.9795918367346939,0.13063969939004105,0.5344389537689609,0.9795918367346939,0.0708779466415842,0.4726645394492831,0.9361702127659575,0.05940683867723118,0.3197390683854783
amftam,93,145,234,13,0.9795918367346939,0.054708958841090505,0.29302508745074085,0.9583333333333334,0.08330035983361594,0.4506913855321171,0.9795918367346939,0.06423954308043456,0.4039676839018067,1.0,0.015322490832792579,0.181332932527275
amftasya,88,16,39,5,0.9361702127659575,0.028951343700731824,0.3397938449629626,0.8636363636363636,0.06153337221041888,0.22702049322462248,0.9583333333333334,0.0783935061272868,0.26435076214046094,0.9795918367346939,0.01405135919067102,0.17333328983214003
amum,88,38,19,26,0.9583333333333334,0.035921840041822306,0.2513542526820679,0.9130434782608696,0.059237688851522696,0.30299966345581675,0.9361702127659575,0.08260459068466741,0.37814612873846754,0.9130434782608696,0.03692303525616214,0.24909169737607073
amutra,7,10,67,8,0.9795918367346939,0.012251069178587093,0.08869362380712276,0.9583333333333334,0.05926269474459822,0.3650609995018421,0.9583333333333334,0.051962583547051966,0.318457013449549,0.9795918367346939,0.014018339241265942,0.02928345697466983
amuzmin,31,22,7,7,0.9795918367346939,0.049251781506660874,0.18116855482387062,1.0,0.06292808908310699,0.24995697341937395,0.9795918367346939,0.05392988426195888,0.1345408258153894,1.0,0.02641683942848183,0.21184371317294115
an,284,170,672,256,1.0,0.03899760317800394,0.2674433458335359,0.9361702127659575,0.07475451161793112,0.544176836383777,0.9795918367346939,0.07065127749861377,0.5870472442475001,1.0,0.03329155004521833,0.2880491331575924
anDaH,42,18,47,15,0.9795918367346939,0.04660817704163922,0.3117262005057183,1.0,0.07009156148054807,0.3422747050121504,1.0,0.10991159361403025,0.39804831148682684,0.9795918367346939,0.050616124059313594,0.13488398493901788
anantam,9,39,54,11,1.0,0.048169865680623425,0.38799973639477225,0.9583333333333334,0.0799686365592891,0.46795856941033975,0.9583333333333334,0.11314614486215235,0.5301038524356353,0.9795918367346939,0.027408561217537097,0.2279125239616986
anayA,9,12,59,27,1.0,0.014133103485869714,0.07644321754117134,1.0,0.06546811675671793,0.4522105048881695,0.9361702127659575,0.0768572260749748,0.4599333862531412,0.9795918367346939,0.019166979607213475,0.1435977812603676
anayoH,6,6,31,12,0.9795918367346939,0.02192264739153571,0.1074853556213956,1.0,0.07048145309306131,0.20772696993264672,0.9795918367346939,0.08092789437878245,0.3125846439439359,0.9795918367346939,0.010589812874994275,0.1075447892345458
anena,39,131,354,175,0.9795918367346939,0.02761066079438912,0.16949327183496932,0.9583333333333334,0.08857294804945182,0.4311447675141429,0.9361702127659575,0.10524902563473104,0.5440724043101067,0.9583333333333334,0.025796532787242255,0.2870226520140704
anftam,39,34,204,18,0.9583333333333334,0.03738932497856495,0.26430345825859547,0.9361702127659575,0.07348743415410852,0.4533859630322199,0.9795918367346939,0.0918259409822032,0.422217718369551,0.9795918367346939,0.016285300795759516,0.07803019549669377
annAt,5,18,32,11,1.0,0.03892378904644134,0.19652137588762786,0.9583333333333334,0.09271469011991162,0.2768626116327124,0.9795918367346939,0.050562838301788204,0.3056905784053451,1.0,0.010967295701605151,0.08972249200334981
anna,165,333,235,220,0.8888888888888888,0.09798445034224712,0.27683603685629354,0.9583333333333334,0.1192161437357574,0.4952467852917024,0.9361702127659575,0.10299695750034821,0.49705133758658493,0.9130434782608696,0.09227346365920919,0.3478634144447885
annam,272,352,425,120,0.9583333333333334,0.05944878949573984,0.24831378059411047,0.9583333333333334,0.07979489528579253,0.40991999980354255,0.9361702127659575,0.0674448095393716,0.4247862884229886,0.9795918367346939,0.05453079172664954,0.2118884949357439
annasya,19,52,18,14,0.9795918367346939,0.0214025559937131,0.17782882191391824,0.9130434782608696,0.0688631321141635,0.3757807372503926,0.9583333333333334,0.05712904766572946,0.29269652107858046,0.9795918367346939,0.012128686617507989,0.12150478076190041
annena,13,29,34,9,0.9795918367346939,0.03930974077173455,0.17427276271131176,0.9795918367346939,0.078430185244036,0.40029034246216133,0.9795918367346939,0.06729477716549281,0.27917288301025955,1.0,0.013305383660820791,0.023920104639712503
antAn,16,8,8,14,0.9583333333333334,0.01250714865341429,0.02497419745915086,0.9130434782608696,0.06026293469044797,0.2841573838224939,1.0,0.1169819043198167,0.3482701754613553,0.9583333333333334,0.015104385544964627,0.19305137499233105
antAt,7,8,8,23,1.0,0.015312774245006544,0.0649358845464425,0.9795918367346939,0.06481971684861965,0.28909852483361775,0.9795918367346939,0.11248495331622332,0.43146821056194207,1.0,0.04551627514943335,0.3760558992238696
anta,26,44,197,88,1.0,0.03956898186085067,0.41027631164179357,0.9583333333333334,0.13838188515329852,0.4349999630237502,0.9361702127659575,0.21030035984968176,0.5260721684627441,1.0,0.061083124551064016,0.45156000524609496
antaH,98,39,73,38,0.9583333333333334,0.05575589568994854,0.2721851521687282,0.8888888888888888,0.10382550222461007,0.574160084471882,0.9361702127659575,0.047125929944201395,0.49609074113204044,0.9583333333333334,0.08476349200543254,0.3751444065692764
antam,68,61,244,163,0.9583333333333334,0.03393834773636362,0.28914796910186835,0.9795918367346939,0.10260408520454323,0.46675099348406346,1.0,0.15402009120193072,0.5808515869707098,0.9583333333333334,0.05504105730444975,0.35574617275795584
antar,322,212,115,261,0.9583333333333334,0.06927944251793283,0.3030789474942729,0.8636363636363636,0.08237577156079112,0.41835527695766606,0.9130434782608696,0.1341529502119484,0.3926571866038442,0.9361702127659575,0.07151190868918611,0.3920045394479782
antarA,58,22,50,29,0.9795918367346939,0.04036963481841227,0.20270741191913522,0.9361702127659575,0.08795545918524816,0.4844127160563394,0.9130434782608696,0.08653718566495805,0.3494608214205248,0.9361702127659575,0.040706885887185185,0.19593980764856023
antaram,15,193,279,92,0.9583333333333334,0.06440980432501087,0.32286177834873375,0.9130434782608696,0.07258904005836009,0.3979825700155851,0.8636363636363636,0.0695490507765375,0.40026971404078737,0.9130434782608696,0.03399936206031884,0.13808759143344695
antare,6,30,236,79,0.9583333333333334,0.07757444889622434,0.38844516738741364,0.9361702127659575,0.12222638703170596,0.5405137930957333,0.8888888888888888,0.12201499167450403,0.5048368657903949,0.9583333333333334,0.043682836529360225,0.3245494109875041
antareRa,28,58,33,87,0.9583333333333334,0.05945306561403485,0.3341954343125495,0.9583333333333334,0.09685429435683512,0.4596092272859982,0.9583333333333334,0.05658841662529657,0.4129171648671459,0.9361702127659575,0.028572153343276785,0.21347686270700528
antarikza,33,21,58,7,0.8095238095238095,0.024049155710400782,0.1592766464786618,0.9130434782608696,0.056617876440134385,0.36721788132644706,0.9361702127659575,0.10909373249056387,0.4871760573345718,0.9583333333333334,0.07212943705029062,0.24143596353232377
antarikzam,172,48,84,17,0.8095238095238095,0.036036945632236805,0.14796874253155257,0.8636363636363636,0.04486134069345804,0.2602817863038771,0.9795918367346939,0.07900296475991131,0.3811183676367843,0.9130434782608696,0.06965804717974877,0.20350828524004472
antatas,80,15,24,11,1.0,0.06667429851259898,0.2762907771669093,1.0,0.08093701337220205,0.26092098640562256,0.9795918367346939,0.06642820656634041,0.2281911718609958,1.0,0.02138364701651929,0.1793728277478568
ante,19,49,369,232,1.0,0.03172275553124371,0.21595493691425482,1.0,0.12290257602054888,0.629552088588242,0.9583333333333334,0.14582815623697676,0.64261594846711,1.0,0.059568489622783605,0.26550502558201905
antena,7,9,6,11,0.9795918367346939,0.03458160124496501,0.1797687370842107,1.0,0.07419074839685591,0.16677482194328141,1.0,0.041103558694729925,0.14539864294901972,1.0,0.014088361494784984,0.06100106575406772
anu,1025,122,128,156,1.0,0.04124579632207148,0.34676675654861844,1.0,0.07053028713690546,0.5086960015185851,0.9795918367346939,0.11775835901850773,0.4607469686171968,1.0,0.0738514796079297,0.4192008773408532
anuprApya,10,35,30,7,0.9583333333333334,0.03665154865280573,0.4015568620314368,0.9795918367346939,0.11366081138328621,0.637829682884301,0.9361702127659575,0.06243760082793115,0.48562782626162004,0.9130434782608696,0.014038481309865403,0.11965551591280554
anupraviSya,7,42,9,18,0.9361702127659575,0.04938273192058529,0.41940845316952347,0.9583333333333334,0.06733820929078804,0.45855309181703763,0.9795918367346939,0.09050809822792039,0.311732420897849,0.9795918367346939,0.01584141424844221,0.2597901398564817
anurUpaH,15,7,12,30,0.9361702127659575,0.029090771915180724,0.13817828508888086,0.9795918367346939,0.06705316633777525,0.1978379473171682,0.9583333333333334,0.09366388224019617,0.4139219067090748,0.9583333333333334,0.11171632002772747,0.45212249262765447
anurUpam,7,26,62,18,0.9130434782608696,0.03283093895251743,0.19260789772493137,0.9795918367346939,0.0722926048276219,0.4071744851937307,0.9795918367346939,0.07863304744501631,0.4855713052087003,0.9361702127659575,0.04915160500449356,0.29085446424687844
anyA,53,11,66,17,1.0,0.04066823073097525,0.3263795224343946,1.0,0.12493367962865187,0.4314880246444921,1.0,0.1304008827003632,0.5408323611815343,1.0,0.04800112692063652,0.2765167789565197
anyAH,33,28,120,21,0.9361702127659575,0.036086594289923224,0.20567261789942726,0.9130434782608696,0.05673110058355402,0.3334481905122395,0.9583333333333334,0.08544297338184781,0.3304247246648302,0.9583333333333334,0.031483180708106406,0.1422495885421896
anyAm,14,9,58,14,0.9795918367346939,0.015382046652409165,0.10588219841488988,0.9795918367346939,0.06959258095703758,0.42498510377696075,0.9795918367346939,0.09412641137169964,0.4689892027703487,0.9795918367346939,0.01324231799670883,0.14673075612360598
anyAn,20,14,325,40,0.9795918367346939,0.015369014652472868,0.07740184326115362,0.9583333333333334,0.11774838422776046,0.5981338613593261,0.9361702127659575,0.1361022020599828,0.5542927276606388,0.9583333333333334,0.013005161316960168,0.32068636477733614
anyAni,14,18,105,26,0.9583333333333334,0.031178961299478614,0.11771353170047738,0.9361702127659575,0.10043790451464407,0.34774173537725206,0.9795918367346939,0.12060758569590713,0.4263171925096001,0.9795918367346939,0.016624955717994605,0.1416390408114825
anya,27,476,139,271,1.0,0.08182099440108448,0.5717148827822096,0.9795918367346939,0.12858098418517716,0.6461561117335928,1.0,0.131536502573816,0.5659839209156219,1.0,0.08534189819011029,0.4682623622419637
anyaH,162,254,556,62,0.9130434782608696,0.03779613834658169,0.2263464404988832,0.9361702127659575,0.12938767506708582,0.3306432621434099,1.0,0.08515831062846724,0.3886990914086278,1.0,0.02993880849687447,0.3050592530985472
anyam,55,22,273,38,1.0,0.028109738098930803,0.27546789758506585,1.0,0.09039696886823201,0.4158921702566283,0.9361702127659575,0.08850426016701873,0.44613742264517453,0.9583333333333334,0.026206475532605134,0.23079611611816453
anyasmin,5,11,18,40,0.9795918367346939,0.02103474173414832,0.1359890178451908,1.0,0.07245592360462916,0.18451700880294164,0.9361702127659575,0.06420837397174561,0.23757105350730356,1.0,0.013123557211786707,0.21040960101095352
anyasya,18,51,63,21,0.9795918367346939,0.046843973727988986,0.27130820736046635,0.9583333333333334,0.12269974974241937,0.3373018614481449,0.9795918367346939,0.07784944439785368,0.3017636715971618,0.9361702127659575,0.009030742405343406,0.10470808709639856
anyat,92,402,713,144,0.8636363636363636,0.03697500953860211,0.18806272701844273,0.9795918367346939,0.08822680873423117,0.3450944862057811,0.9795918367346939,0.09250242591327673,0.3976461099683788,0.9795918367346939,0.02820842802904988,0.16445353459479872
anyatra,56,317,176,250,0.8888888888888888,0.05214991937053404,0.2856508531696209,0.9795918367346939,0.09983626431580417,0.2960672614302139,1.0,0.09274072237336495,0.33535493867736954,0.8888888888888888,0.03887133592630965,0.198102137418816
anye,71,86,838,143,0.8888888888888888,0.05287606735782169,0.22221703963937278,0.8372093023255813,0.07781926451605814,0.2716029553995849,0.9583333333333334,0.1113138845778604,0.4637341553742609,0.9583333333333334,0.03338435757752267,0.32125717532735176
anyena,28,24,93,28,1.0,0.03431305678133734,0.15130039004154416,0.9130434782608696,0.08086865470505145,0.36031552581627824,0.9795918367346939,0.0883164735256734,0.38570113373236825,0.9795918367346939,0.020963492942255857,0.10321605561164371
anyezAm,15,16,94,35,1.0,0.01586855768529405,0.06174463509290429,0.9583333333333334,0.07688589945830426,0.323527502645534,0.9795918367346939,0.08481488541889903,0.35817002937246234,0.9795918367346939,0.012370728601839964,0.11024089174044771
ap,21,38,9,14,1.0,0.07032869591563584,0.3326653730744814,1.0,0.0755809775687104,0.219515004611198,1.0,0.060818572497126966,0.21097323582256133,1.0,0.04450985209200098,0.2632290370418007
apAm,175,33,59,35,0.9361702127659575,0.05578700831811301,0.32125926225561874,0.8888888888888888,0.07516869618937849,0.29274284567561426,0.9795918367346939,0.12056879748592608,0.36476114174675267,1.0,0.04032400551094584,0.35469685186585365
apaH,337,54,78,111,0.9583333333333334,0.05710267655103485,0.2615453343257925,0.8888888888888888,0.06703125534833532,0.29285665093291335,0.9361702127659575,0.08831651722987732,0.2285914513417988,1.0,0.08064098201295233,0.293950876516178
apaSyat,118,6,278,49,0.9795918367346939,0.0655270455944077,0.31048931005130376,0.9795918367346939,0.08494008903897998,0.5767742494560002,0.9795918367346939,0.14978138075608127,0.74347318025888,0.8636363636363636,0.04185507769749186,0.1958157839310919
apara,14,22,27,88,1.0,0.027611700180854126,0.22598712781983976,1.0,0.10213756116902362,0.42603933531185,0.9583333333333334,0.08849765962265244,0.570179267961996,0.9361702127659575,0.03535687257814091,0.37685734569823326
aparam,20,10,139,41,1.0,0.018460735097627468,0.04583363678048458,0.9583333333333334,0.06914141305893384,0.3892262728741833,0.9795918367346939,0.0887414730923538,0.46915192492944946,0.9795918367346939,0.03323670097338827,0.3075979366662047
apare,7,12,425,37,1.0,0.008838583079423423,0.03916971433496519,0.9583333333333334,0.11148928404695124,0.5245106035540006,1.0,0.08509766884261394,0.555002152438473,1.0,0.013678543051060865,0.11859651483575817
apatyam,9,58,90,11,1.0,0.09588964694650626,0.35957867747476835,1.0,0.11676422916303064,0.5175763639452767,0.9583333333333334,0.08655445054761646,0.38645210133833796,1.0,0.031112818509598794,0.11103199324843038
api,332,1822,12679,1662,0.9583333333333334,0.027562397698897234,0.2374653247090066,1.0,0.07466875602006606,0.45107963100478676,0.9583333333333334,0.08455480908634994,0.5125074056300876,0.9583333333333334,0.01938750287526203,0.16893160662610096
apsu,175,39,87,43,0.9361702127659575,0.05815938065421733,0.380768710851876,0.8888888888888888,0.05498870361229957,0.38377437535091863,0.9361702127659575,0.06559511038776988,0.3660860168513731,0.9361702127659575,0.05845684369741033,0.3618754198765197
arDa,45,8,108,303,0.9583333333333334,0.05119220760772558,0.17843750842599249,0.9583333333333334,0.059599727752976395,0.5058725770284889,0.9361702127659575,0.12016605809235237,0.5413807212212074,0.9795918367346939,0.03709871938055509,0.392071748976337
arDam,21,6,129,92,0.9583333333333334,0.025720774647072453,0.06856305090992687,1.0,0.0851273110783306,0.45453451102293274,0.9795918367346939,0.10331072142242459,0.5531327909010249,0.9795918367346939,0.0668960502954058,0.43022649912854694
arTAH,5,17,129,30,0.9583333333333334,0.01982701737480541,0.17926421957707428,1.0,0.12692051379472147,0.5168327714103313,0.9795918367346939,0.06814409523655596,0.4430890895480706,0.9795918367346939,0.012086218100416324,0.07947587766356734
arTam,28,397,2147,593,1.0,0.040914144548912734,0.3086751915980098,0.9795918367346939,0.1046289205435379,0.5280263997127216,1.0,0.11778911402292414,0.5974916199491105,0.9795918367346939,0.02111079740181221,0.24808717665587632
araRye,5,7,149,19,0.9795918367346939,0.016919017523652324,0.04979200129541028,1.0,0.06815661536321416,0.5489175019659168,0.9795918367346939,0.10755500108555949,0.5701894445830225,1.0,0.019170923047112765,0.06934913827558487
arhati,18,29,454,58,0.9583333333333334,0.04438017836787478,0.24241351081878593,0.9795918367346939,0.08809894503952598,0.4847362583627288,0.9583333333333334,0.08570250964472403,0.49679576173013285,1.0,0.03368353649895217,0.1926235060556235
arka,9,10,205,10,0.9795918367346939,0.018725752675545326,0.15253143151716841,1.0,0.09561222372760081,0.5554438674731258,1.0,0.11037887293028847,0.53058035430915,0.9583333333333334,0.01903890279973497,0.062191144698777956
arvAk,71,6,9,16,0.9583333333333334,0.02346850240571463,0.3239270598844546,0.9361702127659575,0.044550890387847764,0.12633111660666674,0.9795918367346939,0.039826871788103624,0.1419018474465078,1.0,0.03666464478197495,0.2752879321859003
aryamA,114,5,14,5,0.9130434782608696,0.06636631806175608,0.36378869128878966,0.9130434782608696,0.07878222683525626,0.25151363341500854,1.0,0.10412381125365511,0.272997577043977,0.9583333333333334,0.05922714273932195,0.3231215803974482
asO,198,359,745,113,1.0,0.034337830570013606,0.22031522611233045,0.9795918367346939,0.05575831444597157,0.3313678391086784,1.0,0.13603026322114153,0.4889472704292912,1.0,0.056546306778325506,0.3112645409393816
asTIni,8,10,16,5,1.0,0.023113960678401324,0.03608583567706969,0.9583333333333334,0.03668089526507434,0.2554684758277862,0.9583333333333334,0.061992805229097336,0.2707148453420243,0.9795918367346939,0.005950062998492656,0.020841442811593947
asTi,34,11,102,51,0.9583333333333334,0.029448086312075628,0.39484300702564623,0.9361702127659575,0.06818709675978107,0.49736768734413717,0.9130434782608696,0.10092104537976443,0.2349783617486878,0.9583333333333334,0.04557584872614695,0.22746595551426596
asat,115,99,81,20,1.0,0.08604517543866219,0.3436250244349326,0.9130434782608696,0.12691174096877267,0.4491576456759929,1.0,0.11482779285528122,0.29855401460219966,0.9795918367346939,0.026256621643151346,0.18704018920136423
asataH,8,24,18,6,0.9361702127659575,0.03872379646869517,0.33276176660170753,0.9583333333333334,0.10798120051850235,0.4961647675832114,0.9795918367346939,0.0590365962658137,0.2635904069755515,0.9583333333333334,0.014333877037711384,0.05431924176853076
asati,19,30,13,13,1.0,0.05306122955753878,0.31814341990603834,1.0,0.16917009392931803,0.48154642548444127,1.0,0.08738815736049965,0.27980730857653624,1.0,0.011241427268564586,0.12042769334819514
asi,1304,209,1351,246,0.9795918367346939,0.09682842959208582,0.3947412601918334,0.9361702127659575,0.07385343500765107,0.43285776085225103,0.9795918367346939,0.10070274318228978,0.4847835122194648,0.9795918367346939,0.05775677210011643,0.24111067883070714
asmABiH,12,11,246,5,1.0,0.02000802318048489,0.1722366704863758,0.9583333333333334,0.07317325454442936,0.5277341224339523,0.9795918367346939,0.07009184971704197,0.4662225700764002,0.9795918367346939,0.009505798489883643,0.044880192158228804
asmAkam,168,23,364,30,0.9583333333333334,0.049634721881187116,0.2604738437216272,0.9583333333333334,0.07319603068442393,0.3539761345735697,0.9583333333333334,0.06728794887201706,0.4230674345783878,0.9361702127659575,0.04451866158293938,0.2648534180070783
asmAn,186,21,320,38,0.9583333333333334,0.052192819117970246,0.22027382880142155,0.9130434782608696,0.08206792905762428,0.38125205503883375,0.9583333333333334,0.10755926693152773,0.377053890712858,0.8888888888888888,0.05898827232846604,0.22925167433955762
asmAt,110,154,148,29,0.8888888888888888,0.06123122510295542,0.25599868426778216,0.8372093023255813,0.06603492620474705,0.28630063100630976,0.8888888888888888,0.08038586490000932,0.48021415547732604,0.9130434782608696,0.0427446657272289,0.38333357916075483
asmE,440,96,128,85,1.0,0.04719062998909318,0.2537151565755309,0.9361702127659575,0.07852104269248716,0.35227723045355186,0.9795918367346939,0.12494454104499164,0.4795302187269236,0.9795918367346939,0.07438909094281942,0.36627612391188147
asmat,155,13,13,10,0.9795918367346939,0.031563291981482444,0.3002969615660027,0.9795918367346939,0.07664481260557487,0.18003940784270778,1.0,0.07552587451105441,0.31469550706939686,1.0,0.05036144983293167,0.341222216542443
asmi,97,221,1261,23,0.9130434782608696,0.05357132230177153,0.19186137412965332,0.9130434782608696,0.053553325590700473,0.3604455124938336,1.0,0.09379544036645127,0.5124434905838184,1.0,0.040495825053747714,0.32276862069551726
asmin,325,210,707,143,0.8888888888888888,0.045177609342030745,0.20507700081094316,0.8372093023255813,0.08585077566021049,0.3201341643016862,0.9130434782608696,0.09932979882982362,0.4214499041244083,0.9130434782608696,0.04595599847489229,0.37650253953123003
astam,39,37,129,8,1.0,0.09003273256191446,0.41317612111677504,0.8636363636363636,0.07860272510698452,0.4269392315814218,0.9795918367346939,0.09441220120842697,0.511988151740411,1.0,0.018150311615339754,0.09728075569405159
asti,251,503,1668,122,0.8888888888888888,0.0410618080940226,0.18146795287958795,0.9583333333333334,0.07788383417478362,0.3522831507284685,0.9361702127659575,0.06281603084382381,0.38462310873773653,0.8888888888888888,0.03445239927741661,0.24967018179908007
astu,564,69,700,61,0.9795918367346939,0.05603532300402303,0.28363212327906084,0.9361702127659575,0.08121222044231924,0.39151516405082265,0.9583333333333334,0.09032621535227747,0.39373132706396685,0.9130434782608696,0.037056227341695225,0.17378413978432472
asurAH,46,40,131,17,0.9361702127659575,0.05142586521572545,0.20907351389624906,0.8372093023255813,0.04549402594643914,0.3141916332894683,0.9361702127659575,0.08261823859524675,0.4070154046308352,0.9795918367346939,0.05359818944678685,0.13381097833729494
asurAn,45,7,94,5,1.0,0.04048350056342387,0.1736867344173204,0.9795918367346939,0.0456965472153239,0.38251009238528266,0.8636363636363636,0.05457284810337448,0.3774483677714978,0.8636363636363636,0.027484190833032218,0.10722904036864844
asyAH,162,41,176,38,0.9795918367346939,0.06446222444933047,0.326016127005046,0.8888888888888888,0.09539747314706137,0.46288527983279837,0.9795918367346939,0.08085794468584162,0.3501063483451632,0.9583333333333334,0.024577847766186323,0.17490544990250467
asyAm,56,32,61,27,0.9583333333333334,0.04463374287240496,0.20402601614068838,0.9583333333333334,0.09197870387165408,0.5245244545906105,0.9795918367346939,0.1205242847167537,0.4775682646086741,0.9795918367346939,0.08743354237912826,0.3577619638930569
asya,1325,723,2545,629,0.9583333333333334,0.04111369235331053,0.24808278730373523,0.9583333333333334,0.07822196042545138,0.413046287955139,0.9795918367346939,0.09871188465262093,0.3642364442846946,0.9583333333333334,0.029818581115485743,0.1661704395895014
atas,158,745,515,278,0.9795918367346939,0.034915294289444065,0.26144641277568414,0.9583333333333334,0.05866721497488192,0.4534569147668852,0.9795918367346939,0.06815517777077318,0.4363000290246788,1.0,0.04176310433858499,0.23704081969619661
ati,394,34,914,53,0.9795918367346939,0.024452238669436133,0.34418137000003535,1.0,0.11099197395966787,0.5775747932028896,0.9795918367346939,0.09888592271022878,0.5726386734030531,0.9583333333333334,0.02317571454213374,0.35235909083195294
atra,267,253,1685,527,0.9795918367346939,0.03880532998653097,0.372486116715381,0.9795918367346939,0.13120270889410635,0.4331611029197997,0.9795918367346939,0.08253025288652216,0.5559094163625046,0.9795918367346939,0.048966223729162706,0.2682806173959976
avasAnam,8,9,9,5,0.9795918367346939,0.009287520421330742,0.06883033653292825,1.0,0.05679734288609817,0.11159335183487085,0.9583333333333334,0.0404701558616023,0.10609220344353487,0.9361702127659575,0.007596266605196522,0.0365142989721976
avocat,6,20,26,7,0.9795918367346939,0.04704137178225054,0.14533270143087818,0.9583333333333334,0.05466346182467774,0.24756762725541615,0.9795918367346939,0.06434366312479334,0.33060211813230145,1.0,0.02440374839645021,0.08125116364151963
ayaH,34,7,31,12,1.0,0.020493575357353633,0.2197566183496985,1.0,0.1371152492366028,0.5972765047245576,0.9361702127659575,0.08866815109894133,0.44031018989603354,0.9130434782608696,0.01236492535671152,0.12962840354199456
ayam,494,834,2425,386,1.0,0.04217735932162803,0.17345452797984295,0.9795918367346939,0.09048409103865962,0.3085075470033958,0.9795918367346939,0.11435331645740776,0.3544554519030474,0.9795918367346939,0.048978666424609685,0.24479743018041356
ayanam,23,9,16,29,0.9795918367346939,0.01883893394563796,0.11497044719186689,0.9795918367346939,0.07723645523000977,0.3455788162177179,0.9583333333333334,0.06502772599653084,0.35320126021454856,0.9130434782608696,0.015606249227409608,0.06215964616111003
azwO,43,25,181,145,0.9130434782608696,0.02212537797753933,0.16858315504831423,0.8636363636363636,0.03405516261304664,0.23140358813289907,0.8095238095238095,0.056879974087452934,0.26086888138643527,0.8095238095238095,0.024889013193191256,0.10453496800001649
azwa,35,16,100,148,1.0,0.04177797691681584,0.20032083469041007,0.8888888888888888,0.056317284836859716,0.38665370357202866,0.8095238095238095,0.0589525892775562,0.32013133752772993,1.0,0.05674738970766968,0.33019066449966306
bAhU,59,7,97,8,1.0,0.07699203355998363,0.3995684033689082,0.9795918367346939,0.11985458393227966,0.7053099182108908,0.9361702127659575,0.0624001446789656,0.5677596596441502,1.0,0.024326979171128693,0.2340314156665253
bIjam,13,20,74,24,0.9361702127659575,0.022222544089399943,0.15775296738194866,0.9130434782608696,0.07626029811770685,0.35520027852928215,1.0,0.08019287173651501,0.32990666365961363,0.9795918367346939,0.013658218201529682,0.09736649408828946
baBUva,78,47,708,9,1.0,0.034828230545878025,0.30106117499936313,0.9795918367346939,0.15684458209961305,0.6512252806184597,1.0,0.11343401877883197,0.6261499860859611,0.9583333333333334,0.032854032193896265,0.18300993749034955
bahUnAm,9,7,61,13,1.0,0.011955926353536706,0.02515860830828598,1.0,0.08282752382303848,0.3567356854046626,1.0,0.07728405210964051,0.3202243002433893,0.9795918367346939,0.005755546135762901,0.04696113127975421
bahavaH,21,18,452,19,1.0,0.04996709575487779,0.17259628234501478,0.9795918367346939,0.12530911640346398,0.5688522419584273,1.0,0.10458467920376557,0.5224101308284038,1.0,0.024930714413174737,0.11262963963830352
bahis,26,35,81,74,1.0,0.05823134713929368,0.2873372770964904,1.0,0.09571402547286123,0.4682963154701021,1.0,0.12504475534524884,0.39102004674294033,1.0,0.021213239014378216,0.28093889601620414
bahu,75,97,1215,94,0.9583333333333334,0.04110564679397577,0.31633778153957326,0.9795918367346939,0.09212093478833094,0.5158733105454907,1.0,0.11427116324576059,0.6545808547573472,0.9795918367346939,0.06073952535666116,0.309864596674551
bala,10,10,930,108,1.0,0.025749453345284667,0.1920091307623657,1.0,0.08671250464277247,0.6457733247058514,0.9795918367346939,0.14684919988261613,0.6014693974877541,0.9583333333333334,0.05605192525258007,0.43340119203803673
balam,103,29,1525,65,0.9583333333333334,0.04359419820224819,0.18571683396107108,1.0,0.08901711913926957,0.46859406252794267,0.9795918367346939,0.17362043586801312,0.5127933002264815,0.9795918367346939,0.08386891014425701,0.4257492257720181
balena,27,13,287,14,0.9361702127659575,0.025093569751120093,0.1795547510795379,1.0,0.08363688325631036,0.5658347751563438,0.9795918367346939,0.09220739564506253,0.5065676452514674,0.8888888888888888,0.0125244075570492,0.17409330390526934
bali,10,9,61,51,1.0,0.02490018493614432,0.1568254114918347,0.9361702127659575,0.07504286594540743,0.4256995848636008,0.9795918367346939,0.11553316366521427,0.547509385844421,1.0,0.021509992542385503,0.33656024928738315
balim,14,10,97,30,1.0,0.031241379123315705,0.07686211414826549,0.9795918367346939,0.05681296078608533,0.38456990023224236,1.0,0.0717744940860281,0.4016346198862317,0.9795918367346939,0.01340910647571425,0.08840220545623534
banDu,10,5,64,21,0.9795918367346939,0.015007027413066698,0.12722574287040722,1.0,0.09211022943224134,0.4469791664511912,0.9361702127659575,0.1085642881328609,0.41048208575287504,0.9795918367346939,0.0150710800199777,0.24882091036570575
banDuH,20,7,54,8,0.9583333333333334,0.03344662011233501,0.12446945341444349,0.9361702127659575,0.08735451361660573,0.4518532645815613,1.0,0.06239449653486251,0.31008671003705435,0.9583333333333334,0.01072807491869432,0.11447527805297719
bfhaspatiH,196,13,145,24,0.9361702127659575,0.06287391121350239,0.2027147200407171,0.9361702127659575,0.07264123978844816,0.3349188915457929,0.9361702127659575,0.05133359990647712,0.30676872547865475,0.9361702127659575,0.06114442227993888,0.12120107404099445
bfhat,417,34,91,87,1.0,0.15146692784793325,0.6061787458897262,0.8888888888888888,0.07639219455989221,0.4566782460806218,0.9583333333333334,0.12624971323491863,0.43280319203437245,0.9361702127659575,0.12804905158759727,0.5495793060040972
bfhatI,77,9,16,15,1.0,0.03364737696694775,0.2335688721424265,0.9795918367346939,0.07077130622546957,0.36794022791441017,0.9583333333333334,0.06314430069055632,0.39337945500220706,1.0,0.062327314796746136,0.2604825045962853
biBarti,62,10,48,7,1.0,0.022229955505674415,0.10966296636320183,0.9583333333333334,0.042353870079316014,0.32192187698147756,0.9795918367346939,0.06405656363779988,0.32038353049443535,0.9795918367346939,0.017041694786573913,0.09827591075306352
brAhmaRAH,23,59,447,33,0.9130434782608696,0.0892075744991655,0.30766380486983913,0.8888888888888888,0.09123483897617002,0.3762873197389397,0.8636363636363636,0.08457399761166873,0.3628155466593088,0.9361702127659575,0.028766286617006087,0.16016164520631837
brAhmaRAn,6,10,208,52,0.9361702127659575,0.05690124161056287,0.2756419749229476,0.9130434782608696,0.0836037262646675,0.3971150613938458,0.8888888888888888,0.05798058877238621,0.3841103341086798,0.9361702127659575,0.032784131429062335,0.2361568602240861
brAhmaRa,13,54,430,126,0.8636363636363636,0.08540666014269693,0.3456914706408454,0.8888888888888888,0.11032522798331712,0.44492520441365224,0.8888888888888888,0.14530281299956205,0.4165449673753331,0.8888888888888888,0.06481287033853411,0.20277469693459194
brAhmaRaH,34,45,587,88,0.8636363636363636,0.059926482758949406,0.28421858274971434,0.8636363636363636,0.06216813564451851,0.33882558496192094,0.8888888888888888,0.08997682576436294,0.3551468950847966,0.8888888888888888,0.060404077364475506,0.22256871848481352
brAhmaRam,223,69,210,44,0.9583333333333334,0.10908724957022375,0.4099888000011498,0.9361702127659575,0.15231365102090577,0.512711475834542,0.9130434782608696,0.09011050577346658,0.3804428560452635,0.9361702127659575,0.057247769880611754,0.2171930891969015
brAhmaRasya,25,17,190,54,0.9361702127659575,0.04309105305589811,0.1471495026517422,0.9361702127659575,0.08548402417850887,0.33775971864794374,0.9795918367346939,0.08469053007198268,0.3595640570879901,1.0,0.01747542843328065,0.07021813367542029
brUhi,30,42,565,8,0.9361702127659575,0.05247715830530897,0.17775960701382232,0.9795918367346939,0.08473533224350838,0.4686383881359826,0.9795918367346939,0.071743790057466,0.4664282287216156,1.0,0.027249174870332293,0.1581301375519253
brUyAt,90,51,135,95,0.9795918367346939,0.07069707589795826,0.23944507773536272,1.0,0.10029894601972389,0.35782912151938095,0.9583333333333334,0.11522242048760067,0.41043090099666757,1.0,0.0809955871116097,0.26661437045249026
brUyuH,5,11,31,50,0.9795918367346939,0.012707103258483565,0.06741906229407268,0.9795918367346939,0.08688401507324695,0.3427040274073698,1.0,0.08644273408210001,0.36206965185982165,0.9795918367346939,0.01175868757517462,0.13871323319995876
brahmA,98,49,375,55,0.9583333333333334,0.033588335448268114,0.19312308396454336,0.9583333333333334,0.07158835832964583,0.37183071606895424,0.8888888888888888,0.04717908193843723,0.3617349324334661,0.9583333333333334,0.06239662795888712,0.38938446728212783
brahmARam,9,7,135,15,0.9583333333333334,0.020901597657349336,0.1016395713663042,1.0,0.07041697211974407,0.41991886183607197,0.9361702127659575,0.04947329071640094,0.3858874878969192,1.0,0.043036705854064494,0.1585723824737626
brahma,571,1433,1453,183,0.9361702127659575,0.06771931329300707,0.2211258443440891,0.9361702127659575,0.11111565711964,0.3597641822055767,0.8888888888888888,0.07130415599353668,0.4184935434703596,0.9130434782608696,0.06417347450460664,0.3319115774020034
brahmaRA,186,35,148,22,0.8888888888888888,0.03777657262867329,0.17522459488621056,0.8636363636363636,0.06251631976819905,0.3268907560447064,0.8636363636363636,0.049665878885339354,0.31436490642001236,0.9361702127659575,0.07145558862968093,0.23989139881289245
brahmaRaH,78,224,199,24,0.9795918367346939,0.028181864961753345,0.19739715225007404,0.9361702127659575,0.06959776550531183,0.3232748736904869,0.9583333333333334,0.07302238842280795,0.33446129610997166,0.9583333333333334,0.04446430040278393,0.16911798325911243
brahmaRe,43,15,15,15,0.9361702127659575,0.055575184062104044,0.19249400603985212,0.9361702127659575,0.04205671977894554,0.20873509609452967,0.9130434782608696,0.04256887789057229,0.301520228963321,0.9361702127659575,0.052831365435224265,0.20003784346847564
brahmacArI,21,10,119,25,0.9795918367346939,0.05363961374708481,0.1993861142708785,0.9795918367346939,0.10360106832325211,0.4486592812543426,0.9795918367346939,0.09591050478116825,0.4013797202639502,0.9583333333333334,0.023738135859111775,0.06035021704023524
brahmacAriRaH,18,17,25,6,0.9361702127659575,0.04429386572670213,0.1826318015597126,0.9361702127659575,0.07301127820096953,0.3334889597071268,1.0,0.07765398476147667,0.3432011463819207,1.0,0.021816821677288933,0.08162166256758141
ca,4300,4799,73461,7923,1.0,0.03155573651618371,0.23365311667846,0.9795918367346939,0.07331042930599585,0.4333168908742562,1.0,0.0859778552293059,0.4595965002772253,1.0,0.01249093650561972,0.25029681236558
cakAra,86,24,394,8,0.9795918367346939,0.06323130059247128,0.38512219478455434,0.9795918367346939,0.11340035344458343,0.6514646886678157,0.9795918367346939,0.12574920107050358,0.6116160701456758,0.9583333333333334,0.030176026227064168,0.280326580424365
cakre,76,20,532,14,1.0,0.0738960065189721,0.290229498053054,0.9795918367346939,0.11553318994634176,0.6646285773961931,1.0,0.11034042298868862,0.6450979555319939,0.9361702127659575,0.012238842417135465,0.1248383275550321
cakzuH,211,219,202,52,0.8095238095238095,0.036713519498910885,0.23629539283632806,0.9130434782608696,0.05948491236022457,0.3408725562318865,0.9130434782608696,0.11113956240875456,0.40025244504393287,0.8095238095238095,0.030161127301744473,0.1871178830361523
cakzuzA,71,34,163,24,0.7804878048780488,0.034815227339680566,0.13266440685834735,0.9361702127659575,0.10056314116113252,0.34983409869890414,0.8888888888888888,0.08166016380384211,0.3746782087191306,0.75,0.025429441553032395,0.13346033721043926
cana,184,24,1127,50,0.9795918367346939,0.04700815736598474,0.246838741690099,0.9795918367346939,0.08858755662278561,0.4801791237377444,0.9361702127659575,0.10815042522479323,0.3946521757776209,0.9130434782608696,0.04950264572420482,0.19317371086260438
candra,12,61,376,11,0.9583333333333334,0.06902076098179266,0.41904466557970244,0.9130434782608696,0.08464848883266407,0.5251624255354055,0.9583333333333334,0.10577349659445245,0.5716745483200826,0.9795918367346939,0.021273002939472874,0.1463530844877019
candramAH,52,44,103,5,0.9361702127659575,0.03540841551709073,0.13863586238305314,0.9130434782608696,0.050061050609287894,0.2173607337569473,1.0,0.09892686580988175,0.348867195582351,1.0,0.01569766842284792,0.13147456674065583
cara,41,5,51,14,0.9795918367346939,0.019604378034922543,0.2460598051806443,0.9583333333333334,0.04802959547082286,0.4320521794341866,1.0,0.10342421024088044,0.49227235316129003,0.9795918367346939,0.028933171375462696,0.24139914066805734
caranti,111,14,88,42,0.9795918367346939,0.02179176541730421,0.15843588455574098,0.9795918367346939,0.11788298145726273,0.5216751060755129,0.9795918367346939,0.08025619791068161,0.5184163793435442,0.9795918367346939,0.0303608034845263,0.19790240509416268
carati,88,12,95,28,0.9583333333333334,0.042301316054249916,0.238755352863382,0.9583333333333334,0.060393808464067056,0.4228787035173135,0.9795918367346939,0.05741948744477232,0.42344300132119783,0.9583333333333334,0.017520401745035108,0.16320097810994827
caret,5,7,147,42,1.0,0.01416359680797119,0.04878737450191317,0.9795918367346939,0.06444959970389308,0.41822167675253175,1.0,0.08308033997932318,0.3747544870004922,1.0,0.0181981226117488,0.18500292621377068
caritvA,7,13,13,14,0.9795918367346939,0.01627976624544525,0.10415246325132088,1.0,0.06173802893892444,0.35456551392028646,0.9583333333333334,0.06491115443263673,0.2797623503229264,1.0,0.013041326098244266,0.10785711943116305
carma,23,7,167,38,0.9583333333333334,0.026980997015652597,0.06996006543297573,0.9361702127659575,0.08640351346384945,0.6543810089735987,0.9583333333333334,0.09088053645641814,0.5233183345723922,0.9795918367346939,0.02245652897703776,0.3586509649646725
catasraH,64,11,38,185,0.9795918367346939,0.026593916691163844,0.14688572383870102,0.9361702127659575,0.039384213045534855,0.20386181660656844,0.9130434782608696,0.06108720110361876,0.18880532846254117,0.8636363636363636,0.03461808000514477,0.18016765315083183
catur,73,12,209,321,0.8372093023255813,0.024443917375368884,0.20952595860251177,0.9130434782608696,0.049849410582049836,0.4687781625919105,0.8636363636363636,0.12603481754075385,0.547029710359645,0.8095238095238095,0.03615155065362419,0.18824015279081185
caturBiH,11,6,148,45,0.9795918367346939,0.02182519531760929,0.057026660296949916,0.9583333333333334,0.06460537987878501,0.5124794097235432,0.9361702127659575,0.09481610199186019,0.5420557723902626,0.9130434782608696,0.026000910686697187,0.19375795378127736
caturDA,11,5,23,18,0.9583333333333334,0.023251900855694507,0.06252325622875388,0.9583333333333334,0.03764478739938204,0.2459895414786003,0.9361702127659575,0.10570591957901787,0.362078104515817,0.9361702127659575,0.033847308638376594,0.18020354702637564
caturTaH,12,30,33,30,0.7804878048780488,0.030358280251209346,0.16844819377956366,0.6486486486486487,0.027618947234857694,0.2832011471235546,0.717948717948718,0.047042807872126446,0.28888320111571897,0.75,0.022071528222153414,0.1199051095785807
caturTam,32,15,57,67,0.7804878048780488,0.04327297035058131,0.20904452123643058,0.8888888888888888,0.05591320697587421,0.30884497436157343,0.8095238095238095,0.06412376073930193,0.28702227231734656,0.7804878048780488,0.02908030788254501,0.13781868045532242
caturTe,17,10,22,49,0.75,0.02389446090553371,0.13494826425868012,0.8372093023255813,0.046008618733397566,0.28497006951556914,0.8372093023255813,0.04921410533396697,0.38221773135787585,0.8636363636363636,0.02708943174191314,0.22028219599832366
caturaH,30,5,168,46,0.9130434782608696,0.026942142589717055,0.112711531819645,0.9130434782608696,0.05932355497850994,0.3895830728414329,0.8888888888888888,0.08381235433647383,0.47537041424646587,0.9361702127659575,0.029699769805310194,0.24353433250025946
caturviMSati,18,6,12,29,0.9583333333333334,0.042559610193993236,0.23192527955570452,1.0,0.07258185793683924,0.24831787668062288,0.8095238095238095,0.03563404021150918,0.18706120354573796,0.75,0.01600704299528133,0.10224919249856845
catvAraH,32,5,123,61,0.9795918367346939,0.038028755361052324,0.19149124527907868,0.9795918367346939,0.07821275187689081,0.3470371346052493,0.9795918367346939,0.07184119387164134,0.3304171279278807,0.8095238095238095,0.019346579390491336,0.04853948355006321
ced,26,441,594,208,1.0,0.05766896621984774,0.31670785722078043,0.9795918367346939,0.09241014437416595,0.5252492814679133,0.9795918367346939,0.047876021309379846,0.4547873917255668,0.9583333333333334,0.013902886761467781,0.054382438395832566
cit,825,8,3887,181,0.9583333333333334,0.04057440383147559,0.32152660384270315,1.0,0.1299322708246302,0.5200876404305121,0.9361702127659575,0.08988880274825395,0.4675383922145242,0.9361702127659575,0.035570333481882876,0.20881732174075784
citta,6,27,78,18,0.9795918367346939,0.01865446179276231,0.19533315608220914,0.9583333333333334,0.07877602975156739,0.3967655513478969,0.9795918367346939,0.10296221198858668,0.3713291405067407,1.0,0.025894195319520086,0.23607168886072682
cittam,37,15,81,12,1.0,0.025979227040168085,0.17527481313101978,1.0,0.09391710353474503,0.39891770522073133,1.0,0.069459829733302,0.3211922602497068,0.9583333333333334,0.009408184114809481,0.1480183619986064
dAnam,13,15,468,93,1.0,0.023124070234729288,0.1744426081916466,1.0,0.0857635745571671,0.44607770580303974,0.9795918367346939,0.1353708193293377,0.45103727342820177,0.9795918367346939,0.021288924274202037,0.31157981390036793
dAtA,41,5,94,20,0.9795918367346939,0.03659736400061697,0.2674206968935873,1.0,0.09051789326604365,0.44154875428893026,0.8888888888888888,0.08986940501786145,0.3934720052756212,1.0,0.0691561762012124,0.3198357125169511
dEvaH,11,8,7,15,1.0,0.040819001849351944,0.1243661674140395,1.0,0.08451465862659668,0.24537459851023558,0.9795918367346939,0.10114122542638504,0.2903158328079076,0.9795918367346939,0.04106032652845726,0.17273568904980152
dIkzA,15,6,24,18,0.9361702127659575,0.030748198950487637,0.10983544357262243,0.9583333333333334,0.055501094052459954,0.4017392342418258,1.0,0.08445699092852132,0.3286907993913596,0.9583333333333334,0.01043436641624762,0.054934811842425324
dIrGa,43,8,247,112,0.9795918367346939,0.022377077111003674,0.3170545544553348,0.9583333333333334,0.0959128799566743,0.624776381587129,0.9583333333333334,0.19392449711378812,0.769565280020377,0.9361702127659575,0.11084266776325857,0.6649522650738109
dIrGam,53,5,109,25,0.9583333333333334,0.027606733712128295,0.27274498372390465,0.9795918367346939,0.054309208365883266,0.472129813395337,0.9795918367346939,0.1031755682939065,0.6009411811688629,1.0,0.06480533448662473,0.5471606268966138
dUre,26,6,21,6,0.9795918367346939,0.03186851362860599,0.20812589050260932,1.0,0.04976988654733572,0.3538974954271209,1.0,0.07910382253397363,0.34243729948769375,0.9583333333333334,0.019495499459595944,0.13975680608406416
daDAti,190,6,11,15,1.0,0.061518433925859206,0.24567116851847048,1.0,0.04637076268263096,0.15897832446735316,1.0,0.07274047836754871,0.3646421332338816,1.0,0.0691732376716141,0.46741985106037054
daDi,18,15,57,65,0.9795918367346939,0.03803773703646163,0.19205387267609497,1.0,0.14474942645967337,0.43734351169325847,0.8095238095238095,0.046360825942573625,0.29974886517021004,1.0,0.09020703987488399,0.4515317360282971
daH,7,7,175,19,0.9583333333333334,0.04304947861156683,0.22637758184890067,0.9795918367346939,0.08489281509481283,0.5466614036898517,0.9795918367346939,0.09497834210304323,0.3891072901203311,1.0,0.03265795945393868,0.1930229580346149
daSa,237,32,761,303,0.8888888888888888,0.031068635714500692,0.20281684325052862,0.9361702127659575,0.07768999130308929,0.41819253358700137,0.717948717948718,0.0433379441425239,0.3361344854022761,0.7804878048780488,0.02928768787245839,0.13501341934540867
daSamaH,5,10,13,6,0.9361702127659575,0.057068593113154376,0.2789696902158697,0.7804878048780488,0.0536435546083025,0.35333191651936735,1.0,0.06187776231901765,0.1561103300693304,0.9795918367346939,0.011069552892982615,0.044262750815619034
dadAti,82,15,151,66,1.0,0.052918452209176015,0.28462996862182477,0.9795918367346939,0.08177330684541995,0.4218297602886232,0.9361702127659575,0.06385992295843113,0.3638744791115154,0.9795918367346939,0.042500166116822946,0.3064748575950478
dadyAt,7,8,237,199,0.9583333333333334,0.01679136284296301,0.038763132761725494,0.9795918367346939,0.08010939647413218,0.42126905847688745,0.9583333333333334,0.11784255623620077,0.42458133984500623,0.9361702127659575,0.022599410349966043,0.1987099053573399
dakziRA,89,22,75,151,0.75,0.02184644429352056,0.20751570321395885,0.7804878048780488,0.06937961428457606,0.3702601738576792,0.7804878048780488,0.07585452737734877,0.36392062944200976,0.7804878048780488,0.02047543938334684,0.2069617142953648
dakziRAH,31,6,55,38,0.8888888888888888,0.025587979151021845,0.16851333815056613,0.8372093023255813,0.052134494189857605,0.30627251220208973,0.8636363636363636,0.07403830282813528,0.32148784553732956,0.8888888888888888,0.029595913882644376,0.16599471919513675
dakziRAm,31,8,153,37,0.8888888888888888,0.02956767512744285,0.14073183957482005,0.8372093023255813,0.06398710815585029,0.41532589256360397,0.75,0.05842569047798962,0.38550622766459275,0.8372093023255813,0.030528235281114258,0.21037825027759682
dakziRa,10,11,46,169,0.8095238095238095,0.03367685142933008,0.2620713840733223,0.6842105263157895,0.07969803408428022,0.29216300099906256,0.717948717948718,0.06827246899943396,0.38767202838797776,0.7804878048780488,0.030945023366723556,0.3228969986094684
dakziRaH,8,15,55,26,0.8372093023255813,0.027439948062286668,0.1779414298617783,0.75,0.06181763212124536,0.38249576172598476,0.7804878048780488,0.07252222758095339,0.4410798711500339,0.8636363636363636,0.02854912268921006,0.2052238311153899
dakziRam,32,7,172,88,0.8636363636363636,0.02931218787103118,0.17874031844785232,0.75,0.07156718882385782,0.43307574312909236,0.717948717948718,0.05009223142614416,0.40324153176362343,0.8636363636363636,0.03754749648497613,0.3120622197034063
dakziRatas,40,13,12,145,0.9583333333333334,0.05345527180631515,0.19323154432325185,0.8636363636363636,0.04206601499502616,0.27694804005463525,0.7804878048780488,0.046993553689958834,0.35952991976393633,0.9130434782608696,0.040378234365876176,0.33990716440238866
dakziRe,21,15,46,72,0.8888888888888888,0.033875474705780007,0.22958187449877887,0.8372093023255813,0.07362332128161142,0.4148013061278385,0.6111111111111112,0.04410747069346843,0.365516845160891,0.8372093023255813,0.042633465199805265,0.3440363199238654
dakziRena,14,6,44,62,0.9795918367346939,0.024991406192836685,0.06429905117409196,0.9361702127659575,0.06769341386050776,0.36714570696929116,0.717948717948718,0.039596622356032674,0.29502880276314936,0.8636363636363636,0.03226113822429211,0.2852938504466317
datta,7,11,68,11,0.9795918367346939,0.023880013879059914,0.06620162781243288,0.9583333333333334,0.06533795058445335,0.4979902379627297,0.9795918367346939,0.140175084397976,0.6097716344439879,0.9130434782608696,0.01578243474055907,0.15530782567133428
dattam,29,6,338,30,0.9795918367346939,0.019847585641380117,0.08073282699663453,0.9361702127659575,0.08825401555750456,0.5058058160872922,0.9361702127659575,0.10596461304056537,0.47816367919810987,0.9130434782608696,0.030840392148880458,0.2626351879420348
devAH,1049,200,976,113,0.8888888888888888,0.037677987663872425,0.2261250110836539,0.8888888888888888,0.04712073227420277,0.3626633237549838,0.9583333333333334,0.052988080601064524,0.3817094045247522,0.9130434782608696,0.050097388784385743,0.185699065495462
devAn,217,54,324,54,1.0,0.07520589571301706,0.3753447366533149,0.9130434782608696,0.06423371787751875,0.37051784082342243,0.9361702127659575,0.04882727954448185,0.36390093394595147,0.9583333333333334,0.066625803334326,0.18044600458125704
devAnAm,390,78,355,69,1.0,0.11531175819373252,0.46929448807715635,0.9361702127659575,0.10860038579527154,0.47073743224283693,0.9795918367346939,0.05269826899394825,0.41921687685677067,1.0,0.051261641254612966,0.3024071273092369
devEH,84,17,332,5,0.9583333333333334,0.033446034767022126,0.33224738080097804,1.0,0.09350007526884374,0.5924426717010844,1.0,0.06334389474906787,0.5624932189160128,1.0,0.04467058345548791,0.31528863369431837
deva,740,183,2238,202,0.9361702127659575,0.05996650760199784,0.27110745352633026,0.9361702127659575,0.08034614672918994,0.41334607724699635,0.9795918367346939,0.08496098365262617,0.43644357774028664,1.0,0.05452279845055319,0.23187153695944618
devaH,446,56,452,77,1.0,0.0990970239748411,0.4543724975475233,1.0,0.12309718637339273,0.49238894498977936,0.9361702127659575,0.10040251148325152,0.43106787440740113,0.9361702127659575,0.05234109319642,0.20030719481598513
devam,107,28,321,49,1.0,0.0378164912751795,0.3725092306976818,1.0,0.09881017925376334,0.46264163980374984,0.9361702127659575,0.0820931615893794,0.5466131551516371,1.0,0.07314519250840601,0.3087397096969645
devasya,115,17,93,40,0.9795918367346939,0.04085563299125905,0.33705894759837174,1.0,0.09498359565331027,0.39899191580711124,0.9795918367346939,0.12469345337909488,0.48360420099007495,0.9583333333333334,0.07341185995482602,0.28783427252847527
devatA,37,190,108,108,0.9361702127659575,0.05591080545109939,0.3044154582762195,0.9130434782608696,0.09209435653509257,0.4645990108219682,0.8372093023255813,0.08263610242343811,0.39864000488235374,0.8636363636363636,0.06930796967863662,0.3814869224090607
devatAH,121,53,275,60,0.8888888888888888,0.027541032149371758,0.2419659882785019,0.9130434782608696,0.06346151068111694,0.35440251809263124,0.8372093023255813,0.026678715490719207,0.2654765194582551,0.8888888888888888,0.047311838014458374,0.2647161884930731
devatAm,15,42,13,15,0.9361702127659575,0.07205101181831886,0.3223954277518848,0.9361702127659575,0.059845329306978945,0.3112005948200429,0.8888888888888888,0.04090813338218313,0.3009963945795887,0.9130434782608696,0.028111515166768353,0.2483716188586429
devatAnAm,31,26,111,18,0.9795918367346939,0.037010105877991584,0.1467272504897753,1.0,0.08444514730288855,0.38070907096947737,0.9361702127659575,0.046509703652779066,0.307815456082432,1.0,0.04905277865823976,0.21709230286548842
deveByaH,188,19,36,55,0.9795918367346939,0.057840754656296456,0.3074397370180606,0.9361702127659575,0.04970339063586504,0.26155390158367187,0.9361702127659575,0.05772676224173756,0.2950619219383839,0.9361702127659575,0.05567998576958788,0.20417421845506623
devezu,170,12,61,18,1.0,0.044881161975644734,0.30457836774800806,0.9583333333333334,0.06087842340614624,0.33823351517906486,1.0,0.06841636620853131,0.4080091288702722,1.0,0.047136658464954295,0.1558336960461667
deyam,6,10,88,21,0.9795918367346939,0.02779472605722344,0.10784885509651598,0.9583333333333334,0.07493065299236257,0.3767211695003376,1.0,0.10411205434054538,0.34358851909751564,0.9795918367346939,0.029166330949110364,0.14737737554502872
dfSyate,12,94,427,37,0.9583333333333334,0.04397508598240707,0.26622573878107114,0.9583333333333334,0.0874394056768264,0.3749885960398269,0.9795918367346939,0.06569100006237982,0.4812898312471845,0.9795918367346939,0.011308062958664822,0.08281848330933284
dfzwaH,10,44,237,9,0.9795918367346939,0.03069677457998632,0.31232648666218876,0.9583333333333334,0.11540351124521231,0.5154940646154702,0.9795918367346939,0.09763333020602949,0.5154027352096107,0.9583333333333334,0.009241474619069323,0.13376070405193685
diS,28,56,38,22,0.9361702127659575,0.03304664401988966,0.2632947804778285,0.9583333333333334,0.07432599407728946,0.29362564094588317,0.9795918367346939,0.08096518415257137,0.35264854827352077,1.0,0.00830162577201321,0.13223729952076546
diSAm,38,19,18,16,1.0,0.02900459981961656,0.16310529380901917,0.9130434782608696,0.03659719911788906,0.28880044093431145,1.0,0.11733320849830398,0.4075169676945485,1.0,0.05837742907154275,0.2875844553370117
diSaH,165,52,703,34,0.8888888888888888,0.03977220118751801,0.17676391310496897,0.9130434782608696,0.048870893039790086,0.43295077259775305,0.9361702127659575,0.06787455044860424,0.47959260783551916,0.9583333333333334,0.04069176162737298,0.1553220583892022
diSam,48,31,270,35,1.0,0.049068168042461946,0.20619852065548228,0.8888888888888888,0.06537552377047195,0.42242885916575823,0.8372093023255813,0.058876085733261196,0.3922697269954061,0.9361702127659575,0.041810566730485665,0.1781205820485271
diSi,34,17,44,21,1.0,0.06065846857722268,0.2555535231297199,0.9583333333333334,0.051282754586754686,0.5194856401860368,0.9583333333333334,0.07770902593431062,0.5336060084853835,1.0,0.031059679580169752,0.27828376719470316
dikzu,8,10,81,16,1.0,0.0578911149814082,0.25124836376809,1.0,0.06135261544433823,0.49534973775311664,1.0,0.07915800582987131,0.4516232693657519,1.0,0.027561611468484903,0.22533402662668822
divA,94,8,60,41,0.9583333333333334,0.04646436661984932,0.48692624895582337,1.0,0.08101736345887156,0.4553764549450441,1.0,0.14693315057272016,0.6747251830531571,0.9795918367346939,0.09263498528161562,0.6112711128449773
divaH,668,12,33,31,0.9583333333333334,0.0965161748903065,0.5207465783491951,0.9795918367346939,0.0435053327476943,0.33374389893650913,1.0,0.12288355576492127,0.381493825175393,0.9795918367346939,0.07620363121097185,0.3937915651877618
divam,111,14,319,12,0.9361702127659575,0.048651055346359384,0.19161165869064045,0.9361702127659575,0.053950809573956704,0.397021765574886,0.9583333333333334,0.056381390122384634,0.4509045293367362,0.9795918367346939,0.04241095266075523,0.25220066556634013
divi,233,10,259,23,0.9130434782608696,0.042089428713583565,0.3413085868543959,0.9583333333333334,0.06110782097828338,0.5382252168350671,0.9361702127659575,0.07449946144725084,0.5476205520245789,1.0,0.08334056664111777,0.4147339224237714
duhitA,45,5,97,6,1.0,0.031936271789866466,0.2592307410290453,1.0,0.10406802996673892,0.3823790670119671,0.9795918367346939,0.13137922663073887,0.45928426975241976,0.9795918367346939,0.02274851588900728,0.21625067004486476
durge,5,8,34,17,1.0,0.05832724085238461,0.2815273247802377,0.9583333333333334,0.08900755584522235,0.5777066517189902,1.0,0.10848556153873978,0.4630259110153364,0.9583333333333334,0.01856276390001388,0.19487057211587389
dvAdaSa,204,14,261,305,0.8888888888888888,0.025121857355170918,0.19427553560271016,0.8888888888888888,0.04897725185835211,0.3574393848655917,0.8372093023255813,0.05972472106614202,0.39851146888055977,0.8372093023255813,0.031988464941427486,0.11041472022480625
dvAdaSaH,5,10,6,8,0.9361702127659575,0.043420680289212754,0.2690457096685016,0.8372093023255813,0.03665767589858426,0.30480996085936496,0.8372093023255813,0.054715318504818256,0.3178140387068763,0.8636363636363636,0.01873759432347699,0.10119583889469119
dvAram,5,17,182,19,0.9583333333333334,0.013373076811857398,0.06904878182318686,1.0,0.06920634097600786,0.5240949269203061,0.9795918367346939,0.11617555651172473,0.5369827588696232,0.9583333333333334,0.011430045514130627,0.20879390210448467
dvO,47,32,176,133,0.9795918367346939,0.056459671294837865,0.2780197005652769,0.9583333333333334,0.10797469129975379,0.5082782238187105,1.0,0.08865071145971137,0.46472243277782166,0.8095238095238095,0.02089228293297518,0.0742241823672285
dvayam,7,25,55,59,0.9795918367346939,0.02885142502177429,0.203488947023172,1.0,0.0624534774783555,0.26385926939559656,1.0,0.08765093242437871,0.4668338415427876,1.0,0.06250009930641254,0.3840182239556045
dvayoH,7,5,64,65,1.0,0.01613089777818766,0.09952969356025021,0.9361702127659575,0.07662999507376012,0.35979233458124316,0.9583333333333334,0.0794310746010436,0.3684837317958902,1.0,0.02508197535056178,0.254971693489243
dve,114,56,126,350,0.9795918367346939,0.06964112208028717,0.31908673108253827,1.0,0.09270361354175405,0.3903882392296678,0.9130434782608696,0.087797049078846,0.34336352823099303,0.9130434782608696,0.03744728971471012,0.19256675136875878
dvi,66,21,100,407,0.9795918367346939,0.02210498556767293,0.16430599074223395,0.9795918367346939,0.1251519245792413,0.3615551904200287,0.9795918367346939,0.10147040586561529,0.2880139633114629,0.9795918367346939,0.030539452383073762,0.1650512070544502
dvis,30,28,37,91,0.9795918367346939,0.035111513842293496,0.3350035835804104,0.9361702127659575,0.0445689976311644,0.4213419596231833,0.9795918367346939,0.12791746432834805,0.5081981164435895,1.0,0.045510617801296394,0.43423980851846156
dvitIyA,6,8,10,30,0.8095238095238095,0.023240693326628037,0.10555027991182442,0.8095238095238095,0.03920118903705172,0.23237632454678436,0.8095238095238095,0.04362173457182106,0.3126524540261866,0.8636363636363636,0.042357417507723705,0.24785377599923852
dvitIyaH,36,35,68,46,0.6111111111111112,0.029191074135729855,0.13227173448871987,0.8095238095238095,0.07596699021235376,0.4375956159201744,0.8372093023255813,0.07676575601871782,0.40968266749203597,0.717948717948718,0.041850695402703364,0.17812825289321088
dvitIyam,47,35,97,91,0.8095238095238095,0.03912251359219787,0.29786629141471765,0.8888888888888888,0.08132794202338034,0.3758483906573826,0.8636363636363636,0.06276870779223442,0.4485331536133803,0.717948717948718,0.043524572301392284,0.1944094315138043
dyOH,234,53,96,39,0.8636363636363636,0.04613396817429316,0.1926638354579464,0.8636363636363636,0.04610080581271281,0.2787915550044109,0.9583333333333334,0.12892356401473903,0.3214503400300974,0.8888888888888888,0.07576411479275558,0.27492710324082437
eBiH,39,10,89,14,1.0,0.03547960116476945,0.2962258226415533,1.0,0.10484050633195185,0.49180971419584596,1.0,0.10563236794025033,0.5451728438138861,1.0,0.04343467880628449,0.18218061281207587
ekA,81,41,109,122,1.0,0.021252194079806275,0.2113070617262076,0.9583333333333334,0.06767156536148511,0.2762241211943175,0.8636363636363636,0.061443312391673444,0.3618347981637702,0.9583333333333334,0.05156676742829602,0.2652035074924337
ekAm,33,7,85,54,0.9583333333333334,0.03792542825085854,0.3368296182560748,0.9795918367346939,0.07552638366679987,0.5267958938158102,0.9361702127659575,0.08503357919867882,0.6032866424402537,0.9583333333333334,0.042342656739476126,0.4935330588210072
eka,148,197,824,485,0.9583333333333334,0.06523332105780999,0.39859559000322864,0.9583333333333334,0.10490058899174193,0.6027081896127982,0.9361702127659575,0.061546502291523586,0.48103658863795973,0.8888888888888888,0.01799286165718106,0.08669256813366788
ekaDA,21,12,15,5,1.0,0.06516856536529225,0.327962051804509,1.0,0.11849181738013992,0.42538453839573953,0.9583333333333334,0.05660491070848961,0.3301137348471299,0.9795918367346939,0.015160703433421463,0.17013513644853084
ekaH,205,165,787,152,0.9795918367346939,0.06087568703051016,0.24675115241895829,1.0,0.12168131433010432,0.4363719085848726,0.9583333333333334,0.09283345363292228,0.44358447665907796,1.0,0.037281179382117946,0.20271380299327368
ekam,163,166,487,218,0.9130434782608696,0.07680024033857469,0.2942777976529716,0.9795918367346939,0.10690089146774195,0.5155806344059222,0.8636363636363636,0.06552862374405743,0.46332978912713296,1.0,0.0871455776527792,0.2663507739368174
ekasmin,10,24,22,38,0.9795918367346939,0.027235710857147932,0.21386903974948746,1.0,0.08434937218422245,0.24930523540099792,0.9795918367346939,0.09022068781344239,0.36269144194585756,0.9795918367346939,0.030239419644951804,0.26321058744997616
ekasya,14,29,92,21,0.9795918367346939,0.04022790141950605,0.23807851508298694,0.9583333333333334,0.12467308501661067,0.4538641935685832,0.9795918367346939,0.0546716656237769,0.36941710278385886,0.9795918367346939,0.027659494417268005,0.17083307364304678
ekayA,81,6,8,18,0.9795918367346939,0.05509643565180822,0.3304681686393287,0.9583333333333334,0.05140723796644342,0.11847573128808131,0.9583333333333334,0.04213755290088805,0.18819934793104331,0.9795918367346939,0.0871706050324168,0.36677173315711986
eke,70,22,67,135,1.0,0.04004218440626783,0.14400169563626963,1.0,0.10121538481652204,0.3595612195846961,0.9583333333333334,0.06422452476746265,0.38608077250794937,0.9795918367346939,0.018797958154035066,0.13314456857722212
ekena,9,20,287,61,0.9583333333333334,0.0291068004568511,0.22875697820748186,0.9795918367346939,0.11299339146578924,0.693128189726,0.8888888888888888,0.1009448746770284,0.5667632930859743,0.9795918367346939,0.03464388486263181,0.2994960143275387
enAm,54,16,179,44,1.0,0.027894517722705126,0.1654508087500146,1.0,0.0740591616871279,0.6106463520817533,0.9583333333333334,0.10826041015918653,0.49771588332470484,0.9583333333333334,0.01650947976924788,0.162722269226237
enAn,104,9,67,30,0.9795918367346939,0.056211176129739804,0.38242041890710055,0.9130434782608696,0.05196122839286166,0.4034005413013485,0.9130434782608696,0.07459897123832382,0.43696594090643326,1.0,0.0364267519661533,0.3851234754722943
enam,579,227,1357,170,0.9583333333333334,0.05081098033652709,0.17541983355549262,0.8888888888888888,0.06945107028629582,0.45497494333185795,0.9583333333333334,0.12051967951361664,0.524992392687583,0.9583333333333334,0.06243689396033547,0.2839373696912616
etABiH,94,6,8,29,0.9795918367346939,0.060293368797354474,0.228848237874556,0.9583333333333334,0.03793118928642736,0.17250338630080142,0.9795918367346939,0.051223521197591326,0.25173216188403447,0.9361702127659575,0.05078392637954754,0.28888746606975757
etAH,255,69,164,81,0.9130434782608696,0.029194519453056733,0.2354664775088533,0.8372093023255813,0.08060821701914467,0.3412438667336508,0.8095238095238095,0.0752200243443738,0.2652191276644602,0.9130434782608696,0.031127618106398414,0.14044726151484221
etAm,128,36,170,31,1.0,0.044948434980397356,0.22425898902106123,0.9361702127659575,0.09064213088391015,0.4704659763335506,1.0,0.10670839479055116,0.4762737533193303,1.0,0.09694581187581597,0.40597790750336094
etAn,38,28,376,57,0.9361702127659575,0.04294125640837532,0.1596994518292003,0.9130434782608696,0.06580995179594828,0.4720489097378786,0.9361702127659575,0.14669074272798333,0.5366791631261262,0.9795918367346939,0.0654159401718204,0.2345896963876588
etAni,85,72,328,61,0.9130434782608696,0.04595485186432735,0.18388500013060216,0.6842105263157895,0.06872619110176292,0.26370359129552146,0.9795918367346939,0.11050882564831677,0.4423675167238783,1.0,0.05611011259705623,0.23455014990283463
etAsAm,8,12,14,10,0.9583333333333334,0.022686428899518885,0.07548017294888087,1.0,0.05908842419493787,0.24954997890641484,0.9795918367346939,0.05926518913298806,0.2064594395337982,0.9583333333333334,0.01177793579293096,0.029033400803854303
etAvAn,11,23,14,9,0.9795918367346939,0.05056533240229055,0.3240336220630444,0.9795918367346939,0.06988912517095458,0.2804447011626785,0.9795918367346939,0.05037477931533019,0.18423818729349561,0.9795918367346939,0.020150107626451752,0.12145974837369822
etAvat,12,46,137,35,1.0,0.023356142202706542,0.2061657490278015,1.0,0.09783384561456243,0.5558236958874384,1.0,0.07755706084163516,0.43718370353958846,0.9795918367346939,0.01102689336321827,0.09512999955609036
etEH,36,21,134,50,1.0,0.06519164745802186,0.23228951632334705,0.9795918367346939,0.10210818198771265,0.6545736154779564,0.9583333333333334,0.11457756566481825,0.6147972513660117,1.0,0.04303719213027035,0.3065709814452222
etO,61,29,179,10,1.0,0.04430079837150813,0.13647911552823033,0.9795918367346939,0.0908742979630992,0.47536310341515997,0.9583333333333334,0.08957759382297104,0.4866752176785497,1.0,0.01868348793401886,0.10695433039250746
etad,18,52,42,45,1.0,0.04693826343903451,0.4051949653942022,1.0,0.07513678016145398,0.5392525092677422,1.0,0.08440883394408172,0.3933427396444231,0.9795918367346939,0.04113467790666847,0.17108240927895535
etam,276,213,138,112,0.9583333333333334,0.06591094318988966,0.22299890491511665,0.9583333333333334,0.09859923513531277,0.4608916234161471,0.9795918367346939,0.12813207922366987,0.4423693505838552,0.9130434782608696,0.07639596830666195,0.27018617827771163
etasmAt,14,51,37,7,0.9795918367346939,0.04503238027539502,0.24772860547422004,0.9583333333333334,0.06754511338329983,0.36053735066903636,0.9583333333333334,0.05942808666548227,0.26886154302424914,1.0,0.012776759047232411,0.06779572881392637
etasmin,42,124,188,30,0.9361702127659575,0.07084730581644494,0.28502585134086145,0.9130434782608696,0.11232765238182629,0.44344395698154826,0.9583333333333334,0.08437927593385419,0.4375578201135799,0.9583333333333334,0.04122833445429108,0.2904551644420651
etasya,124,130,94,44,0.9795918367346939,0.06065154658016325,0.1885233007889211,0.7804878048780488,0.10233337617595162,0.37594604845816637,1.0,0.11718789326530177,0.458805667718726,0.9130434782608696,0.10741486523064903,0.31114125344929056
etat,906,1247,3974,512,0.9583333333333334,0.04348478463583827,0.1908210661937355,0.9583333333333334,0.06136409086572869,0.35168645241023966,0.9583333333333334,0.05794605877080039,0.36402782277915713,0.9583333333333334,0.04113350076175526,0.14750203755200175
etayA,77,14,12,144,0.9795918367346939,0.07568107256904422,0.3226168135649622,0.9583333333333334,0.07209081491529179,0.24552916811808867,0.9795918367346939,0.10060565101351582,0.4974712293191048,1.0,0.0947314386656698,0.4534012702833412
ete,246,152,999,129,0.9583333333333334,0.030439414803864362,0.2231364508577539,0.9361702127659575,0.043510430917359066,0.3216065659542501,0.9795918367346939,0.09036374948896131,0.4142615852713105,0.9583333333333334,0.023809070556365386,0.14139219573011297
etena,337,38,140,88,1.0,0.049216927439260205,0.31511951292447105,0.9361702127659575,0.08091016067244683,0.42612222786819587,0.9583333333333334,0.08273232741901304,0.49701506227503167,0.9130434782608696,0.018770155978928393,0.1166690746401291
etezAm,20,10,100,53,0.9795918367346939,0.038073093046266826,0.09923208500655678,1.0,0.0830474819976098,0.27857609398354477,0.9361702127659575,0.05362250916178157,0.2528535697936858,0.9583333333333334,0.01969788433980868,0.09077658643186604
eti,315,93,125,22,0.9795918367346939,0.04158843971851178,0.16762155801734702,0.9361702127659575,0.08641775281148378,0.33271709554557916,1.0,0.05688408564338032,0.3371482222276093,0.9795918367346939,0.020188130290919593,0.2809875723463575
etya,11,11,64,15,1.0,0.0767988518207724,0.21441747494381946,1.0,0.08858005491827381,0.48068497342800764,0.9795918367346939,0.05778618982548822,0.46107746018559226,0.9795918367346939,0.03009936336702268,0.1811005366088061
eva,3390,4899,18485,3394,0.9795918367346939,0.04843470544156869,0.2204429346735779,0.9795918367346939,0.06592497487650562,0.4736839645137789,0.9795918367346939,0.0756804048148969,0.501990893510935,0.9583333333333334,0.029560738337422232,0.11515317634038913
evam,516,1432,5457,942,0.9583333333333334,0.03948417073617572,0.19369533407922868,0.9795918367346939,0.07745256805017486,0.4218281642085384,1.0,0.08457044867591124,0.5281698269755728,1.0,0.056614606903196196,0.31630004029468295
ezA,234,107,516,96,0.9795918367346939,0.028776802671471424,0.09829800934407351,0.9130434782608696,0.07874639742532863,0.425467366012958,0.9795918367346939,0.08208574697628102,0.4409794790357291,0.9795918367346939,0.04303476650350546,0.21093109978317204
ezAm,228,80,373,132,0.9583333333333334,0.03896324141305729,0.33071464708177656,0.9795918367346939,0.06996994626349184,0.5135942250917139,0.9795918367346939,0.09328646156414389,0.5747549057325663,0.9361702127659575,0.015845701598058315,0.2302698077426647
eza,510,521,1929,154,0.9583333333333334,0.034745521395158296,0.23465757939468213,0.9361702127659575,0.07789413890175745,0.3641421002343963,0.9795918367346939,0.11485301704594597,0.4148327486709843,1.0,0.04218030270951767,0.29386526169619787
ezaH,145,208,140,43,0.9583333333333334,0.035395426599473145,0.21589595966538577,0.9583333333333334,0.09764660867651842,0.41422293817527245,1.0,0.10562552436624284,0.3931240146191103,1.0,0.050586953513006905,0.21138029878068365
ezu,61,13,23,15,1.0,0.07309594895359195,0.15030473920865717,0.9795918367346939,0.12392020785346824,0.3369522901703048,0.9583333333333334,0.06451630999343505,0.22298042374924565,1.0,0.042570857483707036,0.2553361603866081
fc,19,52,5,15,0.9361702127659575,0.05270715366928902,0.2746436799172167,0.9361702127659575,0.06490846578978826,0.3626131468624012,0.9361702127659575,0.044276027057343126,0.13726599587843036,0.9795918367346939,0.015595793546027137,0.0812747063157524
fcaH,62,26,16,31,0.9583333333333334,0.04975258523046644,0.25483147563598396,0.9795918367346939,0.05478338237126412,0.27854216884464245,0.9361702127659575,0.06719491417621759,0.29609085785480604,1.0,0.06197453523069363,0.3162793131818886
fk,15,39,31,10,0.9583333333333334,0.034458352651661195,0.2760289292122089,0.9361702127659575,0.10326537706591421,0.40965814031744796,0.9795918367346939,0.07791079589339533,0.3485731239487442,0.9795918367346939,0.0078178953630339,0.029703589785239792
ftam,96,12,21,14,1.0,0.09567344363242014,0.48404873524643843,1.0,0.09104152642594143,0.3427867505970791,0.9795918367346939,0.10955780114626557,0.386260487786549,0.9795918367346939,0.0459418259884824,0.27759142385679003
ftavaH,85,8,39,13,0.9795918367346939,0.04167874077421885,0.15062496161831262,0.9583333333333334,0.05123754064178643,0.25847548129963593,1.0,0.11258939248980848,0.35806670774940397,1.0,0.050370366811304246,0.23735900303875956
fte,46,21,284,12,1.0,0.11074447490258932,0.3640320363213909,0.9583333333333334,0.13343725859125766,0.5644062891628383,0.9795918367346939,0.0714046397090744,0.48487841087548067,1.0,0.014964145118828043,0.13696354766850827
ftu,18,5,82,47,0.9583333333333334,0.024365829225400648,0.06906171447534382,0.9583333333333334,0.07296075142729874,0.45343010659058613,0.9361702127659575,0.09018055347941578,0.4240489726188539,0.9795918367346939,0.019206731552708356,0.12028502223020088
ftvijaH,31,11,62,21,1.0,0.030742503605668325,0.08147477577302409,0.9583333333333334,0.05371649440234294,0.31616057460460756,0.9795918367346939,0.07848331964148347,0.3629977206702736,0.9795918367346939,0.012143447580339917,0.09391323288492281
fzaBaH,38,12,344,7,1.0,0.06963266601282558,0.2898432728059861,0.9795918367346939,0.06174867648081139,0.5854813709477453,0.9795918367346939,0.0956408149248913,0.5668346471658056,1.0,0.04692072641425138,0.22948888608481444
fzaBam,11,8,149,14,0.9795918367346939,0.0568704856728548,0.21478635801542945,0.9361702127659575,0.07731566957077962,0.5931542513001856,0.9795918367346939,0.10706278970491978,0.5643441246705034,1.0,0.03145403941750313,0.09302906705387659
fzayaH,89,7,628,25,1.0,0.027659403023597817,0.17945795699829992,0.9795918367346939,0.05466409493731139,0.39014896261357146,0.9795918367346939,0.07655938531481987,0.4417340772095094,0.9583333333333334,0.04981960543248276,0.33965653030857634
fzi,12,5,586,25,0.9795918367346939,0.015187862143395292,0.06634063402288248,1.0,0.10089082246470438,0.5747935085912201,0.9361702127659575,0.06894013594304016,0.5216328098281409,1.0,0.027688569770784488,0.1297447638488216
fziH,55,25,495,18,1.0,0.037281655691011384,0.28733437039072207,0.9361702127659575,0.08481851877836466,0.468842522989229,0.9795918367346939,0.07716082501724086,0.4965016117212594,0.9361702127659575,0.016647716713115934,0.21949655601388818
gAH,170,21,218,25,1.0,0.051302633023823985,0.28255428306059516,0.9795918367346939,0.05769775521254761,0.39728975553366186,1.0,0.10144357998555431,0.4326541675120663,0.9583333333333334,0.04523554693131149,0.21960970755397935
gArhapatyaH,13,6,7,7,0.9583333333333334,0.019442855421907268,0.06485775471540367,0.9361702127659575,0.03557317379799452,0.09543339955204855,1.0,0.06387512179354915,0.3174749722365815,0.9361702127659575,0.02994607460832721,0.2889101661197274
gAvaH,210,13,265,23,0.9795918367346939,0.053859294505623656,0.42296459567098044,0.9795918367346939,0.04703305688981485,0.488241100163593,0.9795918367346939,0.09260830670532694,0.476241921063997,0.9583333333333334,0.04052855281177914,0.2805008816166408
gAyatrI,117,72,14,17,0.9583333333333334,0.04794960451237151,0.3676822869143548,0.9583333333333334,0.058430634529255565,0.27872145715868335,1.0,0.05857824071755491,0.27775311464258656,0.9361702127659575,0.04909901670925698,0.3666143460475346
gOH,120,11,106,78,1.0,0.06442616254829236,0.39469349271324794,1.0,0.07163186885894912,0.42364079714577707,1.0,0.10570167487491244,0.4656788983840038,1.0,0.08007022098646632,0.2477681166657042
gacCan,14,11,52,6,1.0,0.024651558090963754,0.1773308079634789,0.9361702127659575,0.09571415643332215,0.4843947789673735,0.9795918367346939,0.10667393939082614,0.5177284823467991,0.9795918367346939,0.008415349538343997,0.13288038650894818
gacCanti,35,35,194,7,0.9130434782608696,0.028053856726642734,0.21751752563987048,0.8888888888888888,0.05310492541557266,0.37463074648807715,0.9583333333333334,0.05502173038933589,0.44978776989263314,1.0,0.009581327604252676,0.14998622572086484
gacCati,102,80,335,34,0.9583333333333334,0.04280818887922,0.279128821857056,0.9130434782608696,0.06675104772282481,0.3973089843033064,0.9361702127659575,0.09052910358160882,0.46408453690633444,0.9361702127659575,0.02343531391610343,0.15155590402061292
ganDaH,10,14,83,6,0.9795918367346939,0.030785756935198028,0.2082745401056859,1.0,0.16883588369706104,0.5234025372295098,0.9795918367346939,0.08015050339053531,0.42201042976115843,0.9795918367346939,0.006098103366756313,0.02666563088244034
ganDarva,21,15,413,5,0.9795918367346939,0.04182340213434377,0.171573048483445,0.9361702127659575,0.07937530500681478,0.5158054711742427,0.9795918367346939,0.07270141220818371,0.5523551137343998,1.0,0.014062709213727986,0.06151007394239383
garBa,12,10,123,45,1.0,0.016140228747938523,0.10159173103828012,0.9795918367346939,0.07797798490213004,0.4672999245050733,0.9583333333333334,0.10520832290053161,0.5435611673868499,0.9361702127659575,0.014509908445606623,0.22700426784977434
garBaH,84,14,78,15,0.9795918367346939,0.03678075810251502,0.19619280647796233,1.0,0.07274499169137993,0.3977719280416073,0.9795918367346939,0.11144790900567503,0.37916917984347775,1.0,0.0187059211248064,0.2204328441465807
garBam,113,14,116,22,0.9795918367346939,0.026663960346023807,0.145186943951906,1.0,0.07777859259943398,0.39774083735855925,0.9583333333333334,0.08871004046769126,0.5021988378017823,0.9583333333333334,0.015758734829787402,0.24894246938760367
gata,22,26,383,32,1.0,0.05624054737123929,0.540428767679097,0.9583333333333334,0.1422752536841575,0.7389461023723936,0.9361702127659575,0.13883244573010856,0.7500487942604915,1.0,0.057267884328063734,0.5819517633432916
gataH,5,31,944,44,1.0,0.03781908494604713,0.22173552266527286,0.9583333333333334,0.10443414134178453,0.560003233134555,1.0,0.15883679317227306,0.6421651304341557,1.0,0.03427094747285919,0.30366385719812805
gatam,64,38,408,68,1.0,0.09889229703092672,0.7088401079263408,0.9583333333333334,0.08492905969588216,0.5138549448345239,0.9583333333333334,0.10996572292364659,0.5967029910945709,0.8636363636363636,0.06574288750371615,0.3322535345720292
gatvA,42,32,801,37,0.9795918367346939,0.025353105823970212,0.25586759070323106,0.9583333333333334,0.07008027524374338,0.5182281433322156,0.8888888888888888,0.06796109409146533,0.5617730640604804,1.0,0.0353298253994484,0.3751601863089763
gavAm,77,13,287,41,1.0,0.10045427991701639,0.29309250659639874,0.9583333333333334,0.10109870648646302,0.5670621064967091,1.0,0.06033190299384861,0.42842484939208725,1.0,0.04433527798848069,0.26899091628139105
gfhAn,17,7,110,21,0.9361702127659575,0.021266279021537993,0.06256957792490359,0.9361702127659575,0.07408494285551193,0.44281613115908425,0.9795918367346939,0.08887825046162079,0.44501682605902115,1.0,0.04724738882218982,0.1547946699758609
gfhItam,5,13,31,14,1.0,0.023936983738055195,0.15698452778709426,1.0,0.07651356203622683,0.4627040369810481,1.0,0.11810355209718637,0.4882535249696526,1.0,0.012668693792592278,0.1184513259579032
gfhItvA,7,22,242,47,0.9795918367346939,0.014582888468212096,0.08692867080275313,0.8888888888888888,0.05412550355625867,0.4986158428750389,0.9361702127659575,0.05921875317313141,0.45266584419331846,1.0,0.017634875727819188,0.21846848542161634
gfhRAti,17,12,15,25,1.0,0.028783741201360624,0.17377575173275828,1.0,0.0617491641560024,0.3189901995345834,0.9795918367346939,0.06659991977776358,0.2831634084826804,1.0,0.028352652873170348,0.137794609918232
gfha,13,9,127,96,0.9795918367346939,0.04056466616532539,0.3045048143684741,0.9795918367346939,0.12841784395767697,0.523136392100337,0.9583333333333334,0.10320188235379701,0.49771811318524883,1.0,0.03459838157545303,0.36863704262357655
gfham,40,9,247,42,0.9361702127659575,0.011811116063187632,0.06587198324416077,1.0,0.10264170166067599,0.5655091844619977,0.9583333333333334,0.15548420253656392,0.6243324948289074,0.9361702127659575,0.0354578258578192,0.44810557430426456
gfhe,68,14,258,50,1.0,0.01914063056865345,0.11461218007698504,1.0,0.07629398396703124,0.5380969760108272,0.9361702127659575,0.11016527871235626,0.5357679612649144,0.9795918367346939,0.016069244126196924,0.1496346968694351
gfhyate,5,35,22,23,0.9795918367346939,0.035204486886143416,0.35063695041811216,0.9795918367346939,0.12138473606328726,0.29095456532151887,0.9795918367346939,0.07309458983350747,0.22031517251474297,0.9583333333333334,0.012882422855917786,0.14354396475461484
go,149,22,480,140,0.9795918367346939,0.040897875790685045,0.33581185653665835,0.9795918367346939,0.10470518704058329,0.5630363988013524,0.9361702127659575,0.11016371816881321,0.43343198683614714,0.9361702127659575,0.0476324903697386,0.2930536501789305
goH,63,7,9,34,0.9795918367346939,0.014034936708344437,0.13389599974391664,0.9795918367346939,0.044172902516142476,0.0937843917748451,0.9795918367346939,0.0724585059967896,0.14944425546675544,0.9795918367346939,0.014803215056447994,0.09838338044392336
grAma,10,20,64,65,1.0,0.03919337508508458,0.19776858544011677,1.0,0.14221677979138414,0.5003874201425716,0.9795918367346939,0.14647649629072146,0.4474856892882507,0.9583333333333334,0.037204439464559536,0.2225026004943561
grAmam,13,6,74,24,0.9795918367346939,0.0135113351169871,0.03984048746180879,0.9795918367346939,0.10205566907988461,0.5146617628843652,0.9583333333333334,0.12068869797529869,0.5097678852127603,0.9583333333333334,0.03104369628584791,0.18991929639738014
grahaH,14,19,47,11,0.9795918367346939,0.02549613317498245,0.12065820986392406,0.9795918367346939,0.08902847187298835,0.43644317684745393,1.0,0.1998683417849606,0.6278556344315787,1.0,0.020983659042571823,0.25455423357330376
guhyam,11,6,143,9,0.9583333333333334,0.021356366138333915,0.05508060665808845,1.0,0.08095954992621712,0.35584043603920457,1.0,0.0690297253663621,0.3856891261013238,0.9583333333333334,0.009542735848943718,0.050264051363366424
guru,8,14,442,65,1.0,0.014432837349242167,0.13008610289442668,0.9795918367346939,0.10660384613450147,0.6486754862371308,0.9795918367346939,0.11173015537483277,0.6629406103392809,1.0,0.024612942314961805,0.26614610366167035
hA,182,29,529,11,0.9795918367346939,0.1087694958673574,0.48423089188097057,0.9583333333333334,0.11865245460520857,0.5288265286222419,1.0,0.0948896693572342,0.590997624250659,1.0,0.0409437048028517,0.4523920824504146
hIyate,5,7,45,18,0.9361702127659575,0.019606266120512972,0.06526189175511987,1.0,0.06491879883196938,0.23747948429587828,0.9361702127659575,0.05443361684525727,0.39706039259793147,0.9583333333333334,0.021879162692671206,0.18046478884308326
ha,871,1415,1472,209,0.9130434782608696,0.06396266280461527,0.21451640527341753,0.9583333333333334,0.09263508509520946,0.5310444603621991,0.9795918367346939,0.12922497517596643,0.5960314228957739,0.9361702127659575,0.07954705685612073,0.3288015158421268
hantA,22,8,128,5,0.9795918367346939,0.035122381664586255,0.24978525426940468,0.9583333333333334,0.07231457490352067,0.49800291817232933,1.0,0.06749614855592101,0.4803938267935456,1.0,0.037632455246819685,0.17555360823813615
hanta,8,42,110,5,0.9583333333333334,0.056284578539938734,0.2323001781486871,0.9361702127659575,0.07277193756340383,0.3690711186954102,0.9795918367346939,0.08533841403816222,0.41740495567463365,0.9583333333333334,0.01936094567890645,0.11485126417535918
hanti,97,8,156,22,0.9795918367346939,0.0423256283229666,0.37483527190104726,0.9361702127659575,0.06845530418299206,0.5478666845012088,0.9583333333333334,0.0938233597035657,0.4026957832730944,0.9583333333333334,0.017359039721708602,0.21871401759793185
haranti,14,9,23,5,0.9583333333333334,0.03779252828066382,0.1253118700054605,1.0,0.10562893135030516,0.4554585377928355,0.9583333333333334,0.10535517149927276,0.47623353760476306,1.0,0.00815962216520738,0.05887997387902266
harayaH,43,5,93,5,0.9361702127659575,0.03421036271293931,0.35001686708209534,0.9130434782608696,0.06327161542065707,0.4758555711529403,1.0,0.09024861836407194,0.4926229765740847,0.9583333333333334,0.04137967537073162,0.25411097492567536
hastO,13,5,46,6,0.9795918367346939,0.023735801996455308,0.08980767958410951,0.9795918367346939,0.08429367464068438,0.5302323910096443,0.9583333333333334,0.1015775803827953,0.482754429180388,0.9583333333333334,0.005881903590031157,0.02071521145869415
hasta,29,12,144,40,0.9795918367346939,0.014897029404708162,0.1466741800804907,0.9795918367346939,0.09850903632978192,0.49539779195731004,0.9795918367346939,0.12285613678405005,0.5030546556508986,0.9795918367346939,0.03334840233436698,0.45653018142182145
haste,29,7,30,23,1.0,0.026383209441659505,0.15344457669323464,0.9795918367346939,0.04761934459883288,0.3946176713580616,0.8888888888888888,0.07416917905363196,0.4414989255755395,1.0,0.04928092111337967,0.3700981440822342
hasti,10,19,196,100,1.0,0.05416389557977508,0.34163536463770827,0.9795918367346939,0.14287962429996293,0.8041816004760537,0.8636363636363636,0.1285820367766829,0.3683726910212277,1.0,0.047788593588507955,0.47849316133498887
hata,24,11,639,14,0.9795918367346939,0.03470850131689174,0.357730842954467,1.0,0.22469520433276258,0.7945622795371021,1.0,0.12839031558345215,0.6954561914722884,0.9361702127659575,0.008054349316018006,0.1595797519388602
hataH,23,7,526,14,0.9795918367346939,0.021627684290027704,0.1853201250768226,0.9583333333333334,0.08477974766230956,0.6149839172536159,1.0,0.09852733717346052,0.5656516916110255,1.0,0.032366367794199546,0.1862917151820831
haviH,236,13,119,142,1.0,0.04260520920283006,0.23468523808890174,0.9795918367346939,0.05392507597768448,0.2992128549903036,0.9130434782608696,0.07064973730832136,0.34776307775122905,0.9583333333333334,0.05821686301170159,0.23342461067459408
hayaH,5,8,38,6,1.0,0.017995946925256634,0.04126217666250698,1.0,0.06444565476910369,0.4546319110860758,0.9795918367346939,0.09995345282821866,0.4305043355529854,0.9795918367346939,0.017395463516444498,0.020646727202342063
hfdaya,8,70,74,25,0.9583333333333334,0.06871056688726151,0.48987334630917245,0.9795918367346939,0.11491574996995402,0.6727634729886164,0.9130434782608696,0.08541694663974497,0.5006398020365128,0.8888888888888888,0.018886046867162887,0.13771656619095696
hfdayam,65,63,198,5,0.9583333333333334,0.06761272372686844,0.36327547686791295,0.9361702127659575,0.09614631290359399,0.5513641189322271,1.0,0.06996478233454817,0.4863210015650342,0.9795918367346939,0.028635474702818464,0.23610915705726054
hi,1634,1742,9685,725,0.9583333333333334,0.029874763635601598,0.1792650803488398,0.9795918367346939,0.08021044393461296,0.30827169769853624,1.0,0.07879591695478239,0.34008007722200984,1.0,0.058674359432081546,0.2527398067301141
hiraRya,140,15,76,80,0.9583333333333334,0.023183739411142712,0.3236708595160084,0.9795918367346939,0.05270809926806941,0.41186419823007314,0.9583333333333334,0.09152659352468351,0.41390537820872164,1.0,0.04530128221328711,0.3770551249684839
hitam,58,9,462,18,0.9795918367346939,0.015696973246913548,0.1086083899846999,0.9795918367346939,0.1269507663919056,0.5431082482250686,0.9130434782608696,0.08144896583105232,0.5304304102085652,1.0,0.013150662310543404,0.14513521046048816
hitvA,18,25,197,7,0.9795918367346939,0.01937377344201663,0.18497872893825107,0.9795918367346939,0.10205900342017327,0.5704422762679071,0.9583333333333334,0.06696508663360679,0.5825200273174644,0.9795918367346939,0.011003491214380379,0.07414938705587182
hotA,274,16,21,187,0.9583333333333334,0.07545269398659549,0.42250410781908676,0.9130434782608696,0.06672818187878038,0.3277956266072872,0.9361702127659575,0.06848175493598097,0.2081968177235588,0.9361702127659575,0.07129174714697495,0.2214880300137433
huta,14,5,33,11,1.0,0.015392442965032727,0.12679647700375885,1.0,0.10177441414741273,0.47755401071072745,0.9130434782608696,0.07254260428656834,0.4186670879436478,0.9583333333333334,0.015756922300371845,0.21910283276507758
hutam,45,13,68,15,0.9795918367346939,0.03954589980220724,0.2190118979224599,0.9361702127659575,0.06578628908583106,0.35245773866842744,1.0,0.07429859275189654,0.36279518538067257,0.9795918367346939,0.0303362742392721,0.12246073484970066
hutvA,8,37,45,95,1.0,0.06830590985981455,0.2624760648396167,0.8372093023255813,0.08282466173924985,0.42946574463294673,0.8636363636363636,0.06274688811147833,0.41002139396629544,0.9795918367346939,0.0587908378870996,0.3285636477623223
icCan,21,27,76,19,1.0,0.036670784518801014,0.22821148226877297,0.9361702127659575,0.07458975721131533,0.39567088780243376,0.9795918367346939,0.12188831088542007,0.6319799973175362,0.9795918367346939,0.07142478919463069,0.40063092595467253
icCanti,11,13,122,44,0.9795918367346939,0.018965936774219094,0.1324889932854878,1.0,0.08518174512768095,0.4228304834264449,0.9795918367346939,0.06357591601816426,0.43004965960595865,0.9583333333333334,0.012475538439707945,0.09475219203151852
icCati,8,24,208,13,0.9583333333333334,0.020329640486193234,0.13514678445411898,0.9795918367346939,0.055054252141590654,0.30824630554238963,0.9130434782608696,0.07239799124491297,0.47723578387695353,0.9795918367346939,0.016323625553654075,0.19935130972976622
icCet,5,23,94,28,1.0,0.023989227315062034,0.13079707616334535,0.9795918367346939,0.09526852909316907,0.4085530202380161,0.9795918367346939,0.09168992766363404,0.3268927904908657,0.9795918367346939,0.01169830645704839,0.14232611232964365
idAnIm,8,98,202,26,0.9583333333333334,0.020469932265143154,0.20235824377528921,1.0,0.07982881439510636,0.45563634465565805,0.9795918367346939,0.07422976177932716,0.49435276663935923,1.0,0.01610506389912214,0.23580584502771895
idDaH,8,6,10,8,1.0,0.029284082061255656,0.17063088796504977,0.9361702127659575,0.056744466861993526,0.30556254729293975,0.9583333333333334,0.0776889597442606,0.4463784741012111,0.9795918367346939,0.039963674655874026,0.0785847376692651
idam,759,799,3809,393,0.9583333333333334,0.05577079392961559,0.2142007320360556,0.9361702127659575,0.06981653679843092,0.3607378735134632,0.9795918367346939,0.08842111062920532,0.36696597118596486,1.0,0.03640141843870348,0.19154104228443036
iha,742,335,3098,425,0.9583333333333334,0.03830395414396237,0.28059577120583645,0.9795918367346939,0.06402698473757296,0.3885419131042974,0.9583333333333334,0.07153399350410294,0.4041336804559228,0.9795918367346939,0.045909099240884155,0.1856094167614747
imAH,161,55,108,34,0.8636363636363636,0.0554622820539703,0.22454296179023459,0.8095238095238095,0.06610615329416825,0.2958101430189435,0.9795918367346939,0.12242487693128268,0.4166164628938147,0.9795918367346939,0.075912130484034,0.31196445029808473
imAm,124,13,608,43,0.9795918367346939,0.041008993449397124,0.337346535962169,1.0,0.10708685228182335,0.5632754864837382,1.0,0.13189836297485913,0.5204880551236506,0.9583333333333334,0.054407517819150764,0.23000064864048775
imAn,104,18,142,16,1.0,0.07561312699831713,0.3702608959463769,0.9583333333333334,0.09967001647027685,0.506999701542294,0.9795918367346939,0.12618879939389438,0.5048570744965992,1.0,0.047458497577232195,0.36269801273912883
imAni,18,49,76,11,0.9795918367346939,0.02579576705375697,0.23874934790112667,0.8888888888888888,0.05743872780769865,0.2876355010657048,0.9583333333333334,0.0706728561454536,0.36793937553935474,0.9795918367346939,0.021254960999046224,0.05728863888618696
imO,31,11,115,6,0.9795918367346939,0.015657108488518867,0.08129004403392392,1.0,0.10473250670158729,0.48456730525713554,0.9130434782608696,0.10839101248386085,0.5327591762126448,0.9130434782608696,0.008834095370456763,0.05611411173875602
imam,288,85,692,103,0.9795918367346939,0.04685424277178141,0.22670401264632145,0.9361702127659575,0.08335622896859263,0.46318450151947066,0.9795918367346939,0.14415991085432167,0.5082943605926351,0.9583333333333334,0.0790793545684253,0.2490522120640496
ime,259,66,312,45,0.8888888888888888,0.037972038824300336,0.19986372354582926,0.9361702127659575,0.05993234395620317,0.2873947476514519,0.9795918367346939,0.10870856562338038,0.3947077109696262,1.0,0.0891152955886646,0.3154747746002369
indra,1782,36,1653,316,1.0,0.07821957317708161,0.4297210369925868,0.9795918367346939,0.07045992477122331,0.5208289638684459,0.8888888888888888,0.08793388610127406,0.4992395094351395,0.9361702127659575,0.09666016915169173,0.3514686058241804
indraH,1171,49,625,185,0.9795918367346939,0.059673027978618065,0.2669393648792441,0.9130434782608696,0.06401125214269521,0.45460803784769255,0.9130434782608696,0.06014516889301891,0.4457960990040457,0.9583333333333334,0.04813859585261804,0.2300993022524629
indrasya,308,16,262,23,1.0,0.03439801380930618,0.3548782498538897,1.0,0.12007999937666902,0.5683118741289577,1.0,0.12396068972536678,0.4880663150362553,1.0,0.054633078563122495,0.3443844295257903
indriyARi,8,13,158,5,0.9583333333333334,0.025496066634219328,0.07724315800075865,0.9795918367346939,0.08491636063525665,0.32412872039044693,1.0,0.12146889918038584,0.48205550638707306,1.0,0.027317797522644627,0.0992868301501948
indriyam,68,19,59,8,0.9130434782608696,0.046387040157382486,0.22800867420271687,0.9795918367346939,0.11211484180920694,0.4705686452077138,1.0,0.14283491220366606,0.568810768402125,0.9795918367346939,0.04249958784884289,0.27260646014324186
itTam,11,16,11,11,0.9583333333333334,0.033939701162031044,0.1165345657893786,0.9795918367346939,0.046569475653380654,0.14265187413305325,0.9795918367346939,0.058381983668336024,0.1813417288377066,0.9583333333333334,0.01297913371660786,0.05971877996319175
itarAn,8,6,23,12,0.9795918367346939,0.01931413407411342,0.06088187920637411,0.9130434782608696,0.06147491937045024,0.35158569311091503,0.9795918367346939,0.08373899966204579,0.38980698788439494,0.9361702127659575,0.011014340677775403,0.04819868655605464
itaraH,10,73,34,15,0.9795918367346939,0.04843926623348127,0.37119396411447836,0.9795918367346939,0.10582757289120859,0.46776151983763614,0.9583333333333334,0.08895593106196575,0.3927144757485421,1.0,0.017123862593836137,0.15775994118299996
itaram,5,19,8,11,0.9795918367346939,0.05569910765141817,0.2830130026762179,0.9583333333333334,0.0661301839024937,0.37310570500144247,0.9583333333333334,0.09438272973657003,0.38595861909707785,0.9795918367346939,0.0164188862480924,0.17114723723730885
itare,10,15,58,25,0.9795918367346939,0.024791121653486625,0.16042056684458283,0.9795918367346939,0.07045425385976845,0.3200488347417634,1.0,0.0914465854316916,0.40962004379277905,1.0,0.01605036997245568,0.09556189577120999
itas,222,65,305,26,0.9795918367346939,0.0787016432595602,0.2775318701298608,0.9130434782608696,0.09745011740109732,0.38788024606303373,1.0,0.1197118964531122,0.5063971774135746,0.9795918367346939,0.09318020504730473,0.4403379050094022
iti,3249,9130,8907,9979,0.9795918367346939,0.038192755831998326,0.1452100577176204,0.9583333333333334,0.06523444344375118,0.3680964790770326,0.9583333333333334,0.057391027438659425,0.4130241006309111,0.9795918367346939,0.03702582595885284,0.18987748666143345
iva,2133,717,9507,254,1.0,0.0231980895852284,0.13832496897256807,1.0,0.09772848501982756,0.5753388562770503,1.0,0.08937176238466482,0.6403573163485381,1.0,0.034597989816426034,0.22771920929962397
iyAt,39,13,29,8,1.0,0.05224875350135261,0.47455086388905166,0.9361702127659575,0.08922822906193484,0.45534102179391434,0.9795918367346939,0.05770573121757483,0.3793627175741008,1.0,0.01670821394434574,0.3950251565114644
iyam,173,142,747,66,0.9130434782608696,0.0487600552384333,0.21620710821198408,0.8372093023255813,0.06825121240452148,0.28490150439561557,0.9795918367346939,0.1020088546754041,0.3776995426089502,1.0,0.07739340120598415,0.27841554972529825
izwa,6,49,79,15,0.9583333333333334,0.057967476018908615,0.37523537342833,0.9795918367346939,0.13028048112318957,0.5925514651702243,1.0,0.0640759558574896,0.44978186426895395,1.0,0.021901067363400806,0.06922360174630882
izwam,20,30,165,23,0.9795918367346939,0.032877819836564126,0.13191168542802423,0.9795918367346939,0.07298772402975684,0.3987026951641375,1.0,0.07651869439208459,0.4550631128903707,0.9583333333333334,0.014526856664301757,0.09194271303155177
izwvA,25,7,89,94,0.9795918367346939,0.03657062049575843,0.14411271710217077,1.0,0.08238316371547005,0.41156727563166384,0.9130434782608696,0.10478340624306892,0.38989085283757063,0.8888888888888888,0.03591615744476084,0.1404093320898132
jAH,71,9,121,27,1.0,0.04464905969952604,0.25482100839235433,0.9795918367346939,0.06691850632303065,0.4317945897955424,0.9795918367346939,0.13815183489022498,0.546218787045984,1.0,0.03343935268358322,0.42854300986728355
jAtAH,50,7,117,10,0.9795918367346939,0.020547758984953646,0.17318329072431715,1.0,0.08471911514804042,0.4266738843069505,1.0,0.07697375566790354,0.3904528393915694,1.0,0.015983722583267967,0.13535719764685228
jAtAni,23,23,31,6,0.9795918367346939,0.04126500998366622,0.275280499231228,0.8636363636363636,0.04612023372881324,0.29189956342446977,0.9795918367346939,0.11131472593874958,0.44830857217486586,0.9795918367346939,0.02258495142085748,0.08214880191474272
jAta,38,10,186,85,0.9795918367346939,0.02431189772021025,0.21090404097892845,1.0,0.10212426700254018,0.6498988080683773,1.0,0.12857978531319858,0.6107821883316638,0.9795918367346939,0.0452238382361595,0.24475500638390824
jAtaH,127,26,330,46,1.0,0.029446315410385893,0.2795231252707735,0.9795918367346939,0.12110276208503501,0.4878314488419322,0.9795918367346939,0.1159910134415183,0.4647327098757359,0.9361702127659575,0.03876470852595004,0.19773927316819506
jAtam,110,84,135,21,0.9130434782608696,0.03776618915842911,0.32744845957437896,0.9795918367346939,0.08428463974267408,0.3764509905681084,0.9583333333333334,0.0999148690414201,0.4991092693754614,1.0,0.011938995630152771,0.3266359563177452
jAtasya,18,7,33,9,0.9583333333333334,0.017891757800232333,0.12670415878325714,0.9130434782608696,0.07649369380704041,0.28417353464746,0.9795918367346939,0.07534908130679363,0.31999318122343745,0.9795918367346939,0.013245976003539384,0.06736026119633531
jAte,26,5,37,9,0.9795918367346939,0.027137661969030558,0.2882206070012432,0.9795918367346939,0.10922868073410852,0.4619549976240426,1.0,0.10557490343245246,0.4637053608053694,0.9795918367346939,0.031299877701516765,0.2914351830934341
jAyA,45,40,6,18,1.0,0.07804183540470144,0.44585186712017344,1.0,0.11546757568842114,0.4461007162185331,1.0,0.11746247559655054,0.24385774938491622,0.9795918367346939,0.047780388562079446,0.18759670154276553
jAyamAnaH,36,6,10,6,0.9795918367346939,0.024721793230936595,0.2603190092505562,0.9130434782608696,0.09428313891310691,0.38957584971193937,0.9583333333333334,0.0753176194926688,0.4442731161727702,0.9361702127659575,0.020094161059317828,0.2279165625138604
jAyante,16,17,101,19,0.9795918367346939,0.051353658257821344,0.145236005004716,0.8372093023255813,0.054166328809281405,0.34554893611483395,0.9795918367346939,0.07280107626544463,0.4138983329348326,0.9795918367346939,0.03038321436714697,0.1899771739071654
jAyate,74,65,335,45,0.9795918367346939,0.04124271761799736,0.1591628460278447,0.9795918367346939,0.0852735850977614,0.42378146554773166,1.0,0.08072773374093745,0.4324132441230436,0.9583333333333334,0.02947283274784762,0.22023392251939278
jIva,48,28,129,29,0.9795918367346939,0.06436811393798114,0.5864145683432866,0.9795918367346939,0.10584600354640139,0.5270936371310858,0.9795918367346939,0.07957477914107625,0.5602756755635139,1.0,0.06100956593771156,0.4538922342884686
jIvan,8,18,114,12,1.0,0.020890928523569663,0.16148759205342522,0.9583333333333334,0.06728914443347156,0.40138856034151904,0.9130434782608696,0.06880853824668998,0.37163688878595424,0.9795918367346939,0.014195474582127887,0.1126652215246936
jIvataH,7,7,49,9,0.9795918367346939,0.012072666553794353,0.037464676771681305,1.0,0.08355685310619776,0.3347068592930791,1.0,0.07616336124451328,0.32140737760312366,1.0,0.011399053484693833,0.03603840246108003
jIvati,23,32,178,13,0.9795918367346939,0.061561970198421134,0.1803475321460708,0.9583333333333334,0.10607996651351437,0.4154494906278322,0.9583333333333334,0.07501694426122807,0.42753788176255036,0.9795918367346939,0.009755433799099711,0.1147426695843361
jYAH,18,6,169,5,0.9583333333333334,0.014369600344732447,0.16508500276223292,1.0,0.0931318740786915,0.4798511844172384,0.9583333333333334,0.10489319470665082,0.5323451359445134,1.0,0.014077796864758185,0.21193163853109176
jYAtayaH,7,7,52,9,1.0,0.022361934547039053,0.12971087462731656,1.0,0.09508517043659792,0.3410911419589201,1.0,0.09688058682717371,0.3509716918782906,0.9583333333333334,0.012619448325569604,0.12216834167948076
jagat,49,114,494,9,0.9795918367346939,0.09421550265262135,0.44115780860825116,0.9130434782608696,0.12469608545251021,0.5660368351917059,0.9795918367346939,0.11131792363027826,0.5313323724347625,0.9795918367346939,0.06792792003738213,0.3815322884238437
jagataH,34,62,167,5,0.9795918367346939,0.04517224357181515,0.2331228327101439,0.9583333333333334,0.1267384130347421,0.4241496630211782,1.0,0.06418936504158435,0.38958922134427953,0.9795918367346939,0.019229240747549392,0.1614777949004338
jam,7,29,294,17,1.0,0.060217702870421164,0.3414364326102617,0.9361702127659575,0.094142364611154,0.5729047631009786,1.0,0.0907581392211575,0.5004892806349001,1.0,0.01674684847157548,0.08902405826322568
janAH,45,12,418,12,1.0,0.019629176716956076,0.22088865192605156,0.9583333333333334,0.10481281408296128,0.507969011034825,1.0,0.09298133020437938,0.5436588203101389,0.9583333333333334,0.0351290938144877,0.2219764391204957
jana,11,17,320,70,0.9795918367346939,0.020203447125437646,0.20122833858251432,0.9583333333333334,0.12028039128596801,0.6258215160193676,0.9583333333333334,0.1144413570900269,0.6912906660221445,0.9361702127659575,0.030756806109003776,0.4612619710555945
jane,42,6,56,9,0.9583333333333334,0.0249969529725953,0.22131998270297748,0.9795918367346939,0.06601849674452476,0.5016973197227325,1.0,0.10253945551952859,0.4953677474374305,1.0,0.026531742200628705,0.0971034385273607
janma,14,89,364,22,0.9361702127659575,0.030228698566827306,0.4306238353858133,0.9795918367346939,0.11339587192988598,0.5801712721460448,1.0,0.08324513916241527,0.5592473369709834,0.9795918367346939,0.009249958349310972,0.35433583381766676
janmanaH,7,7,8,11,0.9795918367346939,0.02200134463001846,0.10728951805830289,1.0,0.05189163405717556,0.16360906052583346,0.9795918367346939,0.04437407362419876,0.13913843741770426,1.0,0.01401413604057955,0.06592077871812707
jarA,22,24,134,7,0.9583333333333334,0.041437872745102355,0.3059960761069317,0.9795918367346939,0.09130304617313556,0.571656096052438,1.0,0.073789628730911,0.5251011790801894,0.9361702127659575,0.012763982686138875,0.1721740407630582
jaya,21,7,272,86,0.8888888888888888,0.024135506644100135,0.2022661364283619,0.9795918367346939,0.11565582911245609,0.6795946844088561,1.0,0.19594533650285129,0.8297859128529997,1.0,0.09593330827425017,0.5309141960149981
jayati,32,67,45,10,0.9795918367346939,0.05338328756622568,0.21739086424683673,0.9795918367346939,0.08711813239789434,0.4341790428983874,1.0,0.06797024476977798,0.36836959623157006,0.9795918367346939,0.03805312815096196,0.2194649030842939
jihvA,44,11,92,10,0.9583333333333334,0.033517125300449924,0.23685107275684802,0.9361702127659575,0.07006922557798667,0.39191562603408825,0.9795918367346939,0.08163210496856099,0.4085698450110411,0.9583333333333334,0.011430224168985426,0.10383486463072622
juhoti,60,29,23,162,0.9583333333333334,0.03760321538442091,0.20028226481033706,0.9130434782608696,0.05959371440046657,0.26910168912592214,0.8888888888888888,0.057292863954026996,0.37468695761863124,0.9361702127659575,0.05122749253415426,0.2748218137702192
juhuyAt,32,25,19,85,1.0,0.06600204270222787,0.29197076636825015,0.8888888888888888,0.07418567624301386,0.3193640444649122,0.9130434782608696,0.05066544599276768,0.30060038170449954,0.9130434782608696,0.028731898865390737,0.18703345329974508
juhvati,21,29,17,19,0.9795918367346939,0.05628618551440334,0.27665939447758836,0.9130434782608696,0.08997808555238873,0.3055169559472666,0.9130434782608696,0.056569596861781424,0.22763794867681963,0.9795918367346939,0.01321863587766825,0.07951452858102526
jyAyAn,15,5,10,14,1.0,0.02028500198578298,0.08507283283653133,0.9795918367346939,0.09427309349243107,0.2331606417929426,1.0,0.08746199923402787,0.186314698516296,0.9583333333333334,0.01392957942463624,0.1201572413754175
jyAyaH,8,7,17,15,0.9583333333333334,0.012786261053669201,0.05576966516356863,0.9795918367346939,0.08267225544520862,0.1826184766666621,0.9795918367346939,0.0945678483082184,0.36130060208078807,1.0,0.04598580942209651,0.17147461484227977
jyezWa,7,9,31,16,0.9583333333333334,0.021308141392140767,0.163036484086861,0.9361702127659575,0.09569044703818153,0.38432996414937315,0.9361702127659575,0.08025183025499094,0.4143055310185497,0.9583333333333334,0.03208557781318466,0.10525171694504809
jyezWaH,22,20,148,31,0.9795918367346939,0.03279004712695299,0.21147634991693054,0.9130434782608696,0.12229448077010019,0.41211131453251637,0.9361702127659575,0.09160233709732035,0.32430539233788325,0.9583333333333334,0.032707412762732924,0.0861757497039598
jyezWam,45,9,92,9,0.9583333333333334,0.03440635174011586,0.31771323254592954,0.9583333333333334,0.08645495238381062,0.46315924342567816,0.9361702127659575,0.08217535606829851,0.4573735538782938,0.9795918367346939,0.02844208867251563,0.20826395844821066
jyotiH,295,184,156,52,0.9795918367346939,0.0744902912075297,0.34644313515881975,1.0,0.1314059140913777,0.3875346258316533,0.9583333333333334,0.09141373956424392,0.34627018971507384,0.9583333333333334,0.06817219229494831,0.14474654283615407
kA,32,67,302,18,1.0,0.04823504433330705,0.31393186760670533,0.9795918367346939,0.09222722539317552,0.4869088237824619,1.0,0.07248551822743365,0.4001231238909455,1.0,0.031292944397462996,0.06836129156798387
kAH,10,5,57,5,0.9795918367346939,0.01635852615093869,0.040130017317515754,1.0,0.057651118317722405,0.397077163947097,0.9795918367346939,0.07293335209923957,0.3959743435592582,1.0,0.008054050586895012,0.03945258173742883
kAlaH,19,25,535,58,1.0,0.026112576572775104,0.13129731454300564,1.0,0.08210822006916596,0.5568898727423681,0.9583333333333334,0.11054106983054313,0.6013282063616342,0.9583333333333334,0.023584474994368887,0.18771734063900192
kAle,23,170,890,120,1.0,0.05520672582395614,0.3938068885862507,0.9361702127659575,0.154627348227233,0.7508684994358832,0.9361702127659575,0.13698810827025043,0.6806216507728917,1.0,0.01909977596317025,0.28639476438004674
kAlena,5,14,306,5,0.9795918367346939,0.026369482770002395,0.09676528929260875,0.9795918367346939,0.06723510129946186,0.5470821368239206,0.9795918367346939,0.0886327088238078,0.5383422633249642,0.9361702127659575,0.008489079883842954,0.06344001888197992
kAmAH,65,65,138,45,0.9361702127659575,0.06523024332877925,0.27048396047552803,0.8636363636363636,0.07429365742773153,0.47845111572793186,0.9583333333333334,0.1766801606406445,0.6312087289081856,0.9583333333333334,0.0518014614287442,0.18643229079933932
kAmAn,43,46,166,17,0.8636363636363636,0.03432867310020471,0.13390181341218765,0.8888888888888888,0.061567845842454005,0.30593964885806924,0.9361702127659575,0.058789009114154855,0.34937662730863905,0.9361702127659575,0.020765310446358543,0.13292073874392385
kAmAnAm,12,19,67,15,0.9583333333333334,0.037129672111224865,0.14084474395545432,0.9583333333333334,0.05913762564960534,0.3230842625849265,0.9583333333333334,0.09112761354785315,0.3327346982498913,0.9795918367346939,0.02175278044594231,0.07421619515427569
kAmAya,48,55,11,14,0.9795918367346939,0.09661498606655805,0.453610550533718,1.0,0.10289568826625395,0.45569431103059954,0.9361702127659575,0.06987712914799682,0.21205289792059856,1.0,0.04554227670589328,0.12846152007465605
kAma,44,167,834,73,1.0,0.07847270857458488,0.3940073856506835,0.9361702127659575,0.11042495421140519,0.5401282373397452,0.9361702127659575,0.12441287843175963,0.5694749027353709,0.9795918367346939,0.05170532644485748,0.25857264081448916
kAmaH,172,111,422,222,0.9130434782608696,0.0511716710542619,0.23423241003971085,0.8888888888888888,0.14766610040984451,0.5061560545822454,0.9361702127659575,0.13747208802159072,0.4946198844778664,0.7804878048780488,0.03893757701255984,0.13715124242910282
kAmam,96,51,396,46,0.9583333333333334,0.045792942334844655,0.21060278319881098,0.9583333333333334,0.05908568928158586,0.3562576966850244,0.9795918367346939,0.09270151087208833,0.46709157855454186,0.9795918367346939,0.04468507645544817,0.23905069563478376
kAmasya,23,19,57,71,1.0,0.03586044505046482,0.15413085997307707,1.0,0.12092419891815986,0.38935718971117494,0.9795918367346939,0.13246221076294806,0.488410356928184,0.9795918367346939,0.035664158368243215,0.19975307485462035
kAryaH,11,7,148,60,0.9795918367346939,0.04428296849736435,0.30242516516808426,1.0,0.07979999305664065,0.5029266879809654,0.9795918367346939,0.10800144456884853,0.4574098276731555,1.0,0.06810572258275527,0.33137967591371886
kAryam,46,108,759,74,0.9795918367346939,0.07279089148504392,0.4227048795896422,0.9583333333333334,0.1064747095635924,0.5990035625410773,0.9583333333333334,0.08480745219297303,0.453044388482713,0.9795918367346939,0.06566163168422556,0.28914248901579187
kaH,348,182,2000,69,0.9583333333333334,0.028954800371244982,0.1214602604606716,0.9795918367346939,0.07198933395458851,0.31996243861343676,0.9583333333333334,0.10492609957455068,0.32842225624631294,0.9795918367346939,0.04012240339597284,0.1397798053703465
kaTam,24,468,2528,129,0.9583333333333334,0.026835195426913927,0.1778296826278869,0.8888888888888888,0.06320215753870295,0.4410316782545314,0.9795918367346939,0.08347264006609023,0.5551416142642809,0.9795918367346939,0.06413926084728117,0.22679690207494496
kadA,65,8,525,26,0.9795918367346939,0.062465355510893716,0.3570130978988192,0.9795918367346939,0.08195679781754417,0.6095287227642971,0.9361702127659575,0.12650920091063889,0.6667466967527732,0.8888888888888888,0.048085691686105214,0.250943929923918
kalpate,9,6,48,9,0.9795918367346939,0.021323607801413846,0.11562987818708548,0.9361702127659575,0.08614711441889522,0.3104995966955709,1.0,0.05649438238364679,0.2531525007375387,0.9795918367346939,0.020676187727442175,0.03705204567618625
kam,111,72,239,25,0.9583333333333334,0.05914094985240692,0.3060471417468785,0.9361702127659575,0.08689515975382511,0.3953553650565834,0.9361702127659575,0.128070364783624,0.5799430923790826,1.0,0.06157398518479873,0.1690145831840597
karRO,12,9,40,7,0.9795918367346939,0.027142492232892113,0.14502168828279194,0.9361702127659575,0.05931474307319051,0.49362686021200874,0.9130434782608696,0.09995256531085361,0.5238480700891461,0.9583333333333334,0.0071103690989472446,0.04251855335738264
karaH,12,7,148,24,0.9795918367346939,0.015514059050816265,0.12695187002043662,1.0,0.10408380855130728,0.4422774247698562,0.9795918367346939,0.14443176674268743,0.5530787114723371,0.9361702127659575,0.01742361287814509,0.32728182412317564
karam,5,17,188,35,0.9583333333333334,0.017204387731244664,0.1656243890062059,0.9583333333333334,0.09828026474671192,0.5597552006853854,1.0,0.16655409823278766,0.5660924676921916,0.9361702127659575,0.030771052692998957,0.3180456063216621
karmA,5,11,152,10,0.9795918367346939,0.02859853727060735,0.18955211805711936,0.9361702127659575,0.1043415819011515,0.6085611057759088,0.9795918367346939,0.07013637645377413,0.5645677075374291,0.9795918367346939,0.022227946411239152,0.06571377585108684
karmARi,21,105,320,95,0.9361702127659575,0.036652281818977395,0.3187413556033777,0.9361702127659575,0.11034038679909974,0.4725807399748433,0.9795918367346939,0.13021868852728746,0.5104901968417365,0.9795918367346939,0.02406926886208327,0.23233419349806372
karma,69,835,2011,596,0.9795918367346939,0.074461705380234,0.4226070121297131,0.8372093023255813,0.08168840456129167,0.5318437774741944,0.9130434782608696,0.10803645977653265,0.4906215724695746,1.0,0.03359355357544158,0.21724644074182897
karmaBiH,9,34,231,23,1.0,0.021532068833969187,0.18148968721272474,0.8888888888888888,0.058471149710168535,0.5063531230104023,1.0,0.10870969318491042,0.5393403100629149,0.9795918367346939,0.01705036145284833,0.1718623853673883
karmaRA,21,118,631,36,0.9583333333333334,0.07286218712284587,0.4233216960336086,0.9130434782608696,0.10929392068149191,0.5747423176740662,0.9795918367346939,0.13182100294166288,0.5333687877201612,0.9795918367346939,0.02651904956739337,0.10921516113984597
karmaRaH,9,89,215,39,0.9361702127659575,0.039452577083040063,0.2846536219424852,0.8888888888888888,0.097783760823557,0.4882310709514961,0.9361702127659575,0.08039521874964994,0.40937080921036983,0.9583333333333334,0.018771689766686528,0.17406174441329103
karmaRi,5,45,182,91,0.9795918367346939,0.03191499287654853,0.252806801693216,0.9130434782608696,0.086492315414608,0.4752137072756495,0.9130434782608696,0.10358011380951437,0.44025030396978937,1.0,0.023960995225416726,0.2413640296748394
karoti,218,58,201,190,0.9795918367346939,0.07467060756957766,0.44564042499995093,0.9795918367346939,0.09650512130805111,0.4463291812471969,0.9583333333333334,0.12560654910135893,0.5345079609279919,1.0,0.09756128712285739,0.30627206909699733
kartA,15,48,219,36,1.0,0.04204895122903751,0.22634214320823454,0.9795918367346939,0.0947957354757949,0.41549155029571905,1.0,0.10378479506741745,0.4744506372253807,1.0,0.02691570740731941,0.21804364330736248
kasmAt,42,88,253,9,0.9583333333333334,0.04098245703298109,0.2769633382371697,0.9130434782608696,0.0565833854282326,0.40426350631334707,0.9130434782608696,0.054069990971483683,0.4289347779231508,0.9130434782608696,0.020522092906162026,0.10249414980290861
kasya,48,22,501,25,1.0,0.021900169903239286,0.18599121786144068,1.0,0.11209456569105136,0.4438610836425756,0.9361702127659575,0.0642061730842618,0.45950715315364354,1.0,0.05849514323291327,0.3016068751840937
ke,46,40,893,22,1.0,0.03267080603308958,0.176412706193657,0.9361702127659575,0.06569939434930949,0.5050698809579455,1.0,0.13766765669330072,0.5612643618780927,1.0,0.03407571551937394,0.08963468570519373
keSa,7,7,90,40,0.9583333333333334,0.029105495068843967,0.18946933187447668,1.0,0.13088317877714162,0.46040635372697625,0.9583333333333334,0.10625910912738756,0.49217582373408164,1.0,0.014618505431271078,0.2878610402614643
kena,53,89,497,15,0.9130434782608696,0.08227816232209695,0.35598285365537696,0.9361702127659575,0.13846802001690917,0.413917096214487,0.9795918367346939,0.06662013270826472,0.5589948337563908,0.9795918367346939,0.018563129143170043,0.24420438400379618
kevalam,13,64,188,22,0.9361702127659575,0.024108316412201014,0.17480766912645396,0.9795918367346939,0.06719536551471383,0.4455833651449326,0.9795918367346939,0.07690863078039245,0.38651151286123164,0.9795918367346939,0.014053716993494891,0.1206375214179285
kft,58,27,252,14,0.9795918367346939,0.025065459786127287,0.1857265633147862,0.9130434782608696,0.09034612685172927,0.4182267080995994,0.9795918367346939,0.06548950460196046,0.42122891334214074,0.9795918367346939,0.01927011407712753,0.14573216234321107
kftA,43,9,182,13,0.9583333333333334,0.032887736892022956,0.2460728422741002,0.9795918367346939,0.17150523217512048,0.6186344774579362,1.0,0.09497241620404806,0.5860429620552672,0.9583333333333334,0.014798802778976494,0.1555064368388781
kfta,21,82,1042,136,0.9795918367346939,0.033746967858117594,0.28268011041136343,0.9583333333333334,0.11136523120455044,0.6721152387187994,1.0,0.1543138191012411,0.7855840510248302,0.9795918367346939,0.03518121250032691,0.2941270648641158
kftaH,99,34,465,45,1.0,0.028554041147828335,0.3149924988210403,0.9795918367346939,0.08634721467561801,0.5207803726907763,0.9795918367346939,0.10616326875444371,0.536488334447401,1.0,0.03562689662553564,0.24167673792721067
kftam,117,66,1357,103,0.9583333333333334,0.03226598518078183,0.22061163562606312,0.9361702127659575,0.0774213534101742,0.40630116267910554,0.9583333333333334,0.06264855450843054,0.3591167541185559,0.9583333333333334,0.019482889563024575,0.1972720172475131
kftasya,13,5,37,21,0.9130434782608696,0.021947510367762657,0.2278903992538286,0.9130434782608696,0.0715069549556252,0.2173794715259748,0.9361702127659575,0.09599998402601162,0.3627426739637315,0.9361702127659575,0.02772089497425123,0.16529270205461355
kfte,37,8,447,110,0.9795918367346939,0.02243336750697833,0.20854858830486256,0.9795918367346939,0.06313744890480577,0.6462529949967486,0.9795918367346939,0.10707202305738983,0.7257002485551922,1.0,0.12170851017037143,0.6565509712690838
kftena,7,10,64,6,1.0,0.02029612839396422,0.15972945037078712,0.9795918367346939,0.04766743945129148,0.33130013949181514,1.0,0.06426400983927949,0.49192600580574564,0.9795918367346939,0.012651907998004863,0.1258898060849316
kftsnam,7,10,205,20,1.0,0.019725477021872106,0.0841705542685437,1.0,0.12299829788122496,0.49391642077510123,0.9795918367346939,0.08402376008894885,0.47973205346055514,0.9130434782608696,0.0074002811199305185,0.09229771453068736
kftvA,67,104,1891,415,0.9795918367346939,0.0568407397166536,0.3088412017714981,0.9795918367346939,0.10843154951640954,0.5993276415205593,0.9361702127659575,0.09742485684588276,0.5936784507955886,0.9795918367346939,0.06626707699481138,0.31510315791969734
kfzRa,18,5,670,25,1.0,0.02003808334370838,0.17569346550006837,1.0,0.08625111942036656,0.720279422957951,0.9795918367346939,0.09496013174615581,0.7707357793125212,0.9795918367346939,0.0203794831004096,0.24662736490565473
kfzRam,18,21,222,7,1.0,0.04938761239947742,0.3054955294883198,0.9361702127659575,0.11227738326717951,0.7572757588335571,0.9795918367346939,0.08455555420649086,0.5748126808205877,0.9130434782608696,0.0065911783228957965,0.026245194524776583
kiMcid,10,9,19,16,1.0,0.04088398745848676,0.12644444981433378,1.0,0.05228967556639652,0.34287395232014994,0.9795918367346939,0.06274143580012415,0.3081040236884176,0.9795918367346939,0.021848060229609167,0.10225661244091133
kila,29,88,312,5,0.9795918367346939,0.05828617517263057,0.34024461667080774,1.0,0.1175111941083411,0.6282474308612821,0.9583333333333334,0.11277309933517843,0.581341663488846,0.9583333333333334,0.02812609484179729,0.14644925540771325
kim,206,492,4061,177,0.9583333333333334,0.026960230495581605,0.1311994881552816,0.9361702127659575,0.07132751321126807,0.3201733955916728,1.0,0.060735112965802474,0.3249535715058107,0.9795918367346939,0.02570024067370369,0.12645062007758168
koSaH,10,8,46,13,1.0,0.019330075108225597,0.04591375084529237,0.9795918367346939,0.06756432362873066,0.40892802788759686,0.9583333333333334,0.08260859566140621,0.3684903346284004,0.9795918367346939,0.01092179370807389,0.1697117819255095
kramaH,8,13,21,13,0.9583333333333334,0.014829422483350063,0.15383637165338693,1.0,0.11017584033579308,0.39914800868163813,1.0,0.10622067787304323,0.47570370882101165,0.9795918367346939,0.01588522547754878,0.3302154578477796
kratu,14,20,84,14,0.9361702127659575,0.052153351651618385,0.3210107493498142,0.9583333333333334,0.1256327263074729,0.43170187170497254,0.9583333333333334,0.10224980901327152,0.48040370091283546,0.9583333333333334,0.11156515067523676,0.46493089979245605
kratuH,69,22,60,9,0.9130434782608696,0.03872576761165114,0.3462775608512615,0.9361702127659575,0.1335660756113185,0.4563399590822481,0.9795918367346939,0.09267513707527664,0.36763415105970054,0.9795918367346939,0.07313394086497449,0.3325883296161045
kratum,78,5,50,69,1.0,0.021274319914866835,0.201143803050714,1.0,0.06964278450103512,0.4277199070948301,0.9130434782608696,0.09013454000224996,0.4227368651864123,1.0,0.1290835215193622,0.5374299921199227
kriyate,77,31,80,59,1.0,0.0940086195175327,0.35492232570204785,0.9583333333333334,0.08879247204929752,0.3777224755793631,0.9361702127659575,0.07765411881964168,0.31981070486254604,1.0,0.0385473892684014,0.1569025817884968
kumAra,6,6,26,26,0.9583333333333334,0.023250710847420142,0.08903529971001145,0.9583333333333334,0.059071786819485106,0.3668200248235921,0.9361702127659575,0.1303898886706838,0.6166813216855525,0.9361702127659575,0.03189436794479139,0.28255619345448557
kumAraH,15,7,75,37,0.9795918367346939,0.020181997689565634,0.06780225810513141,0.9795918367346939,0.09759856854313909,0.4400641002543124,0.9795918367346939,0.15351829544143136,0.626620890037935,0.9361702127659575,0.03455207871254251,0.25832123219175185
kumAram,8,10,60,44,0.9583333333333334,0.02463199632101898,0.11242916554802251,0.9583333333333334,0.05688243622045286,0.40368062211003697,0.9795918367346939,0.10582862448711705,0.5164000257083408,0.9361702127659575,0.04781413645194488,0.27537119733369053
kuru,30,17,1561,12,0.9795918367346939,0.06422986945433373,0.17919199430096422,0.9583333333333334,0.055478120870570136,0.6317666207778194,0.9795918367346939,0.08681935842636124,0.6341716758959023,1.0,0.02717862841537,0.11762778541436658
kurute,20,34,289,27,1.0,0.04304311136115346,0.15798030885311432,0.9583333333333334,0.06292699510260069,0.4160474349336476,0.9795918367346939,0.08245746759375017,0.4477533695824547,1.0,0.012403553040990722,0.12008445358566666
kurvIta,11,14,103,76,0.9795918367346939,0.014728586764793605,0.040755227160178875,0.9795918367346939,0.0787361901439837,0.3783450313193164,0.9795918367346939,0.10928112944970803,0.34841851695913306,0.9795918367346939,0.012265527114710961,0.18105049107019666
kurvanti,56,29,145,33,0.9361702127659575,0.03827976669225985,0.25604527612753136,0.9130434782608696,0.0596574597052445,0.36160593463569557,0.9361702127659575,0.06558122679682787,0.4826161885385769,1.0,0.04562675835850449,0.1910797773479943
kuryAt,63,35,409,287,0.9583333333333334,0.04824520433534574,0.20093309374210222,0.9361702127659575,0.07551330492608443,0.45358264579206264,0.9795918367346939,0.13051955590703823,0.49251351143785116,0.9583333333333334,0.046902700375510475,0.24443133769209746
kuryuH,22,6,64,79,1.0,0.03316686746194075,0.11702336228148003,0.9795918367346939,0.06436096860881291,0.3363676908162825,1.0,0.09514692880060838,0.46647294854071797,0.9795918367346939,0.04027842249050939,0.1999194291129487
kutas,33,53,355,50,0.9583333333333334,0.020035752636022863,0.1664377827586706,0.9795918367346939,0.09001061106181829,0.46767414857651146,0.9583333333333334,0.07594263704636539,0.5774398902880086,1.0,0.03686475177060067,0.30954556213817397
kva,84,40,766,32,0.9795918367346939,0.04855740262917807,0.24371503337838052,1.0,0.08729239825418078,0.4628164982768612,1.0,0.08400407931123033,0.5130360754039887,1.0,0.03693856190816858,0.21678540505687605
kzatra,25,15,314,13,0.9583333333333334,0.051787503810595714,0.4091069060639797,0.9361702127659575,0.09605631390677039,0.6034288527820448,0.9795918367346939,0.09158198077161583,0.5245017523282092,0.9583333333333334,0.029004708554914438,0.1806586555458406
kzatram,95,26,141,22,0.9583333333333334,0.07083499351684541,0.446323333066039,0.9583333333333334,0.12166631831688479,0.591123113114874,1.0,0.1172488295415175,0.5216101924558396,1.0,0.07513067948683838,0.3145154686082603
kzatrasya,13,13,49,9,0.9795918367346939,0.04730428950954357,0.2733112821981718,0.9583333333333334,0.09296152073835828,0.38543490692755256,0.9583333333333334,0.07407689070130785,0.3578520631090327,1.0,0.01919851713781906,0.10071352807695577
kzayaH,10,6,105,28,0.9583333333333334,0.021773038111079224,0.25779827920173903,0.9361702127659575,0.07293675718138715,0.44903165538102374,0.9361702127659575,0.11456687016470202,0.47714066757708573,0.9583333333333334,0.021993793418605634,0.4196959447873315
kzaye,14,15,178,13,0.9583333333333334,0.023581427647435427,0.17635263082532138,0.9795918367346939,0.13126926106663794,0.5179785685251677,1.0,0.07700610121193174,0.523199387932354,0.9795918367346939,0.016771248728130628,0.05666677047371038
kzetram,17,6,80,79,0.9795918367346939,0.013337680449145628,0.07912960345536257,0.9795918367346939,0.08731138970627894,0.32388592268079186,0.9795918367346939,0.13763817962826908,0.6020291453369471,0.9361702127659575,0.06515823513076202,0.5813956688838138
kzipram,13,6,644,20,0.9583333333333334,0.012113994647463655,0.020238657150285944,1.0,0.07596300818035018,0.5564448403974467,0.9795918367346939,0.07882116508735593,0.546594844738833,0.9795918367346939,0.02201542462371253,0.03273387545172923
laBante,6,5,49,5,0.9795918367346939,0.014616794907511887,0.061690550861904114,0.9795918367346939,0.06453857283628717,0.3366438477375657,1.0,0.06636869809473156,0.34292428318841905,1.0,0.01737255251044112,0.024192886069684283
lohita,6,16,106,7,1.0,0.04618940222007839,0.21811245470296203,0.9583333333333334,0.09224961989633751,0.4586611130163122,0.9795918367346939,0.10969863670114621,0.503266358328287,0.9795918367346939,0.00914235656850082,0.05752826036198555
lohitam,15,12,9,5,1.0,0.025461858915233004,0.11358696697156612,0.9583333333333334,0.055440553523141034,0.336478735435107,0.9795918367346939,0.05575584715765969,0.326046412986575,0.9795918367346939,0.011534973640918267,0.04917727389682902
lokAH,76,114,367,11,0.9361702127659575,0.06199581595866566,0.2600034967195022,0.9361702127659575,0.07067180989850874,0.3466519311160192,0.9795918367346939,0.05475949044977002,0.43641294339795644,0.9795918367346939,0.03694308241559574,0.18000872693853698
lokAn,101,76,701,8,0.8372093023255813,0.037966230047533966,0.20748674936848366,0.7804878048780488,0.06337526828976969,0.45705318191336985,1.0,0.0891175805988852,0.5660589442572089,1.0,0.027959741595141252,0.2838885971806686
lokAnAm,16,26,237,5,0.9583333333333334,0.04859645699623372,0.22537237853819858,0.9361702127659575,0.1128316641085707,0.4765255195933844,1.0,0.08988271056185204,0.4718328063358367,0.9795918367346939,0.014888485380189054,0.10017339585005436
lokAt,57,57,89,7,0.9361702127659575,0.05221687701666966,0.2361955125773172,0.8372093023255813,0.06454450621725671,0.33212872783146197,0.9795918367346939,0.06255016264817603,0.37493280501280335,1.0,0.03740785758942511,0.24619740130857026
loka,25,235,1170,43,1.0,0.04813549035942222,0.2767801340382152,1.0,0.13581510976889088,0.5988879406765493,1.0,0.13137286587871033,0.5822984632559544,0.9795918367346939,0.023177083545086297,0.17627005156627684
lokaH,103,248,287,14,0.8888888888888888,0.03877035256483807,0.20924708950852533,0.8888888888888888,0.07857210148188687,0.3874071248491222,0.9795918367346939,0.06265574403902108,0.4604110157272905,1.0,0.0377511812093132,0.21771988919109342
lokam,352,184,558,37,0.8888888888888888,0.03138070782728575,0.10102070054523116,0.8636363636363636,0.06004922086079789,0.3411895563885654,0.9130434782608696,0.0892539466000456,0.43714798550705736,0.8636363636363636,0.04919189815307312,0.19449199868316913
lokasya,67,45,319,12,0.9795918367346939,0.045809707472251104,0.21170713744973368,0.9795918367346939,0.07029467973093073,0.4306356222200174,0.9795918367346939,0.06596329654129218,0.468084379277212,0.9795918367346939,0.039798363604261144,0.2616693464164027
loke,152,267,1467,66,0.9795918367346939,0.05120746230725104,0.29661448479103214,0.9583333333333334,0.07043985797735541,0.3645893731755153,0.9583333333333334,0.08797469068720054,0.4985851541548796,1.0,0.07175666864294206,0.46364866051681863
lomAni,14,15,10,7,1.0,0.026925052378622638,0.13655671178172846,0.9361702127659575,0.053645862113824605,0.2530554870075219,0.9795918367346939,0.08818083470373506,0.3099459524712429,1.0,0.007670809982307847,0.05936054108506683
loma,14,13,137,10,1.0,0.04861703588908739,0.3999191336611081,1.0,0.0939479911044877,0.5605663082579957,0.9795918367346939,0.09825075698656971,0.5966952564982263,1.0,0.027898391995063276,0.2232491818797181
mA,1741,277,1320,302,0.9130434782608696,0.05376548654017532,0.1928800129591739,0.9361702127659575,0.07722643175767141,0.43485546347561677,0.9795918367346939,0.08359960313732284,0.3911771236948398,0.9583333333333334,0.048567969220450924,0.17424675973481718
mAMsAni,7,5,68,6,0.9795918367346939,0.012364614263544516,0.043061393351727206,0.9583333333333334,0.08058475083418803,0.391998717348234,1.0,0.11556607332460611,0.35690639663475643,0.9795918367346939,0.010018749741411148,0.060681002936218476
mAMsam,26,7,133,40,0.9361702127659575,0.01880993252706853,0.07898670536825858,0.9583333333333334,0.06385796394444154,0.4895557871912488,0.9583333333333334,0.1094788305453237,0.4023146123522985,0.9795918367346939,0.03700048604183559,0.12639652372654864
mAm,146,111,3111,72,0.9361702127659575,0.07000025390382869,0.18432632526652037,0.8095238095238095,0.07128572070748285,0.39002179540251813,0.9361702127659575,0.09387256421927404,0.3932363982261816,0.9361702127659575,0.046164596523159185,0.14039110461248694
mAnuza,5,10,90,6,0.9583333333333334,0.021271525228336863,0.20490094243586032,0.9795918367346939,0.09373782010045639,0.547267304703385,1.0,0.06481804248280854,0.5173326065577384,1.0,0.025913040297489087,0.1906232719986185
mAsAH,77,11,35,18,0.9130434782608696,0.0471400866938807,0.2088967684299321,0.9583333333333334,0.0516756237015189,0.28997797394582303,0.8095238095238095,0.08755340815488455,0.2565608412345235,0.8372093023255813,0.023715710119191713,0.15968928256986992
mAsAn,17,18,88,26,0.8888888888888888,0.02742946679134184,0.12947095089692795,0.8372093023255813,0.06172288423698424,0.317689804689157,0.8095238095238095,0.07446378670508236,0.2715267408118607,0.8636363636363636,0.015196928540133436,0.08997226156255622
mAtA,157,22,372,78,1.0,0.06998366591844596,0.3839467832067124,0.9795918367346939,0.10903603865950162,0.4785610858052338,0.8888888888888888,0.077920132270768,0.3786586107875134,0.8372093023255813,0.040432136257462004,0.16836650850430956
mAtaram,54,15,217,18,0.9583333333333334,0.033075567794897065,0.16708527131390194,0.9583333333333334,0.07860567907265359,0.3831312497000867,0.9795918367346939,0.08587427828212402,0.44548387648754995,0.9795918367346939,0.038221855534796845,0.12057120782236663
mAtf,6,11,140,29,0.9795918367346939,0.03137016012364191,0.1704144117334233,0.9795918367346939,0.10335699661310138,0.5390842770706897,0.9795918367346939,0.10483778319722159,0.5313359732841622,0.9795918367346939,0.019649068582710538,0.11010932632749881
mAtrA,21,10,126,23,0.9795918367346939,0.05194491650421429,0.22151457941376473,0.9795918367346939,0.10122500256821898,0.6355564960297242,0.9795918367346939,0.07086899579693795,0.5819162914222482,0.9795918367346939,0.04178283573134578,0.18008946654996694
mAtram,9,127,147,92,1.0,0.03699585930636706,0.30492617928629473,0.9795918367346939,0.1279375838654503,0.5519816432253045,0.9795918367346939,0.09626426600338633,0.4382844949627328,0.9583333333333334,0.041638337577408424,0.2795432289276354
mAtuH,39,8,156,38,1.0,0.014460071782552819,0.16509489221427986,1.0,0.11550249276660907,0.5667240573297853,0.9583333333333334,0.06803757605888683,0.4094097705629163,0.9795918367346939,0.016805614961569737,0.14450504295334843
mUlam,17,46,240,59,0.9795918367346939,0.027293096913480475,0.28530545690851183,0.9583333333333334,0.1102453982685293,0.5280584886154337,1.0,0.11819673286170118,0.5641679721769736,0.9795918367346939,0.023272193058078594,0.2901645023872155
mUrDA,38,40,21,8,1.0,0.08407289439232846,0.41755113362910423,1.0,0.18630433199900243,0.6031072567895287,0.9583333333333334,0.08107754746807982,0.3817877587626809,0.9795918367346939,0.04096167190523792,0.25278009667383694
mUrDAnam,26,8,30,5,1.0,0.02186469361398502,0.060269658206853594,0.9795918367346939,0.056747478521679495,0.337421880514738,0.9361702127659575,0.05049354821077778,0.40333285941666186,0.9795918367346939,0.023731529481469504,0.0857627694235028
maDu,267,113,195,77,0.9795918367346939,0.08851727405872656,0.34188356354689686,0.9795918367346939,0.1265020664901214,0.5016691398854592,0.8372093023255813,0.04866557444565145,0.3749491709795558,0.9361702127659575,0.06854342185984463,0.29187598648743585
maDyam,32,12,96,31,1.0,0.03270703020173338,0.12682541898646948,0.9795918367346939,0.09377752084499391,0.43420420542050153,0.9795918367346939,0.12388114827649355,0.509107564743801,0.9583333333333334,0.036780249822353284,0.29113778143164903
maDyamaH,15,20,28,54,1.0,0.03628841741859801,0.08373307662056972,0.9361702127659575,0.09904830875722448,0.29488707211343823,1.0,0.1717012101347717,0.4138208616054374,1.0,0.03857972447141722,0.3907355125180245
maDye,115,57,766,276,1.0,0.031751459598346354,0.2889738089981906,1.0,0.07588527694026137,0.5611726066403397,0.9361702127659575,0.07442830936909017,0.6524613460086762,0.9361702127659575,0.02609949929201616,0.2642804198403246
maGavan,198,9,11,12,0.9795918367346939,0.05952164765499002,0.47071823719084926,1.0,0.05892759002104064,0.21430111109024164,1.0,0.07118312839486807,0.3052137597285487,0.8888888888888888,0.03965814843806892,0.28578078017952147
maRqala,10,10,67,62,1.0,0.13134956072337456,0.7466088412061895,1.0,0.09663340808504961,0.33087278005917964,1.0,0.21430348086705586,0.4684246735930555,0.9795918367346939,0.19643350933400971,0.6229970306179202
mad,5,19,866,6,0.9795918367346939,0.013475561695476035,0.04614018463506486,0.9795918367346939,0.0799177136236211,0.5348077537143827,1.0,0.08763918381129421,0.5511073706209247,0.9130434782608696,0.008050460268669624,0.03295594779438071
mahA,97,65,15928,218,1.0,0.056876742098145416,0.3276386049528215,0.9583333333333334,0.14518648052451466,0.36360830672130384,1.0,0.2054498854567145,0.4893840763888947,0.9795918367346939,0.08456988543510224,0.32049644589278936
mahAn,163,57,1054,57,0.9795918367346939,0.11882328387779839,0.5119809648550704,1.0,0.17564865441663569,0.6738473974753196,1.0,0.15389840255654919,0.40652370428393914,0.9583333333333334,0.0458133925236518,0.178615961698793
mahAntam,16,10,76,9,1.0,0.026269561081127435,0.15485654362169132,0.9795918367346939,0.0771799172914509,0.4985920940815797,0.9795918367346939,0.09982431732174313,0.41855310702003,0.9795918367346939,0.018250920133560555,0.1755856939357089
mahat,108,53,1916,40,0.9361702127659575,0.06852218310595981,0.28887249432740847,0.9130434782608696,0.0701857856526319,0.43965908171899426,0.9583333333333334,0.09817707798331621,0.46857773919951584,0.9583333333333334,0.04609817426068408,0.2611441893356753
mahatA,20,9,637,8,0.9361702127659575,0.012910277972012274,0.11100702633536819,0.9583333333333334,0.12191919741641954,0.6377463012188176,0.9361702127659575,0.09578069259552768,0.6464957091380414,0.9361702127659575,0.008633596227397233,0.10850604244467155
mahataH,30,20,152,15,0.9795918367346939,0.02106509940184098,0.12115428079321844,1.0,0.067021637848523,0.4984167386454199,0.9795918367346939,0.05322285748859945,0.44660655453941744,0.9583333333333334,0.019426183040954892,0.08630833254337
mahati,11,7,100,10,0.9795918367346939,0.014673495987779006,0.06825902348891943,1.0,0.10229908106735941,0.4794686686973001,1.0,0.10532999364677376,0.4879030821700927,0.9361702127659575,0.007959857602568343,0.09131492444809108
mahyam,117,13,177,22,0.9795918367346939,0.05485220594847573,0.3017470807522128,0.9361702127659575,0.0754087300024392,0.3566960293659305,0.9795918367346939,0.08253757401226192,0.33161306135826896,0.9583333333333334,0.05792878656985123,0.16107604511804952
mama,260,120,3852,31,0.9583333333333334,0.04045565411444163,0.2920035957891749,0.8372093023255813,0.07959903805813162,0.35837419815500215,0.9583333333333334,0.08979320724238582,0.4354421183617573,1.0,0.05332461231979668,0.23766460553402213
manaH,357,373,1143,72,0.8636363636363636,0.04729583080120592,0.24608142222405338,0.8888888888888888,0.055183587422702574,0.4124158426217458,0.9361702127659575,0.0902874317857536,0.5260100725896566,0.8372093023255813,0.027018009879422045,0.191554344912927
manasA,258,95,650,60,0.9583333333333334,0.03525096845561937,0.1557150584201361,0.9583333333333334,0.06770917050449066,0.36174559600461387,0.9583333333333334,0.08292500217419008,0.47076186589338276,0.9361702127659575,0.04888545660442334,0.19299809460303718
manasaH,50,65,288,15,1.0,0.020190667974876675,0.24463009674261993,1.0,0.11716393862209618,0.5968969916007618,1.0,0.1155348954673191,0.541464205815152,0.9795918367346939,0.019629646243750853,0.1912052052225166
mantrAH,6,18,28,41,1.0,0.014508619865234329,0.1670210914867043,0.9583333333333334,0.06816366973592713,0.28255775653602855,0.9130434782608696,0.050175103676896926,0.2935991703237082,0.9795918367346939,0.027612374993370215,0.246395179693355
mantra,9,90,280,220,0.9583333333333334,0.03849287291587,0.37556069598297637,0.9361702127659575,0.08297913223314757,0.6482850752933158,0.9130434782608696,0.11365964170321907,0.6505247812890438,0.9361702127659575,0.03457196625550274,0.37624400582010886
mantraH,13,38,47,50,0.9361702127659575,0.025076627895483594,0.3117976186914402,0.8888888888888888,0.09409657657222681,0.5148177742296443,0.9361702127659575,0.11662400674079643,0.549592154744144,0.9583333333333334,0.022455442107239487,0.2641375380507689
mantram,8,6,92,23,0.9583333333333334,0.019681962737003955,0.10795000903268503,0.9795918367346939,0.0649965186732977,0.45954393772389124,0.8888888888888888,0.09706970622037236,0.5095363934339537,0.9130434782608696,0.023110985933874506,0.28594298651418004
manuH,37,8,101,26,1.0,0.0375421840631569,0.1504937882583557,1.0,0.0813380304105733,0.36864570095633664,0.9795918367346939,0.1166418418512134,0.40693022379540045,1.0,0.02435229799389582,0.15436679757380445
manuzyAH,46,48,91,12,0.9130434782608696,0.03469002282200928,0.20456493016809796,0.8372093023255813,0.04805738488944844,0.380157662792591,0.9583333333333334,0.11792030598530656,0.4429093245584652,0.9795918367346939,0.05175714755275218,0.1672124977290086
manuzyARAm,12,22,133,9,0.9795918367346939,0.032513035444478144,0.16549589517630858,0.8888888888888888,0.0739944755252725,0.45655280105992735,1.0,0.05558993667972156,0.39263027417408236,1.0,0.015701457303678334,0.061056943432894695
manuzyAn,13,7,34,7,0.9361702127659575,0.016513813253722254,0.10776314372138551,0.8095238095238095,0.03343261150594956,0.34522498073651897,0.9583333333333334,0.09282804401452083,0.4184730151419034,0.9583333333333334,0.027651941910380118,0.08687886755152097
manuzya,15,54,155,37,0.9361702127659575,0.053654625969499325,0.2763013156032619,0.8636363636363636,0.09386851772348437,0.523087896360812,0.9583333333333334,0.10609858218283319,0.5145563657655463,0.9795918367346939,0.029890715313513727,0.22963557245484556
manuzyezu,11,6,68,6,0.9795918367346939,0.01694249475602383,0.05530445421344299,0.9583333333333334,0.05271589874135685,0.3430215120581189,0.9583333333333334,0.06811367174279515,0.3490935862420159,1.0,0.016863290227964067,0.04853895434853617
manyamAnaH,19,8,31,5,1.0,0.022692468027475265,0.1208468084190879,0.9795918367346939,0.04828042017214351,0.29764931612770407,0.9795918367346939,0.07414443924986547,0.4055851519282878,0.9795918367346939,0.025326845072867976,0.09339327056419966
manyase,12,8,226,7,0.9361702127659575,0.017473785014494814,0.11240162334021331,1.0,0.07874457453329786,0.45114217315660876,0.9583333333333334,0.07513922523877659,0.49223870572375117,0.9795918367346939,0.021588230847975898,0.18947157853880137
manyate,22,47,186,15,0.9361702127659575,0.03143548434655252,0.1409670929806558,0.9583333333333334,0.06738552808303966,0.3793676870099716,0.9130434782608696,0.074182301442277,0.4632570822244326,1.0,0.010500955113819765,0.07697877321444868
manye,39,5,496,13,0.9795918367346939,0.024650510048245144,0.1584090492001946,0.9795918367346939,0.08703465130081123,0.5704194728051403,0.9583333333333334,0.08772591896063764,0.6293522632807096,1.0,0.03671295510362793,0.16065473908422945
mat,47,15,26,5,0.9795918367346939,0.07364172999151386,0.2589524916281648,0.9795918367346939,0.10680055650106235,0.4672160389788663,0.9583333333333334,0.05015731860050965,0.2530613895174838,0.9795918367346939,0.01274375229373903,0.0972471655856717
matiH,29,10,438,5,1.0,0.03822798449056575,0.24565938127428488,0.9583333333333334,0.07775236519549622,0.5117851521276804,0.9583333333333334,0.06588837041346196,0.5221183251706644,1.0,0.024076261698567136,0.20017106949809016
matim,17,6,165,5,1.0,0.019309654349325855,0.14961457576970483,0.9795918367346939,0.07373740328006195,0.574779310239923,0.9795918367346939,0.0837516200736722,0.627471226976284,1.0,0.04927964122659034,0.14999021142311864
mayA,26,81,2724,17,1.0,0.04787022941951691,0.26991006863200295,0.9583333333333334,0.09043751006213485,0.4796410910520611,0.9795918367346939,0.1266841410119085,0.5321128656658168,1.0,0.04540932025800526,0.11753500184392951
mayaH,59,261,170,17,0.9361702127659575,0.07839917086699211,0.263107596438628,0.9795918367346939,0.13988712880574472,0.39370116069122196,0.9795918367346939,0.12284063025832537,0.5006717936128667,0.9361702127659575,0.029265937980849865,0.26715394209444887
mayam,18,55,248,19,0.9795918367346939,0.05278965021921311,0.4199570195502319,1.0,0.1542942143498537,0.6773054329426215,1.0,0.08353110735198044,0.5838908239137378,1.0,0.028737120136609784,0.1734503365535569
mayi,156,11,432,35,0.9795918367346939,0.07916362163185098,0.3855840420481471,0.9795918367346939,0.09676915851444079,0.5144389700046693,0.9795918367346939,0.12296012970354087,0.49470831870522536,0.8095238095238095,0.07568028805314275,0.28928125093462287
me,1019,205,5747,266,1.0,0.06434725149207399,0.23252092740534436,0.9130434782608696,0.08364502631693527,0.33852443463480686,0.9795918367346939,0.08541514018342666,0.42383756878986,0.9361702127659575,0.041114220255022316,0.1769202543096644
mftasya,7,6,17,13,0.9130434782608696,0.02507114385183795,0.3074212624218533,0.8636363636363636,0.06935510522609845,0.2163751867820296,0.9130434782608696,0.07350511505511437,0.2570296805883707,0.9583333333333334,0.020936527586481235,0.15392604763326534
mftyoH,51,76,79,6,0.9795918367346939,0.038272977930769336,0.386017846363941,1.0,0.09646249122682493,0.6650209869879516,1.0,0.047169478717300706,0.42883295405866095,1.0,0.01856635713781285,0.10185452069780987
mftyuH,40,100,265,8,1.0,0.05611981101426955,0.28109090232418765,0.9361702127659575,0.07997310038716976,0.6853463778815967,0.9583333333333334,0.08428063494123528,0.482313596785524,1.0,0.01665482170792476,0.055628327858738724
mfzA,6,16,62,5,1.0,0.022687716354913623,0.1335760279068805,1.0,0.07760097406137911,0.3323689600834261,0.9583333333333334,0.07185283842016643,0.35208850237396283,0.9795918367346939,0.011612468895294659,0.02504152140647975
mitraH,223,8,32,23,0.9130434782608696,0.08752566769940151,0.44054140110571494,0.9130434782608696,0.07444865249794486,0.37760451673548445,1.0,0.17378327262827697,0.40113285625504513,0.9583333333333334,0.05529560807235445,0.256106311943201
muKaH,10,8,128,34,1.0,0.03302655321146597,0.17306562463025832,0.9361702127659575,0.058478396841655345,0.5349010847255751,0.9583333333333334,0.06470117133850117,0.5652748518916368,1.0,0.05671725715388132,0.3661274121795953
muKam,78,35,231,88,0.9795918367346939,0.07827667331929877,0.2712753079431247,0.9583333333333334,0.06386994710669336,0.5362681775384791,0.9361702127659575,0.07681283192929755,0.5345625471016592,1.0,0.07007014021324964,0.4454109548507468
muKe,36,6,130,11,1.0,0.03996783732905285,0.2461065887585745,1.0,0.08640926217909162,0.581919306320468,0.9795918367346939,0.09989046480316788,0.5799145190842125,1.0,0.028338604071729168,0.2024095452519098
muKena,18,26,27,9,1.0,0.06651283915572137,0.20623270135506178,1.0,0.059071600121753276,0.4779585943164333,0.9583333333333334,0.08423242506414819,0.41382193377938414,0.9583333333333334,0.017439290082343573,0.10789736477333345
mucyate,6,18,118,10,0.9795918367346939,0.016859697354588365,0.1389451539657377,0.9361702127659575,0.07923160021588649,0.4316488345370617,0.9795918367346939,0.07011258166415268,0.45377723402213777,0.9795918367346939,0.008281105177513015,0.04906984980995077
muniH,9,8,519,7,1.0,0.021562949980099333,0.17989549551898254,1.0,0.1315991830517953,0.620012558249289,0.9795918367346939,0.1077908222224665,0.5474948365552312,0.9130434782608696,0.0074764291115719805,0.05526676242027739
nA,47,30,1241,20,0.9795918367346939,0.02551895214446198,0.2311140752372709,1.0,0.10623459894545084,0.4701973883281947,0.9795918367346939,0.06983011894346136,0.43422589151152446,0.9795918367346939,0.013658527250444585,0.19005985973988793
nAmAni,30,14,72,10,0.9361702127659575,0.023283228440272197,0.10990189894382763,0.9361702127659575,0.06485422821925169,0.2528238360190649,0.9795918367346939,0.10050862879564915,0.4578434953483931,1.0,0.01884456357213793,0.13632631096825676
nAma,361,473,1621,185,1.0,0.04890533942732833,0.3138602286132265,1.0,0.1362624980621836,0.5786287173170626,0.9795918367346939,0.11854826506232063,0.4894415664304831,0.9583333333333334,0.037292037225180596,0.20139937949611486
nAmaDeyam,10,22,9,10,0.9583333333333334,0.045221265109847364,0.417287912370347,0.9795918367346939,0.086994457845473,0.30817231305800696,1.0,0.05762279490020583,0.1435386048994307,0.9361702127659575,0.013078277779959846,0.11490822148308522
nAmnA,7,10,133,10,1.0,0.016168223734508103,0.05035728003612516,1.0,0.08609537313530002,0.4562126931744257,1.0,0.1101712613545569,0.49362971082025786,0.9583333333333334,0.013782951288498824,0.0385732515249424
nAnA,83,35,810,51,1.0,0.14868547249336794,0.5945692825555882,1.0,0.1961141813947732,0.6266916866963763,1.0,0.1549780769141943,0.46786072536692536,0.9795918367346939,0.07312866152039799,0.22877146863810383
nIla,6,6,118,11,0.9583333333333334,0.018775928894573246,0.106025767757714,1.0,0.1600272642341577,0.5058715183364874,0.9795918367346939,0.1094737024452409,0.5629672613130915,0.9130434782608696,0.005670730189432094,0.09688095282391462
nO,30,17,61,9,1.0,0.07751225865531608,0.32689439070823667,0.9795918367346939,0.10905481141909568,0.4941376264106596,1.0,0.08687014232791801,0.33700886031406296,1.0,0.01378135253697077,0.14061046143410538
nUnam,100,17,396,10,0.9795918367346939,0.034230232524050774,0.23492837178043446,1.0,0.061068611197531486,0.5240373961631647,0.9795918367346939,0.0938025659989058,0.5894126673753812,0.8888888888888888,0.039865353241368195,0.2977106526301039
na,3959,4177,23779,2857,0.9795918367346939,0.036196110886755783,0.1629472397610381,0.9795918367346939,0.07501612338913766,0.32314899702267863,0.9583333333333334,0.07267485678783525,0.3476479632470134,0.9583333333333334,0.014129146672081538,0.13777351235579816
naH,4120,147,1406,529,1.0,0.06798067972476463,0.2888784711990745,0.9130434782608696,0.08298123985902384,0.39197231053574744,0.9795918367346939,0.09395101530962757,0.3960422079751149,0.9583333333333334,0.07602424444830758,0.1900640630487047
nadI,6,8,240,43,0.9795918367346939,0.01777195600296011,0.1043058485394266,0.9795918367346939,0.1081195976429401,0.6438513117209371,0.9795918367346939,0.15803968852194406,0.7161234858893225,0.8888888888888888,0.01559861689154629,0.3173354498887755
nakzatrARi,16,20,45,14,0.9795918367346939,0.035830250727093116,0.11902759537865815,0.8372093023255813,0.032441808602749256,0.14266007614822163,0.9583333333333334,0.08978724704888885,0.38509465356273886,1.0,0.020754807505348527,0.13648104747118162
nakzatra,5,11,82,28,0.9583333333333334,0.033325878172489776,0.1657980108747623,0.9795918367346939,0.06582063171236341,0.3954380921006897,0.9583333333333334,0.12084239815262121,0.5197164186225725,1.0,0.011648003524953432,0.18531007295244506
namaH,376,42,629,138,0.9583333333333334,0.058180314479867934,0.2211087878329856,0.9361702127659575,0.10576376682211375,0.42609012539213376,0.9130434782608696,0.09171378647901007,0.3608839495134185,0.8372093023255813,0.048751878793352965,0.14972951578105897
nanu,7,207,83,79,1.0,0.03541299158071154,0.25126331223430787,0.9795918367346939,0.10558182431960828,0.5992474892857254,1.0,0.12632555062458106,0.6226158235750378,0.9795918367346939,0.05060024077929337,0.37857564066004734
nava,113,5,111,195,0.9795918367346939,0.0421892381845973,0.29439998304593407,0.9583333333333334,0.07286624355338989,0.46015465568142355,0.8095238095238095,0.06457821695021326,0.35093956630627177,0.6842105263157895,0.017427183366708898,0.1633313925041645
naya,42,15,71,14,0.9361702127659575,0.03589709357062554,0.35870726635488837,1.0,0.12200847425670969,0.6753900830116647,1.0,0.10788367565331947,0.5078880673623767,1.0,0.06316037117843476,0.21497701297958627
nayati,12,12,23,6,0.9795918367346939,0.043642603538457614,0.30162768687396935,0.9583333333333334,0.085083773248539,0.5041723548795815,0.9795918367346939,0.06814399224870316,0.3668068378423388,0.9795918367346939,0.027335973863445884,0.1464065617215885
nazwam,13,5,45,10,1.0,0.015583333936915356,0.05291738672362478,0.9795918367346939,0.06516828338483016,0.3383948002995749,0.9361702127659575,0.09497978547445118,0.4228915943896494,1.0,0.014756879682115809,0.21379968079285327
niDim,11,8,51,7,1.0,0.02646231802600163,0.1373668667807857,0.9795918367346939,0.08045724707999069,0.44821054658877635,1.0,0.10604638508195974,0.46434464815775345,0.9795918367346939,0.015096906041977776,0.045873011359781946
nitya,7,90,256,77,0.9361702127659575,0.035911543018325665,0.39150639754463945,0.9361702127659575,0.146611322779034,0.6539231600016796,0.9130434782608696,0.12020254310096923,0.6113696545753614,0.9361702127659575,0.03987076310450233,0.3910309977027113
nityaH,13,24,83,42,0.9583333333333334,0.022095542425520698,0.21501863710341862,0.9795918367346939,0.12186745268725441,0.4587739830838268,1.0,0.12243120416904607,0.3963098134529943,0.9361702127659575,0.022929053696180923,0.19204207611474378
nityam,13,42,1853,165,0.9361702127659575,0.029896793081692463,0.24734516128559925,0.9583333333333334,0.11778349188724613,0.5848017684547377,0.9795918367346939,0.10851314248629929,0.4791811009814666,0.9130434782608696,0.02593301714550489,0.2310680094987455
no,26,17,44,5,0.9583333333333334,0.015923125748621758,0.05853052857356056,0.9583333333333334,0.09547998403557256,0.28390034959457155,1.0,0.07760756143551484,0.25948808433874104,0.9795918367346939,0.02037877151645584,0.04378627638213284
nu,473,136,696,119,0.9795918367346939,0.09552265571502483,0.42041631751054065,0.9583333333333334,0.11258150295320302,0.4930264931944366,0.9795918367346939,0.1297306898290922,0.4978750278557007,0.9361702127659575,0.04865553373454934,0.2308636040812635
odanam,48,7,7,12,1.0,0.016100904041843167,0.20272808004077536,0.9361702127659575,0.06439647181533037,0.32250569061807344,0.9795918367346939,0.07299955358519761,0.3088303339092464,1.0,0.024230495355398785,0.24287291826657875
ozaDIH,124,5,29,11,0.9361702127659575,0.02313676851014701,0.206811494028865,0.8888888888888888,0.040528078795545874,0.27199133812238896,0.9795918367346939,0.08585739541242354,0.3533147337138751,0.9583333333333334,0.02789204135429124,0.16406846792260787
ozaDayaH,64,10,13,16,0.9583333333333334,0.027076708988071463,0.12597340877574015,0.9361702127659575,0.05744129713955437,0.22741692070652864,0.9795918367346939,0.09049172975075981,0.26575034386688845,1.0,0.03244600295293909,0.146305845193889
pARI,12,6,12,8,1.0,0.0460342697035645,0.17640452623778502,1.0,0.09312307279090848,0.4868933488384095,0.9361702127659575,0.07046904636336371,0.44613172220348907,0.9795918367346939,0.04957106733446848,0.1717562432367341
pARiH,19,6,129,12,0.9795918367346939,0.03567235875733854,0.28418257228514254,0.9361702127659575,0.06943867140638205,0.5608274156006037,1.0,0.09347087764131201,0.6092854649567431,1.0,0.025843431997690902,0.2692154304292531
pAdO,24,9,225,13,0.9795918367346939,0.04540618931298657,0.2031033745997617,0.9795918367346939,0.08656647270532136,0.6882019955672575,1.0,0.10636465286552166,0.6341315260304485,1.0,0.024582463777192864,0.1600225234882966
pAdaH,10,42,59,28,0.9795918367346939,0.03688328432608545,0.29117630842862696,0.9583333333333334,0.07314100132337309,0.47959297467914785,1.0,0.08417720296186249,0.4197381093771184,0.9795918367346939,0.02041846178234663,0.21321549026929598
pAdam,12,24,65,47,0.9583333333333334,0.06066800991414478,0.36411592911780066,1.0,0.16102823663554655,0.5826296213431252,0.9795918367346939,0.08896811115366132,0.38379974297797026,1.0,0.05518628332719733,0.3573600863437083
pApa,13,41,756,38,0.9583333333333334,0.029626980547468706,0.3238094042485824,0.9583333333333334,0.0722744613066304,0.6642314987913639,1.0,0.07617110569126806,0.6536985309650837,0.9795918367346939,0.018999019863519928,0.14268398604897103
pApam,16,28,521,15,0.9130434782608696,0.022373786682504226,0.1133090289392642,1.0,0.08426734892955423,0.4825809506636223,0.9583333333333334,0.07544548680878849,0.47322789888529226,0.9130434782608696,0.011387681089514157,0.05361966370820215
pApmAnam,60,13,21,24,0.9795918367346939,0.04370715585352525,0.1538980479026295,0.9361702127659575,0.053600944191532385,0.26781362312750756,0.9795918367346939,0.10515302132277793,0.44261345705698285,0.9361702127659575,0.031589322079981,0.20171896076161266
pArTivam,10,6,109,6,0.9795918367346939,0.021728444013087156,0.18946181974231402,0.9795918367346939,0.08291868679769976,0.4994395418738199,1.0,0.0842114853771877,0.4656344037838872,1.0,0.01640937641922713,0.16245856916992296
pAram,17,12,98,7,0.9583333333333334,0.019179035065999828,0.14127877230339292,1.0,0.07413722922573174,0.48049061862476095,0.9795918367346939,0.07026822870511618,0.47198813660556216,1.0,0.026371879149456157,0.06840601262977608
pAtram,42,6,83,41,1.0,0.03177434660103229,0.16640849997831286,0.9795918367346939,0.06397721899565245,0.36398340307265686,1.0,0.0651045303823159,0.4226285911627681,1.0,0.036103158689496984,0.25955073102246407
pAtreRa,5,7,5,12,1.0,0.015517993450108514,0.06749450943730129,0.9583333333333334,0.06738792522515802,0.26557553741137474,0.9795918367346939,0.052866785992081944,0.2576355711623384,0.9795918367346939,0.01342262148629969,0.07926178355232949
pUrRA,8,7,21,5,0.9583333333333334,0.0318644702734735,0.11470165786680186,0.9795918367346939,0.12309187157452273,0.5021654642849529,0.9361702127659575,0.08563002668829345,0.36302971924125205,0.9795918367346939,0.013829371571678961,0.11266794235868371
pUrRAH,7,6,22,5,0.9795918367346939,0.012530882895415929,0.014990435038140015,1.0,0.08284106681116665,0.37129127519168503,0.9795918367346939,0.08009019910720971,0.35119348150804064,0.9130434782608696,0.005705757649407728,0.03690598094147601
pUrRa,13,12,209,42,0.9583333333333334,0.023139619193206395,0.3566968766361003,0.9361702127659575,0.16763304189539552,0.6252982139996042,0.9795918367346939,0.11782899647596456,0.7075238183656605,0.9795918367346939,0.01966630713689188,0.2671771360291624
pUrRam,19,43,88,12,0.9583333333333334,0.032757892768295105,0.3773401794953112,1.0,0.14764016653962675,0.560150024426951,0.9795918367346939,0.09208785083901028,0.4710696454587475,0.9795918367346939,0.01594990701439858,0.1042781656951206
pUrva,88,123,358,276,0.9795918367346939,0.06268258050817144,0.3242344120552949,0.9795918367346939,0.11272188304460584,0.49704638721758165,0.9361702127659575,0.1013678165942149,0.46730382454040065,0.8372093023255813,0.03252217205181929,0.2763121594829179
pUrvaH,54,15,75,100,0.9795918367346939,0.0265041871819921,0.14347117457408065,0.9795918367346939,0.08526592026265056,0.3585621469362772,0.9795918367346939,0.16992408952841287,0.5488545883660887,0.9795918367346939,0.0424461536914994,0.4338978091385012
pUrvam,75,102,1239,175,1.0,0.06708353507696829,0.3888664861196307,0.9795918367346939,0.0832341520423483,0.3713934404618884,1.0,0.08877949851144684,0.4912624825879992,0.9795918367346939,0.0447198561125407,0.1784674130647319
pUrvasya,9,15,5,30,0.9583333333333334,0.017287953654832156,0.19080619608140315,1.0,0.07694088153996159,0.352525765362644,0.9583333333333334,0.06216880199995112,0.3272010271639836,0.9795918367346939,0.029299337209433896,0.2223930540104322
pUrve,70,16,60,51,0.9583333333333334,0.028790487794186692,0.18057075951194812,0.9795918367346939,0.07553743833465931,0.35838535131902083,1.0,0.0742579847400453,0.38554294711128456,1.0,0.04477679293571224,0.23421015769111198
pUrveRa,9,9,23,35,0.9795918367346939,0.014851786829578884,0.034497198419789266,1.0,0.053130341659271885,0.2772173557301256,0.9583333333333334,0.07985919036039035,0.4226129859600761,1.0,0.01198639621133657,0.16893071526129744
pUzA,110,5,15,16,1.0,0.045670807844561234,0.3881903069407009,1.0,0.09065182517359305,0.35150458917152083,0.9583333333333334,0.09360724475292637,0.26181506315837955,0.9361702127659575,0.06007141367056057,0.16164321191664355
paSUn,150,24,77,27,0.9795918367346939,0.045481684052285476,0.3167660165998376,0.9361702127659575,0.050679883494224365,0.3893761568572134,0.9583333333333334,0.09102697309503271,0.38434780282169667,0.9795918367346939,0.059385445279902305,0.2761037968059439
paSUnAm,110,7,32,33,1.0,0.04608793156986546,0.20855868787970366,0.9795918367346939,0.06423760576590687,0.28585099567544114,1.0,0.12568049534860637,0.3869500340008649,1.0,0.036460558181672376,0.20017659571034518
paSavaH,325,23,76,51,1.0,0.05141138279747526,0.26819993838058,0.9361702127659575,0.057721705248440225,0.37437033839971345,1.0,0.058543156424815446,0.3072179796057428,0.9795918367346939,0.022954404153777586,0.16004955244725494
paScAt,91,45,335,263,0.9583333333333334,0.024441116893233694,0.21314278274600973,0.9361702127659575,0.05194493847876602,0.49544432463945287,0.9361702127659575,0.07515009651471816,0.5444163376435001,0.8636363636363636,0.04159232652770528,0.37161952021861544
paSu,77,33,104,163,0.9361702127659575,0.039991330864072694,0.22045982945218845,0.9583333333333334,0.09622986330562844,0.36524515047631645,0.9795918367346939,0.08911028767679108,0.3487927934994822,0.8888888888888888,0.04469903136711273,0.20076877821491856
paSuBiH,97,31,13,15,0.9795918367346939,0.05756952171474783,0.23312537433477187,0.9795918367346939,0.07578793540046591,0.4422790596717192,1.0,0.08159810794030886,0.3971016677845691,0.9795918367346939,0.05723313085809101,0.3330548693818194
paSuH,52,6,18,27,0.9795918367346939,0.021772610557586503,0.08894974759298768,1.0,0.06920401375115004,0.1855603833964624,0.9795918367346939,0.08084943056142246,0.30576248671345785,1.0,0.023871119787086892,0.11493877191382484
paSum,32,6,23,13,1.0,0.017342601707759697,0.05851931808605415,0.9361702127659575,0.05412071610019864,0.3242386412117825,1.0,0.0723696408696034,0.34984977538949735,0.9583333333333334,0.011447247659987059,0.051133445232829144
paSyAmaH,8,6,46,5,0.9795918367346939,0.02216029464044822,0.14173895071155707,1.0,0.06471082039689358,0.38340003827787517,1.0,0.07125412317134194,0.46299454650090466,0.9795918367346939,0.007360552366191375,0.04996064984911475
paSyan,26,47,149,6,0.8888888888888888,0.024407432107259264,0.3069701193004317,0.8636363636363636,0.08255744161274337,0.6231213646964455,0.9795918367346939,0.07370200288168616,0.5871400048845473,1.0,0.02152008225252755,0.18011954128463858
paSyantaH,12,15,51,5,0.9583333333333334,0.0522377988050694,0.19607373303308284,0.9361702127659575,0.13362343395950216,0.5401290919553157,0.9583333333333334,0.08801147905439566,0.5376446337523934,1.0,0.015039975387369453,0.1163524420605293
paSyataH,9,9,230,5,0.9583333333333334,0.023041249911636585,0.1704950329960505,1.0,0.11386192300688525,0.6150253428714871,1.0,0.07175514512938441,0.5388361362345908,1.0,0.009473221427417466,0.025526974988134388
paSyati,35,173,259,12,0.9583333333333334,0.05950519151886424,0.2579558762445452,0.9130434782608696,0.08301462246943092,0.4702689939855438,0.9795918367346939,0.09184375899107611,0.4746946156005868,0.9361702127659575,0.012090256146781497,0.09261389625647953
paSyet,12,26,56,49,0.9583333333333334,0.062156013359148776,0.29534033313843,0.9361702127659575,0.14070322750798836,0.41934427473799496,0.9795918367346939,0.11967405262280817,0.3617301174007185,0.9795918367346939,0.02486874709199549,0.2060025654942379
paTA,62,11,41,5,0.9795918367346939,0.03642340761799778,0.2604930402951384,0.9583333333333334,0.1032688614605839,0.46731902966285377,1.0,0.07314395684597008,0.46495365058847404,0.9583333333333334,0.02924114852664428,0.25567515323995127
paTaH,63,16,37,31,0.9795918367346939,0.022761276207667658,0.16932715542945131,0.9795918367346939,0.11042750013649383,0.38862132619602774,1.0,0.10390433410937028,0.391876472912173,0.9130434782608696,0.015896037532694862,0.2661655592152945
paYca,241,65,813,425,0.8636363636363636,0.03622038012271578,0.2415592233575774,0.8888888888888888,0.0505800601908839,0.37620765920236476,0.6842105263157895,0.03926164374143859,0.3537170135444342,0.75,0.016413600358421987,0.19009151705444527
paYcadaSa,35,9,8,143,0.75,0.03156886319288721,0.2344556654358425,0.9361702127659575,0.028036274279359952,0.22796257753214666,0.9361702127659575,0.07678615039036174,0.25048148764755207,0.8095238095238095,0.02750809443017832,0.24088229423494079
paYcamaH,10,26,47,15,0.8372093023255813,0.035675572044046255,0.19319917661642183,0.8095238095238095,0.06830439402693678,0.4318265321768172,0.9583333333333334,0.09873821393858329,0.4027528428113465,0.8888888888888888,0.02233993643262211,0.13832875990438653
paYcamam,17,10,63,35,0.8095238095238095,0.03575178434627857,0.2020384316314131,0.9130434782608696,0.1063844434849106,0.46017962453001515,0.9361702127659575,0.09742598015676218,0.41623558442198605,0.8888888888888888,0.025627977599891327,0.18773544380695872
padAni,22,6,19,28,0.9583333333333334,0.019870625864127578,0.08714775257793628,0.9583333333333334,0.07990047437932779,0.33376199512538784,0.9361702127659575,0.06618812610717695,0.3247033795331399,0.9361702127659575,0.017585130988866493,0.08861587853979547
pada,22,17,80,120,1.0,0.040184794604216534,0.26523188109366336,1.0,0.12742194320817612,0.6597450447550772,0.9583333333333334,0.10143595306826325,0.5128972494672203,0.9795918367346939,0.06415431581252329,0.39615805194408893
padam,85,46,351,69,0.9795918367346939,0.049624560002961116,0.2805361508249766,0.9583333333333334,0.0907373913324121,0.5507604716720749,0.9583333333333334,0.08743028054843105,0.4748782917465959,0.9795918367346939,0.014439602770931592,0.18521924992578653
pade,58,7,92,22,0.9795918367346939,0.02765313751331422,0.2792383260670259,0.9795918367346939,0.07327120310691382,0.5333984874399613,0.9795918367346939,0.06486678818699565,0.5008486234060421,1.0,0.022863054281406336,0.24570937335717524
pakzaH,5,22,50,54,1.0,0.025452908542445085,0.13891817806061413,0.9583333333333334,0.048083273267981785,0.333363591308973,1.0,0.12837605437020494,0.586327523335245,1.0,0.019299786178743505,0.3162592280419638
pakze,12,33,45,157,1.0,0.040331342063191,0.31819201039203526,1.0,0.19918379024862587,0.6269415001277895,1.0,0.11843775214286456,0.527619144847252,0.9361702127659575,0.025019489433829256,0.339813570202379
panTAH,37,18,89,7,1.0,0.015951601578296004,0.12272819468021834,0.9583333333333334,0.07590860388987852,0.34513579039270237,1.0,0.08359806065284836,0.39646492618738904,0.9583333333333334,0.010340349750593059,0.08543933555038818
parA,185,29,139,16,1.0,0.08012747931266129,0.5841084532057421,0.9795918367346939,0.10559045369120912,0.3568613919233923,1.0,0.1377423986817108,0.46580655044274855,1.0,0.05376213532828589,0.3548601930810398
para,12,96,893,227,0.9583333333333334,0.06630933548926488,0.36028202003224363,1.0,0.14698247509776252,0.6473505783547258,0.9583333333333334,0.15582894001411085,0.624218673116447,0.9583333333333334,0.03967646588449547,0.3770289289895231
paraH,21,88,456,52,0.9795918367346939,0.03480297650512598,0.19727548555031582,0.9583333333333334,0.11786884859543934,0.4390952511967352,0.9583333333333334,0.14959017906414196,0.519349710639291,0.9583333333333334,0.020240105460086366,0.24680280713959046
param,35,128,1397,113,0.9361702127659575,0.07526536038238252,0.33757602718970225,0.8888888888888888,0.0703588272886041,0.4556319191851175,0.9361702127659575,0.12689243336828016,0.553722837424538,0.9795918367346939,0.04820163588602966,0.3993633876375905
paramam,35,41,654,14,0.9795918367346939,0.05160814840267036,0.2831590557337853,1.0,0.11520703620894501,0.4686153619532396,0.9795918367346939,0.09463415291357424,0.49563359859702083,1.0,0.014177381044285786,0.13591624294864435
paras,94,38,8,15,0.9795918367346939,0.057768663333368386,0.5702894371006548,0.9795918367346939,0.10854893767777851,0.5471776524278451,0.9795918367346939,0.07590724689679151,0.3291532716546903,0.9583333333333334,0.02245848781998494,0.33394981614306485
parasya,6,33,78,66,0.9583333333333334,0.035667978364869346,0.25077678559305583,0.8636363636363636,0.09987000330169837,0.3735455753078092,0.9795918367346939,0.10278619841992276,0.404136443442784,1.0,0.0376794519404291,0.36322213258665303
pare,13,6,184,22,0.9795918367346939,0.01401181388728634,0.07362603349842434,0.9795918367346939,0.06546558002699687,0.5347068009155809,1.0,0.11873629912319816,0.6453817830421013,0.9583333333333334,0.01739892144895494,0.21392403344079103
pareRa,13,32,64,10,1.0,0.054073809514168514,0.20592436297970118,1.0,0.09073837245854321,0.42867538874289624,0.9361702127659575,0.10673160291315953,0.5775501390168839,0.9583333333333334,0.026303283142880995,0.22975347960891668
pari,1018,6,9,32,0.9795918367346939,0.045036883483249635,0.47492302708069034,0.9583333333333334,0.05446834277878787,0.33965317073573487,1.0,0.10726986490858736,0.3923418654059525,0.9795918367346939,0.0639645688512821,0.39807411466899345
parvata,5,5,330,13,0.9361702127659575,0.01894880634405416,0.13673324627195937,0.9795918367346939,0.07295655928334066,0.6195989840805793,0.9583333333333334,0.10705940531892277,0.6819695782592732,0.9795918367346939,0.014452126607986893,0.24951109277756
patati,14,7,38,9,0.9795918367346939,0.012501738754542191,0.05176325062642628,0.9583333333333334,0.08503584786448959,0.36474928738911716,1.0,0.06272737826305419,0.35260867788875794,0.9361702127659575,0.005904461159221164,0.046572660540208366
pate,102,5,713,34,0.9583333333333334,0.08574974138667435,0.5795753980707594,1.0,0.10042008364108446,0.6637025241826523,0.9795918367346939,0.13659925791604877,0.7501815575418115,1.0,0.09608661039774757,0.5312563754789877
patiH,216,29,311,64,0.9795918367346939,0.0876243090195854,0.4282787282000352,0.9795918367346939,0.11074276281960149,0.5369442392087695,0.9583333333333334,0.12728854104559417,0.46966076453555283,0.9583333333333334,0.05248794585626393,0.22078249119779803
patnI,56,7,108,63,0.9583333333333334,0.022453913242189483,0.10460659736984113,1.0,0.10028403099326344,0.4816779474569579,1.0,0.13521247317428808,0.5248130834638576,0.9795918367346939,0.029302572240736846,0.19749000262034888
payaH,168,24,86,37,0.9583333333333334,0.03556723387814942,0.3309233513030876,0.9361702127659575,0.09372576699354063,0.3304041893811819,0.9130434782608696,0.059227516649763334,0.254292251059933,0.9583333333333334,0.040696195218234976,0.2063539314468661
pfTak,37,63,418,115,1.0,0.027515121153377398,0.3159743294796442,1.0,0.13125516375713375,0.757561766829087,1.0,0.12504147779416463,0.6636570859047284,1.0,0.03306907456015251,0.3836973323130579
pfTivI,264,172,404,79,0.8636363636363636,0.04533198135226946,0.2349002661253865,0.8636363636363636,0.06745340439782277,0.4589675988154299,0.8888888888888888,0.1028978403244053,0.4642493765569423,0.8636363636363636,0.05901496200519907,0.1947840326909831
pfTivIm,141,23,436,37,0.8636363636363636,0.03903207003700537,0.21507604124315416,0.9361702127659575,0.0747283736272576,0.48481975595393567,0.8636363636363636,0.07408456262663354,0.4454039893477504,0.7804878048780488,0.06604392359840616,0.16364923132352882
pfTivyAH,179,26,67,19,0.9583333333333334,0.05952762615680707,0.3209539242764178,0.9583333333333334,0.06382401539907756,0.3565324849888526,0.9583333333333334,0.08033344197381675,0.37296115254990325,0.9795918367346939,0.06798057602296947,0.2763190647560063
pfTivyAm,70,12,284,16,0.9583333333333334,0.028706917576061364,0.14671636315810543,0.9130434782608696,0.09363579550390277,0.5972437872079264,0.9130434782608696,0.08457592448984896,0.5879284913653506,0.9583333333333334,0.05156171758455863,0.18517582403848443
pfzWam,85,5,85,55,1.0,0.053935406430974164,0.24031114438036094,0.9795918367346939,0.054570461785519275,0.5381408594630663,0.9795918367346939,0.14503957082322694,0.7159240984969526,0.9361702127659575,0.04472162110236555,0.35610386945200534
pfzwaH,10,17,132,12,1.0,0.05456594943357351,0.24922878653113711,0.9130434782608696,0.06948918153750305,0.38727774517781555,0.9795918367346939,0.06794923865106373,0.4168220545679985,0.9795918367346939,0.019840978891414562,0.03041993108960872
pitA,206,84,637,95,0.9130434782608696,0.07865826815128696,0.30012378799519146,0.9583333333333334,0.09129467415602277,0.4403036931718104,0.8372093023255813,0.0752749758555622,0.3641884571702453,0.7804878048780488,0.042068961093152835,0.1666642886117793
pitFRAm,21,9,132,20,0.9795918367346939,0.023828924720551314,0.14320196508681327,0.9795918367346939,0.07772818314118857,0.34935511522391693,1.0,0.07658035477151781,0.3809141615329271,0.9361702127659575,0.020085327524055563,0.03827314657326353
pitaraH,150,18,270,89,0.9795918367346939,0.04187010607873454,0.1787062375631292,0.8888888888888888,0.05647030978690082,0.2924688118413854,0.9361702127659575,0.0753210313669177,0.3872641980168685,0.8636363636363636,0.037639202349734835,0.1696144333557701
pitaram,51,31,371,21,0.9795918367346939,0.05383328223916861,0.12848812126721443,0.9361702127659575,0.08782409274269964,0.3494282324720017,0.9795918367346939,0.07918960470720304,0.430135443421509,0.9795918367346939,0.03715823275235797,0.13530701168247272
pitf,33,85,410,137,0.8888888888888888,0.04573625833346029,0.18165874733747045,0.9795918367346939,0.12920475864609693,0.5479373829050036,0.9583333333333334,0.11906868542284621,0.5284232962343922,0.9795918367346939,0.023479512755639975,0.1981544939084987
pitfByaH,45,6,21,42,0.9583333333333334,0.024787921517754663,0.2260995276241724,1.0,0.05396616930069131,0.23280878252780568,0.8888888888888888,0.06204047195459517,0.31360279308467864,0.9583333333333334,0.054385596654970336,0.1912492395149077
pitrA,6,23,171,10,0.9795918367346939,0.02173396171352504,0.1033032780743588,0.9583333333333334,0.07098686854891756,0.4026232180804997,0.9795918367346939,0.0767344730651357,0.48316451045094155,0.9795918367346939,0.018282262540131877,0.03317854047620428
pituH,64,27,556,41,0.9583333333333334,0.027272011466172086,0.19215919423498595,0.9583333333333334,0.060626967288786804,0.46314439416205055,0.9130434782608696,0.07062558148586595,0.4691688563436144,0.9361702127659575,0.02084251122660652,0.10992449144870442
prARAn,58,20,334,12,1.0,0.08678083495574884,0.2495041734779111,1.0,0.07315775610505404,0.5346952206221969,0.9795918367346939,0.061562438521468366,0.5240651425344114,1.0,0.06033645082946526,0.2523604478306104
prARa,104,291,281,52,0.8372093023255813,0.03667937414768174,0.20064127504007434,0.9361702127659575,0.0964690875352936,0.4187225392346571,0.9583333333333334,0.100797246580966,0.4611651801310541,0.7804878048780488,0.048371298363414916,0.2998995808045837
prARaH,243,413,98,14,0.7804878048780488,0.030204449481708306,0.13022763243425362,0.9361702127659575,0.08717556561665707,0.3401840650316671,0.9583333333333334,0.09679132153347014,0.4417238793843703,0.8636363636363636,0.050490694792185264,0.2965323961951267
prARam,110,120,29,17,0.7804878048780488,0.03848014509383346,0.2029736106473865,0.9795918367346939,0.08613532541737712,0.3674874137281716,0.9795918367346939,0.10983086943927778,0.3989888206954838,0.75,0.040181993308810116,0.21181347225855363
prARasya,7,95,14,6,0.9795918367346939,0.025123435540200356,0.1622858396393222,0.9795918367346939,0.0740941383636845,0.2903211606225379,1.0,0.06209550900712779,0.23370420976529094,0.9130434782608696,0.009743877614330487,0.06383782324561538
prARena,70,51,19,11,0.9361702127659575,0.04558701625782613,0.19137199469734867,0.9583333333333334,0.09299504408379744,0.45747640886001584,0.9361702127659575,0.08441028175656007,0.38354725981149973,0.8636363636363636,0.0401185581108946,0.22837867339773288
prAjApatyam,19,5,15,17,0.9795918367346939,0.057643104468407036,0.17459941346826235,1.0,0.05240913267158964,0.1580097429225138,0.9583333333333334,0.05765676020392352,0.1354418764899088,1.0,0.040430360266251575,0.1720150308739019
prAk,12,116,88,143,0.9583333333333334,0.053316076010049396,0.4211240728619735,0.9795918367346939,0.185927571381739,0.5911168960911555,1.0,0.044749980360413666,0.36211916302788627,1.0,0.021734100156508784,0.21997179229794273
prApnoti,9,44,191,41,1.0,0.025862242068958707,0.18201389195480622,0.9583333333333334,0.08272551479415469,0.311145697435508,1.0,0.09607590163414126,0.34377941669248147,1.0,0.024277517271906635,0.1158447705082748
prAtar,135,20,82,108,0.9795918367346939,0.09225905681514612,0.4216497267893984,1.0,0.11221949601648828,0.3983198242291993,0.7804878048780488,0.04716412878966525,0.3289732333685349,1.0,0.07393831854446753,0.4225454150768937
praBfti,7,7,217,58,0.9583333333333334,0.013735026406415551,0.10023827828885357,1.0,0.09121501132998755,0.5613694817671353,0.9583333333333334,0.0544389855915387,0.5494780872800165,1.0,0.03776804582489923,0.2657220128850557
praTamA,76,5,7,12,0.717948717948718,0.02448363035935064,0.15618642415199702,0.8095238095238095,0.03797328182086723,0.22077250162205897,0.8095238095238095,0.049449083910286906,0.35371446882963276,0.6486486486486487,0.021099560384540972,0.24826314862346532
praTama,37,76,34,133,0.5714285714285714,0.03139352379829541,0.1561470147982711,0.75,0.06321620863345767,0.2997890867049169,0.8095238095238095,0.06413174015969025,0.3056933047329674,0.6111111111111112,0.021224549894181655,0.19490732865463645
praTamaH,139,36,50,72,0.7804878048780488,0.057194763072258126,0.16940071060559314,0.7804878048780488,0.06407156602870867,0.33054096452614945,0.8372093023255813,0.06954287776977974,0.23600459623067482,0.7804878048780488,0.02255538404480606,0.18946935992552072
praTamam,91,34,129,109,0.48484848484848486,0.020922095078053315,0.09125544881586478,0.7804878048780488,0.05398459135617184,0.30637052021598077,0.717948717948718,0.04716869444334404,0.34982536504683426,0.6111111111111112,0.007501484326562724,0.15719937148771368
praTame,24,5,13,66,0.6486486486486487,0.017691588485927667,0.08236444369362839,0.7804878048780488,0.03704707761669179,0.23349023462609564,0.7804878048780488,0.053480218325722584,0.32603671132103096,0.6486486486486487,0.0236578024678743,0.21478906437797574
prajA,57,38,208,41,0.9583333333333334,0.0631831717649659,0.20304048754996862,0.9583333333333334,0.09012018659682286,0.374562713911605,0.8372093023255813,0.0723141075124425,0.40882825783994403,0.8095238095238095,0.04072207459858701,0.17815948951184568
prajAH,131,36,579,39,1.0,0.08415911217485983,0.22546848281830456,0.9795918367346939,0.08499110750974359,0.3987890172438149,0.8888888888888888,0.0626588347615592,0.4111776200980455,0.8888888888888888,0.050511750882392015,0.21678397128191562
prajAm,104,11,8,20,0.9583333333333334,0.03800416242753424,0.2927083611536089,0.9361702127659575,0.05206296212283612,0.179159349418888,0.9583333333333334,0.09502927343059808,0.2846137267157016,0.9130434782608696,0.03050457385299643,0.16568649133837376
prajAnAm,22,10,203,18,1.0,0.03284280689214314,0.0803203087833736,1.0,0.09543710614603329,0.3884586839902674,1.0,0.09559979817059505,0.4158285701836886,1.0,0.017094709461350055,0.080258316790778
prajApateH,69,58,67,19,0.9130434782608696,0.046621955373723156,0.313831792890117,0.8888888888888888,0.0833631369027742,0.36540371052744924,0.9361702127659575,0.07424975894724772,0.32151791146513964,0.8888888888888888,0.04556755754215924,0.164255814940947
prajApati,15,42,40,8,0.9130434782608696,0.057747583095652866,0.27471317827685793,0.8888888888888888,0.06743569504689617,0.3355081500411763,0.8888888888888888,0.06473772286417179,0.33123639430001894,0.8888888888888888,0.04109857635181968,0.1600576333435022
prajApatiH,284,114,188,50,0.8888888888888888,0.06491681825261908,0.18318772603456834,0.9130434782608696,0.07110670947385844,0.2321657631434294,0.9361702127659575,0.060677469095498426,0.2506007837567803,0.8372093023255813,0.043783399933403744,0.1521807075921099
prajApatim,54,17,56,14,0.8888888888888888,0.05328229787795036,0.1866818157314296,0.8888888888888888,0.08453135623740171,0.306439041585565,0.8888888888888888,0.04161299820950992,0.31526401968952533,0.8888888888888888,0.04881447530609484,0.17533623785958175
prajYA,32,66,124,17,1.0,0.08238704219177828,0.3995188799335738,0.9795918367346939,0.11790965526153518,0.4707555690438101,0.9795918367346939,0.11974957061920877,0.38685074878393877,0.9795918367346939,0.04394891123754019,0.23712129673623905
prajayA,124,37,5,16,0.9361702127659575,0.05712092970058136,0.22408139807473715,0.9795918367346939,0.08300818165731805,0.34136250063419904,1.0,0.06185027334194626,0.1473970230631685,0.9795918367346939,0.05965829893845487,0.3622971822348994
prati,554,145,1129,121,0.9361702127659575,0.039111883181015994,0.19430356725751197,0.9795918367346939,0.1018032570693519,0.4117719298983853,0.9583333333333334,0.0744070196555604,0.4120768198056953,1.0,0.046945486372441114,0.23954393408018304
pratigfhRAti,5,7,16,15,0.9583333333333334,0.02110005921739655,0.05836007092252493,0.9795918367346939,0.06641179544110443,0.2815961258884532,0.9583333333333334,0.07036123722794785,0.26246087901169624,0.9795918367346939,0.01996105583728469,0.0881658596677779
pratipadyate,29,62,95,71,1.0,0.05058331200638744,0.24422319154165173,0.9583333333333334,0.05744586602253632,0.27895115036871654,1.0,0.13561833025925019,0.5609127671646215,1.0,0.059769915981900734,0.26965809230899973
pratizWA,100,85,32,31,0.8888888888888888,0.0670225637049302,0.2615645338185022,0.9583333333333334,0.10009418635638523,0.3520563109506343,1.0,0.14267596366686763,0.480317096251788,0.9795918367346939,0.03420674661791834,0.12239032600578292
pratizWitam,16,52,118,11,0.9130434782608696,0.06913067472547851,0.2591446527959631,0.9130434782608696,0.0973426591248806,0.3712224456888523,0.9583333333333334,0.07099993943462868,0.4345541062137549,0.9795918367346939,0.03033842817639265,0.16470879271120353
pratyak,26,7,13,55,0.9583333333333334,0.06098456342264191,0.6171432893403699,0.9795918367346939,0.14783156525873964,0.6917041340051739,0.9361702127659575,0.07361246561757118,0.5166935395314793,0.9583333333333334,0.05424940382782795,0.3484754674013313
pratyakzam,42,44,129,17,0.9795918367346939,0.0920482894474074,0.5583395904681132,0.9795918367346939,0.06957174030095215,0.47978438454211725,0.9795918367346939,0.08204539776138875,0.3972291191678926,1.0,0.021871194184886922,0.16328013303889466
praviSya,5,16,271,15,0.8888888888888888,0.03001558476215682,0.2307648228294199,0.9583333333333334,0.06361595059042591,0.5855684703302603,0.9361702127659575,0.07136058213331364,0.537373455918742,0.9795918367346939,0.017878077353869704,0.2268005170181857
pravizwaH,9,27,103,5,0.9795918367346939,0.05791213387849081,0.3115569785129616,0.9583333333333334,0.10679508698201234,0.5361914073409606,0.9795918367346939,0.07400685798885087,0.4934766036117403,0.9795918367346939,0.0074443662181243875,0.07832153142333964
pravizwam,9,6,30,9,0.9361702127659575,0.025025692886324835,0.1998595482163833,0.9795918367346939,0.11689403225549577,0.5275161684373835,0.9583333333333334,0.13412446882585183,0.5489106804157531,0.9795918367346939,0.009591280725159912,0.15421072145865244
prayacCati,16,12,91,16,0.9795918367346939,0.027263286798099085,0.0792059024266103,0.9583333333333334,0.07567272817367265,0.3102961317511934,1.0,0.07203560574037116,0.3313964760728021,1.0,0.010099390378383921,0.05184348219171542
preta,7,6,53,32,0.9583333333333334,0.01855490917121838,0.13179808401104598,0.9583333333333334,0.10081898066108375,0.47046429556400804,1.0,0.1281005345175562,0.5277117870439739,0.9583333333333334,0.023470793360938602,0.2803471888803917
priyA,46,8,77,21,1.0,0.10333097346468012,0.47781833248680905,0.9795918367346939,0.1475016250282598,0.5354283799847654,1.0,0.15546589225554397,0.4781026813492766,0.9583333333333334,0.06662362154874335,0.2912519968963848
priya,16,37,683,28,0.9583333333333334,0.055576934055077354,0.36831567450067737,0.9130434782608696,0.10749915341520933,0.5340589409512277,1.0,0.11470176904481921,0.5935182391825244,0.9795918367346939,0.02631180769174024,0.2117254249508802
priyaH,99,13,264,13,0.9583333333333334,0.0722397723067485,0.3789340474576084,0.9583333333333334,0.10728629452282334,0.38956628442705754,0.9361702127659575,0.08810122518479069,0.4668686608765684,0.9583333333333334,0.0309201834247963,0.2990334234142913
priyam,170,65,556,22,0.9583333333333334,0.08083556305252182,0.3169647196336338,0.9130434782608696,0.09684434026453259,0.41389978169474373,0.9795918367346939,0.08969234332163445,0.541835250118046,1.0,0.046037415897066225,0.28951610277900897
provAca,5,10,193,5,0.9795918367346939,0.028608796737867648,0.1130782598241129,0.9583333333333334,0.05015281679418038,0.4431080166696427,0.9361702127659575,0.08630800373005598,0.49586288245481835,0.9795918367346939,0.032370882102227716,0.15397834183853476
puRya,6,65,556,37,1.0,0.04766464637821077,0.3014094287607889,0.8372093023255813,0.10667935673283935,0.6498805502893128,0.9795918367346939,0.13014778108837854,0.6833844048464224,1.0,0.028261554091787877,0.2733015810834004
puRyam,8,19,390,5,0.9583333333333334,0.015225400045760229,0.14443459060945774,0.9583333333333334,0.08479339440916112,0.5114052362935207,0.9795918367346939,0.08812238196263367,0.4886608048751273,0.9795918367346939,0.011912891562534722,0.039637123888470294
pucCam,24,20,14,47,1.0,0.037342148760855176,0.17755433008942556,0.9795918367346939,0.060037200700280735,0.4344234468685573,1.0,0.11742005049311366,0.38565665225788315,0.9795918367346939,0.03691656895224882,0.22478362413046837
punar,435,557,4536,345,1.0,0.032765480278700854,0.31292368168774987,0.9795918367346939,0.049683132436661115,0.4649580099741275,0.9130434782608696,0.08056611248607004,0.5328808020437958,0.9795918367346939,0.023359319768381348,0.2910695031374382
purA,151,27,1427,29,1.0,0.04951814202154803,0.28657118261166326,0.9583333333333334,0.09717791981723423,0.46656437838027487,0.9583333333333334,0.08983816177614701,0.5208962925803089,0.9795918367346939,0.05139997412028041,0.3047808828632662
purARam,9,20,112,8,1.0,0.03546224307607748,0.181095787680019,0.9130434782608696,0.050682834294498824,0.37828802766408864,0.9795918367346939,0.10117868837517197,0.43082500677600033,0.9583333333333334,0.012638810704959313,0.0563641793719295
puram,19,9,366,10,1.0,0.019639610513363714,0.18251423042536263,1.0,0.11612756632214294,0.6665503796909128,1.0,0.10187392739483969,0.6024988516048643,0.9795918367346939,0.010841919860778426,0.08816009214443343
puras,123,11,40,14,0.9795918367346939,0.041190486839973284,0.20547487996613611,1.0,0.04584529451684516,0.4360401386296737,0.9795918367346939,0.04415232182304374,0.3944557585166879,0.9795918367346939,0.04937841093199424,0.2689150660713342
purastAt,164,26,140,317,0.9361702127659575,0.021489550846158667,0.15247804618603356,0.9361702127659575,0.06019972790609651,0.4272245405787256,0.8888888888888888,0.0547713043868544,0.44164374151959673,0.8888888888888888,0.02530859052860146,0.23600608953339486
puruzAH,9,19,168,36,0.9795918367346939,0.017142161444629878,0.056061745765112025,0.9583333333333334,0.07675616658280848,0.4077301958901134,0.9361702127659575,0.11896476001287126,0.4911850146283143,0.8888888888888888,0.03748147714677996,0.22780339235120073
puruzAn,6,11,53,22,0.9795918367346939,0.0249962670365228,0.09523628062108314,1.0,0.056588959896986424,0.4908657919656334,0.9361702127659575,0.13295375042832558,0.4601313317014235,0.8888888888888888,0.03928605990832856,0.27933166948679977
puruzAt,8,9,6,6,0.9130434782608696,0.01770827446800971,0.1481363698102316,0.9361702127659575,0.0712586932722653,0.3238548105322041,0.9130434782608696,0.09295780127320907,0.33208678505408296,0.8636363636363636,0.03487575235547369,0.2131651903611096
puruza,23,159,1253,300,0.9795918367346939,0.06360626717503803,0.4644111046215045,0.9583333333333334,0.186065123597289,0.574258299573074,0.8095238095238095,0.13914121754279662,0.5678598019185066,0.8095238095238095,0.0708309242912013,0.31357437380930064
puruzaH,137,337,557,77,0.8888888888888888,0.0443354853390836,0.2108963205779708,0.8636363636363636,0.08248675190146049,0.3795501537274808,0.8372093023255813,0.10633098868134794,0.4618194570918537,0.8095238095238095,0.05799036790336587,0.2838475500384937
puruzam,53,79,213,71,0.9361702127659575,0.03320276320741533,0.27161820149475646,0.9130434782608696,0.09686406891844113,0.47414107709933306,0.8636363636363636,0.10302090751265403,0.49444407191821527,0.8095238095238095,0.061569568939832564,0.3907517016147517
puruzasya,13,71,102,42,0.9583333333333334,0.03246520787393603,0.14874215770776833,0.8888888888888888,0.08098301350383208,0.2943360375732622,0.9361702127659575,0.09255682367190798,0.3716090077068118,0.9583333333333334,0.04707885858502481,0.30482823221533906
puruze,13,34,35,17,0.9361702127659575,0.028576084734646345,0.2613317423506808,0.9361702127659575,0.12998011643682406,0.47694797439208236,0.9130434782608696,0.08799034943321771,0.4135917268119008,0.8372093023255813,0.05388195758891812,0.32122640441420147
puruzeRa,5,9,45,8,1.0,0.01845332714198089,0.07968522578052983,0.9795918367346939,0.10717642697622765,0.30841334139043486,0.9361702127659575,0.0802871361369557,0.399281194627759,1.0,0.029050772591334706,0.2808658845674239
putrAH,28,16,525,40,0.9583333333333334,0.043938961096346985,0.23665813551578085,0.9583333333333334,0.07326926573042358,0.484165646823443,0.9795918367346939,0.1438041966077861,0.5672246705142098,0.9795918367346939,0.015868039147042046,0.27886188602211825
putrAn,21,8,405,14,0.9795918367346939,0.017921140397879398,0.06895673376803657,0.9130434782608696,0.08251196316613796,0.5014973470375017,1.0,0.098315581159241,0.5484541818896952,0.9583333333333334,0.01031729416132876,0.08953497456922721
putra,34,100,1327,95,0.9583333333333334,0.05068288263280696,0.2933937510342661,0.9130434782608696,0.09689736089740242,0.4800777236354494,0.8888888888888888,0.10435622085449392,0.5159067446296907,0.9361702127659575,0.03409530076562739,0.1981858711898985
putraH,123,51,1484,79,0.9361702127659575,0.06856456899856112,0.27251325590128794,0.9130434782608696,0.11075105551353581,0.42300192098349254,0.9130434782608696,0.15209891189696179,0.3818874669926924,0.9361702127659575,0.040135552335005875,0.20197693962246888
putram,85,30,900,42,0.9583333333333334,0.04509308756861541,0.20210112382240242,0.9583333333333334,0.06925498947710629,0.437095970651163,0.9130434782608696,0.08029040672502563,0.4739924248586156,0.9583333333333334,0.025117369016207314,0.22820274888452863
putrasya,21,15,349,22,0.9795918367346939,0.024294759764492246,0.09616073187657892,0.9795918367346939,0.1143070480727234,0.4930440052269489,0.9583333333333334,0.10363710659446035,0.5185016320171704,0.9583333333333334,0.015768327407547966,0.06638518436396124
rAjA,251,74,2947,201,0.9583333333333334,0.06723505988921508,0.35863913083026777,0.9583333333333334,0.07452984905173432,0.47625362681007866,1.0,0.09132969348443554,0.49785076924889005,1.0,0.08056767223551797,0.3969258289262776
rAjAnam,39,22,821,61,1.0,0.031852420720369645,0.15133787967748458,1.0,0.07735147207857507,0.5459620871066607,1.0,0.08570476117242143,0.5216760874967937,0.9583333333333334,0.027954139080274443,0.2629030653648712
rAjYA,20,11,339,34,0.9795918367346939,0.013957598736089816,0.10115450829958217,0.9583333333333334,0.06680247717446863,0.5524976263861394,1.0,0.14121965660239733,0.64678847434565,0.9795918367346939,0.03109324031611238,0.21386624916810137
rAjYaH,42,30,771,85,1.0,0.031673480491997474,0.20976862512637928,1.0,0.09892757920506601,0.5155631553375293,1.0,0.14019000611430488,0.6209832461905975,1.0,0.030367815690814925,0.3148026377435189
rAja,24,29,4394,198,1.0,0.031211903909435734,0.338532703324405,0.9795918367346939,0.1144647810662397,0.5369062127997208,1.0,0.19439057094336532,0.739236540226359,0.9583333333333334,0.04115234071728535,0.4451650742523843
rAjyam,40,5,819,34,1.0,0.03404807289407874,0.30519553950443645,0.9583333333333334,0.07965249119179718,0.5031015737852355,0.9795918367346939,0.08813905780556697,0.460848711318377,0.9795918367346939,0.02669806468421787,0.2207003833937351
rAtre,30,6,11,12,0.9583333333333334,0.06033764093083238,0.13394514456186535,0.9361702127659575,0.06345945719317592,0.26219635376657147,0.9130434782608696,0.049539066721583924,0.21624410107119174,0.9130434782608696,0.012769995483426277,0.06351844128133555
rAtriH,37,8,57,13,0.9583333333333334,0.05568397765644495,0.23947378577688472,0.9130434782608696,0.049668596004706855,0.3101457168290469,1.0,0.10265176652994612,0.37169916514981804,1.0,0.02602739532586107,0.14067165523577796
rAtrim,32,10,85,12,1.0,0.04198376676546478,0.1312259546953385,0.9583333333333334,0.057504120467099185,0.43011774624847265,0.9795918367346939,0.06703031018394612,0.47997486558255487,1.0,0.012304892111184906,0.05792927873540166
rUpARi,62,71,111,11,0.9583333333333334,0.03366267115904631,0.2124084902126352,0.9583333333333334,0.07679347774352496,0.34102436500535926,0.9795918367346939,0.10076253827615511,0.5065021790351087,1.0,0.05527973092389382,0.2346236468500652
rUpa,13,226,396,77,0.9583333333333334,0.06872603568704638,0.3391747524947355,1.0,0.11683012683139904,0.6578025832901343,0.9795918367346939,0.16785288387924557,0.6460904428494963,1.0,0.04026920763288455,0.35016116749564064
rUpaH,31,52,180,11,1.0,0.0390867198775976,0.2128239440858809,0.9583333333333334,0.10285510686325205,0.4885147442260521,0.9583333333333334,0.07729624410424496,0.46402182307452045,0.9795918367346939,0.024405873716282778,0.07996898638394578
rUpam,529,288,848,82,0.9795918367346939,0.052775087115680575,0.2616371201589056,0.9583333333333334,0.06936525787525127,0.45759135173428556,0.9583333333333334,0.09875380674186673,0.5615983795227365,0.9361702127659575,0.04031799021320559,0.30227372480533576
rUpe,10,42,54,10,0.9795918367346939,0.049028834428915036,0.33254365316896584,0.9795918367346939,0.13130722060024114,0.5843342046051492,0.9795918367346939,0.11582906284889816,0.5180080933723838,0.9361702127659575,0.010293545732264375,0.10798710463344707
rUpeRa,126,151,328,33,0.9583333333333334,0.09310762607950418,0.2308000643082022,0.9795918367346939,0.11385259130640113,0.48910986084774755,0.9361702127659575,0.11469975752177441,0.6171494160894688,0.9795918367346939,0.08915280187966546,0.4950153381392498
raTa,31,27,1539,115,0.9795918367346939,0.03328344078039858,0.27627816228464575,0.9795918367346939,0.12820252464516002,0.591677353912455,0.8888888888888888,0.13529757299440615,0.4137657747775385,0.9130434782608696,0.03628173637161625,0.2584186073887923
raTaH,135,14,773,17,1.0,0.045969076464160485,0.3870612989653852,0.9361702127659575,0.08767119574557092,0.5558916063800372,1.0,0.0967765201776607,0.5506654369716062,1.0,0.05932815167561589,0.4043016009252769
raTam,162,7,1218,38,0.9795918367346939,0.04541891347692295,0.30862948796580736,0.9130434782608696,0.0690606737189382,0.6112540833879473,0.9583333333333334,0.12226557181505526,0.6505410713580396,0.9361702127659575,0.06968565455488829,0.24651807002360226
rajaH,60,10,227,8,0.9795918367346939,0.02764256508240992,0.24913817487301793,0.9583333333333334,0.09118537671327831,0.5118256336578096,0.9795918367346939,0.08610599893951854,0.5197786044404079,1.0,0.02405297838395104,0.24323382059090004
ramate,8,17,76,6,1.0,0.01635658893492653,0.08490932785130012,0.9583333333333334,0.06994177907277255,0.3838229714878554,1.0,0.06758991905854306,0.40666037394577126,1.0,0.013189888013443452,0.012514413521222623
rasaH,65,96,72,6,0.9795918367346939,0.043354452848913705,0.2985058653324497,0.9130434782608696,0.09034592945415698,0.27758033252578107,0.9795918367346939,0.10253591776861615,0.38860147112846777,1.0,0.030370485684096615,0.36423077142904003
rasam,78,14,59,16,0.9795918367346939,0.038623019783629586,0.34395183259834206,0.9583333333333334,0.06803254694878935,0.3277554660350124,0.9795918367346939,0.07866224540028666,0.3394384548618309,0.9795918367346939,0.02962050107859504,0.2824495049814001
rasena,15,10,8,19,1.0,0.025520647623087034,0.13716177004101204,1.0,0.04858678410600614,0.4506669144738553,0.9795918367346939,0.12508847011821378,0.5169835298734455,1.0,0.014526141966125228,0.08548038604172437
retaH,124,82,44,13,0.9583333333333334,0.040911756529563026,0.25678654728893546,0.9795918367346939,0.07185908243166095,0.3924191414497775,0.9795918367346939,0.09442308190064386,0.38146706097291205,0.9795918367346939,0.025302839771221608,0.27635079730131884
rudrAH,42,14,61,6,0.9583333333333334,0.030710700688190817,0.22885872599316004,0.8095238095238095,0.03928893774590969,0.23020368418243176,0.9795918367346939,0.0833781544351544,0.2818244443636866,1.0,0.029691432006699436,0.23006163468325846
rudra,40,6,99,6,0.9795918367346939,0.03241193821737587,0.18327330286546795,1.0,0.09016480809364513,0.4571563883447973,0.9361702127659575,0.07345448616769112,0.4057824131398151,0.9583333333333334,0.04524532412974425,0.1543217542432178
rudraH,45,7,133,8,1.0,0.04793007202304134,0.21359855980112308,1.0,0.07111516019550534,0.3769208067529761,0.9795918367346939,0.06777415687410682,0.3270587944528214,1.0,0.03236498293708168,0.08614415388260754
sA,499,320,2334,214,0.8888888888888888,0.03343637301098257,0.14009662473564632,0.8888888888888888,0.09387863029698329,0.34099580144319575,1.0,0.12868524156793448,0.4018381691026921,1.0,0.05174087928592486,0.15824986831744958
sADanam,11,117,50,16,0.9795918367346939,0.04177596718414933,0.4084912066873472,1.0,0.12126760360056166,0.4770634094020779,0.9795918367346939,0.08772278940289424,0.2945139369704479,0.9583333333333334,0.013878912224631113,0.24192074298536914
sADu,22,80,672,13,0.9795918367346939,0.026482609420476866,0.4405303283645573,0.9795918367346939,0.09854012652673227,0.7066245643996725,0.9795918367346939,0.0745397498775553,0.7110129621263612,0.9795918367346939,0.014616042605875568,0.0993999928640441
sAma,256,272,80,103,0.9795918367346939,0.07349264558778268,0.29701546853787164,0.8372093023255813,0.10053689163714097,0.5483937549075888,1.0,0.18110910512246936,0.5339030046030231,0.9795918367346939,0.1553363606219097,0.49495862742430907
sTAH,6,14,175,16,0.9795918367346939,0.023741015308043067,0.1327847503483659,0.9795918367346939,0.07895132191197984,0.5084719291916211,0.9583333333333334,0.07867338041642602,0.5621660127971907,1.0,0.01268419725154879,0.14064536054626697
sTAnam,11,32,348,85,0.9795918367346939,0.017958446869408062,0.1519852853183985,1.0,0.0971832602883117,0.583659236236614,0.9795918367346939,0.11100425706296368,0.5532515181801478,1.0,0.009751524005518597,0.2152399438383229
sTa,106,11,45,50,0.9583333333333334,0.04270414121902022,0.3790522621393455,1.0,0.14107399960837164,0.44628493066734753,0.9583333333333334,0.07063713896352797,0.3042981076676359,1.0,0.04757055998722881,0.3143368523031804
sTaH,29,37,348,25,1.0,0.07151911713426184,0.47167419558323287,0.9583333333333334,0.09976790005457115,0.585170782249244,1.0,0.1384523972813264,0.642722804314809,0.9795918367346939,0.03211634575080391,0.22393218638559587
sTitam,18,24,313,14,1.0,0.019556250846976764,0.1737267020207367,0.9795918367346939,0.08295255614941777,0.5689440220400821,0.9795918367346939,0.13025399535229742,0.6029203673936967,0.9795918367346939,0.009112973937746793,0.10342937625935034
sTitiH,12,16,59,24,0.9583333333333334,0.022505109169734472,0.11167317126912524,0.9583333333333334,0.1025862530190158,0.2973972041086834,1.0,0.07410708914611497,0.30547610173088957,0.9583333333333334,0.016945514435142806,0.03444615958782049
sUrya,89,18,375,23,0.9130434782608696,0.03525832545558227,0.28546540134201837,0.9795918367346939,0.09847693208329944,0.5253283068692604,0.9361702127659575,0.11866534654052308,0.5164380138165999,0.9583333333333334,0.062112184331202136,0.3226530066070621
sUryaH,267,28,224,34,0.9795918367346939,0.04859679154298391,0.24285928093161613,0.9583333333333334,0.04463771409769335,0.3062308253039969,0.9795918367346939,0.06999152430226085,0.33179019517284913,0.9361702127659575,0.055366578220242935,0.24584561351735412
sUtram,5,23,13,39,1.0,0.03346485087525031,0.16761971276371312,0.9795918367346939,0.11401179689977892,0.459002356237283,1.0,0.08520040631652048,0.35119341340033927,0.9583333333333334,0.009992771020864932,0.1608911642673192
sa,2449,1480,16989,1071,1.0,0.037206130541077354,0.24625173720827942,0.9583333333333334,0.046337694892108816,0.5151772844725117,1.0,0.09395949631804901,0.49616915657235217,1.0,0.05401859669211928,0.23590057847974166
saH,822,792,2628,274,0.9583333333333334,0.05828995772199275,0.21111405599179633,0.9361702127659575,0.0541748380572199,0.4149626441771228,1.0,0.10933791899421696,0.48098315152649507,0.9795918367346939,0.05054775525304955,0.2596596267895732
saMpadyate,27,9,34,12,1.0,0.06798732620155967,0.22884309705507855,0.9795918367346939,0.06256350934803967,0.24632302939369843,0.9130434782608696,0.08453988391410627,0.5401070956308793,1.0,0.02994272761660355,0.2127387335337374
saMvatsara,10,14,37,18,0.8095238095238095,0.06324959513413375,0.22089084386776048,0.8372093023255813,0.06525331389275857,0.24681820502902185,0.8372093023255813,0.0926879429354498,0.23844922762818843,0.8372093023255813,0.02792565346918563,0.13393413333248316
saMvatsaraH,87,26,28,19,0.8372093023255813,0.05774900445701636,0.20032345795814865,0.8095238095238095,0.05144904855402088,0.22379394190287294,0.8372093023255813,0.0847403859256215,0.20420013308752116,0.8372093023255813,0.025072178796963218,0.11800111682680581
saMvatsaram,66,22,66,45,0.8372093023255813,0.0658780346292499,0.23003553512007557,0.8636363636363636,0.07358656736031832,0.29820207860145276,0.8888888888888888,0.10203965215067812,0.2714914705452718,0.8636363636363636,0.030772964801448977,0.14741745682740182
saMvatsarasya,69,11,5,7,0.8095238095238095,0.03756078777273408,0.17455809029675584,0.8636363636363636,0.03851421326551285,0.16530920495573542,0.8888888888888888,0.06073193232510654,0.19008109839691445,0.8372093023255813,0.01873767684477856,0.09485129820244143
sadA,153,20,1538,55,0.9795918367346939,0.07527168968097186,0.5387525132979503,0.9795918367346939,0.0954232301688045,0.5516522909726245,1.0,0.0957256804584089,0.508938532488288,1.0,0.05309199138922083,0.36045621969095365
saha,362,144,3244,288,1.0,0.04305398971786101,0.2265177109146873,0.9583333333333334,0.07675563272377983,0.4758579217965141,1.0,0.13850219084016502,0.5501665429109113,0.9795918367346939,0.045546986728071004,0.2602888313039684
sahasrARi,17,10,699,31,1.0,0.02015182092826484,0.10591865912317033,0.9795918367346939,0.07934124823087796,0.448282172301667,0.8372093023255813,0.05732137805470239,0.33260664303306364,0.9795918367346939,0.04354901764765107,0.2524919868102862
sahasra,257,20,374,44,0.9583333333333334,0.044888797475405195,0.2991664465474593,0.9795918367346939,0.14580863727167903,0.48109974079808493,0.8636363636363636,0.08414831350151297,0.5408085749022832,0.8888888888888888,0.07023339322146216,0.3506890406742853
sahasram,129,28,293,60,1.0,0.09508533633624483,0.42614236844260467,0.9795918367346939,0.19016392170878726,0.6225394720307146,0.8372093023255813,0.06778841830822724,0.4059942169440408,0.9361702127659575,0.03661141108380994,0.21614395009054288
sakft,31,19,66,147,0.9795918367346939,0.026969802541393806,0.15651490753213226,1.0,0.08227773853674913,0.44947945948962864,0.9583333333333334,0.10077609662826215,0.5980533226752376,1.0,0.02283660739027693,0.2861611808510084
samAH,7,16,231,20,1.0,0.016777777837884922,0.09096107545836296,1.0,0.06350739500097002,0.447124662152407,1.0,0.0671871668775792,0.557448214999429,0.9130434782608696,0.015093690739424681,0.14770693455583273
samAhitaH,7,8,248,23,0.9795918367346939,0.013187387853639265,0.033593042587755306,1.0,0.07410463607937179,0.4865269871025303,0.9795918367346939,0.09471614198605116,0.4567261323663603,1.0,0.009880238291474996,0.030586909393134687
samAna,18,56,82,52,0.9583333333333334,0.04463779721808303,0.23936571376501048,1.0,0.15220017512261186,0.4980291959639084,1.0,0.14733621294491295,0.6064365784427562,0.9795918367346939,0.011096117125293459,0.14735459070306844
samAnaH,19,26,29,9,0.9361702127659575,0.02006737422584237,0.18200051128714145,0.9361702127659575,0.12071687318301161,0.43520256979385863,0.9361702127659575,0.08962050600614424,0.40159914748465986,0.9583333333333334,0.02260234426639207,0.22241896248842452
samAnam,68,77,13,75,1.0,0.04313567602041235,0.265079156785201,0.9361702127659575,0.08449851485401993,0.45216662538838115,0.9795918367346939,0.08375706413255501,0.480179477264256,0.9583333333333334,0.04965800063712855,0.2341783201556582
samam,7,38,384,72,1.0,0.02819063418059753,0.20180835242413686,1.0,0.09549984632383524,0.6740473633187728,0.9795918367346939,0.11557554403816162,0.6788930071852408,0.9795918367346939,0.010096729462864107,0.24974527751965991
same,37,9,34,17,0.9795918367346939,0.05069425783146342,0.5702076815365222,0.9795918367346939,0.1119565221268124,0.6405132287993572,0.9795918367346939,0.09368993203311005,0.48254383458060934,0.9795918367346939,0.05139491673936303,0.47889040817724315
samiD,13,51,7,47,0.9795918367346939,0.12974386018960005,0.4979811408362984,0.9795918367346939,0.06894818983770634,0.3414167111453721,0.9583333333333334,0.07217432066942497,0.46465424055836624,1.0,0.043213475844121496,0.2997635459562271
samudra,13,19,106,12,0.9795918367346939,0.0499322273429198,0.2804023842200176,0.9795918367346939,0.11361282910046477,0.5136068891818658,1.0,0.11364645233871296,0.536404752520759,0.9361702127659575,0.029510987799528654,0.23075083416662745
samudre,48,10,42,7,0.9583333333333334,0.022608530316796882,0.16073110591820516,0.9583333333333334,0.04768679390076669,0.35643783957387676,1.0,0.08558648587937501,0.39569157261554366,0.9361702127659575,0.0199057765478311,0.15112131969306786
samyak,11,45,516,48,0.9795918367346939,0.017231523873833754,0.1232804301090954,1.0,0.10602423800200955,0.5593352235540782,1.0,0.10623627110027967,0.47585122518414624,0.9583333333333334,0.008710935917006557,0.08514700226483751
san,73,170,172,23,0.9583333333333334,0.019386747791648062,0.1497351213446163,0.9361702127659575,0.056808973162867815,0.3018281246045518,0.9583333333333334,0.08697564967093097,0.4383725797828424,0.9795918367346939,0.014119720109532774,0.20953868221112537
santaH,20,62,143,8,0.8888888888888888,0.030308573127358684,0.15034849173818432,0.8372093023255813,0.07182393032100542,0.40012913884453516,0.9583333333333334,0.08661378962232757,0.4296825434091137,0.9795918367346939,0.03736478989917602,0.25352796374524855
santi,76,12,206,12,0.9583333333333334,0.03651444791731018,0.2656868594240481,1.0,0.14142492046264488,0.46164304670331924,0.9583333333333334,0.08111287041064541,0.47213279864940016,0.9795918367346939,0.021791521766513666,0.279389807045862
sapta,406,31,439,202,0.8372093023255813,0.020953200506076408,0.20070768924435378,0.8888888888888888,0.03349857468976747,0.42194544470742557,0.8636363636363636,0.05199416540292168,0.4372440181132491,0.8095238095238095,0.028612769167943086,0.31139644297006486
saptamaH,5,16,13,15,0.8888888888888888,0.05699509015259607,0.2534313179290225,0.75,0.04519663715762612,0.3744690481785613,0.9130434782608696,0.07031658757572101,0.22550435090715426,0.8888888888888888,0.02610428534123832,0.1721323155436416
sarpa,9,33,126,52,0.9583333333333334,0.04784494095840208,0.40277083908648104,0.9795918367346939,0.16987002499422577,0.5785906497221823,0.9361702127659575,0.11849699923021062,0.594318503178918,1.0,0.020992675686121953,0.3789183319146734
sarpiH,23,5,16,8,0.9583333333333334,0.023227998161927332,0.0674718171618175,0.9795918367346939,0.07700678916375059,0.37355828715111006,0.9361702127659575,0.08336629132214934,0.27781842042815885,0.9583333333333334,0.012039593714805452,0.11366699420561333
sarvA,53,18,75,7,0.8636363636363636,0.01422499542701805,0.12032494433542795,0.9361702127659575,0.08113607757622066,0.4727413171757793,0.9361702127659575,0.09495452553088801,0.5642531999115917,0.9130434782608696,0.019838305402309797,0.1962202413710301
sarvAH,191,45,670,55,0.8372093023255813,0.02817222282987153,0.18760932610063685,0.7804878048780488,0.04887397636926427,0.38497939341622534,0.8636363636363636,0.06543690608655728,0.43540370274331075,0.8888888888888888,0.020815792184292747,0.1328146950938739
sarvARi,54,132,471,43,0.8636363636363636,0.03650074918933188,0.16876397623613215,0.8095238095238095,0.0656011063989701,0.35399146907817824,0.9583333333333334,0.0966111111658493,0.4650156252408688,0.9583333333333334,0.016234414384237894,0.12583732779980616
sarvAn,185,67,1361,73,0.8372093023255813,0.026222797245469387,0.11915768578736974,0.8888888888888888,0.08483107810756252,0.36558408697462363,0.9361702127659575,0.10431815214817874,0.48182943391651656,0.8888888888888888,0.031102829432202328,0.20317060356105543
sarvAsAm,21,10,38,10,0.9583333333333334,0.015841653893704954,0.09444540225059395,1.0,0.07666968610200053,0.2796526734690753,1.0,0.0853906484963739,0.29185195415301357,0.9361702127659575,0.005498049983828968,0.03977991976085726
sarvAsu,5,10,109,11,0.9583333333333334,0.02282957625848603,0.03875904341347303,0.9583333333333334,0.054532649028597224,0.4070961811459328,0.9795918367346939,0.08194569849054867,0.4941547158109739,0.9795918367346939,0.007824347145948374,0.07535197900836366
sarvEH,33,29,436,18,1.0,0.030436015486502654,0.15787852590312157,1.0,0.08473009778545115,0.5989012342535496,0.9795918367346939,0.12644789763010156,0.6227775633091219,0.9795918367346939,0.01684244595091966,0.20265948088989205
sarva,188,734,5485,439,0.8372093023255813,0.05308576241891305,0.32778501874979693,0.8888888888888888,0.09744652024315681,0.43765102088528607,0.9583333333333334,0.10245247518752043,0.5231538688961768,0.9795918367346939,0.054305380865342756,0.39380522073740165
sarvaH,37,74,152,16,0.9795918367346939,0.03916573040534066,0.37113371389376004,0.9361702127659575,0.0804065718125101,0.39742881750172954,0.9361702127659575,0.07175967814841988,0.4647536822349865,0.9583333333333334,0.016951377629920827,0.12397163631595132
sarvadA,21,26,121,16,0.9583333333333334,0.015937976165460888,0.148705348400479,1.0,0.07921924128415192,0.3535534411291643,0.9795918367346939,0.07295522689611655,0.3440426845936484,0.9361702127659575,0.011986694707461276,0.09577778955717375
sarvam,353,593,2652,205,1.0,0.05973866310457032,0.22854538663611512,0.8888888888888888,0.06298390332536286,0.3919113827555817,1.0,0.09680671116369166,0.4725760631065167,0.9130434782608696,0.02357428744620582,0.19558298684511288
sarvasya,57,128,186,32,0.9583333333333334,0.0609053443023877,0.3796808977179895,0.8888888888888888,0.10650512334891171,0.3410962831045625,0.9795918367346939,0.07107966788438791,0.34045389280275884,0.9795918367346939,0.030591831905375733,0.18692404390077244
sarvatas,22,41,645,87,0.9795918367346939,0.018209257603140405,0.16786527199312584,0.9795918367346939,0.0666944750299504,0.6119406436718187,1.0,0.11678973657141045,0.675793298742559,0.9795918367346939,0.0424549740402812,0.4095014254895961
sarve,164,137,3333,84,0.9361702127659575,0.041940198804026885,0.2127287909160538,0.9130434782608696,0.08536094981808062,0.4273607493738645,0.9795918367346939,0.07635025856669508,0.5426144062707251,0.9583333333333334,0.01679274614044468,0.17564497997648676
sarveByaH,13,14,40,12,1.0,0.03942123486098115,0.21159148313258358,1.0,0.06372192234914364,0.31824531179327775,0.9795918367346939,0.05650299394551517,0.2738636070668534,0.9795918367346939,0.017582885624735756,0.052097651188981686
sarveRa,22,10,25,10,1.0,0.03319319206466864,0.1679035012037069,0.9583333333333334,0.06295516945437063,0.2994697488812432,0.9795918367346939,0.08538829651079682,0.3750687062864374,0.9795918367346939,0.014460690863552617,0.07732586934256291
sarvezAm,63,112,647,118,0.9361702127659575,0.03484222012099292,0.3276393834770498,0.9130434782608696,0.09333910304651905,0.5119132470173537,0.8888888888888888,0.06557838998950449,0.44288166484872726,0.9130434782608696,0.01588529661138327,0.0717168277796183
sarvezu,30,46,261,61,0.9361702127659575,0.049975720039644456,0.29898016637959235,0.8095238095238095,0.07646755905294211,0.5101498671122218,0.9361702127659575,0.07482524200077334,0.5452951120484768,0.9795918367346939,0.02812107400676367,0.1128449421172546
sat,85,311,350,54,1.0,0.052799347413311715,0.2275179569788014,0.9361702127659575,0.15630941315706626,0.5802318127832746,0.9795918367346939,0.09684576154015656,0.5355112754424254,0.9795918367346939,0.03355933502707642,0.21207399166645535
satI,16,20,84,5,0.9795918367346939,0.02995589822797895,0.16187909772145537,1.0,0.08569194333918517,0.42584653644015324,1.0,0.10363695314435928,0.4470848018940734,0.9795918367346939,0.025426534739328988,0.13352570765439642
sataH,29,59,58,6,0.9583333333333334,0.05241416377541119,0.3544005132441922,0.9130434782608696,0.1152537703781561,0.560548192487398,0.9583333333333334,0.08541845415510296,0.41126402157216235,0.9583333333333334,0.02558951805080767,0.15931004503963475
satyAm,8,22,32,7,0.9583333333333334,0.03510925569914625,0.238817024624274,1.0,0.17068216543216297,0.5439309605171272,0.9795918367346939,0.06476622136313548,0.3819402367004272,0.9795918367346939,0.008877082856246443,0.08329798973904945
satya,96,122,984,34,0.9361702127659575,0.05325309061459771,0.4199921888584023,0.9583333333333334,0.14613450950890305,0.5868070172350363,0.9795918367346939,0.08712998602807864,0.5701205854602698,0.9795918367346939,0.027720303643166244,0.21507531540803837
satyaH,64,10,42,8,1.0,0.04270040297870992,0.3631144549765033,0.9130434782608696,0.07811569657948925,0.40938401212309783,1.0,0.10808908382768079,0.4100016555247351,0.9795918367346939,0.06047360676448421,0.43207723070274895
satyam,133,272,802,63,0.9795918367346939,0.06423293533663943,0.3435921608824202,0.9130434782608696,0.10378231087878442,0.43715305792207204,0.9583333333333334,0.08336391064803261,0.4326978748237039,0.9795918367346939,0.03485463252950505,0.24011130139518888
satyena,19,16,165,17,0.9583333333333334,0.018669737413390508,0.11877872199863737,0.9795918367346939,0.08190356228718332,0.4374646174698926,0.9795918367346939,0.059512784656409634,0.4115816195260493,1.0,0.021610120931563226,0.038757130499872394
savitA,268,29,49,49,1.0,0.05134605620803845,0.3617986970738858,0.9583333333333334,0.05445574218726168,0.2891960319781339,0.9795918367346939,0.11490504775896171,0.3443261784866054,0.9130434782608696,0.04804016253289556,0.13659449127085943
savituH,73,23,23,42,0.9583333333333334,0.04622073925712711,0.3944686378365736,0.9583333333333334,0.06650866110805986,0.21057645422424298,0.9583333333333334,0.0660665465660143,0.28038212722362643,0.9795918367346939,0.06858988179636738,0.2284683168486119
sma,184,40,1207,9,0.9361702127659575,0.06146187921204127,0.3035962008921307,0.9795918367346939,0.10308890386541414,0.5655793981873799,0.9795918367346939,0.0654066282072362,0.5264327486527036,0.9795918367346939,0.030288010309316826,0.29151157821797613
smaH,6,10,41,6,0.9795918367346939,0.03219086515675651,0.14003373392330742,0.9361702127659575,0.09390125167368746,0.31643758847813386,0.9795918367346939,0.0793184788598269,0.42491590047994876,0.9795918367346939,0.01594303186503987,0.03886826120947495
soma,649,34,172,115,0.9583333333333334,0.093175968215781,0.4233885528422465,0.9795918367346939,0.09745254687618299,0.4203618118866477,0.9583333333333334,0.08636606448769435,0.4171735331052159,0.9361702127659575,0.07180122464238925,0.29196860215501763
somaH,489,31,139,72,1.0,0.09093172594556453,0.4055383286974552,0.9795918367346939,0.06912205466734822,0.28551183394787416,0.9795918367346939,0.08285755479346468,0.40328607248357007,1.0,0.07495464850854794,0.35380281396853364
somam,284,12,92,74,0.9795918367346939,0.08973197568488833,0.46471435341934897,1.0,0.05549456259654162,0.3493394554063106,0.9795918367346939,0.0766333724938223,0.35920806310655284,0.9583333333333334,0.09143904819540238,0.37676401245613544
stenaH,13,9,23,11,1.0,0.01204707568972363,0.10111154779456344,0.9795918367346939,0.0734900342695034,0.31280713512515623,0.9795918367346939,0.061257274344032164,0.2228369674967181,0.9583333333333334,0.0120060674750474,0.08998965012155657
strI,15,46,477,163,1.0,0.021022478830123092,0.23208968964346866,0.9583333333333334,0.07151886318093947,0.5650806500529842,0.9361702127659575,0.15518420421464785,0.6014293310447973,0.9361702127659575,0.03234876215875149,0.27104030172645843
striyam,12,9,95,34,1.0,0.024247670410313615,0.06350169823244023,0.9795918367346939,0.07375210199003945,0.42035251316661715,0.9361702127659575,0.06298240956108081,0.42680612737539514,1.0,0.01811051124057561,0.13907927077741067
su,2153,65,5560,261,0.9795918367346939,0.034721386476114446,0.19627917947072093,0.9583333333333334,0.06359570638854206,0.5826984364236679,1.0,0.16100024213431674,0.6843884567792164,0.9795918367346939,0.05315069839816022,0.17521039373027503
suKa,9,55,604,27,1.0,0.09035576692199798,0.590181381537342,0.9795918367346939,0.12155602316748926,0.6929589570441536,0.9361702127659575,0.11078218823929631,0.6932700129745533,1.0,0.021948480357233846,0.2546141586381102
suKam,9,40,888,32,1.0,0.026164439692902275,0.25169801522877133,1.0,0.09439509551582292,0.5692107292126083,1.0,0.0701993652758296,0.48053652420322945,0.9795918367346939,0.019785343981276626,0.1530443385060689
suvarRam,6,17,82,20,1.0,0.0321685360237417,0.26770743178111434,1.0,0.07509119525337715,0.445722662817467,1.0,0.08254826588731101,0.3903769601329017,0.9583333333333334,0.01147915791126386,0.14661488506342413
svAH,24,8,9,6,0.9583333333333334,0.058811820256801206,0.3414292346075163,0.9130434782608696,0.04969300145673872,0.3564455343434003,0.9795918367346939,0.0784958125611378,0.45392904792860667,0.9795918367346939,0.04121653668912417,0.22386696598584865
svAhA,336,81,37,254,0.9361702127659575,0.09481067959488243,0.23507801433998754,1.0,0.1287978696620311,0.3547261875481531,0.9795918367346939,0.0631486435629578,0.29941754087783434,0.9361702127659575,0.08175937654970478,0.23227592562112243
svAm,18,11,107,7,1.0,0.05005319828101573,0.22212315382391756,1.0,0.07509789383470078,0.509850506607217,1.0,0.07976126277960349,0.49243679769746185,1.0,0.018448423776313616,0.06218346167326305
sva,150,289,1652,342,1.0,0.049670270204070555,0.2685582871550063,0.9130434782608696,0.0796207933952855,0.44303078529638373,0.9795918367346939,0.11543702949164802,0.5126710139904176,1.0,0.060883869062401064,0.35183944451738713
svaH,28,12,25,7,0.9583333333333334,0.021204428131523234,0.10948595116250448,1.0,0.08010812200371786,0.4403616189277557,1.0,0.08939967797498949,0.45165160341498534,1.0,0.01341620410382538,0.11213375543114057
svam,49,79,471,88,1.0,0.04516527051400654,0.4170920811273606,0.9583333333333334,0.07540203080728825,0.5747306860636932,0.9795918367346939,0.08665944569292594,0.6025987995235141,1.0,0.034080447183136964,0.3359965941683756
svapna,20,116,54,8,1.0,0.058140528607591224,0.38341385569477016,1.0,0.10447149949968126,0.535657219124925,1.0,0.0649452965518238,0.38288471954010705,0.9795918367346939,0.011460146547595418,0.13195342979680957
svar,261,24,29,60,1.0,0.11114855752156816,0.46309156538763063,0.9795918367346939,0.11504505594834125,0.5220007227942027,0.9583333333333334,0.10522187661105609,0.4647030018295525,0.9795918367346939,0.08110358716388255,0.43399089703388816
svara,21,16,37,30,0.9795918367346939,0.028080447154134158,0.11590139112252706,0.9130434782608696,0.07406467104799241,0.46087769943165,0.9361702127659575,0.09517703165562608,0.5311100831251077,0.9361702127659575,0.021848330102963387,0.17443612414055154
svaraH,10,22,25,7,1.0,0.035475775414870014,0.12715539019367905,0.9583333333333334,0.09323469137316098,0.4968052141201378,0.9795918367346939,0.06879855828329706,0.3975807299271725,1.0,0.01802753693065251,0.13163179191616758
svarga,29,37,412,35,0.9583333333333334,0.06571376442776777,0.21759461168467042,1.0,0.11333202018121602,0.3662405605339545,0.9361702127659575,0.08999837202668004,0.36942512493651436,0.8095238095238095,0.044075905422310546,0.1346884745902006
svargam,127,24,354,27,0.9361702127659575,0.03554787471227627,0.12254412571287476,0.8636363636363636,0.06384419576099842,0.29652223748921425,0.8888888888888888,0.08197717550519057,0.32705400840786303,0.8095238095238095,0.03487871458064451,0.16631775829737372
svayam,47,122,987,175,1.0,0.030983323171233756,0.24729553575733176,1.0,0.09535662276582724,0.5251603038556852,1.0,0.0862864044977969,0.5531356343107368,0.9795918367346939,0.01568455797919921,0.16177633318280604
sve,67,15,93,20,1.0,0.020228971305230492,0.16160396392387055,1.0,0.07276972285031658,0.4298149457508289,0.9583333333333334,0.08794737992998225,0.46610564252618036,0.9795918367346939,0.01305362206476901,0.10635884246960703
svena,55,84,173,29,0.9583333333333334,0.09442155467349367,0.24264542112703769,0.9583333333333334,0.14315473671466494,0.41706522499653587,0.9361702127659575,0.10367032312851476,0.4975655350404049,0.9361702127659575,0.04035986177121087,0.2782942068983767
svid,65,25,141,16,0.9361702127659575,0.05702712501319185,0.2899218549471989,1.0,0.11547848819044182,0.4938659241537423,0.9795918367346939,0.08585880160169768,0.4334479093370427,0.9361702127659575,0.05963706802719804,0.2925030073779078
syAm,27,37,40,7,0.9361702127659575,0.04917261195226397,0.2650542881712896,0.9795918367346939,0.09566114453868568,0.3675745572168977,0.9361702127659575,0.10949503501169477,0.40580726199957906,0.9583333333333334,0.036694564751243886,0.22224313215815883
syAt,154,480,1214,501,0.9583333333333334,0.05036451691933186,0.2344680918182488,0.9795918367346939,0.07422054529185329,0.4294445630387944,0.9361702127659575,0.08461923739836763,0.5052797424931175,0.9583333333333334,0.030733521687235532,0.1583557156999671
syAtAm,12,16,22,15,0.9795918367346939,0.018601273101743865,0.0963068966114835,1.0,0.07039100778682328,0.3117794213105689,0.9361702127659575,0.06947445590519286,0.34659384188853126,0.9130434782608696,0.005717809401524221,0.021387297529004812
syuH,34,17,161,110,0.9130434782608696,0.058858919847980085,0.2526729693024168,0.9795918367346939,0.07586936056787308,0.41194229141355965,0.9361702127659575,0.07146577255690945,0.36855436714207446,0.9583333333333334,0.02780908362345924,0.2107900047333373
tA,224,169,333,143,0.9361702127659575,0.041848034548774615,0.3703986946915516,0.9130434782608696,0.10394704887609396,0.42701287082006933,0.9361702127659575,0.06893387810152507,0.404498221746331,0.9795918367346939,0.039502707284010175,0.2500860939024432
tABiH,94,24,42,60,0.9795918367346939,0.07707425525525102,0.4652361281823092,0.9795918367346939,0.053924704484068275,0.3410618648233691,1.0,0.15635882460516326,0.5247952335145818,1.0,0.10239485863405173,0.467293928858866
tAByAm,44,19,137,40,0.9795918367346939,0.04204451297478051,0.25080651237486273,0.9361702127659575,0.06722363534637366,0.4952803065267454,0.9130434782608696,0.10336394104642188,0.5087635475202359,0.9361702127659575,0.05769735217296068,0.33896780128445503
tAByaH,15,10,14,11,0.9795918367346939,0.02420937439600568,0.06160715285030571,0.9583333333333334,0.04676159940677371,0.21532827511743247,0.8372093023255813,0.03270116688752345,0.245949134623769,1.0,0.0316546505749713,0.14851674381978297
tAH,459,120,567,191,0.8888888888888888,0.03110602582762434,0.21289164900912905,0.8372093023255813,0.07428225678542655,0.39807984423328857,0.8636363636363636,0.10671137134363551,0.3561057019492493,0.8636363636363636,0.029921515729109283,0.16253100214506344
tAm,312,176,2719,201,0.9583333333333334,0.036394533697505116,0.2136969564143859,0.9583333333333334,0.07609871280687375,0.4691241549425622,1.0,0.07589459226209194,0.541560870932239,1.0,0.026291170326943614,0.2119542520316141
tAn,290,82,2425,145,0.9583333333333334,0.033758423691899186,0.12762134117739565,0.9130434782608696,0.06510775676954894,0.43729273360853493,0.9795918367346939,0.11477202156289623,0.5470380262333137,0.9795918367346939,0.031015662298412794,0.23826895462701247
tAni,154,123,557,101,0.8095238095238095,0.023934120584222063,0.11180437407534771,0.6842105263157895,0.0653132211229861,0.3438789579219592,0.9361702127659575,0.09933223280841863,0.46978784659095263,0.9361702127659575,0.02031246141239884,0.14207667826720893
tAsAm,77,26,148,145,0.8888888888888888,0.0451606743762597,0.20843736516003752,0.9361702127659575,0.07057974425275215,0.42666421952579847,0.9583333333333334,0.11250250975988962,0.5103331397203041,1.0,0.05644683970088371,0.2752067355631782
tAvat,38,170,442,116,1.0,0.04025890355848394,0.35235948695365304,0.9130434782608696,0.06847483171435642,0.511571698901781,0.9583333333333334,0.11097026935107979,0.6183361537729646,0.9795918367346939,0.05509237540123624,0.34965042075040187
tEH,32,35,919,90,1.0,0.029974954650198504,0.17848629195697774,0.9795918367346939,0.09831270475561349,0.5337821108179197,1.0,0.1683234004894505,0.6180122729643124,0.9583333333333334,0.04022865568929557,0.13789843299203475
tO,133,75,1442,78,0.9795918367346939,0.06006562613592159,0.22477438162341756,1.0,0.11043350862791712,0.5103190396583981,0.9361702127659575,0.1074448884840935,0.48684980519867704,0.9583333333333334,0.03331709227600432,0.22860233304844846
tUzRIm,12,7,111,135,1.0,0.02580046315943918,0.023665761429187082,1.0,0.07134860873092397,0.4576283956018088,0.9795918367346939,0.08686134782689847,0.5478894496770099,0.9583333333333334,0.02447439608763169,0.31811688242039504
taTA,188,938,10801,857,0.9583333333333334,0.04221688704191917,0.27698862391086065,0.9795918367346939,0.1031654164497251,0.46063033967982503,0.9795918367346939,0.11649212761160499,0.5009147676193283,1.0,0.037847329672113794,0.18545650234281608
tad,48,1002,927,682,0.9795918367346939,0.04814690469267757,0.2008673958411742,1.0,0.08779906793152725,0.5661414812433314,1.0,0.11519078769545144,0.5805853770486025,0.9795918367346939,0.026874163354486336,0.2726177532023899
tadA,25,195,5477,116,0.9795918367346939,0.05582837240068039,0.3469991507160727,1.0,0.1210691766280072,0.5959551349790557,1.0,0.1665997996958667,0.5828517955554977,0.9795918367346939,0.016653691333297305,0.20231044883185967
tam,1312,538,7036,470,0.9795918367346939,0.033187873891236896,0.14154731452858904,0.9583333333333334,0.06873335682094406,0.43443612395661724,0.9361702127659575,0.08598972226881141,0.461697367492671,0.9130434782608696,0.050885916168867285,0.20127593338921856
tamaH,109,45,321,15,0.9795918367346939,0.0488355538235431,0.3568573943330615,0.9583333333333334,0.10257603386114633,0.5295951955982837,1.0,0.08814902793919344,0.5385750366863593,0.9795918367346939,0.021133379476365288,0.2864364093578994
tapaH,71,86,1294,110,1.0,0.051728388286008675,0.36152682177047246,0.9130434782608696,0.06790195798039111,0.5099760871817857,0.9795918367346939,0.12099545667862976,0.561589049940806,0.9361702127659575,0.03925673523342299,0.22854295269954994
tapasA,52,28,628,26,0.9795918367346939,0.01725983706030909,0.15336906717753784,0.9583333333333334,0.10253906602253549,0.5618867738608614,1.0,0.11201122574087718,0.4977776570838244,1.0,0.01620130947839027,0.054931272609429094
taptam,7,5,63,5,1.0,0.00815874205572742,0.04067653324824139,0.9795918367346939,0.06528393480822015,0.4119639580188129,0.9795918367346939,0.06796555106069724,0.4119674041185113,0.9583333333333334,0.012195161031265167,0.028003023652378833
tasmAt,602,949,2239,325,0.9361702127659575,0.05074120704731089,0.2699118450973492,0.9130434782608696,0.06632047783807815,0.38066005252857815,0.9361702127659575,0.07983428222235578,0.4008695383623353,0.9361702127659575,0.03145629044552789,0.18381187645331276
tasmE,241,77,460,62,0.9795918367346939,0.05769461638918516,0.19943166816127122,0.9361702127659575,0.0843763969312934,0.49476386217534785,0.9795918367346939,0.08786107757963602,0.4973081607249943,0.9130434782608696,0.039725777033769116,0.1546131318784878
tasmin,120,167,1495,167,0.8372093023255813,0.04783470245046806,0.28318881323214795,0.8372093023255813,0.09361246473297824,0.38487068659267454,0.9795918367346939,0.14650722714851683,0.5291285544329297,0.9795918367346939,0.033502226683725156,0.4071605302718544
tasyAH,118,85,461,123,0.9583333333333334,0.07754579770234193,0.4290304589462559,0.9361702127659575,0.11633356018927865,0.557454020936047,1.0,0.11083345029707181,0.5535287650176702,0.9795918367346939,0.05331770836305816,0.2572776308799608
tasyAm,30,28,272,54,1.0,0.03810938844486156,0.1891229057783771,0.9361702127659575,0.0836504594787062,0.5088448821437863,1.0,0.10115352002530087,0.5540792544374782,0.9795918367346939,0.012008799590263353,0.058491978890949925
tasyE,40,6,22,19,0.9795918367346939,0.04245062308769698,0.20183681577529589,0.9583333333333334,0.06433767232211929,0.3482064800471856,0.9361702127659575,0.05966170864538656,0.34461093056805947,0.9583333333333334,0.01811187406618231,0.16807521765420885
tasya,619,634,5299,675,0.9583333333333334,0.05622849300211785,0.18100997255850237,0.75,0.08190551781063504,0.3645604704340947,0.9795918367346939,0.11495714114038125,0.4238850447676352,1.0,0.03566326532348385,0.2081007784915072
tat,3246,2453,9467,1398,0.9795918367346939,0.03863591198387706,0.17643771117912554,0.9130434782608696,0.05828337748990098,0.34753387120122703,0.9583333333333334,0.06961997052280289,0.4341562217360071,0.9361702127659575,0.03875179947918672,0.19903362908065914
tatas,269,308,12191,609,0.9795918367346939,0.04240707578939629,0.3391123322061629,1.0,0.07631961307034751,0.47890067013395665,0.9795918367346939,0.0664412335293112,0.5439060511582623,1.0,0.04502073544033103,0.43604954253375516
tatra,144,615,5794,895,1.0,0.03206395713080146,0.23627129878039166,1.0,0.08274316989863972,0.4975025365499477,0.9361702127659575,0.1116776539389478,0.5841614528062098,0.9795918367346939,0.03405581793011436,0.3350043658843569
tava,430,85,3962,35,0.9795918367346939,0.06136624333889262,0.4027900317895552,0.8888888888888888,0.07559178236633568,0.4221661707540424,0.9583333333333334,0.09293408813023152,0.48326552644460175,0.9361702127659575,0.0568257693667672,0.2979529743610625
tayA,86,112,328,70,1.0,0.0626527764531778,0.29931603595790834,1.0,0.09473276216087467,0.5652648511026033,0.9795918367346939,0.08663974138637953,0.501297879949861,1.0,0.049019636654247134,0.2915009147355738
tayoH,45,45,547,173,0.9795918367346939,0.033558257849011786,0.20442849461449653,0.9361702127659575,0.09445741776338001,0.540382140081588,0.9795918367346939,0.08809129894884604,0.5753629007403747,0.9583333333333334,0.030558266122831412,0.25738331254825464
te,4035,707,11345,737,0.9795918367346939,0.04190930447114827,0.20142311949086977,0.9583333333333334,0.07137676451532227,0.36419051353356036,0.9795918367346939,0.08951881840396902,0.435108958241902,0.9795918367346939,0.058961091394224896,0.20307807435003955
teByaH,100,37,182,49,0.9583333333333334,0.0628133734781201,0.357563243902147,0.9583333333333334,0.06939184812688204,0.3742615748122853,0.8636363636363636,0.06015648469792356,0.28232952887844975,0.8888888888888888,0.03816770108970058,0.1761705906137796
tejaH,109,183,535,45,0.9583333333333334,0.08925754635949379,0.43982570079757444,0.9361702127659575,0.09779483032953806,0.5128892641798879,1.0,0.11093944068319495,0.5178650363425222,1.0,0.078582502384838,0.3179753088159213
tejasA,33,20,617,5,0.9795918367346939,0.03003646169412255,0.2028772671607788,0.9583333333333334,0.07658435161785682,0.5882788289947424,1.0,0.11149126425418954,0.6032930864544392,0.9583333333333334,0.009999642826327926,0.05352229753607074
tena,608,366,2489,623,0.9795918367346939,0.04727569132997356,0.3013677201740662,0.9130434782608696,0.06689704673998575,0.4457780395280557,0.9795918367346939,0.12860096666695864,0.5951980532539733,0.9361702127659575,0.03647244982057374,0.1946645257965688
tezAm,141,189,2057,281,0.9583333333333334,0.04673066826541794,0.26296763670219936,0.9795918367346939,0.08150131307016761,0.5302636130544061,0.9130434782608696,0.08842338229859348,0.5340947839740011,0.9795918367346939,0.025570598978570724,0.19806128659712852
tezu,20,33,437,84,0.9583333333333334,0.029016869601916517,0.20524146747236593,0.9795918367346939,0.10178753137281005,0.6795654015934117,0.9795918367346939,0.09770068980575031,0.6355335205839215,0.9795918367346939,0.020548600176949483,0.2672411045864935
tftIyA,7,9,13,19,0.9361702127659575,0.022295530592781554,0.08753029575448434,0.8636363636363636,0.05776156066457361,0.20146281614209716,0.8636363636363636,0.05676357807923149,0.34242248165409683,0.8095238095238095,0.031958346948994465,0.24233248912488836
tftIyaH,27,31,32,23,0.6486486486486487,0.028808459563354205,0.11253021913610217,0.8095238095238095,0.07367924600105691,0.4185114715031142,0.8372093023255813,0.06734230672258723,0.31778867280298473,0.717948717948718,0.018023438377871015,0.09945286312930757
tftIyam,97,32,71,95,0.6842105263157895,0.04353223339488299,0.17045945363688075,0.9361702127659575,0.07126089590379936,0.35188679132266887,0.8888888888888888,0.06283198204211027,0.43322756040930543,0.717948717948718,0.03403785480997057,0.22834996616215175
tftIye,34,7,10,73,0.75,0.020415330143842336,0.13419141184739947,0.8636363636363636,0.056428905087109515,0.2774841462942268,0.8636363636363636,0.05244150092894462,0.3529412058481112,0.7804878048780488,0.02472663413038456,0.2643261494892378
tila,5,5,59,147,1.0,0.021790961224132488,0.07592367460959393,0.9795918367346939,0.06323720720979509,0.41686940177893383,0.9795918367346939,0.1913617784045012,0.5973386762073792,1.0,0.09381321399834586,0.4580876804300904
tisraH,127,24,68,261,0.9583333333333334,0.029705574883032382,0.16629744403697377,0.8888888888888888,0.04521354309280934,0.22467119039937578,0.8095238095238095,0.05630514644436335,0.26582242254189226,0.9130434782608696,0.03844117547990755,0.18015052209888738
tizWan,25,26,62,28,0.9795918367346939,0.07627378062583223,0.34070629177260503,0.9795918367346939,0.10559640999041942,0.5190576687471098,0.9795918367346939,0.11866373497600458,0.633757786916423,1.0,0.06616946183701766,0.2699616320860033
tizWanti,34,8,145,5,0.9795918367346939,0.05036061512273138,0.1502506255582241,1.0,0.06805295077302131,0.3802167436018552,0.9361702127659575,0.06234704788868717,0.4483719042077724,0.9795918367346939,0.02758895107668624,0.2031262542401313
tizWataH,5,6,38,8,0.9795918367346939,0.023410263835289657,0.09083159903321736,0.9795918367346939,0.0647073317193263,0.3583628281875688,0.9361702127659575,0.051122110610967275,0.354955107637565,0.9583333333333334,0.00870777533796463,0.06405704792411204
tizWati,64,31,282,19,0.9795918367346939,0.03744527819575416,0.16565709876632173,0.9361702127659575,0.06496975275242445,0.39821216926938807,1.0,0.07306846996427518,0.4788842003191165,0.9795918367346939,0.032292883837476305,0.2278996380035796
trIRi,116,36,106,101,0.8888888888888888,0.02531696017236651,0.18291778410875215,0.8636363636363636,0.04387650713760516,0.3006975015112241,0.8636363636363636,0.06443942236202438,0.23567121468004704,0.8095238095238095,0.020812750428270688,0.11052286827135749
trayARAm,5,15,79,45,0.9361702127659575,0.0156279876588431,0.09955582613457092,1.0,0.08707786202410439,0.34271131693159596,0.9583333333333334,0.061859387733495086,0.272903664059329,0.9795918367346939,0.01652414427774973,0.05843297083223731
trayaH,137,47,307,109,0.9583333333333334,0.036694478517929174,0.2097410320363644,0.9130434782608696,0.05219047581088143,0.31674727855765994,0.9795918367346939,0.08089073737881114,0.46625037610723796,0.8888888888888888,0.037423668654833375,0.18588637877041647
tri,238,47,306,349,0.9130434782608696,0.03909058044805547,0.2769060777495782,0.8888888888888888,0.06483676005367622,0.4275540238498,0.9130434782608696,0.08475581772363294,0.3913228067196466,0.9361702127659575,0.03253638022902239,0.20596780635594691
triBiH,20,18,549,65,0.9795918367346939,0.026281605228822835,0.26593260836080024,1.0,0.08293361446259395,0.5433741081254302,0.9130434782608696,0.08405436613597828,0.6079551140404628,0.9361702127659575,0.04265730133512635,0.2745303223068766
triDA,6,8,83,11,0.9795918367346939,0.016394862679552813,0.09210567594038443,0.9583333333333334,0.1016843726083907,0.428913929540633,0.9583333333333334,0.07552809396642068,0.35939922281281944,1.0,0.05878761659863774,0.37637010136848403
tris,161,16,51,195,0.9795918367346939,0.042747451619571386,0.30433627091788074,0.9583333333333334,0.07506347907778388,0.3183292840343681,0.9361702127659575,0.0913203569329536,0.25333648739288217,0.9795918367346939,0.08523899987722816,0.2800227588147137
trizu,14,14,266,48,0.9795918367346939,0.01346032988139434,0.14712459340651085,1.0,0.08919500368230404,0.5372511025976676,0.9795918367346939,0.09066402048731415,0.614564207053745,1.0,0.03308331999252523,0.3067560611167901
tu,161,854,14316,1774,0.9795918367346939,0.04257250183091177,0.23803868227722313,0.9795918367346939,0.11693545418287865,0.5568827510455706,1.0,0.08254323656347207,0.42192346448700513,0.9583333333333334,0.017901525741238378,0.14726001332397431
tuByam,86,30,150,19,1.0,0.07603846043607321,0.34814564639141876,0.9361702127659575,0.05916493907471976,0.31559636709157246,1.0,0.08397265116515673,0.4066875304803861,0.9795918367346939,0.06866744922652956,0.21022086370481374
tvA,1800,49,250,375,0.9795918367346939,0.0640660040637091,0.1979062909776752,0.8095238095238095,0.07014461048525933,0.38386943345042446,0.9361702127659575,0.07873648021810276,0.43270466098767724,1.0,0.0755611458340002,0.16310716425450922
tvAm,237,51,1756,53,0.9583333333333334,0.07562062248613521,0.24229057386764896,0.8636363636363636,0.06414535557491574,0.42683037488194886,0.9361702127659575,0.11528018727560496,0.5014791939558666,0.9130434782608696,0.048473087902771494,0.29309593377830834
tvAt,5,1270,457,649,0.9795918367346939,0.03874776714822614,0.44405424678510963,0.9361702127659575,0.0882708703446492,0.7504317401963945,0.9361702127659575,0.1092367968326976,0.706293350279857,0.9795918367346939,0.0345515477087599,0.4986025794743727
tvAya,66,11,14,14,0.9795918367346939,0.03526496483525954,0.27350514681345217,0.9583333333333334,0.09312480510894117,0.2453260546812699,0.9795918367346939,0.07649675777242693,0.3036863524434308,0.9795918367346939,0.022206429046969234,0.2695175421534409
tvAzwram,5,5,7,5,0.9795918367346939,0.010430190911265957,0.03962265643795582,0.9795918367346939,0.0583365802889243,0.30496055612845163,1.0,0.07192075938892517,0.2929474642543839,0.9583333333333334,0.011829003273148953,0.018561820110858496
tva,7,491,16,117,0.9361702127659575,0.02543014664053378,0.3210736894615276,0.9583333333333334,0.09900954641479431,0.3297445466984745,1.0,0.11409134567489188,0.31293018397141925,0.9795918367346939,0.025890960922791972,0.38113851700004875
tvac,10,24,75,18,0.9361702127659575,0.03275512583976836,0.27541769472187205,0.8636363636363636,0.05742531306486809,0.384178716776135,1.0,0.13814648235286464,0.45789525405066134,0.9795918367346939,0.024677493705425713,0.21153830871512147
tvam,1143,956,5843,417,0.9583333333333334,0.07290623050706424,0.39232141173303936,0.9795918367346939,0.08339306732800911,0.4353603725364974,1.0,0.095193721879125,0.3821789810323588,0.9583333333333334,0.036992749892018395,0.18457790586633605
tvasya,8,29,5,7,0.9795918367346939,0.029009535869011227,0.2629317395404469,0.9795918367346939,0.12701078337314364,0.39820524118553524,1.0,0.07437221209571776,0.317778091416844,1.0,0.015935249982910515,0.0880371186535942
tvayA,93,36,2150,17,0.9795918367346939,0.03017411516308377,0.20186174165857595,0.8888888888888888,0.06214172253797523,0.40025085525909665,0.9795918367346939,0.09710669494385227,0.4608063483996594,0.9795918367346939,0.038087160366274575,0.21422472577195706
tvayi,32,11,516,8,1.0,0.05259766212922434,0.3470074538499016,0.9795918367346939,0.1361110097061472,0.6019151957847134,0.9795918367346939,0.08074305803577442,0.532822593697297,1.0,0.03523387627789598,0.2726163226156296
tve,107,174,93,60,0.9361702127659575,0.03986418092482635,0.39393469160837047,0.9795918367346939,0.11788412373611645,0.4108703535871472,0.9583333333333334,0.08703039288061054,0.36967217810640385,0.9361702127659575,0.038823925005178506,0.27171994182693004
u,1776,182,95,266,1.0,0.025351687245846355,0.22749210715692758,0.9795918367346939,0.09364640194377394,0.3182776773761635,0.9795918367346939,0.1218336920114027,0.5655696939335262,1.0,0.0965980026345874,0.27446166003764805
uBO,43,31,708,45,0.9795918367346939,0.04716117160169686,0.20518229031387092,0.9583333333333334,0.13121538960563583,0.6433247760184128,0.9583333333333334,0.09412280291390518,0.5269402986412388,0.9795918367346939,0.012370700122262268,0.07122355534886526
uBayam,14,43,72,58,0.9583333333333334,0.029806409116658883,0.13797027621231817,0.9795918367346939,0.06083344867246887,0.20906208958071026,0.9795918367346939,0.07462542267686512,0.45922245052465427,0.9795918367346939,0.041985034242422614,0.3207696503300079
uBayatas,30,5,31,87,1.0,0.03206710450415773,0.15968356810423034,0.9795918367346939,0.07374614300077453,0.28190216097867493,0.9583333333333334,0.09591095958550822,0.31348864428417667,0.9795918367346939,0.033138751819522194,0.18726708016749538
uBayoH,20,9,178,85,0.9583333333333334,0.02933835853269462,0.13129372116773586,0.9583333333333334,0.06796400033616634,0.4018019672705886,1.0,0.08191203154066129,0.5421853783538491,0.9583333333333334,0.020498478292139577,0.20558624618235777
uBe,165,27,111,25,1.0,0.04284372823607041,0.4446681895500997,1.0,0.10923015648920298,0.4873747966668145,0.9795918367346939,0.10607810734058853,0.5590151958293419,1.0,0.05512295666659939,0.19531428399404605
ucyate,41,525,577,249,0.9583333333333334,0.022897845376925074,0.16403565709512957,0.9795918367346939,0.11219787107101009,0.42668801155484726,0.9583333333333334,0.08483308879570639,0.4335418290076194,0.9583333333333334,0.024336965023355916,0.26230701215481367
uda,23,22,18,45,0.9795918367346939,0.015254515914246203,0.0841770829808286,0.9795918367346939,0.08498942404615006,0.3334917070401726,0.9795918367346939,0.08045697561096954,0.3166134207061593,1.0,0.03488200717857404,0.25526101488412367
udak,8,9,41,162,0.9583333333333334,0.045536319721908525,0.21403339132308685,0.9795918367346939,0.07415984871707315,0.47251498518540136,0.8636363636363636,0.076447803974237,0.4371696605261556,0.9795918367346939,0.05241163671445348,0.4739545077341678
udakam,41,29,151,61,0.9583333333333334,0.021292072113431648,0.14080931573931577,0.9583333333333334,0.07411280994317804,0.4832391235408262,0.9795918367346939,0.08751262149095484,0.49994800987033994,1.0,0.011610223836405531,0.2067453233640637
udake,5,15,40,15,1.0,0.014015248260949797,0.045534250187365344,1.0,0.07205149020611112,0.40318352384321554,1.0,0.07825656195927877,0.35421172905431064,1.0,0.008174089952310726,0.11676049885322026
udaram,24,7,32,6,0.9583333333333334,0.01824130871151297,0.07857398195185883,0.9583333333333334,0.05602209955453097,0.40582606072998506,0.9795918367346939,0.06974076027164933,0.4000896758435928,0.9795918367346939,0.009593503971535466,0.0297738133116785
udgAtA,30,29,7,15,0.9795918367346939,0.06442822531341563,0.14499315038104843,0.9583333333333334,0.06732290002290109,0.2785839960772639,0.9795918367346939,0.05508670563164364,0.21847200682757428,0.9795918367346939,0.07513116542131992,0.29199601526573615
uditaH,5,7,43,5,0.9583333333333334,0.014676485868636013,0.054848234547035135,1.0,0.0874879308183949,0.41318672834277537,1.0,0.09837821512377432,0.4604104880815687,0.9795918367346939,0.008810005418825817,0.016712723242272687
udite,30,8,22,24,0.9795918367346939,0.02123873152019229,0.23027773215701097,1.0,0.06949567766567655,0.3833554132884138,1.0,0.1377738467511952,0.49536930550192904,0.9583333333333334,0.04614715115699919,0.13250639392384422
ugra,58,5,225,9,1.0,0.030142595484694334,0.2725020712454539,0.9795918367346939,0.10447414250531795,0.6744546293802889,1.0,0.08178937959868715,0.6409416339904429,0.9795918367346939,0.02378997537782923,0.22956034361770927
uktam,137,379,582,320,1.0,0.07300111317504099,0.41079541607591785,1.0,0.07563625858915723,0.45656347693323907,0.9795918367346939,0.128963441858284,0.4832067801291974,1.0,0.07496599838147111,0.3372416143233411
upAsIta,10,128,20,5,0.9583333333333334,0.04453473300601729,0.206355058369168,0.9795918367346939,0.09256036656768696,0.43535107512683113,0.9583333333333334,0.06594286057589627,0.23835872172559824,0.9361702127659575,0.00908351970113297,0.04671537677701387
upa,877,22,5,125,0.9361702127659575,0.038448633449866154,0.31029564387157516,0.9795918367346939,0.050127056333589826,0.14569690849610917,1.0,0.09842574420660366,0.3116523934486136,1.0,0.08549385818582056,0.32833963469303185
upari,30,19,122,74,0.9795918367346939,0.031470309917775,0.23795991042860265,0.9583333333333334,0.07747571360389727,0.5502233574984239,0.9795918367346939,0.1456817072611173,0.5976668746854426,1.0,0.06888258835341077,0.403201996669732
uparizwAt,33,10,20,53,1.0,0.040649978684986876,0.11664992708047461,0.9361702127659575,0.044459168219048606,0.1630978870274582,0.9795918367346939,0.050531269893684394,0.2538731160677481,0.9583333333333334,0.02174898985850593,0.13252973330357265
upaviSya,6,7,14,60,0.9795918367346939,0.02910674623911924,0.06621806875325675,0.9795918367346939,0.03821266660385103,0.3648084331480743,0.9361702127659575,0.05992416085732877,0.3961552425606243,1.0,0.04851346337785423,0.3262166930587639
upetya,5,8,86,14,0.9795918367346939,0.010856717173492791,0.02353597978231292,0.9795918367346939,0.06957734843926267,0.42197585510194224,1.0,0.13858951620676396,0.6783648396114599,1.0,0.048108225758551004,0.40189618692272977
uta,1326,70,490,70,0.9795918367346939,0.03528385670051959,0.3489416228420913,1.0,0.08946536182259313,0.5125014086596318,1.0,0.11259947836565865,0.6154700038227673,0.9795918367346939,0.06371828026033122,0.15691667931429343
uttama,6,9,371,21,0.9583333333333334,0.04832769258591796,0.3083316093863342,0.9130434782608696,0.10808823511435628,0.663965491270998,0.9361702127659575,0.11727278420084442,0.7132349278105727,0.9583333333333334,0.025096361150297786,0.31926631303506015
uttamaH,40,5,220,55,0.9583333333333334,0.04128976018085262,0.2671840484707241,0.9583333333333334,0.10333555689508511,0.5137854844615112,0.9583333333333334,0.15503193843560492,0.693369060730882,0.9583333333333334,0.025491002146250108,0.3502039899051539
uttamam,56,5,912,59,0.9795918367346939,0.020603018473470902,0.11237839049184806,1.0,0.08378851815832744,0.5679582790561317,0.9361702127659575,0.07951158691486582,0.7051571749671482,0.9795918367346939,0.02484331440121368,0.19925812421055777
uttara,28,54,67,155,0.9361702127659575,0.08451532794953254,0.4625831866652903,0.8636363636363636,0.06904515403080713,0.4171582489615401,0.8888888888888888,0.0669496911256311,0.31079929815996676,0.9130434782608696,0.04534559850155662,0.28148023028800484
uttaraH,56,21,89,55,0.9583333333333334,0.04407378996996025,0.255685361423861,0.9361702127659575,0.06978595272619059,0.4130869152348775,0.9130434782608696,0.07364503158204538,0.431806317359969,0.9130434782608696,0.030996103705390077,0.2318053020518256
uttaram,66,25,243,167,0.9583333333333334,0.04100537243461677,0.18676216236009036,0.9361702127659575,0.09009399513166094,0.41777508475307035,0.9130434782608696,0.05891811045289874,0.3351506821027098,0.9130434782608696,0.027633527729881036,0.17165392032355797
uttaratas,13,13,8,99,0.9583333333333334,0.04484128072528515,0.1563106834191309,0.9795918367346939,0.04028130303696198,0.23173947132123163,0.9583333333333334,0.06047548308374773,0.325032088836678,0.9795918367346939,0.04037556327503544,0.2977814305650953
uttareRa,19,9,39,157,0.9795918367346939,0.0362511023866251,0.1831867140757506,0.9795918367346939,0.11499993850412515,0.4313603409954473,0.9130434782608696,0.057977944045636165,0.3996417145507619,0.9795918367346939,0.05633770961576634,0.35340902519245343
uvAca,84,575,8622,40,0.8888888888888888,0.07441187031614716,0.21127401784747635,0.9130434782608696,0.07838583617218153,0.4018816297440583,1.0,0.12339204307258167,0.5277853169048203,0.9583333333333334,0.09472121529832678,0.2477486869419414
vA,897,933,5514,3609,1.0,0.02280137036163632,0.15661095562837257,0.9795918367346939,0.06222768785007804,0.36800945615506464,0.9795918367346939,0.08238911762630197,0.4156353822888277,0.9795918367346939,0.031855824901395935,0.23595635112364954
vAc,231,464,449,108,0.8888888888888888,0.030007925350820974,0.16190116489479478,0.9795918367346939,0.074297503488295,0.5258260668153034,0.9795918367346939,0.08876204887729133,0.5968726759197394,0.9130434782608696,0.06486029897134404,0.31991998156336354
vAcA,116,83,277,30,0.8636363636363636,0.06158340569253751,0.20861056852236137,0.9130434782608696,0.1225529750201716,0.4113516226640139,0.9361702127659575,0.1118999293259949,0.5332759430724732,0.9361702127659575,0.09025710145319199,0.32910921221438827
vAcaH,149,66,185,25,0.9130434782608696,0.0213653849005232,0.22328162007837038,1.0,0.07348221825105494,0.5082567758265923,1.0,0.11512234464788385,0.6697294765152004,1.0,0.05745387440767913,0.37817059847262324
vAcam,233,51,166,73,1.0,0.034845830094404895,0.21669273387061616,1.0,0.07347977068337286,0.35612849828777315,0.9361702127659575,0.07987596166743005,0.4810995364537908,0.9361702127659575,0.054840687508968755,0.262612629428975
vAci,34,28,13,21,0.9795918367346939,0.05595659345635817,0.1867069654494895,0.9361702127659575,0.08666953273367783,0.26666045849836806,0.9795918367346939,0.0791832496367334,0.3317550993797729,1.0,0.10023423340861082,0.4029169704661848
vAdinaH,19,8,152,10,0.9795918367346939,0.025151788191754232,0.1288858234495387,1.0,0.08354139228517377,0.4453411945803357,0.9361702127659575,0.0677569129229354,0.46145577256522197,0.9795918367346939,0.020078346189347784,0.08630223622289523
vAkyam,6,40,1784,17,1.0,0.035737564419093815,0.34141966936680124,1.0,0.13168809631440503,0.5776376569486105,0.9795918367346939,0.09921866111026556,0.5312900514274554,0.9795918367346939,0.007867793623832608,0.11625792515941258
vAm,429,13,41,106,0.9583333333333334,0.052400798229069845,0.37390526516000056,0.9795918367346939,0.07592472932950789,0.39990373487081676,0.9583333333333334,0.1097683560457483,0.39230542592162265,0.8636363636363636,0.05422191826728939,0.26170324146750623
vAsAH,15,6,46,18,0.9795918367346939,0.026531786296773996,0.10540886591963905,0.9361702127659575,0.07506331764573704,0.4678484674827714,1.0,0.10417565742685408,0.4860502344959958,0.9583333333333334,0.018909459225387115,0.08011497980586701
vAsaH,45,32,141,73,0.9583333333333334,0.01696831784110664,0.17194322030194154,0.9795918367346939,0.055050577315797766,0.5800821548487236,0.9583333333333334,0.08579954030148085,0.5325244026186007,1.0,0.027192076764012807,0.22421499867198214
vAta,63,6,214,16,0.9583333333333334,0.022821770262170804,0.21151841004467253,1.0,0.08218845443764944,0.6036660805704357,1.0,0.11559500833468339,0.6844525501209325,0.9795918367346939,0.020075762229259553,0.18502366570453133
vAtaH,146,7,30,8,0.9795918367346939,0.03393667780659271,0.26163003615082836,0.9795918367346939,0.058706340809736246,0.41687054204506413,0.9795918367346939,0.09159475068881073,0.4559991559782577,1.0,0.028204122602839443,0.149262678641766
vAyo,57,5,5,32,0.9583333333333334,0.08657059970814873,0.4657980294802635,1.0,0.09706666324200375,0.32197298212053327,0.9795918367346939,0.11213281161780186,0.41876033291654136,0.8888888888888888,0.08903836222448835,0.2618689777085307
vAyu,7,57,185,5,1.0,0.06543096336105725,0.3654667297769367,0.9583333333333334,0.08303847235184758,0.5264276316935456,1.0,0.07482279580535989,0.5969977309933322,0.9361702127659575,0.008100858084857054,0.050445108697382945
vAyuH,111,124,379,24,0.9583333333333334,0.027530418701324333,0.1424939642835199,0.9583333333333334,0.07637666543428479,0.3411266468723688,0.9795918367346939,0.09834549017536687,0.47597588448065553,0.9130434782608696,0.03779808366880222,0.21571546590363622
vAyum,43,44,42,6,1.0,0.0710369431821557,0.36538284094439444,0.9361702127659575,0.042115667218369346,0.25826026251506673,0.9361702127659575,0.09859975232876583,0.42935763143506434,0.9795918367346939,0.04687760602140878,0.2843514611541934
vE,3199,1098,4896,339,1.0,0.06557256872728634,0.2253407908921572,1.0,0.0457899977015791,0.38460864601948086,1.0,0.0870370166923089,0.41453184701002654,1.0,0.08815347570685328,0.28617504855202136
vESvAnara,22,11,45,7,0.9583333333333334,0.047644656628946125,0.2767563347386519,0.9795918367346939,0.17762725070004615,0.5357202913240202,0.9361702127659575,0.10898742086694502,0.46344447926581744,0.9795918367346939,0.05944516112586751,0.22422313604324295
vESvAnaraH,68,22,12,27,0.9795918367346939,0.0396934102767712,0.22672636169127158,0.9583333333333334,0.08228301666084847,0.3183802229061282,0.9795918367346939,0.08199165721721169,0.3391617090361334,0.9795918367346939,0.05913421974462296,0.2708751480624769
vIraH,99,5,598,14,1.0,0.028842766877645643,0.3287228497604673,0.9795918367346939,0.07474880127576333,0.6039177046779152,0.9583333333333334,0.10236140011408135,0.6140141620066555,0.8888888888888888,0.03982749470982572,0.31129323424872635
vIryam,218,24,356,15,0.9583333333333334,0.06191790579636658,0.28140241949123856,0.9795918367346939,0.10972072906003028,0.48001086807372184,0.9795918367346939,0.09544239473704741,0.5972211587533397,1.0,0.14600824345085683,0.544562057513809
vIryeRa,41,6,159,8,0.9795918367346939,0.03303977471825015,0.17462781192616594,1.0,0.08222070437515072,0.5625258076955855,1.0,0.07332382396127946,0.5143859510202642,1.0,0.04311327095542061,0.2448974720078031
vIta,11,7,109,9,1.0,0.012485922385424342,0.12227116250645409,1.0,0.07422357724327733,0.5575479756075639,0.9795918367346939,0.0919761374788024,0.5959400006326552,0.9795918367346939,0.013595604756703739,0.20034229036657758
vaDena,26,6,44,7,1.0,0.011597032601626367,0.0451630423329179,0.9795918367346939,0.049906783703826285,0.37925947120122105,1.0,0.06985066572968146,0.41080652023963804,0.9795918367346939,0.008070670884090192,0.06243187127278904
vaH,1051,26,744,252,0.9583333333333334,0.06802577943473442,0.30677553446433303,0.9361702127659575,0.0860579619130053,0.45164167588383863,0.9361702127659575,0.07862199790424951,0.47647603904197133,0.9361702127659575,0.06336069135171418,0.17578703205368273
vacaH,117,20,1516,5,0.9795918367346939,0.05513010080630998,0.33520278686780147,0.9795918367346939,0.08615823458229799,0.5272247221733875,1.0,0.0833993024592189,0.5371242859090875,1.0,0.02709435795525572,0.27319055731571706
vadan,11,5,15,9,1.0,0.01236573962044829,0.10385520951518323,0.9583333333333334,0.06786248532994787,0.40465018582964607,1.0,0.06157953310633635,0.40635103767590064,0.9795918367346939,0.005657082798069202,0.018826165858721655
vadanti,48,20,155,13,0.9583333333333334,0.027664551852181307,0.14860445521622911,1.0,0.07780454991705144,0.30745808883044656,0.9583333333333334,0.08014890281984355,0.40879023689868,0.9795918367346939,0.015620932173779023,0.14365931534494303
vadet,7,5,60,14,0.9361702127659575,0.03242849494369082,0.10959770933596347,0.9795918367346939,0.07118151950804763,0.30981796647801796,0.9130434782608696,0.05399705851459702,0.3429639665220652,0.9583333333333334,0.018354377302071123,0.03539858580884214
varDate,13,9,111,17,0.9795918367346939,0.014505318966324232,0.11436947209582937,1.0,0.11200698121696606,0.48437824808355545,0.9795918367346939,0.0678976163247148,0.4445771041180727,0.9795918367346939,0.02511230609134152,0.10724084523431876
varRAH,20,6,145,20,0.9795918367346939,0.016892015976589514,0.16837962380586902,0.9583333333333334,0.06891146529570469,0.4538701231584057,0.9583333333333334,0.11017785547787118,0.5018323407585932,0.9795918367346939,0.01635028214388079,0.22447132348014542
varRaH,18,11,94,19,1.0,0.01827946554604143,0.10835210171524845,0.9795918367346939,0.09817054557678806,0.45924410189071985,0.9583333333333334,0.10474015601091902,0.5128109072535767,0.9795918367346939,0.012723853546015573,0.1693378696187755
vara,7,5,1104,34,0.9795918367346939,0.016298889682494266,0.10359855126255213,0.9583333333333334,0.10940591165007907,0.7330023797293534,1.0,0.15835974299473443,0.7848197394980453,1.0,0.025726494182781168,0.17367177082089302
varaH,10,11,734,46,0.9795918367346939,0.03307968306211051,0.07025139777899536,0.9795918367346939,0.06981313855348348,0.5020924932198374,1.0,0.12596984980071135,0.744478578659654,1.0,0.017807844434781006,0.3327720169478149
varam,24,18,722,32,0.9361702127659575,0.05244487100064177,0.17425744082683692,0.9583333333333334,0.08581668087826966,0.5391380372540625,1.0,0.09156834900663369,0.5590872060556774,1.0,0.031120015712863047,0.1828818339582653
vartate,17,50,356,15,0.9795918367346939,0.02210878593536436,0.16831114699520255,0.9795918367346939,0.08129561066506463,0.5259653624566886,0.9795918367346939,0.09140501581520333,0.5112750727113138,1.0,0.018198009213140076,0.16789505040268726
varuRaH,316,19,115,46,0.8372093023255813,0.06904992386934894,0.35326629295465706,0.8372093023255813,0.07083193934247745,0.32690097744862856,0.9361702127659575,0.07649929249731713,0.279649531831236,0.8888888888888888,0.05426863955339967,0.24290145800673324
varuRam,58,8,39,11,0.9361702127659575,0.09281123747617892,0.45980535070548845,0.9583333333333334,0.07660267496580975,0.3244970066687465,0.9583333333333334,0.05808973312261079,0.39409777568990567,0.9361702127659575,0.07362275567117749,0.3683363522588745
varza,7,21,422,36,1.0,0.029592510808380323,0.18612844795483663,0.9361702127659575,0.12391821620624432,0.48570822014934145,0.9583333333333334,0.1292808289571008,0.551623492148163,1.0,0.01695607895716733,0.3363536914573524
varzam,20,6,266,10,0.9795918367346939,0.020541850428613007,0.05188169631774442,0.9795918367346939,0.09443485626476655,0.582348872580798,0.9583333333333334,0.10244101723972754,0.5842421116472094,0.9130434782608696,0.012553991994702751,0.08976423487493301
varzati,6,10,35,7,0.9795918367346939,0.045589283164316985,0.22920945243359003,0.9583333333333334,0.03813070500616167,0.30742963072903207,1.0,0.09418011432400941,0.4089997528566045,0.9583333333333334,0.009653027664348501,0.11713871571333678
vasati,9,11,102,5,0.9795918367346939,0.012512515375104116,0.05447813046435179,1.0,0.11022627147016206,0.48347375881767474,1.0,0.08698929470254302,0.5347609200736558,0.9795918367346939,0.007565988457331363,0.03914535185863954
vasavaH,93,18,97,11,0.8636363636363636,0.0415074494968134,0.2697790340485178,0.8095238095238095,0.03661648001984519,0.20449260641912803,0.9583333333333334,0.06673432288070524,0.2977584492901746,0.9795918367346939,0.057233866091958574,0.38233246692735545
vasizWa,17,8,45,7,0.9583333333333334,0.02823240945630201,0.16606431154159174,0.9795918367346939,0.07822995600607674,0.4820060782789466,0.9795918367346939,0.1039042687895313,0.4545238122665254,0.9583333333333334,0.018925679989682975,0.07335433891140442
vasizWaH,42,23,173,10,0.9795918367346939,0.05388521052240702,0.226422297845015,0.9361702127659575,0.09220786324279429,0.3845225406702787,0.9795918367346939,0.07293180190592397,0.38181741698687044,0.9795918367346939,0.024807728943903817,0.07689177555273252
vasu,229,22,151,48,1.0,0.05597935058038983,0.5728018180178092,1.0,0.06804431241764197,0.550893810525779,1.0,0.15063884854976262,0.5780719212498582,0.9795918367346939,0.10843663258295588,0.4011811354297984
vat,102,459,1114,428,1.0,0.05849129516790952,0.35202178958157826,1.0,0.13017506517536526,0.5655560162956351,0.9795918367346939,0.07867707673005164,0.610346352982377,1.0,0.07380276760787108,0.4040476810759075
vatsaH,50,7,29,11,0.9795918367346939,0.04074530848838631,0.21218963858659246,0.9795918367346939,0.05312484450321775,0.2911020564604859,0.9795918367346939,0.0742798745616049,0.2464375388335749,0.9795918367346939,0.024608677363243125,0.17106276493157302
vatsam,55,7,24,6,0.9795918367346939,0.04060430073729082,0.34435461607608997,0.9795918367346939,0.041566164764852975,0.3875577246773244,0.9795918367346939,0.06838025426585215,0.3976282098572621,0.9583333333333334,0.030805188612455736,0.22942547137781566
vayAMsi,17,10,21,8,1.0,0.0327438418390773,0.12510315940665073,0.9583333333333334,0.044449071252093075,0.31849611983293236,0.9795918367346939,0.07107788111480806,0.34033791627994503,0.9795918367346939,0.017333201637963258,0.06444486467606725
vayam,397,68,867,78,0.9795918367346939,0.035005689144592345,0.2426684542726706,0.9583333333333334,0.06025496033975364,0.4010240708669377,1.0,0.12022110632149374,0.4866618828727044,0.8636363636363636,0.05474935193177388,0.2933254827458127
vedAH,15,30,190,22,1.0,0.0808146295836103,0.4412898534762745,0.9795918367346939,0.08266585599800835,0.4457420646119339,1.0,0.10177347293881989,0.5383367886417822,1.0,0.06989046226480744,0.08014932407805919
veda,488,527,949,135,0.9583333333333334,0.028841084996999222,0.16312804149524052,1.0,0.12454628124778744,0.4986664095171074,0.9583333333333334,0.10678751444926371,0.5099059600656398,0.9795918367346939,0.04188618138851685,0.2843864825996927
vedaH,26,38,33,66,0.9795918367346939,0.05690733566295392,0.38694156345235853,1.0,0.10512137576823044,0.40294411754855786,1.0,0.1348330370948393,0.45582940760482193,0.9795918367346939,0.05930599611991749,0.34122679567666014
vedam,9,16,48,34,0.9795918367346939,0.04098219907059886,0.25287137861721587,0.9361702127659575,0.06994610086484254,0.3796507206234243,1.0,0.1037521456454561,0.3940683121525468,0.9795918367346939,0.012962291242710089,0.06759847566826815
vediH,16,5,11,31,0.9795918367346939,0.01572248811678445,0.03485251932194311,1.0,0.07572421557848452,0.30171383932074436,0.9795918367346939,0.09086216357181398,0.27364017263138907,1.0,0.029947330119020288,0.26489861776541224
vfkzam,26,8,105,6,0.9795918367346939,0.013752584816175029,0.052743393603485345,0.9583333333333334,0.055782689313280454,0.5095704824756367,0.9795918367346939,0.07965604777442514,0.4730102609964182,0.9795918367346939,0.010460639383762405,0.04993075527570445
vfkzasya,14,14,18,12,0.9361702127659575,0.014493393611288541,0.09287393076321226,1.0,0.05427093299582886,0.2526905348027635,0.9795918367346939,0.055853828533513616,0.21853307631631824,0.9361702127659575,0.008430257835112198,0.07637962411796839
vfzwi,5,12,17,5,1.0,0.04518569501392211,0.2669484405600242,0.9795918367346939,0.10335663705496256,0.4391336613266794,1.0,0.11713583682505158,0.5518851755187889,1.0,0.027873240486502193,0.08366733056302622
vfzwiH,17,10,45,18,1.0,0.03163316148832407,0.19922397993378282,0.9130434782608696,0.05789409916610888,0.38741819244678233,1.0,0.11264355496423162,0.5825682075882215,1.0,0.034896584822959764,0.1237947900026456
viSva,419,29,112,56,0.9583333333333334,0.045920688118664454,0.3585455741566297,0.9795918367346939,0.0991612962287135,0.4195674339065454,0.9361702127659575,0.09081282115692069,0.46243009591098483,0.9130434782608696,0.0931720117856566,0.27353697896951734
viSvam,204,12,94,13,0.9583333333333334,0.024816277772622963,0.21470094824058572,0.9361702127659575,0.0782922273697988,0.370396379898577,0.8888888888888888,0.07556298037064357,0.4188740584631403,0.8888888888888888,0.04851601028414676,0.19162324075285353
viSvasya,113,9,27,10,1.0,0.04009608276684262,0.273907047601035,1.0,0.09070342218079053,0.32292115168845137,0.9795918367346939,0.07482938934633754,0.342530367180755,0.9583333333333334,0.036462358602434075,0.20476447117589147
viSve,326,11,38,47,0.9361702127659575,0.06349417872635132,0.3929692792803301,0.8372093023255813,0.03826962760667796,0.243216403117545,0.9130434782608696,0.06299891262150237,0.23177099628724773,0.9795918367346939,0.07335131753350466,0.17921705168692847
vid,104,100,585,47,0.9361702127659575,0.07360142347364562,0.5418312394332021,0.9795918367346939,0.09867436141011332,0.45524720749269076,0.9795918367346939,0.12452250232439788,0.4604728723651209,1.0,0.07269537015953542,0.39833448141754824
vidaH,60,75,234,34,0.9795918367346939,0.046403286279027345,0.3617270676630475,1.0,0.13788119188606374,0.4913442918441928,0.9361702127659575,0.07413306391833396,0.39431141717279283,0.9583333333333334,0.030675460100545338,0.2160406806866373
vidam,36,9,14,8,0.9795918367346939,0.03622439163973146,0.40250655279909553,0.9361702127659575,0.06254006669121248,0.3865770740604717,0.9583333333333334,0.09400381446604678,0.5792118234754636,0.9795918367346939,0.0786999250456577,0.33654628537093023
viduH,89,64,352,31,0.9795918367346939,0.020879986789126725,0.18686342963644464,1.0,0.08196460714214315,0.4890865991986977,0.9583333333333334,0.0761045767468207,0.4310855159266589,0.9795918367346939,0.01677512161398398,0.18392196635453095
vidvAMsaH,15,22,61,5,0.9795918367346939,0.05561547175579318,0.15642330683784333,0.9361702127659575,0.08667782465978136,0.33810899911432446,0.9583333333333334,0.0733675816817464,0.3940597743156887,0.9583333333333334,0.010673259860778272,0.03486542184489383
vidvAMsam,13,5,11,6,0.9583333333333334,0.027011671422284778,0.07561594629828017,0.9795918367346939,0.06051874337036456,0.20333779617482262,0.9795918367346939,0.05369195408950467,0.2749530499517303,0.9795918367346939,0.012133855981732222,0.05275518958913772
vidvAn,196,188,269,63,0.9583333333333334,0.025020860698050096,0.16688069318779952,0.9583333333333334,0.08488040876871505,0.3785174979692991,0.9795918367346939,0.11515111763825026,0.4490916258120896,1.0,0.055010645298366745,0.28765220555249293
vidyAt,50,34,120,94,1.0,0.05823886209250462,0.22541169996991028,1.0,0.11704246914883198,0.4405689468647509,0.9583333333333334,0.14454691292055444,0.45610479638790413,0.9795918367346939,0.03352619413958802,0.18385117857538025
vidyate,9,66,599,32,1.0,0.03783783109003347,0.3541210736435396,0.9795918367346939,0.08993879405783889,0.3053456832713447,0.9795918367346939,0.06395618605798792,0.34930373681392424,1.0,0.006493072261061661,0.10984989835089498
vidyut,31,36,146,12,0.9361702127659575,0.051208492763066826,0.25393463623716517,0.9583333333333334,0.05002553656190345,0.3869405492146665,1.0,0.10798772314683958,0.5010119443245702,0.9795918367346939,0.014500323177275565,0.07163136973887685
vindate,36,23,64,5,0.9795918367346939,0.02328968504179796,0.16798307775062615,1.0,0.08192126195147731,0.39838197422415156,0.9795918367346939,0.07450566511795353,0.35851216357875404,0.9583333333333334,0.019845476932985995,0.1381561458191528
virAj,103,23,17,10,1.0,0.056180105683284465,0.24731015046175342,0.9583333333333334,0.05275518924199407,0.303159946415545,0.9795918367346939,0.08857273875887617,0.35686235851723014,0.9795918367346939,0.05394673182155818,0.3010356673065202
vittam,30,35,129,7,1.0,0.057256525756797516,0.3545864619911958,0.9583333333333334,0.09847017078921805,0.5522280848908385,0.9795918367346939,0.08434996362052216,0.3945735760483149,0.9795918367346939,0.017915755061409522,0.15147287313685864
vizRuH,83,7,288,34,1.0,0.05793062019173145,0.21288186949829946,0.9361702127659575,0.09146641898359731,0.4812849690521026,0.8888888888888888,0.06682196744261659,0.4335268138507071,0.9583333333333334,0.07386399160241564,0.21213298803198266
viza,40,10,113,35,0.9361702127659575,0.0275599704871633,0.4628248194240785,1.0,0.1978712882197894,0.5820547353967862,1.0,0.13157095182303136,0.5486239094743464,0.8888888888888888,0.01725819182064703,0.44638641250958533
vrIhi,6,19,19,16,0.9795918367346939,0.028828907424071626,0.15636223030756202,0.9130434782608696,0.0763339068439779,0.32735791516523005,0.9583333333333334,0.06168901652973968,0.27915601324909556,0.9583333333333334,0.011640212192200461,0.11013496390715538
vrata,27,9,249,59,1.0,0.020194840836653682,0.181716484254294,1.0,0.08216604106702097,0.5180240077119069,1.0,0.09848240376342132,0.5887430755728407,1.0,0.04560330213336494,0.2531660786285921
vratam,100,46,333,97,0.9795918367346939,0.07401994429715342,0.31997605148444785,0.9583333333333334,0.10114377236052297,0.6017760801904698,0.9583333333333334,0.09754052366568533,0.5763404609309034,0.8372093023255813,0.031030699115933036,0.22757141079548981
yA,454,83,552,156,0.9361702127659575,0.029836488319892607,0.20126402890208972,0.8372093023255813,0.07228677436960196,0.36635316963072106,0.9361702127659575,0.07904953883612609,0.37626314572907926,0.9583333333333334,0.04889676646695018,0.16681538219561798
yAH,442,46,173,86,0.9583333333333334,0.042274411179932136,0.24984723018565203,0.8636363636363636,0.0816868073472451,0.38427469023228356,0.9795918367346939,0.08584596851113246,0.27962520149903547,0.9795918367346939,0.03888147476130854,0.1329725113136424
yAm,101,47,185,40,1.0,0.051310582111260605,0.2102567449840923,0.9583333333333334,0.0700012012589234,0.4034836868585697,0.9795918367346939,0.07487014663356806,0.4241675670260612,1.0,0.022467581056325958,0.08848812179756282
yAn,37,10,125,17,0.9361702127659575,0.02704234871313549,0.16029936082512675,0.9795918367346939,0.08518256187098017,0.5262953940887075,1.0,0.10385305063800165,0.4363269404648671,1.0,0.024890375197128334,0.10960450820803491
yAni,108,39,283,50,0.8888888888888888,0.030760007988852922,0.17832941147924397,0.75,0.058003378686665163,0.3224129390673566,0.9130434782608696,0.08061038396646358,0.3569926376122714,0.9583333333333334,0.04046323655959161,0.2198270776068585
yAti,94,15,248,15,0.9583333333333334,0.05609964254680877,0.4084613424719119,0.9795918367346939,0.13800667649314458,0.5385062391363753,0.9795918367346939,0.10151174100747584,0.5214850685652913,1.0,0.051998396901619226,0.4707109034706929
yAvAn,8,8,8,21,0.9583333333333334,0.033600616169548014,0.10582742703357617,0.9583333333333334,0.08693383316972614,0.2819703048050377,0.9795918367346939,0.09889498020865262,0.3910441919669825,1.0,0.04818488797471421,0.21724823135365623
yAvantaH,11,6,15,20,0.9583333333333334,0.03180113888814262,0.13721053920918136,0.9583333333333334,0.11434278112206386,0.36087457196483363,0.9583333333333334,0.08214082038945303,0.3893508930431352,0.9583333333333334,0.017423213784189984,0.18379029044776918
yAvat,84,112,501,127,0.9795918367346939,0.04658061051766105,0.2715022266960869,0.9130434782608696,0.08390266558042547,0.5235557709774208,0.9795918367346939,0.10543455782184763,0.5945782084090668,0.9795918367346939,0.06058294020475519,0.35846584280383476
yEH,7,6,136,15,0.9361702127659575,0.0076429132506686814,0.030223442872844952,0.9795918367346939,0.060390846166941126,0.4916040652654655,0.9795918367346939,0.08648382181406455,0.4765110967609989,0.9361702127659575,0.006875546617809758,0.021714770788345827
yUyam,147,14,133,9,0.9583333333333334,0.10044270235824959,0.4689434695784891,0.9795918367346939,0.0802144178585229,0.39130533492700115,1.0,0.09159314636593374,0.4013769589901781,0.9795918367346939,0.04947897299269688,0.3880307635073774
ya,30,5,7,12,1.0,0.02175711022048099,0.17879893937043367,1.0,0.04278818162243614,0.10564875855112199,1.0,0.0600784507765052,0.12541953714475307,0.9795918367346939,0.02779830039098896,0.14752904706851022
yaH,2934,1304,4546,660,0.9583333333333334,0.035384458811899666,0.2111876930919021,1.0,0.0765103283363694,0.40985675465333116,0.9795918367346939,0.1364875624410632,0.4821083681200491,0.9361702127659575,0.042986355017375244,0.20615760000271255
yaSaH,101,54,382,22,0.9583333333333334,0.07410408157204695,0.3694355330209178,0.9583333333333334,0.1597004113297299,0.5453546836153049,1.0,0.09375995529338088,0.5216635991537064,0.9130434782608696,0.03689660723207011,0.22831619871119813
yaTA,959,981,5633,895,0.9795918367346939,0.03548889241329667,0.17970669628975733,0.9583333333333334,0.0831587540248716,0.42718157617022157,1.0,0.10273596392728901,0.5389129318298889,1.0,0.020081933739751867,0.22630418044996925
yad,20,63,149,15,0.9583333333333334,0.03789981544481802,0.2315724899780014,0.9795918367346939,0.08672077222912777,0.4576549547595581,1.0,0.11576561813037334,0.47732856933513923,0.9583333333333334,0.04170120550749645,0.18707788710150186
yadA,125,178,930,77,1.0,0.06954051158943919,0.3388754790559133,0.9583333333333334,0.09813997059087132,0.4297819864466632,1.0,0.0979099167877503,0.5180936285603005,0.9795918367346939,0.07041766996545706,0.29234180609115257
yadi,309,356,2031,377,0.8888888888888888,0.03213330592847652,0.23501121239368628,0.9583333333333334,0.06561752065036441,0.4180414640589083,0.9795918367346939,0.06360543799621743,0.410165817584601,0.9583333333333334,0.02586910764583883,0.20352718458535857
yajUMzi,9,13,18,6,1.0,0.037906421503284826,0.09373020245898955,0.9795918367346939,0.03559081064832592,0.21609143773866468,0.9583333333333334,0.05761217265653673,0.22263434314785346,0.9361702127659575,0.005566195561488851,0.011410204653880207
yajYAH,35,8,108,15,0.9583333333333334,0.016001945113245486,0.1404421783899713,0.9583333333333334,0.06457184190605003,0.3236002152521329,0.9795918367346939,0.08546678167157706,0.38375755412405754,0.9795918367346939,0.046389457579545934,0.2437783484960423
yajYa,84,45,517,188,0.9583333333333334,0.03846466269661453,0.24996186384896757,0.9583333333333334,0.11099706222554528,0.4254021870909459,0.9795918367346939,0.17210739085708504,0.6047580611600927,1.0,0.08770932588209601,0.38291944889558893
yajYaH,234,66,271,65,0.9795918367346939,0.05232374450903854,0.17918168317248162,0.9795918367346939,0.07314607452152677,0.40832133345163024,0.9795918367346939,0.11628891716388856,0.49414881946860856,0.9795918367346939,0.06652476471200874,0.2514822672043169
yajYam,275,27,166,61,1.0,0.03910753538137657,0.16481995328379617,0.8888888888888888,0.058956508898823645,0.3617448678738765,0.9361702127659575,0.08300123422767569,0.4647286958419987,0.9583333333333334,0.09083137241165673,0.2705410407744655
yajYasya,253,41,86,36,1.0,0.05183259278160246,0.18200947583655536,0.9583333333333334,0.07387237978118832,0.30533552751383963,0.9795918367346939,0.0866834876378042,0.5460671810193041,0.9795918367346939,0.09250478819198715,0.3803141119493023
yajYe,113,24,171,34,1.0,0.08266051616967063,0.38804029335908297,0.9583333333333334,0.06505893626153358,0.4441253150667297,0.9583333333333334,0.08432839890849109,0.4497253075915113,0.9795918367346939,0.08808084411030248,0.44605932804617454
yajYena,51,16,33,18,1.0,0.03189333469371891,0.09959484826216647,0.9795918367346939,0.06303425420506426,0.26833575073278704,0.9795918367346939,0.07067549473593715,0.2885579284161255,1.0,0.06261702824469473,0.20429165611269595
yajamAnaH,88,32,13,59,0.9130434782608696,0.058069003901345506,0.2897957880251911,0.9795918367346939,0.05399571423491678,0.2736155549864743,0.9583333333333334,0.05451397479947617,0.25984147489971277,0.9130434782608696,0.0440050723532196,0.3066252051343157
yajamAnam,62,11,7,16,0.9583333333333334,0.061128919151399286,0.2817775949536817,0.9795918367346939,0.0588734209354802,0.33041501532878226,0.9583333333333334,0.036684237646753326,0.3380330949147694,0.9583333333333334,0.04469439179485435,0.3580020487716933
yajamAnasya,63,25,18,25,0.9361702127659575,0.041559655410776775,0.17178959519538883,1.0,0.07684189652392792,0.3801347394441079,0.9795918367346939,0.0641923914241711,0.28564915116376555,0.9583333333333334,0.018689090353774862,0.24263629771916362
yajate,66,7,30,27,1.0,0.03396089828522997,0.23768656353420792,0.9795918367346939,0.07237229129558453,0.2345631477222505,0.9361702127659575,0.061939837961356825,0.2361830052207432,0.9795918367346939,0.039984918103851186,0.24793795300373733
yajeta,82,14,31,114,0.9361702127659575,0.06788583808083903,0.3707846715708949,1.0,0.16877559152567145,0.460739949187538,0.9583333333333334,0.11373119249647334,0.4071112749517256,0.8636363636363636,0.03877215454958882,0.11138712470178547
yajuH,24,34,26,25,0.9361702127659575,0.0446222999193282,0.25756002667375655,0.9130434782608696,0.08580387124498501,0.4508778637340999,0.9583333333333334,0.08511083591689361,0.4339189606820204,0.9795918367346939,0.030108856736762668,0.1541625195422216
yam,463,127,523,147,0.9361702127659575,0.03904702920274472,0.36205596347821034,0.9583333333333334,0.08189175289925332,0.4771500331760029,1.0,0.08141960956548044,0.4827647215508222,0.9361702127659575,0.02243925792968382,0.21601635578031608
yama,35,10,441,18,0.9795918367346939,0.02681861822775211,0.18797609472219112,0.9583333333333334,0.08543330346721822,0.6926432522888266,0.9795918367346939,0.11013998935842317,0.645976502888779,0.9795918367346939,0.028275859273332316,0.14168607603845085
yamaH,59,11,148,9,0.9361702127659575,0.04002040950444763,0.19872704754203507,0.9130434782608696,0.07080602941786074,0.4350865762357762,1.0,0.11588156553209461,0.49148723524186233,0.9795918367346939,0.01743690803356146,0.24174890721253028
yasmAt,41,344,268,29,0.9361702127659575,0.03438562183138871,0.17676095534029268,0.9130434782608696,0.07640420802846215,0.34005246026657143,0.9130434782608696,0.06411390285908203,0.4263648159329564,0.9583333333333334,0.02110624040030762,0.1315083053393412
yasmE,58,9,18,7,0.9361702127659575,0.021304555863639996,0.17958348677884106,0.9795918367346939,0.04965563742807677,0.24619405733860045,0.9795918367346939,0.07188719300367064,0.267005395963813,0.9583333333333334,0.01877800619043546,0.20886364915451883
yasmin,110,123,229,74,0.9583333333333334,0.026466424715409942,0.20282881446848955,0.8636363636363636,0.10056477961436405,0.3581708859488506,0.8636363636363636,0.05675940135641411,0.4338442843320116,0.9361702127659575,0.014660615034911895,0.22823127297328027
yasyAH,24,6,62,27,0.9795918367346939,0.016653736922408235,0.06505460113559214,0.9583333333333334,0.08155180438923382,0.37696968470396697,0.9795918367346939,0.08755002087352926,0.3019747069280383,1.0,0.012254239383901466,0.11960299425231014
yasyAm,41,8,41,18,1.0,0.016857606253194768,0.08700340866613887,0.9361702127659575,0.08180653398234305,0.3797144186206578,0.9583333333333334,0.08688869033281521,0.3535991967158827,0.9795918367346939,0.013291647268623752,0.04596788786399708
yasya,377,172,1023,165,0.9795918367346939,0.06068809398469899,0.3872777194658138,0.8372093023255813,0.08877344803001108,0.43322094063128525,0.8888888888888888,0.09170015288760636,0.5178769978324714,0.9795918367346939,0.03073503472559458,0.40023555075975836
yat,4132,1319,4979,770,0.9795918367346939,0.03184050177262521,0.1755433433742548,0.9361702127659575,0.059072755139563116,0.3771347180287221,0.9361702127659575,0.1027386937889766,0.3968371835869884,1.0,0.04632543974303338,0.2241240187070206
yatas,86,127,337,73,1.0,0.02228843914669243,0.17154276932764412,1.0,0.08429914623618673,0.5143972693143181,1.0,0.08824692344482288,0.5682066779484931,1.0,0.011360319608842873,0.14364688974548623
yatra,284,201,1697,206,0.9361702127659575,0.04442485849586553,0.23377012573859712,0.9583333333333334,0.1066841700060932,0.4822915264433534,0.9583333333333334,0.06045061858233902,0.5245654843106315,0.9361702127659575,0.018927142958577337,0.27031939428829377
yava,20,13,10,33,1.0,0.030740521581238855,0.23594200164410073,0.9583333333333334,0.0910092226214948,0.17660700567916732,0.9795918367346939,0.07090227115800218,0.17686894846977474,0.9795918367346939,0.03048378663778084,0.3080569302921913
yayA,45,10,69,13,0.9795918367346939,0.023183881293594277,0.2766365483380615,1.0,0.06536991060515096,0.3973283844424149,0.9795918367346939,0.048748540173980226,0.40590574564003623,1.0,0.031339051474064905,0.35061742860425615
ye,1201,222,2482,271,0.8888888888888888,0.04444522639616333,0.17904055955797438,0.9583333333333334,0.08847809652115313,0.327992923134647,0.9795918367346939,0.07301995618588364,0.38992197045528787,0.9361702127659575,0.03567117664553909,0.20245622667357577
yeByaH,12,5,8,5,0.9583333333333334,0.02774934846019783,0.19633213283832607,0.9795918367346939,0.08163725655108023,0.33099904527765744,0.9795918367346939,0.06023988699446026,0.3278059104254579,0.9361702127659575,0.041069928046366555,0.08454769158516662
yena,342,162,958,113,0.9130434782608696,0.02896421088658585,0.2999148571825948,0.9130434782608696,0.07021389859474958,0.38552923447625775,0.9795918367346939,0.10335774330645764,0.4620663657253212,1.0,0.039273484567791006,0.2122402884894341
yezAm,40,30,296,42,1.0,0.01977448551292227,0.20900988324116476,1.0,0.08521415889043771,0.47786523823394766,1.0,0.14270805485020088,0.6097512877670497,1.0,0.08553171429101802,0.26616802682157825
yezu,26,6,48,13,1.0,0.022776168772975502,0.07051676919814742,1.0,0.07321662628748493,0.3045635762232546,1.0,0.09803917269605289,0.4373762040629169,0.9583333333333334,0.007468777981872177,0.08950718164755456
yoniH,43,24,95,28,0.9795918367346939,0.04480276602612143,0.2678326863252072,0.9795918367346939,0.10345007339293721,0.4085656285206658,0.9795918367346939,0.11763920373164594,0.41311470533485195,0.9583333333333334,0.018350326211518886,0.10853768359790195
yonim,111,33,78,27,0.9583333333333334,0.09009281316379858,0.48280996410692123,0.9795918367346939,0.11747575988469816,0.5394810139289928,1.0,0.11461438576919503,0.4917395729860551,1.0,0.054350549914670254,0.34208799670512335
yozA,31,12,10,6,1.0,0.06298438732018241,0.3435305952040577,1.0,0.09735491835539567,0.4606532735429667,0.9583333333333334,0.06100863641506393,0.32149287488710876,1.0,0.025586761606958275,0.2363840450100242
yujyante,9,5,16,5,1.0,0.02625122698040505,0.0694268817140482,0.9130434782608696,0.0524660053778504,0.2722821006627847,0.9583333333333334,0.06513932535161726,0.3404027312736546,1.0,0.008114433552672162,0.05036307253295291
yujyate,19,8,66,20,0.9795918367346939,0.025474254663690576,0.10535166233715154,0.9583333333333334,0.06434378610027525,0.3552950741823383,0.8636363636363636,0.07271977599126234,0.461964811463089,0.9795918367346939,0.01797078825617593,0.23877487036785872
yuktA,15,17,58,10,0.8636363636363636,0.030524736933906782,0.23181377549578674,1.0,0.11542492601050847,0.5195577668134497,0.9795918367346939,0.134957187577061,0.6423148427763726,0.9795918367346939,0.039552593038820305,0.31852042285571236
yuktAH,27,12,273,22,1.0,0.020200088069909916,0.0949263883109509,0.9361702127659575,0.07467822681717107,0.4765894582855712,0.9130434782608696,0.10932981766674055,0.5881200523324245,0.9583333333333334,0.038775759923445396,0.2905050788052399
yukta,8,5,114,16,0.9583333333333334,0.019340972544386492,0.14291294007585498,1.0,0.0709297856341281,0.4916152694197973,0.9361702127659575,0.1125331532934668,0.5878506592509445,0.9361702127659575,0.023480929058564914,0.42935308168471376
yuktaH,16,67,500,68,0.9583333333333334,0.03877135933342302,0.2803017549919875,0.8888888888888888,0.09179558177786673,0.5597192227839083,1.0,0.1331595735999943,0.5838805489276802,0.9583333333333334,0.020603776936054974,0.2367535998698529
yuktam,7,134,492,73,0.9795918367346939,0.038561462164158566,0.2322169757091641,0.9361702127659575,0.0883311589657273,0.5466055152236773,0.8888888888888888,0.1694064696372658,0.6831913011140731,1.0,0.030928293831296916,0.33725637140532383
yuvA,51,12,110,8,1.0,0.06982375880774261,0.40201422721161717,0.9583333333333334,0.13863685936571457,0.5558547831003083,0.9130434782608696,0.09591779119969224,0.47660758715776197,0.9361702127659575,0.023414239244484936,0.2307886857753486
yuvAm,15,5,39,11,0.9795918367346939,0.024280235140196282,0.09109943176403568,0.9795918367346939,0.06511382080846317,0.44106515939143565,0.9583333333333334,0.09790344951947327,0.45127378720099176,1.0,0.07331347526879328,0.16166085006457798
zaw,56,17,102,66,0.8888888888888888,0.022427959211893334,0.12569591440340933,0.9361702127659575,0.04860580021126515,0.3247098727441209,0.7804878048780488,0.04607533162497568,0.25183376448672745,0.717948717948718,0.018457482090674437,0.07341102621228224
zaz,84,12,145,211,0.9583333333333334,0.04091115055295491,0.21057348682368326,0.9583333333333334,0.06309085735325415,0.3489914341141265,0.8636363636363636,0.06092332533571776,0.2506166582867344,0.8888888888888888,0.028054584085789203,0.08874777079443996
zazWaH,5,21,14,17,0.9583333333333334,0.08304923567972144,0.29359958570776046,0.75,0.05854550618918919,0.38211648036735024,0.8888888888888888,0.058262295847247625,0.26972980021010184,0.9583333333333334,0.019157239711870777,0.1620616782178752
zazWam,47,5,19,24,0.8095238095238095,0.056998697825583644,0.27802904319817356,0.8888888888888888,0.08080129581171391,0.35461680137692797,0.8888888888888888,0.06729055553860053,0.2667606198835891,0.9130434782608696,0.029668692888519588,0.1419108996426176
zazWe,11,9,24,31,0.9795918367346939,0.035228456826597476,0.2221239441465781,1.0,0.10139559924637731,0.48144789653948505,1.0,0.10505870814967677,0.4551162256830632,1.0,0.0504071426352678,0.14456358211744424
zoqaSa,13,13,56,93,0.9361702127659575,0.038924804692300974,0.189804160900375,0.8888888888888888,0.046702920390336966,0.315779562875834,0.7804878048780488,0.06095371280657724,0.29545956498954484,0.8636363636363636,0.04346229484427244,0.19702541399339446
