word,freq_vedic,freq_upanisadic,freq_epics,freq_sutras,jac_ved_upa,so_ved_upa,proc_ved_upa,jac_upa_epi,so_upa_epi,proc_upa_epi,jac_epi_sut,so_epi_sut,proc_epi_sut,jac_ved_sut,so_ved_sut,proc_ved_sut
A,3956,145,94,629,0.8636363636363636,0.019392420641929697,0.2950885675686171,0.9795918367346939,0.07822869215103201,0.4079596544188181,1.0,0.16236583759855794,0.5134788998608563,0.8888888888888888,0.0463893352575383,0.19600631469559626
ADipatyam,21,10,18,10,0.8888888888888888,0.025399053124728788,0.12316289773993294,0.7804878048780488,0.037659275213809074,0.2469526924500961,0.8888888888888888,0.037721538664595045,0.2544855463952137,0.8372093023255813,0.009199256390616584,0.0803948171456701
ANgirasaH,29,18,5,7,0.9130434782608696,0.020382193503946988,0.22827730020425152,0.8372093023255813,0.04452084128853717,0.31060336467709315,0.8636363636363636,0.04365071196907466,0.27398847957342154,0.8888888888888888,0.01165556994203587,0.18441964416074996
ASA,14,18,62,10,0.9795918367346939,0.014912762006678237,0.0907975814152503,0.9795918367346939,0.10650638919588429,0.5248406567877009,0.9583333333333334,0.10789138394433329,0.5276638097669191,0.9583333333333334,0.019387449895546638,0.0496273341961716
AUM,9,129,25,72,1.0,0.055716180998617304,0.3097935011085585,0.9583333333333334,0.06154323743902579,0.35553317800343276,0.9361702127659575,0.050571023423535255,0.3770566957113133,1.0,0.05176330222784875,0.23582192594731777
AcAryaH,7,37,106,70,0.8095238095238095,0.02117440706627327,0.20543078882458876,0.8095238095238095,0.0481325177774774,0.35995524852265215,0.9361702127659575,0.05872899522417607,0.4048408146614193,0.8372093023255813,0.010208659596162573,0.19119577881406324
Acakzate,9,74,8,53,0.8095238095238095,0.014910613415458518,0.1783345993370241,0.9130434782608696,0.04537802858269946,0.277797159628683,0.8095238095238095,0.03508218750789127,0.3757509130342146,0.8095238095238095,0.009108556531913004,0.17227502572544595
AdAya,15,34,627,62,0.8095238095238095,0.060316057898183284,0.3105404316196013,0.8372093023255813,0.13771422170507286,0.5196115616757606,0.6842105263157895,0.07240553907465686,0.47141950647266984,0.75,0.034964658243387126,0.253164942360804
AdaH,34,35,7,7,0.8636363636363636,0.011042707066409307,0.09299620267750686,0.9130434782608696,0.030518206360781508,0.2303848109189267,0.9130434782608696,0.04141926755603387,0.2330857854016405,0.8636363636363636,0.006978943066913046,0.09680176095908721
AdityAH,118,15,60,17,0.8372093023255813,0.03768408657069666,0.1975416691503149,0.8636363636363636,0.04046257997052427,0.2253297011898856,0.7804878048780488,0.03883100262128136,0.28024430610822315,0.75,0.011766197000374068,0.18201733662898656
Aditya,32,96,245,24,0.9130434782608696,0.039882407408632026,0.22411752810943153,0.8095238095238095,0.07247237156029385,0.38322646545837813,0.8888888888888888,0.1170637206424352,0.5024269079379199,0.8636363636363636,0.0228897715827302,0.22884017526538902
AdityaH,74,125,123,10,0.9361702127659575,0.024698690922695943,0.12550850358242305,0.8888888888888888,0.05201490248484353,0.2840560499797862,0.8888888888888888,0.07465344540421381,0.3679082646350631,1.0,0.013740756788915065,0.13281019578572084
Adityam,43,50,103,29,0.9361702127659575,0.018072388796169903,0.14226085155039492,0.9130434782608696,0.06186181457852613,0.30449436842946276,0.9361702127659575,0.07893635078592554,0.36280440290061755,0.8095238095238095,0.008381153220977988,0.12913045324649053
Adityasya,18,34,15,5,0.5294117647058824,0.004809138628711573,0.10964680319130737,0.4375,0.009984437725996997,0.1864121990032508,0.33333333333333337,0.003284163515631988,0.19112630363955163,0.27586206896551724,0.0016069041931435768,0.11913854084652242
Aditye,11,42,34,5,0.9361702127659575,0.04232773346802576,0.3294285973405646,0.8888888888888888,0.07161565199767894,0.4359001738612742,1.0,0.09643063007510255,0.4189691201360274,0.9795918367346939,0.020977843629398696,0.17638869864981688
AgacCati,8,20,8,8,0.6111111111111112,0.011631173980586662,0.08048137746430417,0.6111111111111112,0.025486602396113778,0.27353571329327353,0.75,0.04815341582381771,0.4023424670016995,0.717948717948718,0.015698538032834164,0.12656185934960318
Aha,244,411,521,234,0.9130434782608696,0.0563900948495889,0.18024662382262902,0.9361702127659575,0.0779672647841132,0.44414581554633514,0.9795918367346939,0.07997850227453007,0.5538280143684781,0.9361702127659575,0.026048744654784795,0.16078678841962124
AhuH,364,135,683,71,0.8888888888888888,0.0442610311405639,0.24900552363831197,0.9795918367346939,0.10601457189391605,0.5239434493446878,0.9583333333333334,0.061815091970728764,0.4805241219345975,0.9361702127659575,0.03190658106061239,0.1704955346392989
Ahutim,34,5,7,18,0.9361702127659575,0.08362759995073898,0.37499699646749207,0.8888888888888888,0.10291188951409491,0.4475130378884673,0.8636363636363636,0.06587176527554761,0.4001654729090456,0.8636363636363636,0.025760530520471336,0.17414463870043806
AkASe,5,43,131,5,1.0,0.04749521007559976,0.30649170889093225,0.8888888888888888,0.06757872017557742,0.3894960246157543,0.9130434782608696,0.06504717633805346,0.47583982807460834,0.8888888888888888,0.009655631196388681,0.02162160439173766
ApaH,452,135,163,73,0.8636363636363636,0.016972117360832262,0.11455861087863117,0.8372093023255813,0.027349437302913615,0.25096227812670224,0.9361702127659575,0.06735211387847928,0.2989416890576264,0.8888888888888888,0.009876833212995817,0.14575429638553594
Apnoti,233,62,168,51,0.8888888888888888,0.02497973754240357,0.096195032779541,0.6486486486486487,0.02451559432859529,0.24249594690119103,0.9795918367346939,0.09133836623823122,0.40552412776878977,0.9361702127659575,0.06011527246811166,0.21661512700977892
Aptam,9,8,17,5,0.8888888888888888,0.004594712131563039,0.0724665675649514,0.717948717948718,0.035611270543541074,0.33961353154974927,0.8095238095238095,0.04298952126601063,0.3673821178144956,0.7804878048780488,0.005546913543338805,0.06967040081213327
AraBate,7,11,19,6,0.8636363636363636,0.018156171463270865,0.16461746606905225,0.8372093023255813,0.09429913991701766,0.3320694153625514,0.717948717948718,0.0656677250863339,0.3380719309341851,0.8095238095238095,0.00908120229899445,0.08307642860266862
AraBya,12,20,5,72,1.0,0.049515359481764665,0.3097948770504917,1.0,0.1380574674529058,0.5567176978825189,0.8888888888888888,0.06263272010233367,0.3998375925974538,0.9130434782608696,0.02607447322972245,0.2346185306934251
AsAm,50,19,53,29,0.5294117647058824,0.005844964334991043,0.11418753311843255,0.5714285714285714,0.019214371112457496,0.2965541235341784,0.6842105263157895,0.06955071578476946,0.36882864557295014,0.75,0.01637913039730099,0.16897045090933727
AsIt,152,108,1280,19,0.9130434782608696,0.04142455526536504,0.24834462548663583,0.9583333333333334,0.10192982217177016,0.5503336869106651,0.9583333333333334,0.09018521559789938,0.5488248031504881,0.9795918367346939,0.02852178786617854,0.1871192523725248
Asa,44,25,2474,15,1.0,0.05139349732498155,0.33255966405017434,0.9795918367346939,0.11084388752572072,0.7213221278741909,0.9795918367346939,0.17714588734103198,0.7063168765532002,0.9583333333333334,0.03215982679959495,0.24714012927609774
Asan,92,7,287,5,1.0,0.050938757225851616,0.3372511621942965,0.9795918367346939,0.15337468284327682,0.5866822312209632,1.0,0.1696114300652929,0.6779979591960094,0.9795918367346939,0.0939275645322809,0.392172540774277
Aste,11,17,128,10,0.8636363636363636,0.01883206962429207,0.08715398710920597,0.8372093023255813,0.060829062413572,0.377815118716473,0.9583333333333334,0.05604666313568929,0.42627744555911873,1.0,0.014592878069720205,0.11822166005650159
AtmA,157,793,1757,64,0.9361702127659575,0.059657735331367534,0.26360078939288356,0.8636363636363636,0.05911146827120728,0.4380835832951242,0.9361702127659575,0.09758702683215881,0.4827512513450223,0.9795918367346939,0.03195846653501566,0.1555785122696871
AtmAnaH,5,29,76,6,0.8372093023255813,0.02314813810598293,0.23227288183990935,0.8636363636363636,0.0719361734938424,0.36016827015326847,0.9130434782608696,0.07892518662402204,0.4657865525393865,0.8888888888888888,0.01865297308762004,0.17410979890518608
AtmAnam,93,387,990,86,0.7804878048780488,0.014507775003146817,0.15092615552574795,0.8636363636363636,0.06178257899415829,0.3348403512277355,0.8888888888888888,0.05286995925564797,0.36563917724873507,0.8095238095238095,0.007583420156446419,0.08032199991624778
Atma,16,912,757,141,0.9130434782608696,0.09102481585209887,0.2924978536720032,0.8888888888888888,0.14572162292347002,0.4707382496649142,0.9795918367346939,0.18249418716840238,0.5559900162044407,0.9583333333333334,0.03295627561649783,0.17742436462732725
AtmanA,33,134,336,15,0.9130434782608696,0.044534770642049026,0.18950521726265612,0.8888888888888888,0.09621410409750641,0.4347233813463953,0.9583333333333334,0.16386463256603456,0.5760913617986709,0.9361702127659575,0.0293219152979054,0.1583008420309211
AtmanaH,40,422,922,122,0.9130434782608696,0.03590504659766536,0.2082299003547683,0.75,0.08387433710392345,0.378808950650795,0.9583333333333334,0.1170926864977434,0.48242322402684146,0.9130434782608696,0.025082382481414034,0.09534314601870619
Atmani,34,121,232,139,0.9130434782608696,0.07235437237393638,0.21789848277327017,0.9130434782608696,0.12393820934991473,0.4227328080650321,0.9795918367346939,0.1851683197497339,0.6558248029581653,0.9795918367346939,0.08444152628715385,0.46266705718385426
AvftaH,14,5,60,17,0.6842105263157895,0.0039553424947721405,0.12915374044301764,0.6486486486486487,0.032830622436733625,0.43058758579134615,0.8095238095238095,0.06439933023522926,0.5369038016602729,0.7804878048780488,0.0055492477309866395,0.12081132578672904
Ayatanam,37,76,33,20,0.9130434782608696,0.03202475024466245,0.2637698363682637,0.8095238095238095,0.05166374521881145,0.48608104295668264,0.8372093023255813,0.03707932543823744,0.36599887290902444,0.9361702127659575,0.017262793169723012,0.14178677531640438
AyuH,375,53,230,80,0.9795918367346939,0.04504423158327475,0.21030778416705154,0.9583333333333334,0.13872520566402535,0.4998015602759549,0.9583333333333334,0.07850567108845696,0.431914578558809,0.8636363636363636,0.03708069961175153,0.18547144371630253
AyuzaH,13,10,83,12,0.8372093023255813,0.009863629367382498,0.07208222365186967,0.9130434782608696,0.03789142488784647,0.39989211834679295,0.9130434782608696,0.039557272377020225,0.3969220023472195,0.8636363636363636,0.010545920214826254,0.11653253200647673
Ayuzam,5,7,8,5,0.8095238095238095,0.006806292936268443,0.10909347714059758,0.9130434782608696,0.03058249814215086,0.2943736654228918,0.8888888888888888,0.024888121231119054,0.298946363349226,0.8636363636363636,0.0052666422743286034,0.08753407688765213
BAgaH,51,6,58,111,0.8636363636363636,0.005344368987032055,0.0729050955881394,0.9361702127659575,0.030721637722252004,0.27264486544966093,0.717948717948718,0.03755679831153702,0.31934232544911856,0.9795918367346939,0.024891388717261376,0.28963993785634845
BAj,7,11,81,7,0.9583333333333334,0.027827205443190284,0.1140657162746701,0.9795918367346939,0.11301319278278055,0.4375297227062471,0.9795918367346939,0.11800383783475354,0.44489127697880604,0.9583333333333334,0.019435461999973036,0.10166825044322059
BAti,41,25,113,5,0.5714285714285714,0.01738631180331196,0.1376306889321821,0.6842105263157895,0.02963013905001466,0.38427648256020464,0.9130434782608696,0.09066884054304736,0.5163958877940724,0.8888888888888888,0.015991143052936807,0.23975226987272136
BUH,39,44,98,64,1.0,0.06499254601814941,0.32556600781218115,0.9795918367346939,0.1324230022717483,0.5131682692407898,0.9583333333333334,0.11102631767351867,0.4516317250803348,1.0,0.06330356578127083,0.38223436464366256
BUmi,9,11,185,95,0.9795918367346939,0.017684792434018548,0.1294344631294555,0.9795918367346939,0.10017070354712576,0.5620287831609618,1.0,0.16323781180725094,0.5889556794023865,0.9583333333333334,0.03304757209807718,0.16918605502837436
BUt,59,28,82,35,0.9130434782608696,0.05319860808183252,0.1987153216399118,0.8636363636363636,0.12886706933926406,0.450726208248424,0.8372093023255813,0.10919289687653522,0.46270778845048555,0.8636363636363636,0.03485173903924954,0.23415260805268856
BUtA,7,18,22,5,0.9795918367346939,0.052410916591470014,0.2417527409242255,0.8888888888888888,0.11828506520204174,0.4374773566821364,0.9583333333333334,0.1221806050455736,0.42994423857517694,0.8888888888888888,0.021981224419920342,0.16921331160898312
BUtAnAm,15,84,668,31,0.5714285714285714,0.009530962061478965,0.1533979816934059,0.5294117647058824,0.04040601073110184,0.3048062188133698,0.6111111111111112,0.07722884477717207,0.41781598278541376,0.5714285714285714,0.028519304031649373,0.21307166679576617
BUtAni,41,174,567,32,0.5294117647058824,0.01989708310544891,0.15796311999591528,0.48484848484848486,0.029183306874546844,0.26753510188624985,0.5294117647058824,0.049919459796038845,0.3785376582587957,0.5294117647058824,0.013679279894736274,0.13530543312496834
BUta,37,125,744,48,0.9583333333333334,0.04527456930214058,0.3725912513640597,0.8888888888888888,0.09825776041408296,0.507056235611886,0.9583333333333334,0.14886535094283926,0.5278317096504228,0.8888888888888888,0.025325737091783762,0.273536007878026
BUtaH,10,51,172,19,0.8095238095238095,0.00943010597478866,0.14361818449208974,0.7804878048780488,0.05831866960040266,0.36657368488092423,0.8095238095238095,0.06802294094570416,0.39808752381542956,0.7804878048780488,0.005319381049532335,0.07181894340042261
BUtam,66,88,320,46,0.7804878048780488,0.008958540227433476,0.1323212049843232,0.8888888888888888,0.05378426003288206,0.3613988804719004,0.8888888888888888,0.05902222732441709,0.3527201561773513,0.8095238095238095,0.006171076317361912,0.06752968264539627
BUtasya,24,32,38,10,0.2142857142857143,0.0014986419809076557,0.0297218671238616,0.27586206896551724,0.002062381460562923,0.146647074457795,0.33333333333333337,0.0035999925976418767,0.17418939893209706,0.27586206896551724,0.0013649956544626862,0.056964392418682674
BUte,5,20,26,18,0.9361702127659575,0.04229834605790517,0.25855101881131426,0.9130434782608696,0.11109567489328631,0.46948733833448064,0.8636363636363636,0.09330185309079464,0.4418246143184531,0.9583333333333334,0.01950797915151914,0.14034942459462063
BUtezu,9,36,267,9,0.9361702127659575,0.029950064876283933,0.1838520442043199,0.75,0.08359669284166416,0.4085823871409888,0.9361702127659575,0.14371163034435874,0.5163048315527724,0.8095238095238095,0.014645370450712791,0.17416107156678506
BUtvA,93,95,621,19,0.9795918367346939,0.031021984869987418,0.26186257592086437,0.9130434782608696,0.12011298342162069,0.5973050654940886,0.8636363636363636,0.13954144143409852,0.6246280466129006,0.9795918367346939,0.031078345671624708,0.18570287689317055
BUyaH,15,61,33,12,0.8372093023255813,0.013066893886275577,0.08872539760068099,0.8372093023255813,0.03738775415414941,0.22391735484357622,0.8888888888888888,0.03781806347090444,0.20294816772071833,0.8095238095238095,0.010112145386851568,0.06091013869935047
BUyas,13,50,822,24,0.9361702127659575,0.034054155470332415,0.20409209644681015,0.9583333333333334,0.045278169543494395,0.5143151195792475,0.9583333333333334,0.08891755148715341,0.48432013889084524,0.9583333333333334,0.031202843650324552,0.14663638479536434
BagavAn,5,80,1235,6,0.9583333333333334,0.05684901477247306,0.287885071050057,1.0,0.098438626933948,0.47827523699084384,0.9795918367346939,0.07358272628777951,0.42246620133929447,0.9361702127659575,0.027848938708121107,0.14993255444729758
Bakzayanti,9,9,18,18,0.5714285714285714,0.023298187545015003,0.09471334400362541,0.5714285714285714,0.04948329092644754,0.27374986643351307,0.8636363636363636,0.08639240490684663,0.3908563518245518,0.9130434782608696,0.02879494063451271,0.239600554320739
Bakzayati,10,6,5,20,0.5294117647058824,0.006796353628817142,0.09157886945129645,0.4375,0.010557586525535734,0.27620789520218536,0.8095238095238095,0.05720209382067987,0.3801162799069573,0.7804878048780488,0.015262871519071242,0.1707692342535676
Bava,224,10,459,38,0.9361702127659575,0.025521316400764715,0.2033748432438458,0.8888888888888888,0.16353001775953868,0.47299799366113704,0.9361702127659575,0.1423064328834006,0.5682237473947979,0.9361702127659575,0.0402929058506577,0.31993589616362295
Bavanti,389,177,425,185,0.6842105263157895,0.03021921947766204,0.11753351921046873,0.6842105263157895,0.047345572117286405,0.3014196430305309,0.6842105263157895,0.0743599076700504,0.37768284809352104,0.6486486486486487,0.019283707213824997,0.19486835946415804
Bavat,21,22,180,7,0.8636363636363636,0.02646098763683402,0.1497342753134765,0.7804878048780488,0.12015818479815954,0.4473296180788997,0.8372093023255813,0.13183094856653144,0.5947423004012795,0.8636363636363636,0.039914299492201266,0.2693444821096245
BavataH,98,26,194,39,0.8095238095238095,0.012732619024027336,0.23844615349123,0.8372093023255813,0.08134724061692322,0.4380014140194102,0.717948717948718,0.08642953501843831,0.5391711283814151,0.7804878048780488,0.010613604573694202,0.18663004303654884
Bavati,1236,1276,831,775,0.6842105263157895,0.02303786827342358,0.15830307515227604,0.48484848484848486,0.04232080876320865,0.27935528609777427,0.9130434782608696,0.05027284872095461,0.4155565943777684,0.8888888888888888,0.016429440423365138,0.14090584750694235
Bavizyati,21,32,899,32,0.75,0.014782742047667718,0.06257233628438919,0.7804878048780488,0.04429547718090632,0.35840187564074166,0.8888888888888888,0.05116692112280574,0.4566623882338312,0.8095238095238095,0.013349580039333842,0.08588619913211004
Bayam,17,39,747,20,0.5714285714285714,0.0069902033106283845,0.10844135468463112,0.6486486486486487,0.05814050815356442,0.3356698053001753,0.6842105263157895,0.0556488370485152,0.37227429622489516,0.6486486486486487,0.005548115035613366,0.05433954460624657
BuvaH,53,27,22,56,0.8636363636363636,0.03754760931365497,0.26518028185434184,0.7804878048780488,0.02785705740896427,0.22308539939873118,0.8372093023255813,0.03236971704987701,0.21758674015211987,0.9130434782608696,0.0326899914597496,0.26028654592301126
Buvanam,18,6,14,8,0.8372093023255813,0.017748185227055235,0.27285032727036107,0.8372093023255813,0.044959187911239984,0.4058842767605173,0.8636363636363636,0.04243385177983661,0.31896516997312807,0.9130434782608696,0.007489668567928431,0.15054281772794031
CAyA,8,41,53,15,0.9795918367346939,0.03152957437636805,0.1698411802780222,0.9795918367346939,0.14172526284944575,0.4889658745289093,0.9130434782608696,0.08912797243160786,0.3833441844731975,0.9130434782608696,0.02431062580227139,0.1096144483800644
CandaH,114,16,17,13,0.9583333333333334,0.053598253659947526,0.24817577170146143,0.8888888888888888,0.023552123787703216,0.2393145831037251,0.9361702127659575,0.023579327626292,0.239349472394494,0.9795918367346939,0.040628097937433494,0.2922162585388499
Cidram,10,7,28,34,0.717948717948718,0.002919745240388849,0.04731433455535583,0.75,0.028421190797692675,0.28225432222303004,0.8095238095238095,0.03355443986691309,0.3965636061936233,0.8095238095238095,0.007895331491648006,0.18075467361141917
DAtu,27,6,45,6,0.8888888888888888,0.03579418146866664,0.3626412063615694,0.9361702127659575,0.09170927994676659,0.4663344484688461,0.9361702127659575,0.0916907626101785,0.4883174875782974,0.8888888888888888,0.04486351236346797,0.25754703638433296
DAtuH,14,11,31,11,0.9130434782608696,0.027422726924704377,0.14327800020219272,0.9361702127659575,0.09988036398254085,0.37875670975976716,0.9361702127659575,0.09511483372582896,0.4282554653347873,0.9130434782608696,0.020818329369428845,0.11833733492582776
DAvati,39,6,8,7,0.5294117647058824,0.008367789728792041,0.1733730533514053,0.27586206896551724,0.006952613043063716,0.22630731295369722,0.7804878048780488,0.03642421965880538,0.39694937749498727,0.8095238095238095,0.018173287378195124,0.24424558698156618
DUma,13,32,48,12,0.9583333333333334,0.06774467693409769,0.35339930289852006,0.9583333333333334,0.08948958762050185,0.37148340573087624,0.9130434782608696,0.07435137839380368,0.41872839362112824,0.8636363636363636,0.00926193250804197,0.0809501330507214
DUmaH,9,36,27,14,0.9583333333333334,0.030102614188568633,0.22156821359639167,0.8372093023255813,0.03721226507050501,0.25105266235288437,0.8888888888888888,0.0340598930318361,0.22440183780244616,0.717948717948718,0.004976500999911315,0.04217841648626419
Dana,48,18,287,31,0.9583333333333334,0.03438136171029671,0.27458071023699904,0.9130434782608696,0.1164648821358627,0.4619008701049916,0.8095238095238095,0.11493748118531699,0.4433788766812148,1.0,0.04764845727612188,0.2941046057839638
Danam,43,37,462,73,0.7804878048780488,0.005470644304243266,0.1936515995410566,0.6842105263157895,0.048193447352723906,0.4630223566014805,0.8888888888888888,0.08099104960378745,0.41839098312299183,0.6842105263157895,0.0032986209335329475,0.0823043404053565
Danena,23,8,51,5,0.48484848484848486,0.011848717651550156,0.09939946051247395,0.48484848484848486,0.03800965585501459,0.3000649220570615,0.48484848484848486,0.06085110740353872,0.3690936641328161,0.5294117647058824,0.012198105716943575,0.13896814257225576
Darma,7,194,3820,234,0.9583333333333334,0.06995818714161162,0.442620986555362,0.9130434782608696,0.13073217598243658,0.5618526979014358,0.9130434782608696,0.11956332358612842,0.5332701578123415,0.9583333333333334,0.046242321869717995,0.41610450518276965
Darmam,6,14,1111,65,0.9130434782608696,0.006856838924389375,0.2716219999866397,0.8636363636363636,0.044635380630006494,0.4421308153166278,0.9583333333333334,0.059711061917459896,0.44590975135877464,0.9583333333333334,0.006958453831391043,0.2133604337487085
DiyA,109,12,20,9,0.9795918367346939,0.03973131157137366,0.3616870458124771,0.8636363636363636,0.08765069730342201,0.3411966462093611,0.9361702127659575,0.10512542787059653,0.4442169820666976,0.9130434782608696,0.039327748148428876,0.23259588763070727
DiyaH,106,7,5,13,0.8095238095238095,0.01359030168943376,0.1457070934096566,0.9130434782608696,0.03191614026070122,0.20809639970025606,0.7804878048780488,0.04666371353614163,0.23683933369967125,0.8372093023255813,0.008650194616605988,0.12355977941962393
DruvA,17,7,21,5,0.8888888888888888,0.01762716781233098,0.1038302467608112,0.9795918367346939,0.06798645341315313,0.37022500671254477,0.9130434782608696,0.08330255131450248,0.385466845784322,0.9130434782608696,0.015077974627938806,0.11314714303341522
Druvam,30,9,419,15,0.8888888888888888,0.002828791617607296,0.045200282159388316,0.9130434782608696,0.04936287817130691,0.3775906022342188,0.9361702127659575,0.04398248221126577,0.38107031342743103,0.9361702127659575,0.008645170033565908,0.035668494456851274
Gfta,99,5,60,37,0.8888888888888888,0.042407921929436654,0.4691150421222847,0.8888888888888888,0.1205950704844575,0.5282799320741425,0.9361702127659575,0.1433340901517658,0.4845803702695999,0.8888888888888888,0.05528974386403551,0.3122751276792741
Gftam,79,5,57,37,0.7804878048780488,0.0033733700101963304,0.1518654824288651,0.7804878048780488,0.034768965010850805,0.25608717528233527,0.8372093023255813,0.049685263536624946,0.25829360710114213,0.8095238095238095,0.006560090033314703,0.11945685385489824
ISAnam,19,6,47,6,0.8095238095238095,0.004601994037470969,0.09827385254705567,0.8888888888888888,0.04450859201266755,0.24245392874099347,0.6842105263157895,0.027252792477748145,0.23715465611167386,0.7804878048780488,0.0030870520522691125,0.09042978899547105
ISvaraH,12,27,365,8,0.75,0.005311399462456401,0.11773095560641877,0.75,0.042117567238738274,0.42584069345091513,0.8095238095238095,0.038927892038950085,0.4275590138014379,0.75,0.005393862900802127,0.035682767304084484
Kalu,32,131,262,14,1.0,0.04144687809728198,0.14417028707310742,1.0,0.08347226538851615,0.4595599222172879,0.9795918367346939,0.05835890639988328,0.37997217984301845,0.9583333333333334,0.01699058053634439,0.10078022089341931
Palam,6,292,1261,81,0.8888888888888888,0.007565116704242869,0.2451866445730414,0.8888888888888888,0.05526330480925146,0.48573108701171375,0.8888888888888888,0.06561395114771196,0.4807373286106186,0.8636363636363636,0.0064256926938704995,0.128994956429479
SIta,6,7,110,10,0.9361702127659575,0.027983442046211393,0.31099665461027426,0.9361702127659575,0.1543318717546217,0.6319716012075249,0.8888888888888888,0.12745011603434775,0.5615560353518957,0.8372093023255813,0.017791709955904955,0.20948276515885667
SUdraH,6,7,119,28,0.8888888888888888,0.011077375434596415,0.05358763704993841,0.9130434782608696,0.03121304514308909,0.2905380770189583,0.9583333333333334,0.04109571189548611,0.31428160479028056,0.75,0.006841206114169829,0.0386396076702169
SaktiH,8,10,126,16,0.9795918367346939,0.035716634960507254,0.26414004411920344,0.9795918367346939,0.12673573327338028,0.563617465413871,0.9795918367346939,0.17562594838543877,0.6140199458477655,0.9583333333333334,0.04509749789835604,0.31896908051919715
SarIram,48,161,258,19,0.9130434782608696,0.030298342773596,0.2665096460485168,0.9361702127659575,0.053257757875618705,0.4092556315064484,0.8636363636363636,0.042844488032906414,0.45146431491298333,0.8372093023255813,0.0051226058412657816,0.0640745417947931
SaraRam,6,7,293,7,0.8372093023255813,0.005514065038200733,0.11284381495431073,0.9795918367346939,0.05276826149373748,0.578653046214496,0.9583333333333334,0.08910432854817008,0.6435942809739595,0.8372093023255813,0.007394634879431594,0.22071472121908475
SatAni,37,9,201,51,0.3870967741935484,0.010881058692065904,0.12130678966986097,0.3870967741935484,0.02214375970271598,0.27926493517930784,0.5294117647058824,0.036838719136671916,0.23137396383586872,0.48484848484848486,0.012469549757847087,0.10198580716552397
Sata,224,14,634,115,0.9361702127659575,0.061347586456449665,0.2869227035139206,0.9130434782608696,0.11426776701616748,0.5401616438784128,0.9130434782608696,0.09873774775559219,0.4703873128419005,0.9130434782608696,0.04998579111501511,0.3126767946366904
Satam,220,47,525,160,0.8372093023255813,0.023365030800281295,0.27492290297639643,0.8888888888888888,0.08450543893629592,0.4089249704710607,0.8372093023255813,0.08083688197041894,0.38554568694869173,0.7804878048780488,0.012870311688121805,0.15495984105597305
Satena,9,6,104,7,0.6842105263157895,0.01564265395765474,0.20003674391285697,0.5714285714285714,0.07614151244724576,0.4708204980727506,0.717948717948718,0.06808352172911702,0.3210249356591146,0.717948717948718,0.011517178088566005,0.11312982918165115
SatruH,22,5,119,21,0.9361702127659575,0.04153835396098504,0.20527834490542995,0.9795918367346939,0.11999491605068291,0.47908999558957344,0.9361702127659575,0.12101012753778306,0.41773366210096874,1.0,0.05359253667325492,0.27479878910779454
SezaH,8,15,38,84,0.6486486486486487,0.004505346591798354,0.0765514192363802,0.9361702127659575,0.030277222623389943,0.24721601347604172,0.8095238095238095,0.02555305964172061,0.3119796520658411,0.9361702127659575,0.01815641343399843,0.22509392895891644
SfRuta,5,5,12,9,0.9583333333333334,0.040663207252079725,0.26798906334476236,0.9130434782608696,0.06456547717322458,0.3969073066777671,0.9361702127659575,0.05090843953933111,0.3834920678620761,0.9361702127659575,0.02638778776500772,0.15732398581520957
SiraH,126,74,497,65,0.8095238095238095,0.008779428199975015,0.11166773591474322,0.8636363636363636,0.057636361384516555,0.4784048937651155,0.8636363636363636,0.0771717102706746,0.44093073954430073,0.8095238095238095,0.005350967346527624,0.106567021363008
Sivam,19,5,120,10,0.8372093023255813,0.0023587405897553815,0.06156079427707217,0.9130434782608696,0.02601803587299112,0.25132059099960724,0.8372093023255813,0.025378090653534913,0.24771991089982193,0.9130434782608696,0.005686412859999712,0.05274414115612536
SlokaH,15,40,23,14,0.8888888888888888,0.0098125893080373,0.10803890220172319,0.75,0.02438966032283274,0.25292373457583905,0.9361702127659575,0.031449216347648745,0.2527695910773593,0.8372093023255813,0.006574608313591357,0.09254928521798722
SrIH,42,10,177,9,1.0,0.02474273380769232,0.23598615411885537,0.9130434782608696,0.08796648099072757,0.5274961307937175,0.9583333333333334,0.0839820964514284,0.534602293678959,0.9583333333333334,0.02225066533522002,0.17855361491007693
SradDA,25,53,88,12,1.0,0.05992069377295017,0.295129780064894,0.9795918367346939,0.12472959372732717,0.5525219220189788,0.9130434782608696,0.07911394761092472,0.41272990161072853,0.9130434782608696,0.00921720273837301,0.0728303104361342
SreyAn,8,9,47,39,0.8888888888888888,0.028447630812597824,0.13060887588655334,0.8095238095238095,0.09775940828688079,0.39749004271905264,0.9361702127659575,0.14897240847715276,0.43553064217477266,0.9583333333333334,0.02749269466307669,0.19238957449669303
SreyaH,9,31,408,40,0.8372093023255813,0.01831337549568779,0.20254935890347758,0.8636363636363636,0.05848287643452843,0.40922460198156085,0.9795918367346939,0.06942171376569872,0.3928438959566869,0.9130434782608696,0.014794097302131548,0.10202697930660587
SrezWaH,31,36,556,11,0.8636363636363636,0.017362532267105935,0.10128291660564448,0.8888888888888888,0.05951760976521825,0.5086301567285222,0.9130434782608696,0.08419121038753652,0.4999876106122928,0.8888888888888888,0.011776771457784774,0.04131729915660953
SrezWam,15,7,418,11,0.9130434782608696,0.02212281567691632,0.17734592366577495,0.8372093023255813,0.07506285475528618,0.5585108751388389,0.9361702127659575,0.06246651323843844,0.5251999621435413,0.8888888888888888,0.008378420152585386,0.06904416589913298
Srotra,7,33,30,5,1.0,0.05783208758317071,0.29985555475231207,0.9583333333333334,0.09240943535760493,0.41194989643528246,0.9361702127659575,0.0885886300727724,0.4415529557378004,0.8888888888888888,0.018356132138861003,0.13486620841702124
Srotram,49,90,58,15,0.9130434782608696,0.04643649089620083,0.19059859271165958,0.9795918367346939,0.06676845875621285,0.3222291022793906,0.8888888888888888,0.050546575097853874,0.3967328547291873,0.8636363636363636,0.016104172113635573,0.12904363800286056
Sruta,8,16,93,23,0.8636363636363636,0.05299639342214735,0.48254775883389844,0.9583333333333334,0.12953955564643826,0.5672383172250801,0.9583333333333334,0.10508866442040499,0.5235620938588482,0.9583333333333334,0.03498213365802916,0.2992496078446254
SrutaH,34,7,145,7,0.717948717948718,0.010377433119320156,0.2843484271079444,0.8095238095238095,0.03839113637314295,0.4062501703844186,0.8372093023255813,0.038498524094508824,0.35385158360150015,0.9130434782608696,0.009990310143577985,0.152231465579993
Srutam,35,29,464,6,0.8636363636363636,0.010877536341264982,0.2517651745102196,0.8888888888888888,0.06487338874502724,0.49483312627787357,0.9130434782608696,0.051644286764430225,0.44773769678119046,0.8636363636363636,0.01198854614507705,0.18505845331999615
SudDa,6,19,131,25,0.9583333333333334,0.041882241409524235,0.3626089905174027,0.9583333333333334,0.12213491513788366,0.6314841259830113,0.9361702127659575,0.10558682989145929,0.6337334583912231,0.9361702127659575,0.030967896619960578,0.29847223666248324
SudDaH,23,6,36,11,0.8636363636363636,0.012075622527644714,0.2636656891231359,0.9361702127659575,0.0356062747913819,0.38981853931327737,0.8636363636363636,0.05941132770045032,0.45530659622345215,0.8636363636363636,0.011723083036321857,0.22559502325162994
SudDam,6,8,54,13,0.8095238095238095,0.0074316861035906845,0.1695609138278903,0.9130434782608696,0.04086375066822934,0.3407870053392754,0.9361702127659575,0.04201895131377953,0.33563703232028896,0.8095238095238095,0.004180151360011042,0.10486147848384642
Sukram,38,13,45,9,0.75,0.004859338115029033,0.15999690736227945,0.8095238095238095,0.034733085094705185,0.2997994176738208,0.8888888888888888,0.034639441960659934,0.3116540785397697,0.8636363636363636,0.003285304843767878,0.13172101570372186
Svas,29,7,104,21,0.9361702127659575,0.02227748888693204,0.20498118553704125,0.9583333333333334,0.06453125977310503,0.4512474813708389,0.8888888888888888,0.06834589034407723,0.47158810417005603,0.9583333333333334,0.021279537984920993,0.21445619093287638
SyenaH,63,5,26,30,0.8888888888888888,0.017177883320351972,0.16573555950387964,0.9361702127659575,0.03146603962203265,0.24778228601893382,0.9361702127659575,0.03676892616779215,0.3251727990939559,0.8372093023255813,0.010309419689609967,0.14295841710443769
UcuH,15,56,413,7,0.9795918367346939,0.05757560557889929,0.23030605514313163,0.9130434782608696,0.11943504231632274,0.4547780843830074,0.9795918367346939,0.10528386528818212,0.5594973510469805,0.9583333333333334,0.018102726261332913,0.06292964706020054
UrDva,20,33,93,60,1.0,0.03563288653357033,0.09692871145379345,0.9583333333333334,0.08578568966066447,0.4435433980535868,0.9583333333333334,0.11262476855173376,0.4474543346582869,0.9130434782608696,0.01358634368967726,0.15509491910916928
UrDvam,41,81,212,173,0.8636363636363636,0.014629249821942025,0.06742799860858384,0.8636363636363636,0.05144738690541195,0.40304090842277773,0.8372093023255813,0.04822539457395558,0.4000630623458159,0.8888888888888888,0.005444314957887553,0.07662578606816906
a,1198,678,3023,716,1.0,0.052434633143788045,0.24805021814891604,0.9583333333333334,0.08623567172211322,0.6001276706086065,0.9583333333333334,0.054453747402864905,0.5352516228484342,0.9361702127659575,0.013003914315903309,0.07793033508918679
aBUt,60,60,556,19,0.9361702127659575,0.02683870011708822,0.10478993426630678,0.9361702127659575,0.10721337093753747,0.5025800844803313,0.9583333333333334,0.07066458771626838,0.4887491394281629,0.8372093023255813,0.011929737189740108,0.07660161413827238
aBayam,39,66,97,26,0.717948717948718,0.0068868435347231305,0.10298484747989001,0.6842105263157895,0.04048006014525174,0.28874643197764127,0.6486486486486487,0.04093906588440088,0.318461502094199,0.75,0.004776190951401804,0.06206230419765024
aBi,1247,7,19,140,0.9795918367346939,0.028220795960829936,0.39402568793215753,0.9583333333333334,0.12235047709417957,0.6859082429727613,1.0,0.19899474303689502,0.6868101500745816,1.0,0.12358257638339887,0.45119680091669734
aBitas,66,10,119,37,0.9795918367346939,0.04169930600316696,0.20797097667458542,0.9130434782608696,0.06386635916746286,0.537930568426449,0.9795918367346939,0.08510663741452185,0.46306034814992414,0.9583333333333334,0.015197565985421213,0.13026027942752894
aDas,22,28,108,30,0.9795918367346939,0.03165560396925371,0.16082077040891052,0.9795918367346939,0.07975892725821032,0.3914074012510298,0.9130434782608696,0.06530778752194344,0.3756719077821269,0.9130434782608696,0.015195873705172058,0.18920822323062636
aDi,749,24,30,27,0.9583333333333334,0.04255052348812638,0.2732674092299513,0.9583333333333334,0.09971827577604331,0.559498278005139,0.9583333333333334,0.1496022246715656,0.4551630044560111,0.9130434782608696,0.023135694423638498,0.40952813551764844
aDidEvatam,14,26,99,9,0.8372093023255813,0.020815074612326567,0.12730135440416157,0.9795918367346939,0.044416768447776867,0.23652477332366262,0.9361702127659575,0.05471641159952867,0.26692266584774016,0.8095238095238095,0.014598584950367921,0.09557055885787835
aDipatiH,59,22,98,9,0.8636363636363636,0.025830448396754524,0.08282821795679196,0.9583333333333334,0.0715496815758232,0.39855955988520453,0.8636363636363636,0.0974619243765279,0.4088672541513423,0.717948717948718,0.022986528897256497,0.136078498048524
aDvaryuH,62,11,12,65,0.9583333333333334,0.026072690277096133,0.12170986324728905,0.9583333333333334,0.09263057140983755,0.279773672554925,1.0,0.07218179048231876,0.3558137629332989,0.9795918367346939,0.03191391845425129,0.12562930512534365
aDyAtmam,16,84,136,10,0.9130434782608696,0.040103642221007485,0.22915447015379753,0.9583333333333334,0.055308560329849876,0.29108437120920827,0.9795918367346939,0.05014216414949113,0.3068012420659332,0.9130434782608696,0.012329635229088254,0.05333560079201605
aNgAni,24,11,82,17,0.717948717948718,0.031162150193562943,0.16202417759951193,0.6111111111111112,0.0678777032394452,0.30457249426744515,0.48484848484848486,0.05838129399972469,0.33738815462471006,0.4375,0.008155257428621554,0.10575732634786261
aNgAt,29,5,12,13,0.9795918367346939,0.057813793865065244,0.26702793780701395,0.9361702127659575,0.10091312634261529,0.5165861886663143,1.0,0.14026505819529544,0.5887101500595994,0.9583333333333334,0.028516782110637462,0.2415230832173536
aNga,76,50,184,78,0.9795918367346939,0.058114928007411804,0.34805988594191195,0.9795918367346939,0.10841361200872301,0.5764012966905123,1.0,0.13559057046202116,0.5494288746298055,0.9583333333333334,0.028912999873361267,0.24007076883722667
aNgam,48,10,137,34,0.9361702127659575,0.006195941579650532,0.07555751320274418,0.8888888888888888,0.041675075627156444,0.3741598477935736,0.9361702127659575,0.04336461887255294,0.4012224007209747,0.75,0.0029557917757326857,0.07593611728916194
aNgirasaH,71,9,41,9,0.9361702127659575,0.0290329321462357,0.2858581338081756,0.9130434782608696,0.05465845162777072,0.35051662441668574,0.8888888888888888,0.05070263832038757,0.33992504201060236,0.8372093023255813,0.015713640073410584,0.25238605801720504
aSmAnam,14,7,10,8,0.7804878048780488,0.006038492509988336,0.13875919860893404,0.8095238095238095,0.048718057142297044,0.3044533113775676,0.7804878048780488,0.027376580877172874,0.2860281859855469,0.7804878048780488,0.003571254559562087,0.09924528453682357
aSnIyAt,16,7,25,15,0.7804878048780488,0.022182332476266664,0.07156451019564403,0.8372093023255813,0.08169502122821382,0.3019598218958832,0.8636363636363636,0.06545988588842167,0.3150895431291143,0.8888888888888888,0.008944226314582027,0.0894744770572411
aSnanti,9,5,34,6,0.5714285714285714,0.02959539232431252,0.0935320065297901,0.5714285714285714,0.03725781754294555,0.20957994570586247,0.6111111111111112,0.06085245943900097,0.31690354592881587,0.6111111111111112,0.017030097742345762,0.19765296026178625
aSnute,35,21,178,15,0.8372093023255813,0.027576708450932408,0.07066821290984127,0.8636363636363636,0.06636987473923173,0.31343675406941207,0.9361702127659575,0.10614053346961638,0.41108515464717055,0.9583333333333334,0.03455789621077521,0.2131676805604369
aSvAH,68,8,94,12,0.6842105263157895,0.022884602889683747,0.19862832206644998,0.6842105263157895,0.03076372728454213,0.3341174044990868,0.6111111111111112,0.015814187961223358,0.3768941831094381,0.5714285714285714,0.011892374491004443,0.17511630018994073
aSva,92,20,638,124,0.9361702127659575,0.042036601112050986,0.3452388017009047,0.9361702127659575,0.11332276864689461,0.5383617179339628,0.9795918367346939,0.1415288416055691,0.47083506411381637,0.9361702127659575,0.04991037368187723,0.3032337681338362
aSvaH,110,17,85,20,0.8636363636363636,0.01857557778344343,0.1672800866466877,0.8095238095238095,0.023979710291501477,0.26564175450333605,0.9130434782608696,0.029615204814541496,0.2703728418179122,0.8888888888888888,0.008927666915842347,0.12726822264530502
aSvam,68,14,123,47,0.8636363636363636,0.01234719974670806,0.17798744992129334,0.8636363636363636,0.043528638073521364,0.3494879820472049,0.9361702127659575,0.06653530168117072,0.3352679831562908,0.8372093023255813,0.009027385186331949,0.1626998207543373
aSvasya,46,24,13,5,0.27586206896551724,0.0017241307554184404,0.10566252763014128,0.27586206896551724,0.0031305280544460246,0.207141368739147,0.33333333333333337,0.0037059468782799643,0.20785791870827552,0.33333333333333337,0.00175762128767043,0.11804860440536336
aSvinO,48,8,137,15,0.9130434782608696,0.035885571360777635,0.24371648266562762,0.9583333333333334,0.07698986403278618,0.43692250062951177,0.9130434782608696,0.07104717261595161,0.4111877446122154,0.9361702127659575,0.04401256141491661,0.26262173886692697
aSvinoH,38,8,26,8,0.8636363636363636,0.011699531429938292,0.13795542474572453,0.9361702127659575,0.07858298185825974,0.3652157570705715,0.9583333333333334,0.07761028444372131,0.29611592179907154,0.9130434782608696,0.03537562150721418,0.18400487898715334
aTa,1322,801,4928,671,0.9130434782608696,0.026924110411033264,0.13150336588966827,0.9583333333333334,0.06068434224197561,0.47046672086165564,0.9795918367346939,0.06299443063349064,0.46105087072795614,0.9361702127659575,0.018190713694624328,0.11869568303651201
aTarva,5,9,10,7,0.9795918367346939,0.06195098015336331,0.24887212732085606,0.9361702127659575,0.061659595406194256,0.4403891513568994,0.9361702127659575,0.06701906969492377,0.37018530384236614,0.8888888888888888,0.017377676802725173,0.10475329497854668
aTo,68,6,161,6,1.0,0.023348808227985796,0.11906827925339913,0.9583333333333334,0.0760156221140117,0.4069376341195816,1.0,0.08025527778164565,0.43910583423580696,0.9130434782608696,0.02288580193990597,0.07856403635525477
aYjasA,21,8,71,5,0.9361702127659575,0.01511117111406346,0.10574727642922799,0.9795918367346939,0.08093878069608051,0.4209154274305673,0.9795918367346939,0.09094450727403958,0.4603021603938887,1.0,0.02660924122834496,0.15551539222932897
abravIt,134,59,3315,16,0.9130434782608696,0.04837708805419483,0.16134554860397277,0.8636363636363636,0.06291073346195286,0.40240299746226704,0.9795918367346939,0.08195961642840122,0.46964209539224644,0.8888888888888888,0.011061988096569109,0.17944716468503152
abruvan,53,9,334,6,1.0,0.04593468169691606,0.2518058249086137,0.9361702127659575,0.10274574561041161,0.4962359114478958,0.9361702127659575,0.08613010240633201,0.5019512720399849,0.9583333333333334,0.03598149688549479,0.22728245036474448
adBiH,36,16,52,57,0.9130434782608696,0.05794181790528774,0.36441261272530423,0.9130434782608696,0.15345302491127666,0.48572426548523784,0.6842105263157895,0.09757078991770385,0.34160331802607435,0.75,0.05713795724465254,0.24319610493897903
adByaH,24,19,16,6,0.8372093023255813,0.026063578245104857,0.2521297081864263,0.7804878048780488,0.046825704170934124,0.25243407663915207,0.5714285714285714,0.03359992929034017,0.24313281924333618,0.717948717948718,0.019411398204644548,0.22049985266431604
adfzwa,8,19,27,26,0.9361702127659575,0.053222799188919034,0.35362695983125714,0.9361702127659575,0.0945818301173168,0.4520197637213721,0.9130434782608696,0.08919583031768796,0.4423393512609274,0.9795918367346939,0.028827063113416873,0.33370313220481385
adya,310,45,2317,105,0.8636363636363636,0.04743865712499962,0.23280411409940793,0.9130434782608696,0.05532248445021748,0.41948976339462885,0.9361702127659575,0.10520031107016892,0.5665341510840488,0.9130434782608696,0.06855853638625875,0.28260854814695446
agnIn,17,13,51,27,0.8372093023255813,0.016823729434849333,0.0895475032187174,0.8888888888888888,0.06599046498129268,0.3174344069116093,0.6486486486486487,0.05319107798212874,0.280091106773136,0.8095238095238095,0.015706354773182052,0.0659605874483471
agnO,65,94,118,137,0.8636363636363636,0.0469915958665873,0.31819429373842056,0.75,0.056381810860223314,0.34035349631821277,0.6111111111111112,0.062280692482916344,0.3137923558157467,0.75,0.020353068297827126,0.12304788194084693
agnayaH,69,14,86,22,0.8095238095238095,0.02865916784624256,0.12703149447819384,0.717948717948718,0.03647580654422056,0.23676838769243602,0.6111111111111112,0.025073292383809287,0.2146020671649278,0.6842105263157895,0.011456644798527926,0.1169834266114449
agnaye,107,12,13,79,0.9130434782608696,0.04909607180366338,0.23821291950557644,0.9361702127659575,0.04943130745917712,0.26627828392502106,0.6842105263157895,0.04098781599107737,0.23486075091049874,0.8095238095238095,0.05151278282214311,0.1492884651431463
agne,1317,18,24,344,0.8636363636363636,0.03349734772520174,0.3639520322816998,0.8372093023255813,0.07452627861310068,0.45993391941061623,0.8095238095238095,0.048272011943855,0.2650549127544033,0.8372093023255813,0.031193082331559263,0.11850378993100597
agneH,175,91,89,188,0.9361702127659575,0.038098051203103944,0.26959975271898906,0.9130434782608696,0.081645628221926,0.37303543824648355,0.9583333333333334,0.1227985655227658,0.4956694665763045,0.9361702127659575,0.035485577636023,0.28214968374989313
agni,66,180,588,291,0.8636363636363636,0.07215573844384815,0.4372365666536593,0.75,0.0713308172863748,0.4226265378136985,0.6486486486486487,0.05054526818823324,0.32186592200597075,0.717948717948718,0.04399801984741514,0.16927174414176638
agniH,999,206,604,352,0.9361702127659575,0.043694638854890555,0.2773185980271172,0.8888888888888888,0.05764187689885958,0.31673094378260414,0.8095238095238095,0.06064590608277742,0.30517790711078696,0.717948717948718,0.03895300620990816,0.178256275623492
agnihotram,36,20,54,35,0.9583333333333334,0.031722623101752,0.19630248285900964,0.9361702127659575,0.0635867186400193,0.3089467658039038,0.8372093023255813,0.03776650750288113,0.2520626206625858,0.9130434782608696,0.00805091274084091,0.09604251963350241
agnim,365,41,271,360,0.8888888888888888,0.07201831503706846,0.34139537046230295,0.75,0.05388736405034822,0.34019768767377045,0.6486486486486487,0.050846357145451715,0.26991537894004436,0.75,0.027133339522542488,0.13873748032141187
agninA,41,23,107,37,0.9361702127659575,0.018978402758001,0.1594016237020346,0.9361702127659575,0.08858790660924332,0.381038431812316,0.8636363636363636,0.08507771394049157,0.40937294596638374,0.717948717948718,0.015102958342778083,0.07161146543595942
agra,10,6,160,34,0.9361702127659575,0.024975009512969826,0.23193547334198272,0.9130434782608696,0.1380758355205811,0.5972365638100872,1.0,0.10368082523292244,0.5488601895321517,0.9130434782608696,0.023017052473842003,0.3624616214030003
agram,63,8,84,41,0.75,0.0033751272232680485,0.10801650459430134,0.717948717948718,0.04036792815157486,0.41164878177726927,0.8095238095238095,0.03346544863015888,0.4096424499614064,0.75,0.0036458419015182875,0.127479823802629
agre,174,68,192,105,0.9795918367346939,0.04390587637298127,0.39141921573102956,0.9795918367346939,0.12450873860800404,0.64741023308359,0.9130434782608696,0.07755154192938774,0.588577719746165,0.9795918367346939,0.051876842090103126,0.4433207591768461
ahAni,124,7,45,25,0.48484848484848486,0.01656087040658183,0.1143098362601358,0.27586206896551724,0.02954220876037872,0.271268412779441,0.48484848484848486,0.04742018513271429,0.29437690825264196,0.4375,0.006919070918482428,0.054305185979403925
aha,74,9,24,29,0.9795918367346939,0.08647002976750595,0.5054626875095427,0.9795918367346939,0.16832612685459636,0.5818341951155986,0.9130434782608696,0.0339285751199816,0.46455526536147274,0.8372093023255813,0.01894912924613401,0.2516443808796799
aham,676,581,6115,208,0.9583333333333334,0.033542229602685936,0.2242526190270281,0.9130434782608696,0.057768360129488605,0.4380986328898676,1.0,0.12170806909032417,0.5578336455427176,1.0,0.013565122215267955,0.12766304394704142
ahani,40,21,190,75,0.9795918367346939,0.028214796897088057,0.222905830224706,0.9361702127659575,0.09056261242967878,0.3978576368007958,0.8888888888888888,0.05401571331347854,0.40286481963807097,0.8372093023255813,0.017424731411121996,0.16678228443248233
ahar,546,94,122,167,0.9130434782608696,0.09864754857166369,0.4954147634625249,0.8636363636363636,0.12340679413549294,0.4631814726392425,0.8372093023255813,0.0452109762523738,0.3353727902513084,0.8095238095238095,0.013431857087769283,0.13039317726094757
ahnaH,253,5,16,68,1.0,0.08842814246275343,0.4465344137267262,0.9130434782608696,0.01962709537375773,0.21671032092003006,0.8888888888888888,0.02670918401557887,0.2563376184167707,0.9361702127659575,0.028301726795031512,0.22024879828596744
aja,29,8,15,15,0.9361702127659575,0.018497327260111773,0.2266923691826852,0.9583333333333334,0.11511331716768636,0.5697837878104086,0.9130434782608696,0.060621927945719745,0.504103579427996,0.9583333333333334,0.018970390090637612,0.18614109604331897
ajaH,40,19,44,10,0.8095238095238095,0.00509302184138738,0.0868242934349589,0.8888888888888888,0.018301492897753513,0.18418767809005232,0.8372093023255813,0.023129984137379433,0.1936871341999008,0.8095238095238095,0.00794981525233196,0.054533985888645775
ajaraH,23,10,11,5,0.6486486486486487,0.003947576240928341,0.10911707068162357,0.717948717948718,0.022553069363718814,0.20697711288800547,0.7804878048780488,0.031441378827219535,0.23316321169116294,0.7804878048780488,0.0070803603799914905,0.042215408430053
akAmayata,30,15,5,6,0.9583333333333334,0.03364366922781281,0.1324905256269472,0.9361702127659575,0.07881435696408967,0.3824917430881729,0.9361702127659575,0.062152110621804035,0.3597610966775241,0.8636363636363636,0.012113785540906585,0.11314789879417086
akfta,6,7,18,27,0.8636363636363636,0.03496864424516921,0.3321662159003592,0.9130434782608696,0.08980065207146748,0.4089852936060536,0.8636363636363636,0.09782558030189858,0.4236347004154164,0.8888888888888888,0.009945122101588821,0.1812692902635311
akzaH,35,10,161,18,0.75,0.010252470216523757,0.11150435726562147,0.8636363636363636,0.04298990181190232,0.3744939169799133,0.8636363636363636,0.04863066704422625,0.3637018244502308,0.75,0.010679649697248439,0.14720827331019204
akzara,14,28,57,19,0.7804878048780488,0.022197698343604855,0.13130855616176096,0.9583333333333334,0.07354153131497743,0.4078933561979312,0.9130434782608696,0.10764430663205171,0.4074294505551186,0.9130434782608696,0.019283663527805306,0.10179039891776398
akzaram,46,121,135,25,0.7804878048780488,0.00793164929907264,0.0915500028528009,0.8095238095238095,0.0336476150568541,0.28285097281431826,0.8095238095238095,0.04873376295317333,0.32784887625806836,0.8095238095238095,0.005392847578722826,0.10170899315168169
akzi,10,9,108,16,0.8888888888888888,0.034172255901824045,0.20532256516140346,0.8095238095238095,0.08209863060024847,0.5342035472907752,0.9361702127659575,0.0971309414247995,0.4950421828248033,0.9130434782608696,0.012544692587281747,0.17546175878551407
alam,9,12,174,19,0.8372093023255813,0.0031590524042213186,0.0553732092294571,0.9130434782608696,0.04870419539675175,0.46030709518961344,0.8888888888888888,0.06592966557192359,0.4478143603015612,0.8888888888888888,0.004184123864962586,0.08883067645794207
amfta,119,146,183,14,0.9130434782608696,0.06291036160629948,0.34145498186739753,0.9130434782608696,0.12614458240609705,0.4691052323458983,0.8888888888888888,0.12923512809336934,0.4525054959022652,0.8888888888888888,0.022083052799831582,0.2463373472507926
amftam,93,145,234,13,0.8095238095238095,0.006695788751328813,0.15544229768426576,0.75,0.03350352128902012,0.2945880942215976,0.8372093023255813,0.04152716593371575,0.281303225955583,0.8372093023255813,0.00365342403334612,0.09458076222322409
amftasya,88,16,39,5,0.14814814814814814,0.0008115589547303959,0.10994547114108622,0.27586206896551724,0.003274487796670833,0.15073934645400877,0.33333333333333337,0.004488914597903126,0.15580008411489232,0.33333333333333337,0.0015630482960625747,0.1027918565085495
amum,88,38,19,26,0.9583333333333334,0.03683681773381797,0.23401912745801323,0.9130434782608696,0.08244460536925524,0.3824349940083953,0.9795918367346939,0.08712451364244667,0.4062168814718339,0.9583333333333334,0.03665771193521972,0.15080589290505597
amutra,7,10,67,8,0.9795918367346939,0.018857041043649603,0.09538775378538955,0.9795918367346939,0.09462449552225938,0.3251451346613865,0.9795918367346939,0.11059181581840793,0.3818580196214809,0.9361702127659575,0.028994938219950583,0.10289594094134524
amuzmin,31,22,7,7,0.9583333333333334,0.042168519481902256,0.19777451967325155,0.9361702127659575,0.07202814986002049,0.25674005404379274,0.9130434782608696,0.062128974089179834,0.18851207579421403,0.9795918367346939,0.018833980269760353,0.12313651819946947
an,284,170,672,256,0.6486486486486487,0.02603832036916076,0.23079927628831054,0.5714285714285714,0.025198477027257304,0.30518896883241653,0.48484848484848486,0.021741725905230824,0.37666037786969064,0.6842105263157895,0.022649187421907024,0.26628044258871086
anDaH,42,18,47,15,0.8095238095238095,0.011146285775121223,0.23162539554549721,0.8095238095238095,0.03044266129514217,0.22514744993948677,0.8636363636363636,0.0461709388259407,0.25196273206542696,0.8095238095238095,0.0065023344883244905,0.14784546657216446
anantam,9,39,54,11,0.8888888888888888,0.004132562070990775,0.16420588362131816,0.9361702127659575,0.06729411124064977,0.4123508038358322,0.8095238095238095,0.035941574421034184,0.3934668875754128,0.8095238095238095,0.008737328499320962,0.11778585165630928
anayA,9,12,59,27,0.8888888888888888,0.017943459296831388,0.20871962913351516,0.8636363636363636,0.14467427610199035,0.4592243864693337,0.8888888888888888,0.11017907414689565,0.42935198691725995,0.9130434782608696,0.02907561572533801,0.2313951347224128
anayoH,6,6,31,12,0.8636363636363636,0.02255170535164741,0.0999728322422847,0.8888888888888888,0.1380830892467032,0.44374812337143377,0.8888888888888888,0.11201739919666465,0.4683576049708056,0.9130434782608696,0.030619696824667808,0.2144073324675253
anena,39,131,354,175,0.48484848484848486,0.00778197134392522,0.10622823424953509,0.27586206896551724,0.021666664308445216,0.2346122277842091,0.4375,0.0563037188737423,0.3130235687069116,0.4375,0.008749590902182747,0.08818235549853304
anftam,39,34,204,18,0.75,0.005279789426911208,0.11200717738588839,0.8372093023255813,0.04678619318459676,0.35499857795225265,0.8372093023255813,0.03499648826804658,0.33162721529415795,0.8095238095238095,0.004122714726042309,0.04374880979849094
annAt,5,18,32,11,0.9361702127659575,0.046381365081194725,0.14249558143050156,0.9130434782608696,0.11715669868338396,0.396319622413687,0.8888888888888888,0.09578180391927371,0.39808309437468625,0.9583333333333334,0.03715687628602882,0.24916465896459306
anna,165,333,235,220,0.8888888888888888,0.049825290861403304,0.21242658698918482,0.8636363636363636,0.11009812610018044,0.40951734923435146,0.8636363636363636,0.08117369447587908,0.3312749064306766,0.8888888888888888,0.04320191197726986,0.22461640700476115
annam,272,352,425,120,0.8636363636363636,0.013697220110984287,0.1496315282869377,0.8636363636363636,0.05155994621367044,0.29356824846287066,0.8636363636363636,0.037919982320629986,0.2906468597348957,0.8636363636363636,0.010422764350747182,0.12173898672590466
annasya,19,52,18,14,0.27586206896551724,0.0023079233844696123,0.058049966356426674,0.27586206896551724,0.0037364260945714767,0.13032897258684295,0.27586206896551724,0.0035262008263812206,0.13947994091164606,0.07692307692307687,0.0007174324223397921,0.07945674153701476
annena,13,29,34,9,0.6486486486486487,0.017630480220440115,0.13653862848094545,0.5294117647058824,0.07351538293099813,0.26890344687470424,0.48484848484848486,0.05303807792345028,0.27523022428825505,0.5714285714285714,0.007449874606484386,0.05180581262634132
antAn,16,8,8,14,0.75,0.021845398075941103,0.15027158791428463,0.8888888888888888,0.07989233123349282,0.37688246316058416,0.8888888888888888,0.10760703395891158,0.43737047847542665,0.7804878048780488,0.014914070222826425,0.15991796593744456
antAt,7,8,8,23,0.75,0.021608979871308942,0.155383713312937,0.6111111111111112,0.03941085944671319,0.36853554762962615,0.6842105263157895,0.06676311143925517,0.42529463590502226,0.6842105263157895,0.01247353614369473,0.1818867414951829
anta,26,44,197,88,0.6486486486486487,0.024947075040617883,0.23436507716332566,0.4375,0.02694505575413131,0.29292665198877166,0.4375,0.025838408710316285,0.3443177236765427,0.6486486486486487,0.018791194306086667,0.17154267566430992
antaH,98,39,73,38,0.7804878048780488,0.024940665115533833,0.17888425390084506,0.5294117647058824,0.03327677495516912,0.27323707850476575,0.75,0.05741734395077924,0.27800065558063713,0.7804878048780488,0.009919724955942177,0.10789780197190302
antam,68,61,244,163,0.7804878048780488,0.019862960926442796,0.12299879476612441,0.717948717948718,0.07220239005795626,0.3013053590437723,0.717948717948718,0.05382704752218126,0.31797171416967596,0.8095238095238095,0.00980030155192535,0.07881537273766193
antar,322,212,115,261,0.5714285714285714,0.015031930727139597,0.12178426035339163,0.4375,0.03444712362787139,0.22575704223628312,0.4375,0.033181467911702844,0.24162344534049662,0.48484848484848486,0.017253092737155806,0.07203696934587
antarA,58,22,50,29,0.6486486486486487,0.02658591978527547,0.12546679890615686,0.48484848484848486,0.026814585588945228,0.2652017188950936,0.5714285714285714,0.04456540110915286,0.26582530623638256,0.6111111111111112,0.01638947036331051,0.07300404384186854
antaram,15,193,279,92,0.6486486486486487,0.02250498304441495,0.13714992824883077,0.2142857142857143,0.010920672820065924,0.19700302433913397,0.5294117647058824,0.03386658578772894,0.24324019305985334,0.6842105263157895,0.010883094758247336,0.07359526480549605
antare,6,30,236,79,0.6486486486486487,0.02642554944646147,0.14874978601109312,0.3870967741935484,0.02707618285099056,0.2523235596532205,0.48484848484848486,0.045785061955060935,0.25303444511707784,0.5714285714285714,0.01239966677534965,0.09332775596402121
antareRa,28,58,33,87,0.7804878048780488,0.04466383504812954,0.20382144613915254,0.6111111111111112,0.05984790140816043,0.3270611953371292,0.6486486486486487,0.0638049041172869,0.3156940819701687,0.8372093023255813,0.017942150046597716,0.07944504420758203
antarikza,33,21,58,7,0.75,0.01734020269668235,0.09913337564869962,0.7804878048780488,0.06369450340937355,0.24863534492453354,0.75,0.07504652897083897,0.32045263731886453,0.8636363636363636,0.026886229830245578,0.1381207335652166
antarikzam,172,48,84,17,0.8095238095238095,0.019158912897822233,0.10610513599850657,0.7804878048780488,0.05398181627840737,0.22799707290495086,0.8636363636363636,0.07329768659022484,0.29921642120224345,0.7804878048780488,0.021355300182976933,0.09560478133483608
antatas,80,15,24,11,0.75,0.025711988792881946,0.17078892942896795,0.48484848484848486,0.021752574556139992,0.2532586207885281,0.6486486486486487,0.03521444661046458,0.26155200134178336,0.75,0.014363570546725879,0.09012129357592202
ante,19,49,369,232,0.33333333333333337,0.006416273944044981,0.10536098506547464,0.5714285714285714,0.025251539867387707,0.3381846020702206,0.6486486486486487,0.03383135399213588,0.36031965153183876,0.48484848484848486,0.014435095054143532,0.10391140433595603
antena,7,9,6,11,0.75,0.016293846603727014,0.18087389900711592,0.6111111111111112,0.04947223528200895,0.2773680030759589,0.8095238095238095,0.08785565037059695,0.29574707424832214,0.8095238095238095,0.00855056668623111,0.07607820744974214
anu,1025,122,128,156,0.717948717948718,0.05207391819424645,0.22290768435895658,0.5714285714285714,0.038501137955634146,0.3743360838551366,0.3870967741935484,0.012207212615193419,0.48648130269971535,0.717948717948718,0.05149893196419575,0.34637805985854
anuprApya,10,35,30,7,0.9130434782608696,0.04641727644297,0.2970594549043366,0.8372093023255813,0.06720323732928979,0.408718562693839,0.8636363636363636,0.05856357113946409,0.4264484648663789,0.8372093023255813,0.019344629152658,0.16925335729365265
anupraviSya,7,42,9,18,0.9130434782608696,0.034524529812173244,0.31133312299675975,0.7804878048780488,0.06133204479894361,0.441937077865067,0.9361702127659575,0.05915096287942456,0.39069094434486784,0.8372093023255813,0.02031349981252739,0.17670057756922541
anurUpaH,15,7,12,30,0.9583333333333334,0.030100247549881387,0.1260691417528026,0.9583333333333334,0.08595657043803973,0.24539678246814645,0.9130434782608696,0.05686249368998331,0.4204955524875753,0.9795918367346939,0.07225737611994831,0.345928219502182
anurUpam,7,26,62,18,0.9795918367346939,0.027093477106221786,0.13562148191334744,0.9583333333333334,0.04087462451599444,0.27304884271966734,0.8372093023255813,0.041041055272029725,0.39331807862150003,0.9583333333333334,0.04585352092510764,0.32922624432728465
anyA,53,11,66,17,0.717948717948718,0.023513447043085,0.15045446257908401,0.75,0.07464909064607295,0.29967037825404663,0.717948717948718,0.05496501083312344,0.29226658564233654,0.717948717948718,0.02826393845637698,0.14509713485977316
anyAH,33,28,120,21,0.6111111111111112,0.012886659340103912,0.15348000395945616,0.48484848484848486,0.01619894934489341,0.1838111998448635,0.6842105263157895,0.03194871446715608,0.22612604589500318,0.717948717948718,0.007972289990256565,0.10905150827629817
anyAm,14,9,58,14,0.75,0.01629268189042743,0.09530224866803705,0.6111111111111112,0.06589069449436169,0.282151340588364,0.9130434782608696,0.11342255366754417,0.2967253790587977,0.8095238095238095,0.032791450732463145,0.15752138557172668
anyAn,20,14,325,40,0.8095238095238095,0.03756659541428187,0.16159057052634418,0.8372093023255813,0.11157175757699056,0.36193608758096474,0.8888888888888888,0.10789066670267822,0.3390233090403423,0.717948717948718,0.024271546179226777,0.21469554782869193
anyAni,14,18,105,26,0.5294117647058824,0.012857539340151103,0.07840068814488688,0.48484848484848486,0.03200433742384956,0.18640816956654527,0.8095238095238095,0.09422637172580461,0.22596671893341025,0.7804878048780488,0.02051331954449398,0.11671728202789722
anya,27,476,139,271,0.717948717948718,0.035890111157418914,0.14131407329739853,0.48484848484848486,0.03156949207126891,0.261105299347558,0.48484848484848486,0.033734203353795955,0.23300448990755762,0.717948717948718,0.0325428380311138,0.12735886218548198
anyaH,162,254,556,62,0.8372093023255813,0.01696487528303281,0.12176891795975409,0.75,0.03923932132793906,0.2063624761863545,0.8636363636363636,0.06640397121793451,0.21832227390268377,0.8888888888888888,0.02699163152516626,0.14783886266879054
anyam,55,22,273,38,0.8636363636363636,0.013056295695259568,0.09360513508245905,0.8636363636363636,0.05494833023461876,0.22540037401536805,0.8095238095238095,0.03674900386206437,0.2029026598636614,0.8636363636363636,0.008838371543743895,0.11519583027209646
anyasmin,5,11,18,40,0.8636363636363636,0.02617800214954824,0.11261052153543138,0.75,0.07019554778126835,0.20769894463080818,0.7804878048780488,0.06778665234323977,0.24758944924009763,0.7804878048780488,0.014279555560777535,0.1645608905028897
anyasya,18,51,63,21,0.33333333333333337,0.0023633350475241732,0.049163472112552564,0.33333333333333337,0.004284578324676658,0.10490471035521876,0.27586206896551724,0.003776721971902597,0.1130722631258263,0.07692307692307687,0.0006821290120367918,0.08896296907358126
anyat,92,402,713,144,0.75,0.021932558080662856,0.1396223792654656,0.75,0.056506875899986264,0.2194793122484492,0.6486486486486487,0.04397196398748293,0.2159171276740004,0.6111111111111112,0.022759382745505263,0.1715814416579604
anyatra,56,317,176,250,0.75,0.027866122593432685,0.1810591080290096,0.6842105263157895,0.04027488414552849,0.20854401689558233,0.5714285714285714,0.03159478315076236,0.21091601741637667,0.717948717948718,0.026849918037354703,0.16722008015914192
anye,71,86,838,143,0.717948717948718,0.021791627586428497,0.1434411973248264,0.717948717948718,0.036991717676983726,0.2547322025095675,0.6842105263157895,0.05650259398911883,0.2744133926004082,0.6111111111111112,0.011512969141119545,0.1412874201998836
anyena,28,24,93,28,0.6842105263157895,0.012747888416406505,0.09155117256617096,0.6111111111111112,0.07466559844664211,0.2123793095441684,0.717948717948718,0.09035683240214432,0.26068880957088414,0.75,0.008095143153877826,0.0848450624179865
anyezAm,15,16,94,35,0.8372093023255813,0.013318835982711885,0.09823059177180737,0.6842105263157895,0.03665641687916399,0.2245719057992841,0.9361702127659575,0.09527312916350028,0.2553103508660285,0.9583333333333334,0.03130381068211141,0.11745409999457068
ap,21,38,9,14,0.9130434782608696,0.05765300656619987,0.3808728276172788,0.9795918367346939,0.1437113099033338,0.477840597615963,0.8888888888888888,0.10088476916231404,0.5314210931874062,0.8372093023255813,0.02607444974340023,0.37416629391787537
apAm,175,33,59,35,0.8372093023255813,0.02258315590886406,0.198002349420781,0.8888888888888888,0.05350364147827158,0.31955101648097706,0.9361702127659575,0.0786270731563814,0.42810737348109995,0.9795918367346939,0.033131740001923315,0.37323466456601817
apaH,337,54,78,111,0.8095238095238095,0.009962519370868894,0.16281362673311228,0.8888888888888888,0.025309543726838135,0.2558680948861609,0.9361702127659575,0.049734536133431595,0.34247916241694587,0.8636363636363636,0.012250882417489728,0.27395834971299116
apaSyat,118,6,278,49,0.8888888888888888,0.023015063550858805,0.16650612564854184,0.9361702127659575,0.11022054037380702,0.5169687506239,0.9130434782608696,0.1377426762442867,0.6153186461153008,0.9130434782608696,0.04090365908199356,0.15653842166192788
apara,14,22,27,88,0.8636363636363636,0.035866824727804114,0.17218332136493208,0.75,0.07144409079387803,0.4208160393805791,0.8095238095238095,0.11964219927440156,0.5018007897319459,0.7804878048780488,0.030484904756907683,0.30180532763684875
aparam,20,10,139,41,0.717948717948718,0.003925013953260614,0.05946903973526352,0.5294117647058824,0.025860204934063158,0.2775037081978009,0.8372093023255813,0.06444690239557316,0.35023541158171567,0.8372093023255813,0.010896046203917376,0.14641205170618288
apare,7,12,425,37,0.9795918367346939,0.0224972675578754,0.15461251877129134,1.0,0.11592061370968665,0.5136142491930716,0.9583333333333334,0.13671825555005745,0.40945051294057944,0.8888888888888888,0.022930777177932682,0.26554198531613693
apatyam,9,58,90,11,0.9583333333333334,0.043010111761138115,0.24067467847934376,0.8888888888888888,0.07461649113598057,0.38258645451463236,0.9361702127659575,0.05893692172023757,0.3479164583455623,0.8888888888888888,0.015001812521894031,0.18648596543544915
api,332,1822,12679,1662,0.9795918367346939,0.029042642496614923,0.1357550578943716,0.9361702127659575,0.0739618700860849,0.44047183305229587,0.9361702127659575,0.08634589869976639,0.4963048197276909,0.9361702127659575,0.018612946169421996,0.17569936489660032
apsu,175,39,87,43,0.9795918367346939,0.040638034637032194,0.25720402654427366,0.9361702127659575,0.06815806188365259,0.4171740020445639,0.9583333333333334,0.05411400322251514,0.4284287840561658,0.9583333333333334,0.02148391337324429,0.2857385774707567
arDa,45,8,108,303,1.0,0.03687753990914111,0.22424473161518377,0.9795918367346939,0.08849207532249792,0.47611529621302817,0.9130434782608696,0.07243174310124456,0.5053442348692234,0.8095238095238095,0.020976310214924743,0.22624607332044833
arDam,21,6,129,92,0.9361702127659575,0.00912849492913581,0.09809590752000652,0.9130434782608696,0.04533660348212154,0.365976779516638,0.7804878048780488,0.02714846239435631,0.41462784005127995,0.8888888888888888,0.008052383474712155,0.18325238742831618
arTAH,5,17,129,30,0.75,0.027377119570845432,0.3299453986999812,0.8095238095238095,0.08770381587815346,0.4851082753800666,0.6842105263157895,0.022453969926005235,0.33245023096202675,0.5714285714285714,0.007818892622322715,0.22658830090239213
arTam,28,397,2147,593,0.8888888888888888,0.007780184989476857,0.20016968389055378,0.9130434782608696,0.06706547064890356,0.5060434647762995,0.9361702127659575,0.09042843820918578,0.5667216937074773,0.9361702127659575,0.015912613866629344,0.22589689855037176
araRye,5,7,149,19,0.9795918367346939,0.025077813607213617,0.13554315734745992,0.9361702127659575,0.11164850917113067,0.586916386343366,1.0,0.12085384732908033,0.5978955338067564,0.9361702127659575,0.029547632956259506,0.2679062941492011
arhati,18,29,454,58,0.6111111111111112,0.010969217841686696,0.12379046896039214,0.717948717948718,0.022001864968805296,0.3588450680957307,0.8636363636363636,0.05411774734787522,0.45270635583962693,0.75,0.019101514255760343,0.13754244957048
arka,9,10,205,10,0.8636363636363636,0.03129825395475838,0.2602716342529112,0.9795918367346939,0.15123163094394554,0.4685261345218318,0.9583333333333334,0.13760544043284628,0.5315469968579154,0.9361702127659575,0.025436076837262678,0.3179603598121393
arvAk,71,6,9,16,0.9361702127659575,0.034807624662867354,0.3571456542213377,0.9795918367346939,0.03952707574833625,0.3366865242117152,0.9583333333333334,0.0434710898792775,0.3486359828722384,0.9361702127659575,0.02871553889921563,0.24247959824335075
aryamA,114,5,14,5,0.9361702127659575,0.047023491641876025,0.30464533682262196,1.0,0.08409215538428205,0.4562626545279125,0.9130434782608696,0.11252848571916307,0.5556934603221119,1.0,0.07301706318693357,0.5299401268373412
asO,198,359,745,113,1.0,0.04176014734521494,0.2021609057997502,0.9583333333333334,0.05788402090909828,0.28207576408667767,0.9130434782608696,0.09928199545812122,0.398020932866594,0.9583333333333334,0.03990218317445082,0.27952422915235076
asTIni,8,10,16,5,0.9583333333333334,0.01999346102622246,0.06685530058961953,0.8636363636363636,0.07961755893603506,0.2521192506311226,0.8888888888888888,0.09148072448547262,0.3189394832711422,0.9583333333333334,0.012638108611132792,0.07665185288747933
asTi,34,11,102,51,0.9130434782608696,0.036357697036007997,0.1709780632899054,0.9361702127659575,0.06776663134539895,0.44658602302169337,0.9361702127659575,0.08384011757061705,0.3978080401256763,0.8636363636363636,0.022223178569811042,0.18091036204618116
asat,115,99,81,20,0.9795918367346939,0.05173376818271047,0.19090208508907613,0.8888888888888888,0.11170043288626119,0.35201483305807835,0.9361702127659575,0.09964149607930883,0.3995319620791742,0.9583333333333334,0.03359979067674734,0.15594367508340812
asataH,8,24,18,6,0.717948717948718,0.02810936323352664,0.28755497456437684,0.6842105263157895,0.06168093371402816,0.4462866255842244,0.75,0.06732963469473685,0.5013936217268017,0.6842105263157895,0.006345865243761906,0.09879444300662421
asati,19,30,13,13,0.7804878048780488,0.028396945956819852,0.2162598479387463,0.8636363636363636,0.05852825929650385,0.281086358629836,0.8636363636363636,0.06646764623494206,0.31731627360587566,0.8372093023255813,0.026792617271884978,0.17059461328429792
asi,1304,209,1351,246,0.8888888888888888,0.05307865896068675,0.34353206303227424,0.8636363636363636,0.07061036174079216,0.5776559355809123,0.8095238095238095,0.10161375829520236,0.6029278585989867,0.9795918367346939,0.059516661053532705,0.3608226129509662
asmABiH,12,11,246,5,0.9795918367346939,0.03670849416251343,0.2979322333600454,1.0,0.10864394132905797,0.4183267227713614,0.8888888888888888,0.0911425025633199,0.406447755872261,0.8636363636363636,0.039791973690971316,0.18998604307971656
asmAkam,168,23,364,30,0.8888888888888888,0.023885258974300494,0.15993315801279628,0.9130434782608696,0.058439298901914016,0.40123165405987105,0.9583333333333334,0.085582288798697,0.4223248203021063,0.9361702127659575,0.012263433915469246,0.19691105299220424
asmAn,186,21,320,38,0.8372093023255813,0.02917757175973601,0.195380355764168,0.8372093023255813,0.07460856236119429,0.32165997806568714,0.8888888888888888,0.09876002368381864,0.3860643498194082,0.7804878048780488,0.05030972125317634,0.28066259791177495
asmAt,110,154,148,29,0.7804878048780488,0.012556399589683243,0.14352118346058607,0.7804878048780488,0.09149881698978513,0.2978537673455244,0.717948717948718,0.08287052426795627,0.37199919162501216,0.8372093023255813,0.018369647970785663,0.19707506131340646
asmE,440,96,128,85,0.8095238095238095,0.04087756459587477,0.17889207078684566,0.8636363636363636,0.07431997120142309,0.32948147737567013,0.8888888888888888,0.09485801918943892,0.4309411951169493,0.8372093023255813,0.06769697298812649,0.3179881248727525
asmat,155,13,13,10,0.9130434782608696,0.030908684406806497,0.31069421402107467,0.9130434782608696,0.04970348673171365,0.26153647075561315,0.9130434782608696,0.08007628905016084,0.3628476695401972,0.8636363636363636,0.025890824221202813,0.2868673633480776
asmi,97,221,1261,23,0.75,0.01312880895471058,0.06984685805457225,0.8372093023255813,0.045552395297499326,0.3620268088793057,0.75,0.06776768228332009,0.4206827225309142,0.8372093023255813,0.02785382454889107,0.19134211667422374
asmin,325,210,707,143,0.8095238095238095,0.01828519017152097,0.165633851153294,0.75,0.08239419499458456,0.2852507462420999,0.8095238095238095,0.10387368602113412,0.38761115349752373,0.8636363636363636,0.02371546919166012,0.3299293590651333
astam,39,37,129,8,0.9583333333333334,0.012047393703565001,0.11894671476123975,0.8636363636363636,0.041224409120374395,0.35268126123060006,0.8372093023255813,0.041958386582797824,0.4025614043023641,0.8636363636363636,0.004296329503890917,0.07159408290986358
asti,251,503,1668,122,0.8095238095238095,0.02556087226142978,0.1102222926501879,0.8636363636363636,0.0582336996257401,0.32711574108718744,0.9361702127659575,0.07054856001965337,0.38692856208198123,0.9583333333333334,0.032136057834131426,0.31734452872314245
astu,564,69,700,61,0.9130434782608696,0.03937743820882711,0.31354451982014486,0.9583333333333334,0.09457840553299246,0.45327526289901876,0.9361702127659575,0.09821131039683362,0.5036226809284032,0.8636363636363636,0.04642566318435837,0.21168056657463885
asurAH,46,40,131,17,0.6486486486486487,0.008143404429534318,0.1857873161913186,0.6842105263157895,0.019432886737172805,0.29502204024220124,0.717948717948718,0.03750929631459676,0.2952526647593827,0.75,0.013140395052350762,0.10555981615070609
asurAn,45,7,94,5,0.8372093023255813,0.03290299898404636,0.1914686025364296,0.8095238095238095,0.07782741967079143,0.4047162580559428,0.8636363636363636,0.0974737425748049,0.3727942336390413,0.8636363636363636,0.020600001032231696,0.15883898213443137
asyAH,162,41,176,38,0.7804878048780488,0.027246187619725415,0.23600626041005157,0.7804878048780488,0.049644378884127205,0.368801556745897,0.8636363636363636,0.09349566617021887,0.37582776778216376,0.8636363636363636,0.02920936544512953,0.21810023600508854
asyAm,56,32,61,27,0.75,0.020008616073921237,0.2193899582788461,0.6111111111111112,0.062335024292269336,0.3815216499588453,0.6842105263157895,0.05165325134795251,0.3618221040740506,0.7804878048780488,0.04337099742818196,0.2191710143527179
asya,1325,723,2545,629,0.2142857142857143,0.0008260513554076976,0.08423230108614055,0.33333333333333337,0.0023643452975281587,0.15766156683374266,0.27586206896551724,0.0031115888547982307,0.16487270527766018,0.2142857142857143,0.0016650840397667288,0.08953173547749338
atas,158,745,515,278,0.8636363636363636,0.022130638027339056,0.19823561968907644,0.8372093023255813,0.10431462288299209,0.40400779124558484,0.8636363636363636,0.06276936839724279,0.37040745849457724,0.75,0.020567315519956164,0.20194826721934356
ati,394,34,914,53,0.2142857142857143,0.005669143917302444,0.13661460747345167,0.2142857142857143,0.011435296072342505,0.3964547232886728,0.5714285714285714,0.06763881756568191,0.4893535749261385,0.5714285714285714,0.02491213675620163,0.24641507307313604
atra,267,253,1685,527,0.8636363636363636,0.031179963170780978,0.21048366693536402,0.8636363636363636,0.09353881325016555,0.3295327386909279,0.9130434782608696,0.10687840261304193,0.43753214320604894,0.8636363636363636,0.013277022205282929,0.20005174200189701
avasAnam,8,9,9,5,0.75,0.0051780446985004724,0.1900242720096167,0.8372093023255813,0.040179637888057895,0.31092152662385464,0.75,0.022411646729117773,0.2695794104746665,0.8095238095238095,0.004784510528757502,0.16623847505276568
avocat,6,20,26,7,0.9361702127659575,0.03234085067074288,0.13931372311035706,0.9361702127659575,0.05723697953189355,0.2731334358656943,1.0,0.058724469768964394,0.34233562775366133,0.9583333333333334,0.015442021124476901,0.12109916352392425
ayaH,34,7,31,12,0.6842105263157895,0.021646672166881764,0.13744024141306543,0.75,0.03750920958069326,0.22773435244233553,0.5714285714285714,0.04195568046412923,0.2695994274858261,0.5714285714285714,0.011558904967050587,0.12897158824092858
ayam,494,834,2425,386,0.75,0.020982134208352266,0.14668856063140312,0.6842105263157895,0.0776192999930494,0.3137597138533128,0.6842105263157895,0.10374434025290669,0.4337491065483927,0.6111111111111112,0.011888119852668577,0.12812961352544106
ayanam,23,9,16,29,0.8636363636363636,0.013607258696647584,0.26364112023592945,0.75,0.047860177945378446,0.5022942931457884,0.6842105263157895,0.050794214255699965,0.4625719268409024,0.7804878048780488,0.014188166029570959,0.14394441398202185
azwO,43,25,181,145,0.8095238095238095,0.027040203155412224,0.1378865267874987,0.717948717948718,0.027198661454998385,0.22705684286650607,0.5714285714285714,0.02799550425201447,0.2093214234549945,0.75,0.012821564845829414,0.044293633758100026
azwa,35,16,100,148,0.9130434782608696,0.031617171678219536,0.18733116324409926,0.75,0.06652143057798376,0.40887761973258385,0.75,0.07216097478803585,0.45989349449280126,0.9130434782608696,0.02743720074459155,0.22347682718044615
bAhU,59,7,97,8,0.9583333333333334,0.03922838347679858,0.2075808293921868,0.9361702127659575,0.08213737305398139,0.5740456641636806,0.9795918367346939,0.060740793249870806,0.5228308034097394,0.9361702127659575,0.01889915804632203,0.24332121647360183
bIjam,13,20,74,24,0.8372093023255813,0.004470679226468155,0.08994499946595991,0.8636363636363636,0.0318171929957225,0.2599800871581057,0.9361702127659575,0.03286556571661048,0.22940613763381212,0.9583333333333334,0.0039302126740551335,0.03807354354407977
baBUva,78,47,708,9,0.9583333333333334,0.021409077038275326,0.11730409160868094,1.0,0.10782707658101465,0.586940278805584,0.9361702127659575,0.08701317559495048,0.5496311884454917,0.9361702127659575,0.011548451335042342,0.06808323645376813
bahUnAm,9,7,61,13,0.8095238095238095,0.01645879339293188,0.06412335005613068,0.8095238095238095,0.09043503499229122,0.3451678097772204,0.75,0.08320725897520509,0.37235581962414044,0.75,0.012582049218922808,0.12680765622125978
bahavaH,21,18,452,19,0.8095238095238095,0.027974631304953257,0.2018239323706562,0.9130434782608696,0.08841992107640151,0.4757732309513766,0.9361702127659575,0.11739263586730053,0.49943084872867405,0.8888888888888888,0.014771392259714466,0.18943607185272038
bahis,26,35,81,74,0.9130434782608696,0.01654753702656586,0.15397123033261395,0.9361702127659575,0.08449519821015206,0.4906432258251875,0.9795918367346939,0.06767272563231685,0.4287417968287537,0.9130434782608696,0.01325539563994138,0.12801324908922052
bahu,75,97,1215,94,0.9583333333333334,0.05246016141712151,0.14952972918870489,0.9583333333333334,0.12894652663037198,0.6227293016655555,0.9795918367346939,0.13343278473399267,0.6697278551040307,0.9795918367346939,0.03281528980311266,0.19254436820647614
bala,10,10,930,108,0.9361702127659575,0.0282435499598489,0.22955461984751946,0.9361702127659575,0.16943554824907503,0.658394990505215,0.9583333333333334,0.19823601443138517,0.621056439855277,0.9130434782608696,0.05130708383683247,0.4437363041114728
balam,103,29,1525,65,0.8372093023255813,0.006615145839841019,0.14263625758576626,0.8372093023255813,0.06732064974779639,0.4850044438722393,0.9795918367346939,0.07885839919389559,0.517520226699686,0.8888888888888888,0.011284842162521902,0.22687790640567707
balena,27,13,287,14,0.48484848484848486,0.003838886632620997,0.09302156148141161,0.48484848484848486,0.04244623406196757,0.39078612230206633,0.6111111111111112,0.076214959123027,0.397306362168922,0.6111111111111112,0.011110983907252514,0.10035464820726603
bali,10,9,61,51,0.9583333333333334,0.019228687815600165,0.08251522269164713,0.9795918367346939,0.09168393806407593,0.5542166768455198,1.0,0.1514045260188307,0.5626876877111819,0.8888888888888888,0.021529742342343283,0.24137283822837063
balim,14,10,97,30,0.9583333333333334,0.02626689460013687,0.10448095575426186,0.9795918367346939,0.0888787402875747,0.4541651782278979,0.9583333333333334,0.09100595901703346,0.4647994572234305,0.9361702127659575,0.017246349365716784,0.11880950816689051
banDu,10,5,64,21,0.9795918367346939,0.017186001811251184,0.11300231973778074,0.8888888888888888,0.07089196491253635,0.4462384023410474,0.9361702127659575,0.07547135065415644,0.3718600609242324,0.9583333333333334,0.0325921897450675,0.2440951475477635
banDuH,20,7,54,8,0.8636363636363636,0.01776215056606778,0.11875323845138597,0.9361702127659575,0.07931438214223263,0.4276568742251474,0.9583333333333334,0.08064814668162634,0.36914135511337887,0.9361702127659575,0.020619436647653422,0.2208150228440766
bfhaspatiH,196,13,145,24,0.8636363636363636,0.03608208812108393,0.21036977101026433,0.8372093023255813,0.03678334894959878,0.3660909128774169,0.8888888888888888,0.04262546865147754,0.3193433395245102,0.8888888888888888,0.04466035301282811,0.13253316844286034
bfhat,417,34,91,87,0.9795918367346939,0.1420206489455813,0.5362747759059625,0.9130434782608696,0.05918413078352047,0.42373171960034917,0.9795918367346939,0.0993805768434115,0.3694216626418263,0.9583333333333334,0.13355047008335053,0.525818158348864
bfhatI,77,9,16,15,0.9583333333333334,0.07903253700872781,0.4305724245759166,0.9361702127659575,0.08789962874333956,0.47168773442666523,0.9130434782608696,0.10485256788769748,0.3999957647137382,0.9361702127659575,0.11507688445088526,0.42892863337811193
biBarti,62,10,48,7,0.9795918367346939,0.01865778583540445,0.08876282836488114,0.9361702127659575,0.07839334313367874,0.2881872215151715,0.9583333333333334,0.04983949608715321,0.3331369297610769,0.8636363636363636,0.011433629063722361,0.11127043111055523
brAhmaRAH,23,59,447,33,0.9361702127659575,0.05573287037281904,0.26941974318726913,0.75,0.07067235447811826,0.35565957860965414,0.9583333333333334,0.10863773809909061,0.4111147438984647,0.9130434782608696,0.03795021431686274,0.2000022172135416
brAhmaRAn,6,10,208,52,0.8888888888888888,0.06912231542077751,0.30994894993391786,0.8372093023255813,0.1070673448926378,0.43089748919700455,0.9130434782608696,0.10249264973155447,0.4485361584123636,0.9583333333333334,0.025053584149194008,0.1889926942128487
brAhmaRa,13,54,430,126,0.8888888888888888,0.06636992760668681,0.34184705265844473,0.8372093023255813,0.1378134490675137,0.5027867613688874,1.0,0.17184650077292762,0.512282449059846,1.0,0.0387452089273016,0.20270680912962524
brAhmaRaH,34,45,587,88,0.8888888888888888,0.03140658045867328,0.24664281775645636,0.75,0.0737730323012592,0.3768575400702674,0.9583333333333334,0.12327288031501515,0.4171410136739575,0.8636363636363636,0.02498889600507659,0.16660035787444927
brAhmaRam,223,69,210,44,0.9795918367346939,0.05398898718256073,0.28057754604804797,0.9130434782608696,0.1083958564692491,0.45558047848214933,1.0,0.09768517385116049,0.4199241007230349,0.8372093023255813,0.006000385529505992,0.11296869827709577
brAhmaRasya,25,17,190,54,0.7804878048780488,0.02264534394017015,0.11921213278981557,0.7804878048780488,0.0694853653461881,0.2757578884186741,0.6486486486486487,0.03756459993166439,0.2868867400619659,0.48484848484848486,0.005823762716297698,0.0592648490124823
brUhi,30,42,565,8,0.8888888888888888,0.04844705876754074,0.21989570837434114,0.8636363636363636,0.05487912951438956,0.4327725193500145,0.9583333333333334,0.06966023567055979,0.45438460000445,1.0,0.029349517026804772,0.1506407122768335
brUyAt,90,51,135,95,0.8636363636363636,0.044270685024178524,0.23327634045293422,0.8095238095238095,0.07625934237402965,0.30795943377291757,0.8888888888888888,0.07911496322637546,0.357247614992829,0.9361702127659575,0.038403193940609204,0.2168964978242507
brUyuH,5,11,31,50,0.8636363636363636,0.041310084272011216,0.16406556764700153,0.8888888888888888,0.06178163724588903,0.37445370147726464,0.9583333333333334,0.09566407513038666,0.41447994613479056,0.9583333333333334,0.03550295563303463,0.16835050949123442
brahmA,98,49,375,55,0.8095238095238095,0.03171266789062277,0.14121424122448323,0.8095238095238095,0.07477708566887398,0.309930495230615,0.8372093023255813,0.06902630774971297,0.3764999776168598,0.8888888888888888,0.059805386363726565,0.3214430610175115
brahmARam,9,7,135,15,0.8888888888888888,0.012625117221929605,0.08787179287736047,0.8888888888888888,0.05729709575561426,0.30829574341436605,0.9361702127659575,0.06378496314877635,0.3725035578672429,0.8888888888888888,0.01849851096584798,0.19060076533918613
brahma,571,1433,1453,183,0.7804878048780488,0.05576146813737215,0.18433227516698802,0.75,0.0958131563991158,0.3397790813732028,0.8636363636363636,0.09823456292793709,0.469865397616385,0.8636363636363636,0.04920026005334155,0.316834580800463
brahmaRA,186,35,148,22,0.7804878048780488,0.03371741144464657,0.17922812228520757,0.75,0.07806046711731407,0.32565458740736575,0.9130434782608696,0.11168888825268297,0.43396811136639846,0.8636363636363636,0.06027847982885981,0.29504369963810406
brahmaRaH,78,224,199,24,0.8372093023255813,0.03179663002023658,0.1171454759454712,0.8095238095238095,0.06527105838285785,0.27732867059536537,0.9130434782608696,0.08785546813533218,0.3996333337103193,0.8888888888888888,0.014497019521848342,0.15259506180793503
brahmaRe,43,15,15,15,0.75,0.05021464949750831,0.2044869936973226,0.6486486486486487,0.05699850196518452,0.2631789908960067,0.9130434782608696,0.09617361473002506,0.3985432952324369,0.8636363636363636,0.04270609901351541,0.2351415233780324
brahmacArI,21,10,119,25,0.8636363636363636,0.041161554314061544,0.18892086987420031,0.8636363636363636,0.0650566092805952,0.3767079769995596,0.9130434782608696,0.0830374952721149,0.3642285142568751,0.8636363636363636,0.020346368582774388,0.13563632076794396
brahmacAriRaH,18,17,25,6,0.9130434782608696,0.025353310392942974,0.1297706083186818,0.8636363636363636,0.0699406767430325,0.3134823339517192,0.8636363636363636,0.07692223171171075,0.3796371188678249,0.8888888888888888,0.01294239252161089,0.08445655281023368
ca,4300,4799,73461,7923,0.9583333333333334,0.023773452625833302,0.2497694360023266,0.9361702127659575,0.06738408353548808,0.4233226172212984,0.9795918367346939,0.08560975212625599,0.3878766424099338,0.9583333333333334,0.03796084064067662,0.25816017750628006
cakAra,86,24,394,8,0.8888888888888888,0.0428726034554483,0.23387888479045338,0.8888888888888888,0.10665138610622493,0.6361537313420832,0.9583333333333334,0.14857907174418006,0.5473241271795559,0.8372093023255813,0.01696299605709839,0.17992882162287704
cakre,76,20,532,14,1.0,0.05995933653522789,0.385882809254549,1.0,0.10674086974295005,0.6025660509584891,0.9795918367346939,0.11682751205715203,0.5997121330830746,0.9795918367346939,0.016990537700338537,0.18487854665635295
cakzuH,211,219,202,52,0.8888888888888888,0.030071809112893644,0.14886027368235288,0.9130434782608696,0.11678787638272903,0.38172912915559987,0.9795918367346939,0.08836045710268703,0.49265905017108236,0.9795918367346939,0.07012111006036403,0.29629650079462
cakzuzA,71,34,163,24,0.9361702127659575,0.028541926655194838,0.22212981147029875,0.8888888888888888,0.0975293654242334,0.43954912556976,0.8888888888888888,0.09457082205140754,0.4533243531321638,0.9583333333333334,0.046189101113843334,0.23765993825520382
cana,184,24,1127,50,0.9361702127659575,0.02963545168933379,0.22048568199733332,0.9795918367346939,0.08369950184228614,0.4703357949488819,0.8888888888888888,0.1393450793682125,0.43994653253962945,1.0,0.03437599513638623,0.2726541549881989
candra,12,61,376,11,0.9795918367346939,0.06481530823462289,0.290220990420303,0.8095238095238095,0.07252420956972128,0.47196396816511443,0.9795918367346939,0.09732982871741724,0.4353262005921925,0.9583333333333334,0.020426621933614553,0.10501022239245172
candramAH,52,44,103,5,1.0,0.03405124700795992,0.11438166764127067,0.8888888888888888,0.05128196191368428,0.2867362506273595,0.9583333333333334,0.07374486647767275,0.38698026141660546,0.8636363636363636,0.02050899299132858,0.13541172931831302
cara,41,5,51,14,0.8888888888888888,0.03620236150572409,0.25127606458545815,0.7804878048780488,0.1467450641617175,0.6170471812788924,0.8888888888888888,0.13399897007874284,0.5623898116518091,0.9361702127659575,0.05072989413626905,0.19676690249625217
caranti,111,14,88,42,0.5714285714285714,0.023219062570871363,0.11269621616626146,0.6111111111111112,0.04351794932760045,0.28531452962920834,0.6842105263157895,0.08639889911862719,0.39973137128375313,0.6842105263157895,0.021550370755986425,0.2536283786727771
carati,88,12,95,28,0.3870967741935484,0.009132178954467496,0.1546593558451761,0.5714285714285714,0.025190220245942307,0.3122584577393779,0.75,0.06509288072433717,0.4349721774009221,0.6842105263157895,0.020526173001551462,0.20870624107581026
caret,5,7,147,42,0.9361702127659575,0.0286736620501179,0.161615695483044,0.9130434782608696,0.08391676567408901,0.4319836938949053,0.9583333333333334,0.10216012099217275,0.45273169223185916,0.9795918367346939,0.05406473643887366,0.2064899003130607
caritvA,7,13,13,14,0.8888888888888888,0.024165997693714636,0.1952077156589247,0.8636363636363636,0.07848350395942494,0.5446610664510603,0.9130434782608696,0.08470520210387977,0.4829514204109062,0.8888888888888888,0.026926457501287415,0.21415256511445602
carma,23,7,167,38,0.8888888888888888,0.02976936277534159,0.2436735107680612,0.9583333333333334,0.1281623802102192,0.5375104929960347,0.9583333333333334,0.09845733647433719,0.5296555953832722,0.9130434782608696,0.024712746781575978,0.19674676487847198
catasraH,64,11,38,185,0.8888888888888888,0.027771710407378913,0.11212548179163928,0.8888888888888888,0.04568601793708238,0.22824115132553602,0.8888888888888888,0.025404133895345238,0.1807259564304301,0.8095238095238095,0.019271772822060274,0.06975821478205102
catur,73,12,209,321,0.717948717948718,0.01968942871362911,0.18441122419125833,0.6486486486486487,0.04158515464427903,0.43732006640429866,0.75,0.06761471822178622,0.39557800996951054,0.6842105263157895,0.01842666513241642,0.11968131305429908
caturBiH,11,6,148,45,0.717948717948718,0.016181582184080057,0.1660463252555704,0.8095238095238095,0.05781745847670927,0.45133804137742994,0.6111111111111112,0.05545792712708342,0.3298849476669825,0.6842105263157895,0.011836896254446283,0.10522373067778956
caturDA,11,5,23,18,0.717948717948718,0.014139696135590185,0.13539617510185276,0.6111111111111112,0.035382819934170584,0.36288387419017454,0.6486486486486487,0.041198030094220184,0.2695628575830832,0.6111111111111112,0.011309025960257735,0.08164575837357069
caturTaH,12,30,33,30,0.75,0.017271993375317596,0.10005817519224602,0.6486486486486487,0.020206123079267835,0.260088248656834,0.48484848484848486,0.018195170126455773,0.24923737395164003,0.6111111111111112,0.015253816356072702,0.09117211735934383
caturTam,32,15,57,67,0.8095238095238095,0.02114332714869982,0.13719774584089595,0.6486486486486487,0.03379347747123296,0.2563057656308424,0.717948717948718,0.046283503307375184,0.20920743565634337,0.8095238095238095,0.02336179881321454,0.08792030971923981
caturTe,17,10,22,49,0.7804878048780488,0.017902218279664983,0.16797571057785554,0.5714285714285714,0.02941127941152588,0.34880025686803506,0.5714285714285714,0.02781923008398557,0.25806012954787594,0.6842105263157895,0.017130322813397658,0.11638958338418082
caturaH,30,5,168,46,0.717948717948718,0.021024037457095912,0.09527229259895487,0.7804878048780488,0.04270702878296295,0.4042544442526461,0.6842105263157895,0.03969765223474586,0.32738110528168685,0.717948717948718,0.019125297064569335,0.12029433510009657
caturviMSati,18,6,12,29,0.8095238095238095,0.021907878088574972,0.1212817742799277,0.8095238095238095,0.061665514369301455,0.24106469101907457,0.5714285714285714,0.025381649501949655,0.21104636418603606,0.5714285714285714,0.010485474842307663,0.07309691145736319
catvAraH,32,5,123,61,0.9361702127659575,0.027528106525002483,0.13885575366020564,0.9583333333333334,0.09579849001607221,0.3418150777534479,0.8888888888888888,0.03329515136136263,0.22002866280679823,0.6842105263157895,0.008889901308855364,0.018365287954444476
ced,26,441,594,208,0.9795918367346939,0.05012341542177856,0.22859362368930436,0.9583333333333334,0.1321661635748983,0.5222808921900624,0.9130434782608696,0.08076870700753158,0.4612145589220126,0.9130434782608696,0.01711769140060493,0.05138281795956279
cit,825,8,3887,181,0.9583333333333334,0.03844902435868791,0.3472522870918002,0.9795918367346939,0.16531266387664412,0.5870312092568997,0.9361702127659575,0.1101166620850148,0.6312640479633469,1.0,0.052943799408985304,0.3258326770592682
citta,6,27,78,18,0.9361702127659575,0.02759239870631225,0.23197874509452143,0.9583333333333334,0.09900173196173834,0.5155746531041686,0.8095238095238095,0.07095790019669579,0.45508568713199127,0.9130434782608696,0.02697156504981224,0.27168417597853534
cittam,37,15,81,12,0.8888888888888888,0.006037312367138892,0.12491314423468225,0.9130434782608696,0.042963252161379084,0.36608986930120724,0.8636363636363636,0.03678057908614085,0.3376923408869028,0.7804878048780488,0.0033185840096703334,0.10892524889749233
dAnam,13,15,468,93,0.717948717948718,0.0025402315184502866,0.14467221790062268,0.8095238095238095,0.056758312743983574,0.37553111823656304,0.8095238095238095,0.045313920258202134,0.35064485574513815,0.8095238095238095,0.004987287900318105,0.11952417230586687
dAtA,41,5,94,20,0.9583333333333334,0.04043677138144952,0.3947419515458638,0.8888888888888888,0.0777496978281218,0.3971956142873858,0.9583333333333334,0.10291300954651628,0.44363591713581263,0.9361702127659575,0.049677260576532434,0.21981089582198576
dEvaH,11,8,7,15,0.8888888888888888,0.012654586420048686,0.09370601992682959,0.7804878048780488,0.019570888545170084,0.2468112130998943,0.8095238095238095,0.03445854220605915,0.2521954186380002,0.9130434782608696,0.011470385823108331,0.07228495990598094
dIkzA,15,6,24,18,1.0,0.018235115036901783,0.047977725704566265,0.9795918367346939,0.08161935735840264,0.3876449552771961,0.9583333333333334,0.09529567830328722,0.3848230608226074,0.9130434782608696,0.010133717751140803,0.05714453928841845
dIrGa,43,8,247,112,0.9130434782608696,0.016543146611612825,0.17469651097618744,0.9795918367346939,0.11330770535574064,0.617315548229656,1.0,0.170681520733029,0.707358319478207,1.0,0.06725844884554655,0.4322835484209899
dIrGam,53,5,109,25,0.8095238095238095,0.004158568112099692,0.06577295257707294,0.9130434782608696,0.03758373403711779,0.4059362943198028,0.9130434782608696,0.04228796136742663,0.43930029485775224,0.8636363636363636,0.009410906423604204,0.17969909116247218
dUre,26,6,21,6,0.9361702127659575,0.019931812970462093,0.16400548757535605,0.9795918367346939,0.0703714837265238,0.4643301225883172,0.9361702127659575,0.0825353262898273,0.4464962766370839,0.9583333333333334,0.013795843978920086,0.09731429332627128
daDAti,190,6,11,15,0.8636363636363636,0.018216071527594413,0.20271339295295743,0.8372093023255813,0.06744956203270791,0.22748757890348448,1.0,0.11087565972217894,0.4285507400496801,0.9795918367346939,0.028251020189373977,0.3159336954763152
daDi,18,15,57,65,0.8372093023255813,0.03154311846183766,0.34672791201935205,0.9795918367346939,0.10493759065329122,0.4195910227830979,0.9795918367346939,0.09950586420652685,0.3260481492221874,0.9795918367346939,0.0400647428180948,0.31331515100914453
daH,7,7,175,19,0.8372093023255813,0.008664155078279334,0.09516320210529483,0.8636363636363636,0.024455230748512524,0.32240440988241215,0.8636363636363636,0.0437701022796152,0.3100289340868786,0.8095238095238095,0.006539482667004992,0.12181552437615228
daSa,237,32,761,303,0.5294117647058824,0.009485089272467828,0.1650827510895969,0.6486486486486487,0.03522883175709457,0.4115903711204525,0.6486486486486487,0.037288521347350057,0.34146490493266546,0.6111111111111112,0.00929528292240489,0.09119150331564341
daSamaH,5,10,13,6,0.717948717948718,0.020872660577435087,0.1584543385070074,0.6486486486486487,0.028011663088963523,0.30028065676175497,0.7804878048780488,0.027357176029723207,0.26199483971230486,0.717948717948718,0.008597395813315978,0.10191434119377507
dadAti,82,15,151,66,0.9361702127659575,0.03003405705508,0.19071632385685888,0.9361702127659575,0.07922804531308669,0.35752207302942096,0.9583333333333334,0.0702343042101663,0.41329882478239444,0.9130434782608696,0.027792795648225233,0.2453151136267957
dadyAt,7,8,237,199,0.8636363636363636,0.023737108929932638,0.14947969081538515,0.8888888888888888,0.08474537958654871,0.4078315933787249,0.8095238095238095,0.10668741675525573,0.47392190899746445,0.8636363636363636,0.03811113249979792,0.22262671924842192
dakziRA,89,22,75,151,0.8372093023255813,0.059477047352417434,0.2679099894767709,0.7804878048780488,0.09143106680439839,0.43264697706190713,0.7804878048780488,0.10907190876805495,0.3880974143092031,0.8095238095238095,0.021936725102105314,0.24124200384036076
dakziRAH,31,6,55,38,0.8888888888888888,0.02813739569164464,0.14037939996135296,0.7804878048780488,0.057138797703399025,0.2978766362911006,0.8372093023255813,0.09627220412454507,0.30309802083770276,0.8372093023255813,0.01828070819906824,0.1452680593171577
dakziRAm,31,8,153,37,0.8636363636363636,0.04145447551023285,0.2562384199528712,0.7804878048780488,0.0901322561939496,0.4085673863217023,0.7804878048780488,0.06937186344474267,0.3740502208980121,0.8372093023255813,0.026785862992073417,0.26446239487930834
dakziRa,10,11,46,169,0.8636363636363636,0.04638394404127455,0.28381998894740557,0.75,0.10548652301172257,0.45497172470789016,0.75,0.08277640630881167,0.39391013827518373,0.7804878048780488,0.02575912793638513,0.296541475226769
dakziRaH,8,15,55,26,0.9130434782608696,0.015551425823661091,0.12094893122985295,0.8372093023255813,0.058882112220155824,0.4352750022289167,0.8095238095238095,0.056995593270551925,0.33789577964104245,0.9583333333333334,0.022406952531403235,0.20295999896215422
dakziRam,32,7,172,88,0.9795918367346939,0.0532020397425359,0.2686662495897779,0.8636363636363636,0.08847589763742647,0.43064119865421535,0.7804878048780488,0.06999650862413709,0.3413661677535901,1.0,0.04161012441060219,0.25168382420406865
dakziRatas,40,13,12,145,0.9130434782608696,0.03352479151222032,0.16149052181204815,0.8095238095238095,0.06962667131358036,0.38904197308090827,0.75,0.06176783522114615,0.317557851779122,0.8095238095238095,0.022508311805307324,0.20709288054303787
dakziRe,21,15,46,72,0.8372093023255813,0.06605117210293276,0.2970384259106893,0.75,0.08648968771436583,0.4180592654307552,0.6486486486486487,0.07287510048239143,0.3523031481971788,0.8095238095238095,0.04676246479935886,0.32836069377548016
dakziRena,14,6,44,62,0.8372093023255813,0.04498935098280277,0.2127438814828282,0.8095238095238095,0.09752935106701488,0.40490345729886534,0.8095238095238095,0.07439019389370538,0.33415557980189026,0.8095238095238095,0.018465994317250156,0.18162352192301712
datta,7,11,68,11,0.8888888888888888,0.013924869382053617,0.1963784225359091,0.8888888888888888,0.12696570511421756,0.5876370582235356,0.9361702127659575,0.14829854958300004,0.6046347857741337,0.8636363636363636,0.030216947580916198,0.3432959579354069
dattam,29,6,338,30,0.8095238095238095,0.003980304398811252,0.0719193680593273,0.8372093023255813,0.061899951466309666,0.42918399295321963,0.8636363636363636,0.05762598666546803,0.4451330486848204,0.8095238095238095,0.004205676097171818,0.1272891385284578
devAH,1049,200,976,113,0.6111111111111112,0.02766953533403338,0.1730697410868257,0.75,0.03897163555918681,0.3038186842718972,0.5714285714285714,0.024964684467943532,0.2597390453872448,0.75,0.024484095777609016,0.12977681462169777
devAn,217,54,324,54,0.8372093023255813,0.04201782374650653,0.26823209371003065,0.6842105263157895,0.04027984067253243,0.3140159965065471,0.8888888888888888,0.10860109095281067,0.3055018955607074,0.8372093023255813,0.04012398137416351,0.13614671254488697
devAnAm,390,78,355,69,0.6842105263157895,0.015684603633464467,0.21416346598773228,0.3870967741935484,0.02942303716061101,0.3318998103994586,0.9130434782608696,0.12074603300035991,0.3832639377044451,0.9130434782608696,0.04106283300175717,0.19219530613246794
devEH,84,17,332,5,0.9130434782608696,0.03749331646142806,0.2636729811415186,0.9361702127659575,0.11003135476612891,0.4970157873686294,0.8888888888888888,0.09662634588419083,0.42772754863383267,0.8636363636363636,0.028222517545587467,0.11107131617950428
deva,740,183,2238,202,0.7804878048780488,0.036054136619442234,0.2546277635934826,0.75,0.1144317563787719,0.35666363285558567,0.717948717948718,0.084644316194041,0.3272025504745596,0.6486486486486487,0.020737754076942005,0.08668996736496049
devaH,446,56,452,77,0.9130434782608696,0.02833001973872773,0.16202204955556287,0.8095238095238095,0.05357265478935358,0.2582116446933608,0.8636363636363636,0.049539705646304055,0.30600616220485066,0.9361702127659575,0.032143442598971284,0.07532708255563647
devam,107,28,321,49,0.9130434782608696,0.016849278873267592,0.17276212640092048,0.8372093023255813,0.04433808855099286,0.2701589759094327,0.9130434782608696,0.09315821195894625,0.31048211778209056,0.9795918367346939,0.07465835329826709,0.1179449300175367
devasya,115,17,93,40,0.2142857142857143,0.0009482976990863312,0.08461446139209872,0.33333333333333337,0.003176291104278195,0.1671773364303608,0.2142857142857143,0.010578960652868008,0.17176346085970962,0.27586206896551724,0.004841436106163055,0.1030708798891915
devatA,37,190,108,108,0.8372093023255813,0.023193665165629263,0.18848417125291728,0.8636363636363636,0.1431342466462604,0.3506374047638492,0.8095238095238095,0.06133809196350393,0.3215953116335436,0.8095238095238095,0.019315717415637534,0.19703023955564136
devatAH,121,53,275,60,0.8888888888888888,0.031732171051762514,0.17278317495285433,0.8095238095238095,0.06241631843117723,0.26948493644650595,0.717948717948718,0.028334686846972712,0.22184665775391443,0.6486486486486487,0.008751159088365768,0.12734752642500036
devatAm,15,42,13,15,0.6486486486486487,0.009948009228201049,0.13648139949080762,0.6111111111111112,0.036717431409256096,0.27647746494672276,0.8372093023255813,0.0860039278034217,0.3602460751803117,0.8372093023255813,0.02641519613956489,0.14426328810159217
devatAnAm,31,26,111,18,0.6486486486486487,0.006867646919866077,0.13886087380204803,0.5714285714285714,0.04968418799202301,0.2682914174556874,0.8095238095238095,0.07950156348246218,0.3489247407943947,0.8636363636363636,0.0362426183625707,0.20885103586757392
deveByaH,188,19,36,55,0.8636363636363636,0.04542455305858484,0.27846265014268123,0.8636363636363636,0.06703480019134611,0.2980163457915096,0.8095238095238095,0.07040257691367824,0.25537704080469736,0.7804878048780488,0.03457116302791363,0.16873787981593724
devezu,170,12,61,18,0.8636363636363636,0.05681141362926567,0.3206470568386268,0.8372093023255813,0.11592075261529122,0.4468546454159875,0.8636363636363636,0.15507658912246336,0.45971355834884975,0.8888888888888888,0.02296920809695313,0.08765746045136225
deyam,6,10,88,21,0.8636363636363636,0.005618097676965528,0.08014220990164511,0.9130434782608696,0.03783489735647716,0.32161689478744193,0.8095238095238095,0.03804722035571173,0.2897179655028781,0.75,0.007256880607338534,0.04704136274954673
dfSyate,12,94,427,37,0.6842105263157895,0.021217048194563826,0.1643033495888503,0.6486486486486487,0.03791371908639396,0.2887020655200083,0.48484848484848486,0.051515619385910316,0.3602571112503816,0.6486486486486487,0.01286099022552023,0.15421269850570218
dfzwaH,10,44,237,9,0.8888888888888888,0.03900119911264066,0.284842164380823,0.8095238095238095,0.06332056596981483,0.45262592534213275,0.9130434782608696,0.05464964820703733,0.426637997333551,0.8888888888888888,0.008886133718070344,0.15777751074593505
diS,28,56,38,22,0.9361702127659575,0.05188252651149672,0.22570296450191918,0.8636363636363636,0.06167532808964138,0.28987731610429146,0.9130434782608696,0.08399550232495057,0.3646822431035529,0.9361702127659575,0.029850807803173507,0.12199793429956629
diSAm,38,19,18,16,0.75,0.00903367390637777,0.08829390238129542,0.75,0.029835333718244872,0.2746186559117717,0.8372093023255813,0.05717211236407538,0.32237710366050776,0.9130434782608696,0.018740115832337034,0.11494871092177261
diSaH,165,52,703,34,0.9130434782608696,0.03891189149947094,0.14590213779435957,0.8372093023255813,0.05043061007228733,0.3981007156695082,0.9583333333333334,0.09446031319084836,0.4704935313638572,0.8888888888888888,0.016154164548763617,0.11896011576354737
diSam,48,31,270,35,0.9361702127659575,0.030468044778295233,0.1540992282569139,0.9583333333333334,0.07387892981404964,0.4043432322988034,0.9795918367346939,0.10349139314513411,0.436750854439091,0.9130434782608696,0.01579718409681219,0.10743901052867144
diSi,34,17,44,21,0.9583333333333334,0.04659970218447762,0.18106446046377167,0.8372093023255813,0.04273831314961685,0.3220927991712512,0.8888888888888888,0.06473052323011297,0.3328498357384502,0.9361702127659575,0.02573682687135359,0.14561549516075467
dikzu,8,10,81,16,0.9795918367346939,0.03003677302636165,0.15690916251057097,0.9361702127659575,0.07903644173844293,0.42861107724899195,0.9361702127659575,0.09190510948743824,0.4802940673890297,0.9583333333333334,0.013750925212777765,0.13872301469795978
divA,94,8,60,41,0.9361702127659575,0.03854919782247512,0.3591292089448552,0.9361702127659575,0.07895390024972615,0.3924872358045792,0.9795918367346939,0.1043269629926451,0.4328176814274787,0.9583333333333334,0.05079593165817564,0.38200771313597626
divaH,668,12,33,31,0.8636363636363636,0.02569668247614476,0.29999547327854803,0.7804878048780488,0.02654617060149045,0.26509020048738297,0.8095238095238095,0.03482650046515279,0.24407122158731065,0.9361702127659575,0.01681556986826227,0.17839966417775077
divam,111,14,319,12,0.8372093023255813,0.0093834266881202,0.22043819554119204,0.8636363636363636,0.06633359921995774,0.4189794265034852,0.9361702127659575,0.09821520451559018,0.41901628537530533,0.8636363636363636,0.019412996099378854,0.2233390878698498
divi,233,10,259,23,0.9130434782608696,0.039514016634397686,0.34143568883760467,0.9361702127659575,0.06439541091545409,0.45070598088135494,0.9130434782608696,0.08742783676747123,0.430196388540119,0.9795918367346939,0.05261898087638883,0.3224488680775477
duhitA,45,5,97,6,0.9130434782608696,0.01702729644832801,0.18507268455211356,0.9583333333333334,0.08539238349012412,0.39914770728302706,0.9130434782608696,0.09537214923103676,0.4131124792478864,0.9361702127659575,0.02063967020334434,0.17040421067967615
durge,5,8,34,17,0.8888888888888888,0.022230182986131775,0.2507069550614084,0.9795918367346939,0.08039321191558324,0.5907163304174058,0.9361702127659575,0.10212742725590562,0.5315714847367011,0.9583333333333334,0.029084732692115645,0.20319936059378851
dvAdaSa,204,14,261,305,0.6842105263157895,0.01768419838545332,0.14482005524637542,0.717948717948718,0.03230555940247515,0.27407479662391365,0.717948717948718,0.03180797446202066,0.276203898267279,0.6111111111111112,0.005390980423289671,0.04986822736024932
dvAdaSaH,5,10,6,8,0.7804878048780488,0.030400508881136767,0.20113487735675295,0.6111111111111112,0.031468758435893585,0.26009648733262836,0.5714285714285714,0.014254078503254997,0.22344084149691945,0.6111111111111112,0.010620036558981583,0.09520299686165601
dvAram,5,17,182,19,0.75,0.003003724521454032,0.11384210170892828,0.75,0.04268184629050109,0.42252675385860816,0.75,0.04535574539599185,0.5004242975007881,0.8095238095238095,0.004639305128660953,0.1866327606697067
dvO,47,32,176,133,0.8095238095238095,0.023047332823400546,0.18181497572471694,0.8095238095238095,0.05926763228441245,0.4693103375543146,0.9361702127659575,0.07239521032027996,0.41731175983353563,0.6842105263157895,0.005817167255626532,0.09076279128347853
dvayam,7,25,55,59,0.8636363636363636,0.007357615095082259,0.15757809572006554,0.8636363636363636,0.04889108339257808,0.28741635693258905,0.9583333333333334,0.060706738846044384,0.27687335755818854,0.9583333333333334,0.018365087621464937,0.1875739248003534
dvayoH,7,5,64,65,0.8888888888888888,0.026480272661613236,0.15079941501245187,0.9130434782608696,0.13030397203278699,0.42376016869059474,0.8636363636363636,0.09881270432700762,0.46174709174255013,0.8888888888888888,0.03751818021164577,0.2691314990375515
dve,114,56,126,350,0.75,0.038469242249657865,0.2161770736559372,0.7804878048780488,0.056398874841584234,0.31296106055151063,0.75,0.051466759867441314,0.3593309073835862,0.8372093023255813,0.025248201713486962,0.24702179699358817
dvi,66,21,100,407,0.8636363636363636,0.040823265615943516,0.32338061372597426,0.6842105263157895,0.03899535732395076,0.350711465633716,0.717948717948718,0.029803708034461862,0.35365605541182976,0.8095238095238095,0.014469818513633936,0.24296533565213685
dvis,30,28,37,91,0.8888888888888888,0.04614332685426226,0.3159240900095539,0.6486486486486487,0.03196631749612333,0.2915526186525932,0.9583333333333334,0.07323580915005168,0.30033629170208376,0.8888888888888888,0.020198090658607004,0.2848739475323624
dvitIyA,6,8,10,30,0.8888888888888888,0.04048234978068921,0.1709639144202153,0.7804878048780488,0.054318777126585394,0.32350963806124966,0.717948717948718,0.03883851624825796,0.32659612613115807,0.8888888888888888,0.041133095799191555,0.24524713678386156
dvitIyaH,36,35,68,46,0.8636363636363636,0.03234526028727014,0.14138218271124714,0.8095238095238095,0.04657538413121831,0.2955036696658666,0.7804878048780488,0.0257412917399108,0.29922580694356116,0.8095238095238095,0.02582087789702825,0.13787651548815094
dvitIyam,47,35,97,91,0.8636363636363636,0.027517273449199187,0.20077869230559364,0.8095238095238095,0.052173645568114546,0.2655063732727543,0.8095238095238095,0.040457144030824455,0.2199287908210934,0.8636363636363636,0.02301770352785093,0.1300107131058157
dyOH,234,53,96,39,0.9361702127659575,0.047534985927252915,0.23717851131769907,0.9130434782608696,0.045185564566816994,0.2853664691598319,0.9583333333333334,0.07875428432175946,0.34643025543686534,0.9361702127659575,0.04715012699995724,0.24292869056988864
eBiH,39,10,89,14,0.75,0.05094283028812585,0.38156938932963513,0.8372093023255813,0.14134699531808592,0.4931946025829481,0.717948717948718,0.07499416937240799,0.3651599989240538,0.6486486486486487,0.0406517920269569,0.21814476150178042
ekA,81,41,109,122,0.8888888888888888,0.04404127801593083,0.24719422503243027,0.9795918367346939,0.07198327170859442,0.3887474420640967,0.7804878048780488,0.032089566617896303,0.3390799015806488,0.8095238095238095,0.03283912691051516,0.2655545427051198
ekAm,33,7,85,54,0.5714285714285714,0.004299521924451155,0.12319262299242428,0.6111111111111112,0.0211425892131073,0.3207676778347168,0.9130434782608696,0.09237334771856576,0.3752229364933469,0.8888888888888888,0.035920849132694,0.20594461308461542
eka,148,197,824,485,0.9795918367346939,0.11682138036855061,0.452977319011316,0.9795918367346939,0.13865984440985146,0.5669251243485045,0.9583333333333334,0.10402198713426702,0.5085976151957292,0.9361702127659575,0.034255345308945584,0.29660232136681164
ekaDA,21,12,15,5,0.9583333333333334,0.042125590851020966,0.2019916199078442,0.9583333333333334,0.12285634399,0.4505365338685645,0.8372093023255813,0.03637937725180451,0.3283138897846931,0.8636363636363636,0.023273177086235552,0.14948576293420757
ekaH,205,165,787,152,0.8636363636363636,0.014995033198648033,0.1473263790501489,0.8888888888888888,0.051820456269981774,0.3496293581166158,0.75,0.03397586170902411,0.3539060221698054,0.75,0.012305823077650602,0.09224259481218777
ekam,163,166,487,218,0.8636363636363636,0.009745276997191965,0.12054633987587215,0.9583333333333334,0.0661636164510162,0.32543606170351946,0.8372093023255813,0.03996011866924565,0.2582817161971692,0.8636363636363636,0.00620877594135727,0.05370364441493436
ekasmin,10,24,22,38,0.8636363636363636,0.02406321895269492,0.21518915713763476,0.8636363636363636,0.07254575155258547,0.31309483847749453,0.9130434782608696,0.11709429700002605,0.40606902114777743,0.8636363636363636,0.025706174892761502,0.20905817640952618
ekasya,14,29,92,21,0.2142857142857143,0.0016704355733078158,0.0684640994357617,0.27586206896551724,0.0023122938493598255,0.13809242879286865,0.33333333333333337,0.002575783620502037,0.14856203372407129,0.14814814814814814,0.0008182493806814239,0.047650115961207384
ekayA,81,6,8,18,0.9361702127659575,0.042509697203259256,0.24786672357470552,0.8888888888888888,0.10254037686206852,0.3931467984277245,0.8372093023255813,0.08535324762444418,0.39671655598275035,0.8888888888888888,0.0502703562464778,0.23218267944700832
eke,70,22,67,135,0.9583333333333334,0.033769450606231266,0.17319557995422574,1.0,0.08865977436364902,0.38100410581335153,0.9583333333333334,0.06573749370047222,0.34245485542678633,0.9583333333333334,0.021518471094459368,0.07654174068559727
ekena,9,20,287,61,0.48484848484848486,0.012676548085129302,0.13189503568143435,0.3870967741935484,0.0386599306442833,0.3417279092788713,0.717948717948718,0.06500507171037229,0.3129611235470924,0.6842105263157895,0.019611876354868496,0.13199003866944947
enAm,54,16,179,44,0.6111111111111112,0.002816609593912167,0.08905085308781624,0.33333333333333337,0.010091727409583418,0.31994084041153625,0.6842105263157895,0.0551245024730177,0.3371586885151544,0.5294117647058824,0.01352982117280066,0.1360242020025475
enAn,104,9,67,30,0.8095238095238095,0.022062373178263095,0.1718473060188762,0.6486486486486487,0.09674961662551584,0.44532466585367947,0.8372093023255813,0.1410768564416066,0.42134748664493893,0.8888888888888888,0.022977504282098882,0.23063015903020834
enam,579,227,1357,170,0.9583333333333334,0.0144547500010348,0.13054950966121326,0.9130434782608696,0.053955368132386106,0.3679558552740544,0.9583333333333334,0.0702469152685532,0.3944543379852674,0.8636363636363636,0.008031578496679903,0.06150791065609684
etABiH,94,6,8,29,0.8372093023255813,0.03283580385818863,0.20691553399701568,0.75,0.1021474880262283,0.4018030938352609,0.6842105263157895,0.06928785540496896,0.289312437775043,0.75,0.021454684883435604,0.11142504824719235
etAH,255,69,164,81,0.5294117647058824,0.005342468806041389,0.10361304600754473,0.48484848484848486,0.01180054263374708,0.1873726782917735,0.4375,0.009915515821334209,0.22590425454473928,0.48484848484848486,0.004555570092843575,0.06833816667634163
etAm,128,36,170,31,0.6111111111111112,0.008906698134670266,0.1399704118309102,0.4375,0.01838405947381294,0.33602424865113045,0.6111111111111112,0.0742051883459044,0.40763013987307317,0.8095238095238095,0.03328821427408557,0.1789111507649087
etAn,38,28,376,57,0.7804878048780488,0.030185598607623487,0.10445523115338107,0.7804878048780488,0.09787929038248055,0.39605500936442195,0.717948717948718,0.12656256823202217,0.4183968716098865,0.717948717948718,0.03302642244708365,0.1565153542698502
etAni,85,72,328,61,0.33333333333333337,0.010653114266598873,0.064666660814795,0.27586206896551724,0.020145228481308508,0.18650929997317545,0.3870967741935484,0.034515998144612814,0.30879707427431713,0.4375,0.008489190308192174,0.14868293264508547
etAsAm,8,12,14,10,0.75,0.010193405164784397,0.08390862846687863,0.6486486486486487,0.03280820655328753,0.2461019289756914,0.8372093023255813,0.0824958612279788,0.33737610027816256,0.8636363636363636,0.017205364319554217,0.11857460881294313
etAvAn,11,23,14,9,0.9583333333333334,0.03105058454334597,0.1740768060391924,0.9583333333333334,0.13140739900108267,0.2887654975965306,0.9130434782608696,0.09608038604392022,0.3445888885342553,0.9583333333333334,0.02500089097442859,0.08711936838039858
etAvat,12,46,137,35,0.9361702127659575,0.026750227665816917,0.14698746629497816,0.8888888888888888,0.07876184923319718,0.3446975403595418,0.9130434782608696,0.10557361086990813,0.4010584188687165,0.9583333333333334,0.017459797321454307,0.10411438032536702
etEH,36,21,134,50,0.9583333333333334,0.03872112542644646,0.15090754535260165,0.9795918367346939,0.18527512191244688,0.5768729157515371,0.8095238095238095,0.13169678528305828,0.5474854921665844,0.8636363636363636,0.02486901888420001,0.11231121412783795
etO,61,29,179,10,0.9361702127659575,0.04130892126183361,0.18157435499092245,0.8888888888888888,0.11448422274220627,0.5493425571256169,0.9583333333333334,0.10298098696243674,0.5447989592366504,0.9130434782608696,0.019766202398888044,0.10118963248521906
etad,18,52,42,45,0.9361702127659575,0.06660091329207929,0.29625136858814716,0.9583333333333334,0.06896607841616054,0.4022585764831277,0.9795918367346939,0.06268252266842511,0.31892500741236574,0.9795918367346939,0.021195447309925175,0.08695048835526853
etam,276,213,138,112,0.8888888888888888,0.00949403494376555,0.09225584294387867,0.8095238095238095,0.04298338350580355,0.26264308371617595,0.717948717948718,0.03553491632471928,0.2981088946408398,0.75,0.00834136831359944,0.12400029257554657
etasmAt,14,51,37,7,0.7804878048780488,0.01683741560382468,0.1641608741456838,0.8095238095238095,0.06749603355895761,0.3289217915103466,0.6842105263157895,0.05484829098675881,0.3256834386663747,0.7804878048780488,0.016228530913305783,0.10197904014081804
etasmin,42,124,188,30,0.8636363636363636,0.029284174734738877,0.2204115927639867,0.8095238095238095,0.09939276880742132,0.30736035033350717,0.8888888888888888,0.09436293797468875,0.4648341820426727,0.9361702127659575,0.02095021439290079,0.17759655112988226
etasya,124,130,94,44,0.27586206896551724,0.0023809381841901622,0.07295368072166086,0.33333333333333337,0.003188792161304743,0.14770120093615757,0.33333333333333337,0.003974540400591198,0.1564566062634929,0.2142857142857143,0.0014732713472895842,0.08098327750946843
etat,906,1247,3974,512,0.8888888888888888,0.020456827904976382,0.13663871951681428,0.8888888888888888,0.043586273814270715,0.29611059757726,0.9361702127659575,0.05356031529807159,0.2923866690752135,0.9361702127659575,0.021761881459084198,0.0733159539287962
etayA,77,14,12,144,0.9795918367346939,0.042802988831339484,0.2032071887775192,0.9130434782608696,0.10347050854947715,0.37708481865382826,0.8888888888888888,0.1185851040020991,0.39738110258932435,0.9583333333333334,0.06876108574800477,0.28949838750624424
ete,246,152,999,129,0.75,0.027995403782573147,0.09687908982616134,0.8372093023255813,0.036078882140841095,0.2659677831069678,0.8636363636363636,0.04571380050091878,0.396495901254865,0.8095238095238095,0.013740246786235755,0.20813316280847038
etena,337,38,140,88,0.5294117647058824,0.01591942849100514,0.19884167539688868,0.27586206896551724,0.0384774700589684,0.26092789224361923,0.3870967741935484,0.03712446755437193,0.2744921077900281,0.5714285714285714,0.007689777598044789,0.07610592584915443
etezAm,20,10,100,53,0.6486486486486487,0.013869416259922551,0.093946447826736,0.48484848484848486,0.046386952432822315,0.2542382969585444,0.5714285714285714,0.0511427011263369,0.26835480836653725,0.6111111111111112,0.016412143633658727,0.07501697048532174
eti,315,93,125,22,0.5714285714285714,0.011535301411290888,0.1087952267877923,0.48484848484848486,0.011798192758033288,0.2330199228800337,0.5714285714285714,0.0355931050348437,0.32820780427522345,0.6842105263157895,0.012590330197479793,0.21231709872917448
etya,11,11,64,15,0.9130434782608696,0.03360059849265973,0.19856202064649586,0.8095238095238095,0.08983341318827454,0.42191206497699985,0.6111111111111112,0.04730411435839743,0.46173929420494364,0.8636363636363636,0.025215766309089727,0.20594592282834245
eva,3390,4899,18485,3394,0.9583333333333334,0.05872872942883178,0.23831475241204458,0.9795918367346939,0.062325608914806874,0.42758657531271527,0.9361702127659575,0.0767228639358064,0.4139150552825448,1.0,0.02779108481804138,0.11615673559830653
evam,516,1432,5457,942,0.9795918367346939,0.007409275885939426,0.0799970828790213,0.8888888888888888,0.06152015653874998,0.4797546989308028,0.8636363636363636,0.048293510614194846,0.5082637741493583,0.9361702127659575,0.007566581417849494,0.1810427499638001
ezA,234,107,516,96,0.9361702127659575,0.02193960384554461,0.0766598388294013,0.9361702127659575,0.08652586973883047,0.3989108549955941,0.9361702127659575,0.12344070810778418,0.4777868912926082,0.9583333333333334,0.0375588832189232,0.18511829046278439
ezAm,228,80,373,132,0.48484848484848486,0.004024958443906379,0.1318890065152356,0.3870967741935484,0.030838032886255418,0.3330761958403696,0.6111111111111112,0.06253355322971654,0.34836141694471967,0.6842105263157895,0.023318265682308437,0.11733050222964525
eza,510,521,1929,154,0.9795918367346939,0.02214670865533852,0.1962186991044721,0.9361702127659575,0.04567895891197804,0.35045472716823467,0.9795918367346939,0.08444935461905212,0.4381535281142992,0.9795918367346939,0.04921353571217224,0.3032158769329407
ezaH,145,208,140,43,0.7804878048780488,0.006606550400532374,0.04987287179551181,0.8372093023255813,0.021515682560916405,0.1718210035415706,0.8372093023255813,0.022395820926475185,0.1858052221601133,0.75,0.006672029541844426,0.07733949326612022
ezu,61,13,23,15,0.7804878048780488,0.013292461574171632,0.16963635498989915,0.8095238095238095,0.1489775846140069,0.485639845465351,0.8888888888888888,0.20504632669842726,0.529584173447339,0.9130434782608696,0.054091327514494414,0.42680586426471034
fc,19,52,5,15,0.9583333333333334,0.05718442850844152,0.34620570136229134,0.8888888888888888,0.042116514941837546,0.33342083109272336,0.9583333333333334,0.0629027232454078,0.24853600952641464,0.9795918367346939,0.020230455311905593,0.14088888049628268
fcaH,62,26,16,31,0.8888888888888888,0.020758118794124703,0.14743163869110676,0.9130434782608696,0.018962940532259664,0.14425992497507023,0.8095238095238095,0.025527142939789083,0.1473718738798514,0.9130434782608696,0.016453972057554167,0.16784267442880207
fk,15,39,31,10,1.0,0.06803073681155092,0.2946807009757695,0.9583333333333334,0.06332741038937839,0.37435970616912106,1.0,0.09692189435595899,0.3907791426657037,0.8888888888888888,0.009282306060053647,0.02653883013381053
ftam,96,12,21,14,0.6842105263157895,0.0026678396281589745,0.13074101009283168,0.717948717948718,0.03668604304643486,0.22994865964905487,0.75,0.04528653350429579,0.26375082909019665,0.717948717948718,0.004290470483543141,0.11990900433477525
ftavaH,85,8,39,13,0.8636363636363636,0.03237046473967786,0.20589152123460763,0.7804878048780488,0.05085313876595865,0.3284525957852402,0.9130434782608696,0.06621435384273844,0.33665519607617267,0.8888888888888888,0.025324783726076494,0.15941523929016022
fte,46,21,284,12,0.9583333333333334,0.05753871232786367,0.23187892168315916,0.9361702127659575,0.14153016595959123,0.42489378405286526,0.8636363636363636,0.0669641203033624,0.5254959527030314,0.9130434782608696,0.029603548372312938,0.3131012820475638
ftu,18,5,82,47,0.9795918367346939,0.06820845595448555,0.3790961608924157,0.9583333333333334,0.12316905731871897,0.5708147875615105,0.9795918367346939,0.10088023214895059,0.5200584577323818,0.9795918367346939,0.03175878750141803,0.2411250219576191
ftvijaH,31,11,62,21,0.9130434782608696,0.016883410171622426,0.09328198563685164,0.9361702127659575,0.03209009126805895,0.33967615007863294,0.9583333333333334,0.07412932803340366,0.36994169103075136,0.8888888888888888,0.0051077972779385306,0.08561157239175599
fzaBaH,38,12,344,7,0.8636363636363636,0.018939918420259994,0.10638901547189472,0.8372093023255813,0.04006577912550413,0.4955554684998784,0.8636363636363636,0.058741891992941775,0.49467976004529746,0.9130434782608696,0.013116371147005812,0.0662565475966248
fzaBam,11,8,149,14,0.9130434782608696,0.014826041171655202,0.13724833648870272,0.8636363636363636,0.0475845404938402,0.4802975080289482,0.9130434782608696,0.05325206518532144,0.44360114935171224,0.9361702127659575,0.014142980552355966,0.09380387440939064
fzayaH,89,7,628,25,0.6842105263157895,0.026919415139721625,0.15675487821147427,0.717948717948718,0.05055916090466095,0.38182097543962223,0.717948717948718,0.050160686336405025,0.4026419027395216,0.6842105263157895,0.010936978137481068,0.1556808264621683
fzi,12,5,586,25,0.9361702127659575,0.01849387332717467,0.11609855121444257,1.0,0.0925635136942311,0.5608712122745265,0.9361702127659575,0.0799309113429103,0.5468793947047157,0.9583333333333334,0.03468650450421484,0.14273033890984255
fziH,55,25,495,18,0.8888888888888888,0.033900877149478426,0.12149427019244463,0.8888888888888888,0.059586824032447194,0.3837979128638326,0.9130434782608696,0.09156048762203439,0.4770274827158343,0.7804878048780488,0.04340663736937034,0.2110422198510935
gAH,170,21,218,25,0.3870967741935484,0.005403135603571418,0.1858366913634053,0.5294117647058824,0.014638820575270106,0.32120573022039856,0.4375,0.010144327034157352,0.3563397761892686,0.33333333333333337,0.007947970366662283,0.18527600758407026
gArhapatyaH,13,6,7,7,0.9130434782608696,0.025221364098926724,0.10945788338369966,0.9583333333333334,0.033530859443370864,0.1907351165336586,1.0,0.11141864033031745,0.3774715416520371,1.0,0.053332018613281074,0.3142118699557812
gAvaH,210,13,265,23,0.9130434782608696,0.02435407835329162,0.27404498282007894,0.9583333333333334,0.10050399320831382,0.4342754381810061,0.9361702127659575,0.07482750972445784,0.42506414635157275,0.8372093023255813,0.014802272238169989,0.20483208335586722
gAyatrI,117,72,14,17,1.0,0.048757973142212196,0.28107768802563493,0.9361702127659575,0.07446938169633144,0.27051761523632245,0.9361702127659575,0.07741805159758974,0.27984399945050364,0.9795918367346939,0.05324885723853945,0.32759169173602
gOH,120,11,106,78,0.9583333333333334,0.053453950037099074,0.22979691152489012,0.9583333333333334,0.08047699479050474,0.3672640583197361,0.9583333333333334,0.09098276027913721,0.4203912080115918,0.9795918367346939,0.04802192184303,0.19005027849255818
gacCan,14,11,52,6,1.0,0.019564614456559104,0.15437982846923026,0.9361702127659575,0.10138090443273562,0.5566978011013928,0.9583333333333334,0.09610405231434538,0.5864643348427607,0.9583333333333334,0.017271935080372836,0.17468297134118105
gacCanti,35,35,194,7,0.5714285714285714,0.03159130917961961,0.16096650679124846,0.6111111111111112,0.035748268208961154,0.3037264953410743,0.75,0.08085686358935329,0.4031106189075834,0.7804878048780488,0.02042326291529506,0.21081771178966857
gacCati,102,80,335,34,0.5714285714285714,0.012514628924527926,0.09585908253458297,0.5714285714285714,0.025767798610747406,0.29170376822977595,0.8636363636363636,0.08844169163904703,0.4373196894166468,0.8372093023255813,0.024394537614125356,0.14325001164365503
ganDaH,10,14,83,6,0.8372093023255813,0.00698094475766764,0.14353090324401663,0.8888888888888888,0.042138337777259394,0.3826964774908881,0.8372093023255813,0.042975561208093316,0.3835156871674057,0.7804878048780488,0.005650823290567097,0.11275303105222223
ganDarva,21,15,413,5,0.9795918367346939,0.0438324499472883,0.16211524476837147,0.9361702127659575,0.08825742249692015,0.5410793202974882,0.9583333333333334,0.08185057002538598,0.5277147946315613,0.8636363636363636,0.020195572921297478,0.1269020013615869
garBa,12,10,123,45,0.9795918367346939,0.03363417151165626,0.16720219517365187,0.9583333333333334,0.072241426042568,0.4540678737320225,0.9361702127659575,0.06091226836586039,0.46479760754613275,0.8636363636363636,0.012250045412241173,0.13658967295507907
garBaH,84,14,78,15,0.9361702127659575,0.018317375090009524,0.1006199412752593,0.8636363636363636,0.04036035920694303,0.2682785634948801,0.9130434782608696,0.057620058496502424,0.26255528682892826,0.8095238095238095,0.012118471994226221,0.06984424381084109
garBam,113,14,116,22,0.9130434782608696,0.013428564062397008,0.11416793374890555,0.9361702127659575,0.044981116326570536,0.31971012905279395,0.8372093023255813,0.04562497774809293,0.3132329723407178,0.8636363636363636,0.004825817933530319,0.04060503794994064
gata,22,26,383,32,0.8636363636363636,0.0754874580611552,0.5147035749789776,0.7804878048780488,0.151990574422458,0.6061121288939032,0.9130434782608696,0.1585092461974913,0.6237863526738125,0.9130434782608696,0.050744987687627696,0.42904086579902057
gataH,5,31,944,44,0.5714285714285714,0.004917322280689751,0.20955967895041583,0.5714285714285714,0.05533500307694739,0.5009059112743645,0.717948717948718,0.06929673959981775,0.5492848925586875,0.6486486486486487,0.006998217323371914,0.18888209580134485
gatam,64,38,408,68,0.8372093023255813,0.008877846805425471,0.22566698385462836,0.75,0.055412610884077784,0.40477976222900414,0.8372093023255813,0.06631219255030951,0.4499327575538443,0.9130434782608696,0.010549186315083836,0.18220586190662602
gatvA,42,32,801,37,0.8636363636363636,0.031130581851813943,0.2769653410816426,0.8095238095238095,0.09272490763155339,0.5937875116655658,0.8888888888888888,0.10576445986681982,0.5395499836995932,0.8636363636363636,0.014889127280506842,0.1815249854584029
gavAm,77,13,287,41,0.8372093023255813,0.0309196723661066,0.1857485011157919,0.9130434782608696,0.07425209299865976,0.3920541623978284,0.7804878048780488,0.057267430942706254,0.36589112618043396,0.8888888888888888,0.015004909151235979,0.15188128624716857
gfhAn,17,7,110,21,0.8636363636363636,0.01432043326879573,0.05948948204471671,0.8888888888888888,0.10613668039037039,0.45405912758474987,0.8636363636363636,0.09826939307202387,0.3766003688783015,0.9361702127659575,0.01912844127126545,0.12469505798050584
gfhItam,5,13,31,14,0.8636363636363636,0.005426727863596659,0.06516207304292176,0.9130434782608696,0.04032549271810182,0.3811215337016063,0.9130434782608696,0.05064837088953156,0.3829437065669641,0.8372093023255813,0.003148182249103626,0.08578570292153787
gfhItvA,7,22,242,47,0.8888888888888888,0.013321421928957244,0.0821022733164849,0.9130434782608696,0.06766214533900095,0.4841171141488001,0.8095238095238095,0.052263574307816474,0.4626473480173725,0.9361702127659575,0.018630888871064233,0.17170586890298933
gfhRAti,17,12,15,25,0.8888888888888888,0.015693465195336764,0.030196458083916466,0.9130434782608696,0.07258334292489987,0.3215174909792772,0.8888888888888888,0.0504936009146838,0.3282342507424897,0.8888888888888888,0.014331829428798293,0.08692528832663138
gfha,13,9,127,96,0.9795918367346939,0.0323843293338405,0.23212047374085398,0.9583333333333334,0.11801491536203845,0.5049042474022015,0.9361702127659575,0.10114240848308598,0.5143398352402442,0.9583333333333334,0.03562776470995477,0.21016047234576818
gfham,40,9,247,42,0.75,0.0034203792413218803,0.06976686132217513,0.9130434782608696,0.039400776317242814,0.4135520529870891,0.9130434782608696,0.04161862313702602,0.3879154272814136,0.7804878048780488,0.0030206631471395573,0.09071513114103336
gfhe,68,14,258,50,0.8888888888888888,0.013885188871489373,0.07555327145359014,0.8372093023255813,0.06570964659826084,0.48312725761902364,0.9130434782608696,0.10140207228558729,0.4965526157765767,0.9130434782608696,0.015492365779080641,0.12606656032135732
gfhyate,5,35,22,23,0.6842105263157895,0.026813241890860873,0.18747358496821154,0.6111111111111112,0.053873184531855633,0.2649744265313696,0.5714285714285714,0.076907449428682,0.3538029963104292,0.717948717948718,0.01656848087951368,0.1962099721424938
go,149,22,480,140,0.9795918367346939,0.03815865587550871,0.3650933872701071,1.0,0.10427542049793437,0.5749526525746564,1.0,0.09623079989032979,0.5564048535587309,0.9361702127659575,0.036062106928898774,0.27144514771504136
goH,63,7,9,34,0.8636363636363636,0.01655707814014329,0.170089769347343,0.9130434782608696,0.1399328995895328,0.4323545625591846,0.9795918367346939,0.110230150747193,0.3956641852308902,0.9583333333333334,0.022841691180346735,0.2985937548469706
grAma,10,20,64,65,0.9361702127659575,0.04478047036844013,0.16120032285617192,1.0,0.12703735658564108,0.5534459580415456,0.9795918367346939,0.12555099586933427,0.5425958160703565,0.9130434782608696,0.015850737051832375,0.1495746760580111
grAmam,13,6,74,24,0.7804878048780488,0.005498296744226749,0.08119694705575464,0.9361702127659575,0.06147331184699145,0.48170087151782814,0.9130434782608696,0.06302549734794838,0.431517473761414,0.7804878048780488,0.005402736704471334,0.06776789816209705
grahaH,14,19,47,11,0.9130434782608696,0.011620934943554317,0.24112708311881081,0.9130434782608696,0.0543384314830373,0.3822579372570847,0.9583333333333334,0.087945350172707,0.4410705890866241,0.8095238095238095,0.01318068107043835,0.20043853205807172
guhyam,11,6,143,9,0.8888888888888888,0.004364960774695614,0.04161796485430902,0.8636363636363636,0.03366658464100325,0.2427589384589608,0.8888888888888888,0.034757924852448885,0.26432324943707963,0.7804878048780488,0.005758892003341232,0.04648735930558534
guru,8,14,442,65,0.9130434782608696,0.01765410140224477,0.11802338632445197,0.9795918367346939,0.09906796892216829,0.5437664734415324,0.9583333333333334,0.11718483036708127,0.5761096837651504,1.0,0.028404418653039776,0.13322493360107646
hA,182,29,529,11,0.9583333333333334,0.053464192043615855,0.4501715523278217,0.9583333333333334,0.1223124233158488,0.6694483567747911,0.8888888888888888,0.07685465761126498,0.6270112113669704,0.8888888888888888,0.03845479122274753,0.4341320706705707
hIyate,5,7,45,18,0.6486486486486487,0.015781520613238564,0.09332275423502556,0.3870967741935484,0.02795239746014533,0.24131479611722773,0.5294117647058824,0.06249332804845886,0.37697551700027576,0.6486486486486487,0.0177707415856998,0.2007281031456296
ha,871,1415,1472,209,0.9361702127659575,0.05692952892554737,0.36401248719177026,0.9583333333333334,0.10630031197608392,0.5873923348901631,1.0,0.1394396677555374,0.640933529785426,0.9130434782608696,0.10574812631990782,0.5203749985915443
hantA,22,8,128,5,0.9795918367346939,0.048429079009286724,0.3619165590093937,0.9130434782608696,0.0841970578014265,0.5318666843815021,0.9361702127659575,0.09082113252726898,0.5480798008348674,0.9361702127659575,0.024326055560349946,0.26468211107214334
hanta,8,42,110,5,0.9795918367346939,0.03978343071696,0.2328452682199268,0.8888888888888888,0.05179428278689291,0.40309696352159297,0.9795918367346939,0.08012752789750643,0.45986360254194825,1.0,0.0378158367913235,0.21587515182084882
hanti,97,8,156,22,0.6111111111111112,0.04692824699652898,0.2793119365403183,0.6842105263157895,0.07724338057973434,0.4567310301252885,0.6486486486486487,0.07087018933286182,0.43963335404010706,0.6842105263157895,0.02234380816865289,0.31637359650204144
haranti,14,9,23,5,0.5714285714285714,0.03601017617011504,0.17459430255891162,0.6111111111111112,0.049368437330635895,0.28407555165807497,0.7804878048780488,0.10264309102836755,0.4142013297273577,0.7804878048780488,0.03574892521397566,0.3022199223166281
harayaH,43,5,93,5,0.7804878048780488,0.022282160326246636,0.17247701744216148,0.75,0.03958521558682515,0.34593275523259404,0.8095238095238095,0.0852596429436474,0.4162957258527975,0.7804878048780488,0.018064202277250252,0.22389996661157063
hastO,13,5,46,6,0.9361702127659575,0.019235110463891703,0.10447200027981163,0.8372093023255813,0.08555515544686765,0.5200800644316455,0.9130434782608696,0.08411076872534073,0.5187874792652052,0.9361702127659575,0.021522940572585747,0.1558879562102653
hasta,29,12,144,40,0.8888888888888888,0.027609649533275826,0.19227666073171457,0.9583333333333334,0.1099852149759768,0.532252046824115,0.7804878048780488,0.07744873995281798,0.5201900656227678,0.9130434782608696,0.03605874628189387,0.3088485340522512
haste,29,7,30,23,0.9130434782608696,0.025503268248728728,0.1853390912637387,0.9361702127659575,0.07920347340488765,0.47620692069405823,0.9583333333333334,0.07921938438769494,0.4620940275872064,0.9583333333333334,0.02391835984167534,0.23113912437292616
hasti,10,19,196,100,0.8888888888888888,0.03411930154440668,0.1989588634888544,0.9583333333333334,0.09019749012854983,0.5307288795065255,0.9361702127659575,0.10358688067597266,0.4567334919230247,0.8888888888888888,0.035548309541599044,0.3059846112985045
hata,24,11,639,14,0.8888888888888888,0.07374427197107047,0.35060651174574753,0.8095238095238095,0.09565432443495459,0.567986775348649,0.9361702127659575,0.1421435217762128,0.5598463785661447,0.9361702127659575,0.06798834549981592,0.3644916424113417
hataH,23,7,526,14,0.75,0.009399501924044151,0.16569564693226013,0.7804878048780488,0.06937965340342078,0.480495717864569,0.5714285714285714,0.05109494076404231,0.5314230161766557,0.5294117647058824,0.005516813379860541,0.21548350876666067
haviH,236,13,119,142,0.9583333333333334,0.044247972462164054,0.337839991338168,0.9795918367346939,0.08200490870359256,0.31549569603583816,0.8095238095238095,0.07570582020173211,0.30511474084542867,0.75,0.020895928932687102,0.1903798947059624
hayaH,5,8,38,6,0.75,0.02098815773020213,0.13064440067324767,0.6486486486486487,0.021017507207210073,0.2974733273231044,0.6111111111111112,0.03464173701777562,0.3413711246897082,0.6111111111111112,0.01229234001120183,0.13540662031611372
hfdaya,8,70,74,25,0.9583333333333334,0.06255163073903891,0.2979592403951822,0.9130434782608696,0.12272805310642287,0.6212637968894663,0.9130434782608696,0.0987773676741227,0.5443235859061775,0.9130434782608696,0.011755765726016665,0.0796845002677965
hfdayam,65,63,198,5,0.9795918367346939,0.03054811186988371,0.18906020591793005,0.9130434782608696,0.08342262936423361,0.46534079670106165,0.8372093023255813,0.053833186290830004,0.3963147883130287,0.8636363636363636,0.005917098342651417,0.06467059963303023
hi,1634,1742,9685,725,0.9583333333333334,0.02635426048686995,0.25103648412237467,0.9583333333333334,0.05503435804338419,0.32507362074766255,0.9583333333333334,0.06680088419159602,0.4064433752898897,0.9795918367346939,0.09293763994326909,0.3726401816245164
hiraRya,140,15,76,80,0.9361702127659575,0.04076088175544634,0.22280384364618488,0.9130434782608696,0.04401113423459435,0.3858801324469443,0.9795918367346939,0.08345324565807222,0.46505229873040643,1.0,0.05789336386196453,0.3948496515019777
hitam,58,9,462,18,0.7804878048780488,0.004096976963914756,0.06361706636878739,0.7804878048780488,0.04165444782314909,0.41171412783081607,0.7804878048780488,0.044972174532463494,0.40319834485353123,0.8636363636363636,0.004175910128754179,0.06227402175969543
hitvA,18,25,197,7,0.8636363636363636,0.022425896105133236,0.24413446414354945,0.8372093023255813,0.07891413305203498,0.5030422177631034,0.8095238095238095,0.09383459908905545,0.5240119797331121,0.8372093023255813,0.038735908013648124,0.2724042102553055
hotA,274,16,21,187,0.9130434782608696,0.03736187621435194,0.2417195616243626,0.8372093023255813,0.08302881836592835,0.26854220215934665,0.9583333333333334,0.09456459831267328,0.3298371835984494,0.8888888888888888,0.04048513864180503,0.17938325810713796
huta,14,5,33,11,0.9795918367346939,0.04722330091558369,0.25776419287423935,0.9795918367346939,0.11569276630096248,0.43686079273766987,0.9583333333333334,0.10332963259514338,0.41467096819766347,0.9583333333333334,0.029398255932679196,0.13670177359315905
hutam,45,13,68,15,0.9130434782608696,0.008081779361251096,0.13552033416668374,0.8888888888888888,0.04922003605826686,0.2309266921836386,0.8372093023255813,0.04900723852567068,0.25454244079876787,0.8095238095238095,0.00715991267866023,0.07205686075147921
hutvA,8,37,45,95,0.8888888888888888,0.04218400693187618,0.1725166281405559,0.75,0.03836882662832697,0.3741563586788428,0.75,0.04426948513204643,0.3689718750959202,0.9130434782608696,0.020687120463138364,0.20672531212695366
icCan,21,27,76,19,0.9361702127659575,0.026934778918853874,0.18199671611421198,0.9130434782608696,0.06695081860295071,0.48661365297468406,0.9130434782608696,0.06971153730553836,0.5464595908690328,0.9361702127659575,0.02594327806908925,0.22356729048849622
icCanti,11,13,122,44,0.6486486486486487,0.032625235633298666,0.1530438181519742,0.6486486486486487,0.051392984029593136,0.3157971662095794,0.6486486486486487,0.0719916886448273,0.42134204220319293,0.6842105263157895,0.023118274516717108,0.2038063865012445
icCati,8,24,208,13,0.5294117647058824,0.010110338473172664,0.039555197551247256,0.6111111111111112,0.022085790060421884,0.28642277930829196,0.75,0.04373454718903125,0.40508463962790386,0.6842105263157895,0.016154338884499242,0.1034596019607078
icCet,5,23,94,28,0.9583333333333334,0.025728268908464247,0.09855117727932239,0.9583333333333334,0.10681465462757911,0.444597882004379,0.8372093023255813,0.07112121180306363,0.430435091127499,0.9795918367346939,0.03780229497045051,0.19046379267998403
idAnIm,8,98,202,26,0.9795918367346939,0.014494812776457588,0.1469637978382755,0.9795918367346939,0.10234092311129495,0.4040713361228141,0.9795918367346939,0.100951989030865,0.41966592772277556,0.9583333333333334,0.01581157699281399,0.10703959749251768
idDaH,8,6,10,8,0.75,0.00479201555487252,0.14098203202082338,0.8372093023255813,0.027053005846034428,0.3164973436014158,0.8636363636363636,0.03788976917211473,0.4187199425503165,0.7804878048780488,0.007035796329960764,0.11204937923138913
idam,759,799,3809,393,0.8372093023255813,0.0047038403643309135,0.0544807025653129,0.9130434782608696,0.020963446401697006,0.329943492050084,0.8888888888888888,0.034337885406111046,0.36543504713403063,0.9130434782608696,0.01103630036476888,0.06958125745589894
iha,742,335,3098,425,0.9130434782608696,0.01674384542686025,0.2536506676581608,0.9583333333333334,0.06412998312866658,0.39149740261487975,0.8888888888888888,0.0547597402310267,0.40986441316695954,0.8636363636363636,0.02187693220217346,0.18129819057408425
imAH,161,55,108,34,0.3870967741935484,0.0038135817920187387,0.0909659065446109,0.4375,0.009446988407840862,0.2251368238896294,0.5714285714285714,0.008469043210347915,0.27079386896922153,0.48484848484848486,0.006105828736479246,0.11326984647129901
imAm,124,13,608,43,0.6111111111111112,0.0066548140183123605,0.09237520929971121,0.6111111111111112,0.031615877849779817,0.36068362197520654,0.7804878048780488,0.10081272580846745,0.4296727853979929,0.8095238095238095,0.029867756031208836,0.1665052040552164
imAn,104,18,142,16,0.75,0.027629661311195153,0.1584211209442541,0.6486486486486487,0.09255035356230756,0.41984846828229216,0.9130434782608696,0.17197999419974863,0.45538645883179973,0.9130434782608696,0.06075661475875316,0.22801532472957564
imAni,18,49,76,11,0.48484848484848486,0.009239035168256304,0.12183505287477481,0.33333333333333337,0.032233602937404404,0.2519378272065136,0.48484848484848486,0.0669937834265869,0.3654195882470336,0.5714285714285714,0.033731204869458686,0.15096952495316396
imO,31,11,115,6,0.9795918367346939,0.01701462271522558,0.08014827705361716,0.9583333333333334,0.10637714093121675,0.5085191710366279,0.9583333333333334,0.11393882859038396,0.551596092043202,1.0,0.03738286979954086,0.13425487686628135
imam,288,85,692,103,0.8636363636363636,0.006793044220896771,0.06638582459739528,0.9583333333333334,0.04226898977716531,0.3884133294624378,0.9583333333333334,0.055714444674513475,0.4379295073295042,0.9130434782608696,0.014325984165542427,0.11593060175821979
ime,259,66,312,45,0.9130434782608696,0.022083378328704995,0.13241815119149736,0.8636363636363636,0.05376476345733727,0.30951951666254574,1.0,0.13924130833899073,0.5293079847699182,0.9795918367346939,0.0967654197071166,0.35793972099756544
indra,1782,36,1653,316,0.8888888888888888,0.05014649478223576,0.46476560544661827,0.9583333333333334,0.14661925282271016,0.6213533616610878,0.9583333333333334,0.1462698931696672,0.5417415819971374,0.9130434782608696,0.07863569926232561,0.3127655825040154
indraH,1171,49,625,185,0.8636363636363636,0.027596103496481006,0.20836808134243356,0.7804878048780488,0.05617016208481729,0.4536155336307309,0.8888888888888888,0.06503853758237244,0.4272301879009577,0.8888888888888888,0.06015570724980024,0.19385144668178356
indrasya,308,16,262,23,0.27586206896551724,0.0022044935000985477,0.12624918612987457,0.33333333333333337,0.003742415626393547,0.2623684856886317,0.3870967741935484,0.008812391217059568,0.2914961206113984,0.3870967741935484,0.007279396011877437,0.1836034061959151
indriyARi,8,13,158,5,0.8372093023255813,0.020359607708845262,0.20489625129638345,0.75,0.05851866554758267,0.40873906177778474,0.9795918367346939,0.13552478685313663,0.5606166890164166,0.9583333333333334,0.0303459189636901,0.1923373877399126
indriyam,68,19,59,8,0.8888888888888888,0.01131246103678707,0.1416785183168634,0.9130434782608696,0.061245257603799286,0.42460753258150497,0.9583333333333334,0.10865706899369176,0.5128793724751792,0.8888888888888888,0.0380052106508576,0.22461508840664957
itTam,11,16,11,11,0.9130434782608696,0.009973416067247332,0.0601338322966769,0.9130434782608696,0.02330264193748699,0.1563239495212937,0.9130434782608696,0.020724987067233136,0.1488065162011365,0.8636363636363636,0.003417424930815094,0.02554921814163924
itarAn,8,6,23,12,0.9130434782608696,0.01865727857356514,0.18428434393663828,0.9361702127659575,0.10655482815877615,0.4356961326375032,1.0,0.154117429108086,0.4893372358802336,0.9795918367346939,0.025449482470734197,0.1704120768238746
itaraH,10,73,34,15,0.7804878048780488,0.020223687354052222,0.2079705814566295,0.75,0.0303514947301452,0.3592543516075405,0.7804878048780488,0.05145921301649481,0.289379965566831,0.75,0.0070561427660766896,0.08138799220917314
itaram,5,19,8,11,0.6842105263157895,0.01072374219942629,0.1232909221703622,0.6486486486486487,0.04182131650832832,0.30103893260036607,0.6842105263157895,0.048216848768643294,0.319447635865296,0.6842105263157895,0.002350562517774768,0.049081486434142896
itare,10,15,58,25,0.9361702127659575,0.03888898430487053,0.16180448422358995,0.9130434782608696,0.0848601300301206,0.4288404399987251,0.9583333333333334,0.07374561259761292,0.4016391906988339,0.8888888888888888,0.01927554345327287,0.16903916518920514
itas,222,65,305,26,0.8636363636363636,0.023359747657208718,0.17145562818026228,0.8888888888888888,0.06832370802936161,0.471639283623579,0.8636363636363636,0.06263168791932971,0.4530233870938154,0.8636363636363636,0.021615514806162417,0.15513176506463633
iti,3249,9130,8907,9979,0.8095238095238095,0.02707430251304921,0.18222544271023622,0.9361702127659575,0.053300589581309454,0.3616326558195868,0.8888888888888888,0.08583670476900362,0.4259799718156241,0.8888888888888888,0.02570439464858576,0.18312125297150028
iva,2133,717,9507,254,0.9130434782608696,0.013048191007401733,0.11400215066510133,1.0,0.0762441386995738,0.5424524991428172,0.9583333333333334,0.09944650445681591,0.609685871775512,0.9361702127659575,0.03486109345272215,0.1623007401729497
iyAt,39,13,29,8,0.9130434782608696,0.025066310879408693,0.1839678026872612,0.8372093023255813,0.12055919786698632,0.4197622495278118,0.6486486486486487,0.07931561888147765,0.47716887325525703,0.7804878048780488,0.017963112274472448,0.2052791818666
iyam,173,142,747,66,0.8095238095238095,0.0065311498720797,0.11820422022271238,0.9583333333333334,0.15288997728575926,0.5422907297224879,0.8372093023255813,0.10454013502239035,0.49328016507708883,0.8095238095238095,0.006713346472678294,0.06147299621950597
izwa,6,49,79,15,0.9583333333333334,0.05296814754667711,0.3878405989368532,0.9583333333333334,0.112961439521987,0.5063981117618769,0.9795918367346939,0.12273501023930677,0.5505787642435553,0.9795918367346939,0.05330504819438886,0.42473747051487043
izwam,20,30,165,23,0.7804878048780488,0.0022901947178619597,0.09826402905699072,0.8636363636363636,0.02529626976874444,0.3100930336064762,0.9130434782608696,0.027970127629282304,0.29950148565849677,0.9130434782608696,0.004038936631809098,0.11469499701577712
izwvA,25,7,89,94,0.9583333333333334,0.021866240530348247,0.15716150833904563,0.9795918367346939,0.09468469950033165,0.40380372738682047,0.9130434782608696,0.07401223008374636,0.38148533364475745,0.9583333333333334,0.04317621816530981,0.2094812368570479
jAH,71,9,121,27,0.33333333333333337,0.006767046348179373,0.22694209123366194,0.5294117647058824,0.013411953045564529,0.2705571287169166,0.4375,0.007044626867002579,0.2874179758172606,0.2142857142857143,0.0058998377649098765,0.12500834213461776
jAtAH,50,7,117,10,0.33333333333333337,0.003067890756969782,0.10671312993502036,0.5294117647058824,0.014709942586172642,0.2466492101919866,0.5714285714285714,0.012904500104591876,0.2853412410876217,0.27586206896551724,0.003660638650008319,0.07062637763605961
jAtAni,23,23,31,6,0.4375,0.016139794674702834,0.17235518551806228,0.27586206896551724,0.015316470110807612,0.18948067959211623,0.48484848484848486,0.051006256984723275,0.28596320593879143,0.5294117647058824,0.016524529407226707,0.11053133532592674
jAta,38,10,186,85,0.7804878048780488,0.02565962027442692,0.3138530699393929,0.8636363636363636,0.12029485570051368,0.5653807798394922,0.8888888888888888,0.11338630549957951,0.5711636535032208,0.9130434782608696,0.022342081186554896,0.21230772421192612
jAtaH,127,26,330,46,0.75,0.006060709344434589,0.15420323812285508,0.75,0.042303738841572236,0.3867117327278491,0.717948717948718,0.03692659054106728,0.4005058628264344,0.6486486486486487,0.0071258286593313125,0.07888860439429779
jAtam,110,84,135,21,0.7804878048780488,0.005682077225455107,0.14171580492416214,0.8095238095238095,0.03903230340532349,0.31246673177026363,0.7804878048780488,0.0360534233750206,0.32522181725149124,0.8372093023255813,0.005215772088333015,0.11070686044169853
jAtasya,18,7,33,9,0.14814814814814814,0.00044204313190721045,0.062053123808128996,0.27586206896551724,0.0037706953270373322,0.15011845058594342,0.3870967741935484,0.004431830697588457,0.18857627871627614,0.27586206896551724,0.001596634463187363,0.0561679401667059
jAte,26,5,37,9,0.9361702127659575,0.023118794661335818,0.18713080438819762,0.9361702127659575,0.11093982109565037,0.4574014976081251,0.9795918367346939,0.07297731023234622,0.504947131928375,0.8636363636363636,0.012790508346470109,0.1315722261375808
jAyA,45,40,6,18,1.0,0.031201228157687,0.2056067585817407,0.9130434782608696,0.15859945158129296,0.49179570684478335,0.8888888888888888,0.0612668046462691,0.33372049389057035,0.9130434782608696,0.017907485462878014,0.12448017816296475
jAyamAnaH,36,6,10,6,0.8888888888888888,0.0389664081468547,0.27629967569003744,0.8636363636363636,0.1108446196515217,0.4361631161895828,0.8888888888888888,0.0633477645192494,0.44436546110893604,0.8372093023255813,0.023190988298997572,0.20638023505211645
jAyante,16,17,101,19,0.8095238095238095,0.02744116541095243,0.14272970833296938,0.6842105263157895,0.03111046623212177,0.31960591052386544,0.7804878048780488,0.055806654611396,0.32679385158307594,0.8636363636363636,0.026962093531641695,0.16986130183765524
jAyate,74,65,335,45,0.5714285714285714,0.012645153797835817,0.1482486595351149,0.4375,0.02638623846542243,0.295254939075853,0.48484848484848486,0.040521321876319516,0.36675055619485497,0.6486486486486487,0.016923358373101216,0.2457087059813372
jIva,48,28,129,29,0.9795918367346939,0.02505976471936311,0.2530396436324215,0.9583333333333334,0.13292221417182315,0.433141133687195,0.9795918367346939,0.10673130800830288,0.5092936704394797,0.9583333333333334,0.028744802460395236,0.2523262448581729
jIvan,8,18,114,12,0.9795918367346939,0.025350946296150312,0.2482837663567159,0.9795918367346939,0.06306271416975395,0.4551176642778323,0.9361702127659575,0.09584406701282289,0.5064179748219523,0.9583333333333334,0.02786630811953894,0.2155525619503157
jIvataH,7,7,49,9,0.7804878048780488,0.004130338793084665,0.15358166537031026,0.8095238095238095,0.05714065583276984,0.40740490907473226,0.6842105263157895,0.053995232659622916,0.4594690942880917,0.7804878048780488,0.0046355139233866804,0.13847539624329352
jIvati,23,32,178,13,0.5294117647058824,0.007927323986054002,0.10219081271829977,0.3870967741935484,0.015365059699797623,0.30075646258403843,0.717948717948718,0.03159631933323648,0.39288173587267416,0.6842105263157895,0.008908821215971585,0.13391486710761835
jYAH,18,6,169,5,0.5714285714285714,0.009482819587533164,0.23012688325224806,0.6486486486486487,0.02599515175505973,0.34420596902739053,0.6486486486486487,0.01982839196792663,0.3302941505556243,0.3870967741935484,0.0029653273727672236,0.16636134130071745
jYAtayaH,7,7,52,9,0.8636363636363636,0.03951943805080871,0.2475436956833199,0.7804878048780488,0.05476689575815874,0.31695881650120206,0.75,0.05685765036772916,0.2490346383018751,0.7804878048780488,0.013918760717886447,0.19005848154391425
jagat,49,114,494,9,0.9583333333333334,0.05345515329016959,0.2417394126196556,0.9361702127659575,0.10859812238727484,0.4672128877419255,0.9795918367346939,0.1071559735699752,0.5035496808318931,1.0,0.06479760609243645,0.3024302259546826
jagataH,34,62,167,5,0.7804878048780488,0.017294299400617552,0.27812540031619526,0.7804878048780488,0.06185984776521747,0.4423205397057084,0.717948717948718,0.0778525260898918,0.53232566721036,0.75,0.009119785897358068,0.1812295426884727
jam,7,29,294,17,0.8636363636363636,0.004276180812500252,0.08956110084157742,0.8636363636363636,0.057503495580024655,0.41202390768031827,0.8372093023255813,0.07498420588385579,0.4327402285819104,0.9130434782608696,0.00823412193691242,0.06688984436006185
janAH,45,12,418,12,0.5714285714285714,0.015150310938203737,0.2116459754904152,0.75,0.03541953769434625,0.4346157247104634,0.717948717948718,0.03822349775456613,0.4710014096649101,0.6111111111111112,0.00934304261911767,0.1258228755877825
jana,11,17,320,70,0.9583333333333334,0.047862343656181805,0.4419315801961494,0.9361702127659575,0.13901902153318924,0.4839001563733132,0.9361702127659575,0.11581687536300189,0.4949712758656142,0.9795918367346939,0.06930823649650375,0.4777367254215432
jane,42,6,56,9,0.9130434782608696,0.033370908123262266,0.3507950569174032,1.0,0.14389952404460848,0.5794422974895332,0.9795918367346939,0.11792254770825372,0.5840162862402651,0.9583333333333334,0.03599243056717427,0.22750072720721692
janma,14,89,364,22,0.9795918367346939,0.038923179258869345,0.39232462257763445,0.9795918367346939,0.1613479337889958,0.5129022777318326,0.9583333333333334,0.1322406067001578,0.47745951211141713,0.9583333333333334,0.014906156666196324,0.1876735010742855
janmanaH,7,7,8,11,1.0,0.03281248006731008,0.20725572542717918,1.0,0.12131743485834101,0.348057375697582,0.8888888888888888,0.0469304392397929,0.3668967911543516,0.8888888888888888,0.01421687467010646,0.08670365736431895
jarA,22,24,134,7,0.9361702127659575,0.017109631023532912,0.16582781065754648,0.9795918367346939,0.11049659616768093,0.5008459763883941,0.9583333333333334,0.09752154638258226,0.5853643243569043,0.9130434782608696,0.028843625656996275,0.23129208562140435
jaya,21,7,272,86,0.8095238095238095,0.023964351815684237,0.20622960643471355,0.8372093023255813,0.12948876406324372,0.5449610706681343,0.9361702127659575,0.14260952842315788,0.5651066070159163,0.8636363636363636,0.033823101496256336,0.2675658220960475
jayati,32,67,45,10,0.6486486486486487,0.02047631391102911,0.1768249868982461,0.5714285714285714,0.021594766508003183,0.35356022197586623,0.717948717948718,0.05110604853109746,0.36821806476005303,0.6486486486486487,0.010761306283715966,0.10361259764307384
jihvA,44,11,92,10,0.9361702127659575,0.018440854714848576,0.13613509802423174,1.0,0.13223615557810808,0.48948057145658774,1.0,0.08499290976007001,0.4292848026353395,0.9361702127659575,0.014484032375545408,0.08033717411438812
juhoti,60,29,23,162,0.9130434782608696,0.029999001216983512,0.12098813040999934,0.8372093023255813,0.03796150350038163,0.21784536654172282,0.8636363636363636,0.06925270450466603,0.3092669117704149,0.9361702127659575,0.03343339684990332,0.14519916978640734
juhuyAt,32,25,19,85,0.9583333333333334,0.046404827785415215,0.24348038928484894,0.9361702127659575,0.07512197270180176,0.3696691809546899,0.9130434782608696,0.08938020331680874,0.3108614607417588,0.9583333333333334,0.01917240309749313,0.1288624947045669
juhvati,21,29,17,19,0.717948717948718,0.0255528556138771,0.1900944794413172,0.6842105263157895,0.035549605973215215,0.18173825629764073,0.8888888888888888,0.045981619971134924,0.24969239826080614,0.9361702127659575,0.014400770125648443,0.08177131964006479
jyAyAn,15,5,10,14,0.9130434782608696,0.016493515510773715,0.0873391017677656,0.9361702127659575,0.14927958696075128,0.42606282664934403,0.9795918367346939,0.17021366733794707,0.45716226571074414,0.9130434782608696,0.019144968952285124,0.14373205126393418
jyAyaH,8,7,17,15,0.8636363636363636,0.012024328583269739,0.13537944067544094,0.8372093023255813,0.024891782749731584,0.20019581404845121,0.9361702127659575,0.04464729484065166,0.2245494715874874,0.9361702127659575,0.011141240848995593,0.1088178939943969
jyezWa,7,9,31,16,0.9795918367346939,0.02396901781805194,0.1481176922377967,0.8636363636363636,0.07013161229570686,0.5134938984053463,0.9583333333333334,0.09971317371981481,0.4649756397172147,0.9361702127659575,0.023793429922668863,0.06137598733635652
jyezWaH,22,20,148,31,0.8888888888888888,0.01211963759353063,0.06439485028454772,0.8636363636363636,0.03533654046258472,0.32172623907887,0.8636363636363636,0.044713957909259916,0.3329128854709106,0.8636363636363636,0.01015841657713279,0.03476588379590817
jyezWam,45,9,92,9,0.8636363636363636,0.015536122850533518,0.15271787904861656,0.8636363636363636,0.048304954269292266,0.38010571298563534,0.8636363636363636,0.04349043758828841,0.3811689849634896,0.9130434782608696,0.013959420979345438,0.10306920409436038
jyotiH,295,184,156,52,0.9583333333333334,0.04346755322754314,0.28672595996124106,0.9795918367346939,0.17623740613937144,0.41412523906035315,0.8888888888888888,0.06767318189400606,0.36166408668647754,0.8636363636363636,0.02753895592745026,0.18220043744910996
kA,32,67,302,18,0.9795918367346939,0.06277854628013901,0.2673656151791861,0.9361702127659575,0.09949987999615006,0.5302387953677392,0.9583333333333334,0.1614582835703654,0.6008286377704508,1.0,0.034300262957769556,0.20694887828146413
kAH,10,5,57,5,0.33333333333333337,0.0027079008026320572,0.096566700486026,0.4375,0.009397012908235802,0.2251817408954243,0.4375,0.007531021963250728,0.25141350465836865,0.27586206896551724,0.0018595956188313112,0.06339845315811576
kAlaH,19,25,535,58,0.8095238095238095,0.00626313841267212,0.07254528321902898,0.9130434782608696,0.06237998119572996,0.44898020979997344,0.8636363636363636,0.06229808235074974,0.4984667141104955,0.8095238095238095,0.011478804908896412,0.139603784426783
kAle,23,170,890,120,0.9795918367346939,0.03402322382034162,0.19089003030707374,0.9361702127659575,0.12604281911372373,0.5791328465548712,1.0,0.15121578349804443,0.5938163325528196,0.9130434782608696,0.014711258610699551,0.12644791365669872
kAlena,5,14,306,5,0.6111111111111112,0.00808719539249525,0.09451400104777008,0.5714285714285714,0.05323975169478112,0.34961891062192474,0.6111111111111112,0.0585859176797644,0.39666933284868533,0.5714285714285714,0.00895433645676258,0.07678007635594963
kAmAH,65,65,138,45,0.6486486486486487,0.014013365593045224,0.11028115986014808,0.6111111111111112,0.017856107384098374,0.29728488989271384,0.6111111111111112,0.03745127510489199,0.3167035439329089,0.6111111111111112,0.010686086921450233,0.059681479095218926
kAmAn,43,46,166,17,0.8095238095238095,0.018084255114248715,0.11444121855940126,0.75,0.05393028896812635,0.34014541164948997,0.8636363636363636,0.10674067773644991,0.33677489980152053,0.7804878048780488,0.03454403188578625,0.0956128764891504
kAmAnAm,12,19,67,15,0.6486486486486487,0.017054025655234395,0.14864290462106822,0.5294117647058824,0.058805745206290116,0.3378524611336289,0.6842105263157895,0.0771100720260749,0.361670889589907,0.6486486486486487,0.02716013515727833,0.1498716754804278
kAmAya,48,55,11,14,0.8636363636363636,0.05192933244955433,0.1920894226284855,0.7804878048780488,0.09515546264242525,0.3545943558393886,0.8636363636363636,0.07774630511932279,0.34807058050335193,0.8636363636363636,0.034277948992932905,0.14312406947075063
kAma,44,167,834,73,0.8636363636363636,0.06249700052686691,0.20773404230452275,0.8372093023255813,0.1293006706678308,0.41742370318333233,0.8372093023255813,0.125816054346235,0.3990997679896515,0.8636363636363636,0.04017441157672974,0.2323618897038202
kAmaH,172,111,422,222,0.8636363636363636,0.024622497465892956,0.1604551791358797,0.9130434782608696,0.0694562872148311,0.3430481625413573,0.8636363636363636,0.0715490728769036,0.3239091867525681,0.8095238095238095,0.008024226791259914,0.11696976559815986
kAmam,96,51,396,46,0.8372093023255813,0.021305665629189785,0.1490163334357797,0.8636363636363636,0.08749414577140291,0.36862469294803857,0.9130434782608696,0.09685227108726668,0.38075775483330265,0.8888888888888888,0.01219222952752308,0.14223035770822146
kAmasya,23,19,57,71,0.2142857142857143,0.0018911010310483922,0.04199451341315874,0.33333333333333337,0.002781902833370875,0.16857682618979275,0.33333333333333337,0.00537812647682101,0.1778794424570822,0.2142857142857143,0.0024199193405030073,0.059785843436977903
kAryaH,11,7,148,60,0.9795918367346939,0.01902321702762022,0.2574989264351113,0.9361702127659575,0.06612336723404688,0.40597687040888886,0.8888888888888888,0.05453456509560506,0.3606162878812186,0.8636363636363636,0.015530299063125752,0.15977670439975356
kAryam,46,108,759,74,0.9130434782608696,0.01530847355774445,0.2434841093552378,0.9130434782608696,0.059908733181847085,0.441650160151712,0.9130434782608696,0.06710821239687326,0.392224142799974,0.8636363636363636,0.013183078458885222,0.19759189764737406
kaH,348,182,2000,69,0.7804878048780488,0.00877958355666375,0.07256004675691563,0.8372093023255813,0.0436705594198763,0.3145742867065209,0.8888888888888888,0.03498716516283096,0.3422053158979751,0.717948717948718,0.006704013440699486,0.09359653872565588
kaTam,24,468,2528,129,0.8636363636363636,0.007991058866034906,0.10470205484020711,0.9583333333333334,0.07531874939284977,0.3822718052256525,0.9583333333333334,0.07736303559970936,0.4313327534650224,0.8636363636363636,0.006666631451773153,0.10034747192192395
kadA,65,8,525,26,0.9583333333333334,0.03133863680903448,0.2514226599909133,0.8888888888888888,0.09326811271531066,0.5004396708484142,0.9583333333333334,0.11538841939810318,0.5229704292504501,0.9583333333333334,0.029042363223052647,0.22687449217977274
kalpate,9,6,48,9,0.8888888888888888,0.017673006374944178,0.19886964066954393,0.8888888888888888,0.09924679167150718,0.40260328513248744,0.7804878048780488,0.0650067267884209,0.3909496572287242,0.7804878048780488,0.015160237111718211,0.15062398234154495
kam,111,72,239,25,0.9130434782608696,0.00797162156612441,0.1273868495310665,0.9130434782608696,0.07245302310472557,0.3736617269768827,0.9583333333333334,0.07245433853131289,0.4192857624242341,0.8372093023255813,0.0070216688260793525,0.052673118881263026
karRO,12,9,40,7,0.9361702127659575,0.02320591067248612,0.16675727080465896,0.9583333333333334,0.12686191610750797,0.5775552742985195,0.9583333333333334,0.1097865888533982,0.5387287734883235,0.9583333333333334,0.018053482102422302,0.14914252412227902
karaH,12,7,148,24,0.717948717948718,0.004923425275639048,0.17322873375564307,0.7804878048780488,0.04851909022805723,0.38900672986806684,0.8372093023255813,0.06553668324066342,0.4037552127346551,0.7804878048780488,0.009103635336004667,0.11892789262627135
karam,5,17,188,35,0.717948717948718,0.0029223442283187184,0.11825159031488386,0.6842105263157895,0.06299750860456765,0.434915996826732,0.9130434782608696,0.08682172481356731,0.4855807801324673,0.8636363636363636,0.004792539216516456,0.11028939491022949
karmA,5,11,152,10,0.9361702127659575,0.03822643089595301,0.30313484434002846,0.8095238095238095,0.12803655079341192,0.5398743594127571,0.8888888888888888,0.1573196605257604,0.5907950267870498,0.8888888888888888,0.02513096714301588,0.2378843803856454
karmARi,21,105,320,95,0.8888888888888888,0.030871627340418817,0.20352391756959765,0.6842105263157895,0.06071092725341465,0.3404674510247745,0.8888888888888888,0.14985314406730854,0.4380114576193168,0.9130434782608696,0.024043632979262042,0.2282824948083224
karma,69,835,2011,596,0.9130434782608696,0.05280500149845202,0.3273785035466358,0.75,0.10985984663626824,0.45587553541191084,0.8372093023255813,0.1460849135523068,0.503331278368774,0.8888888888888888,0.02382608527844876,0.23566664166456675
karmaBiH,9,34,231,23,0.9795918367346939,0.06488426325682717,0.4551720959850416,0.8095238095238095,0.09960469373757053,0.4646637675641795,0.9795918367346939,0.12123904720341794,0.46982865109314476,0.9361702127659575,0.043567637500246836,0.29391174800410913
karmaRA,21,118,631,36,0.9361702127659575,0.05468066295203322,0.39348280608565145,0.8636363636363636,0.09919817492468752,0.41578756216818435,0.8888888888888888,0.11888884894416818,0.4954951626629811,0.8372093023255813,0.012194010090455953,0.16138398345513472
karmaRaH,9,89,215,39,0.9795918367346939,0.04745034166103912,0.31769930447269545,0.8636363636363636,0.12479128935803652,0.40814001038561143,0.9583333333333334,0.1307586033118101,0.4682036044406245,0.8636363636363636,0.0169012506978391,0.1850954484802545
karmaRi,5,45,182,91,0.9361702127659575,0.045054068315149354,0.3149599796489475,0.8095238095238095,0.10003796483922334,0.42053388075410403,0.8636363636363636,0.13474416363411457,0.4559978293990222,0.8095238095238095,0.021675164231125477,0.2283415090238179
karoti,218,58,201,190,0.9361702127659575,0.044698948707992514,0.3024614184119795,0.9130434782608696,0.07818049102875912,0.3590724342280326,0.9583333333333334,0.12736915023211381,0.4816677829573497,0.9583333333333334,0.046247977953745356,0.17925986677902395
kartA,15,48,219,36,0.8636363636363636,0.03629478369135419,0.23178873698379143,0.9130434782608696,0.11527094858031861,0.45109499643140494,0.8888888888888888,0.11979769582065192,0.4405620885778553,0.9130434782608696,0.020805539236066428,0.23117278725666612
kasmAt,42,88,253,9,0.8095238095238095,0.023984118196717086,0.17656034716851576,0.8888888888888888,0.07453809247538767,0.37891284798627656,0.8372093023255813,0.07367735220111093,0.42262168497286146,0.8095238095238095,0.015104673745974018,0.10900907566488127
kasya,48,22,501,25,0.2142857142857143,0.0012472056306656043,0.07214993425386296,0.27586206896551724,0.0028209837144039795,0.19170727418341504,0.33333333333333337,0.003451614857648111,0.2127830481866244,0.2142857142857143,0.0012060881527320433,0.06423888050904714
ke,46,40,893,22,0.9130434782608696,0.031489173944807325,0.25554156965262664,0.9361702127659575,0.057731843439736474,0.46610694782251916,0.9795918367346939,0.09995819385146043,0.5072023156975176,0.9361702127659575,0.021790607652263816,0.15220386996928936
keSa,7,7,90,40,0.9130434782608696,0.026735524787161014,0.1541677396407395,0.9583333333333334,0.07722420678800612,0.48583623698562683,0.9130434782608696,0.10716373683508407,0.5610165465283651,0.9130434782608696,0.02607164403628548,0.3140762414185495
kena,53,89,497,15,0.5294117647058824,0.01577612267270312,0.13323569782925593,0.48484848484848486,0.05672839252385853,0.3396895861324738,0.3870967741935484,0.03929208423238051,0.35452913314372003,0.3870967741935484,0.009700797032082042,0.13372325986789568
kevalam,13,64,188,22,0.8372093023255813,0.015845035878937264,0.17395474512734532,0.8636363636363636,0.05776254294805416,0.34221304052406865,0.9130434782608696,0.03219811472308265,0.33264683696182895,0.8372093023255813,0.0025732929676565153,0.06460249182445221
kft,58,27,252,14,0.8888888888888888,0.022883928196920422,0.17908175203435073,0.9130434782608696,0.14183211229434556,0.45834263748478143,0.9361702127659575,0.142806921047536,0.5977998165243579,0.9130434782608696,0.03657824920018682,0.3833273605802121
kftA,43,9,182,13,0.9361702127659575,0.025621517365391866,0.18559270783476112,0.9583333333333334,0.15514396728301083,0.5109872849826663,0.9795918367346939,0.11560619756226309,0.5544042628813203,0.8888888888888888,0.020351141486253055,0.2725845566959464
kfta,21,82,1042,136,0.8372093023255813,0.0381435645112681,0.3196409207816242,0.8095238095238095,0.1412573055849654,0.47536769587573424,0.7804878048780488,0.15713322401607888,0.5703427695067345,0.8095238095238095,0.02344455798985423,0.291567182158055
kftaH,99,34,465,45,0.6111111111111112,0.006555217277111947,0.11655447318260848,0.717948717948718,0.05806435250633468,0.386218022835219,0.6486486486486487,0.07125399154664136,0.4800616312170314,0.6111111111111112,0.00348533646962379,0.11323981244786852
kftam,117,66,1357,103,0.8095238095238095,0.005798925105370056,0.11864121615987655,0.8372093023255813,0.05793313189212235,0.33019303384759957,0.8372093023255813,0.06392450838938635,0.3811638548549462,0.717948717948718,0.0027467850095930224,0.09543189919194561
kftasya,13,5,37,21,0.07692307692307687,0.0006355261323981454,0.055455263943582134,0.33333333333333337,0.00292749528003311,0.16038198807984005,0.33333333333333337,0.004016889801041312,0.1829157879208706,0.2142857142857143,0.001288440743133279,0.08335534340629946
kfte,37,8,447,110,0.8888888888888888,0.021876878450731274,0.15381516525648464,0.9361702127659575,0.1211916009974987,0.4783324757638979,0.8888888888888888,0.12664489086844455,0.6099860974603597,0.9583333333333334,0.045601759358896654,0.4475156192881692
kftena,7,10,64,6,0.5714285714285714,0.011665287842713146,0.0865281211207386,0.4375,0.035269668880116734,0.24761200194533595,0.33333333333333337,0.03517286158704225,0.3497715872880711,0.4375,0.009404119252056198,0.17753367014648125
kftsnam,7,10,205,20,0.8095238095238095,0.004959431654653068,0.0661606583563551,0.8095238095238095,0.023447923963262896,0.38301616877821165,0.8888888888888888,0.029101917735242178,0.3774400647192082,0.8372093023255813,0.001961829708629792,0.06176392655742147
kftvA,67,104,1891,415,0.8888888888888888,0.024490018878069897,0.17945285235743458,0.7804878048780488,0.1199506902236821,0.5023264955177709,0.8636363636363636,0.10274804997350251,0.5735667703743708,0.9795918367346939,0.018253252519059515,0.18199737507666036
kfzRa,18,5,670,25,0.9583333333333334,0.023585611031583076,0.1812289701447003,0.9361702127659575,0.1226864974321702,0.6930772856978051,0.9361702127659575,0.1119331987162212,0.645468460944844,0.8888888888888888,0.014985136205624916,0.17533319934861402
kfzRam,18,21,222,7,0.8888888888888888,0.00848955077361857,0.15440254178491464,0.9130434782608696,0.038991015059912315,0.5367701543447192,0.9130434782608696,0.03240807269537971,0.45201549409825703,0.8095238095238095,0.002257730795833246,0.10610286624685261
kiMcid,10,9,19,16,0.9361702127659575,0.02336263065673705,0.0962748049167077,0.9583333333333334,0.05266020087811607,0.3294147048246796,0.8636363636363636,0.037034650753208886,0.299794815843766,0.8372093023255813,0.009782427393652982,0.047883334018929746
kila,29,88,312,5,0.9361702127659575,0.034384380269678494,0.14335533062201544,0.9795918367346939,0.06071273837531188,0.4934566871893734,0.9795918367346939,0.07688476894453,0.4980727458671398,0.9583333333333334,0.010069740781953329,0.07004382996162128
kim,206,492,4061,177,0.8888888888888888,0.020616402748753426,0.1288605897480375,0.9130434782608696,0.06330595259786331,0.4039681941716994,0.9361702127659575,0.0545879691377501,0.4043923452506941,0.9795918367346939,0.027272271486597277,0.2004885332447487
koSaH,10,8,46,13,0.8372093023255813,0.008003868655680701,0.06554664827139667,0.8372093023255813,0.021909042226037623,0.240550205001961,0.9583333333333334,0.043680210473938996,0.26169816845892924,0.8888888888888888,0.006063598884052612,0.11127425845785976
kramaH,8,13,21,13,0.75,0.005004454941691661,0.10675445945956885,0.75,0.019517563308088515,0.3505959002282347,0.8372093023255813,0.04573799975298387,0.3656113847935134,0.8095238095238095,0.009214247084091576,0.1764419913874663
kratu,14,20,84,14,0.9361702127659575,0.05044081238115472,0.33551909046753936,0.9361702127659575,0.11812965420954125,0.4998404642982458,0.8888888888888888,0.09754165160826667,0.4569095072772287,0.9583333333333334,0.16116266663514212,0.5397710023015503
kratuH,69,22,60,9,0.9583333333333334,0.038868458719577115,0.27350664731783847,0.8888888888888888,0.10535921040309526,0.543051681652566,0.9361702127659575,0.11330490275654004,0.5739839695562314,0.9795918367346939,0.10203572237629044,0.43989419929008944
kratum,78,5,50,69,0.9795918367346939,0.03495413708743755,0.2791981057494106,0.9361702127659575,0.1581612930274816,0.6213778304483106,0.8888888888888888,0.09616303971711626,0.5578795307337368,1.0,0.13733834587177485,0.5555358718668519
kriyate,77,31,80,59,0.6842105263157895,0.03482066611216772,0.17977172602741343,0.6486486486486487,0.04366853453729935,0.3117452919925987,0.5714285714285714,0.06131616227136605,0.32935664682600096,0.6486486486486487,0.021129966189005422,0.16898938925185947
kumAra,6,6,26,26,0.9583333333333334,0.01768338388083579,0.0944167368578046,0.9361702127659575,0.09484462932382864,0.48993294576030144,0.9795918367346939,0.13770669190155238,0.5800492814507685,0.9795918367346939,0.014796183156280618,0.188529343634535
kumAraH,15,7,75,37,0.8888888888888888,0.011970104223803957,0.045584044066019014,0.8095238095238095,0.018411553819875914,0.25714262762026596,1.0,0.05907287010990159,0.35410594450421273,0.8888888888888888,0.010046251614268975,0.130864415984569
kumAram,8,10,60,44,0.7804878048780488,0.005222465393582287,0.06926936277458884,0.717948717948718,0.03999177210250893,0.34829213233443157,0.8372093023255813,0.03538259590216242,0.4504574590481152,0.75,0.006057352134113403,0.12716643541521078
kuru,30,17,1561,12,0.8095238095238095,0.02122780936123958,0.06486536442108681,0.8372093023255813,0.07507393994753708,0.6348546221470113,0.9361702127659575,0.10235188804753959,0.6186175507082315,0.9361702127659575,0.012228931476668259,0.0521578132607905
kurute,20,34,289,27,0.8372093023255813,0.02811643952379561,0.10354608765695761,0.8095238095238095,0.05506600853686405,0.3643115078120305,0.9130434782608696,0.07737568166600195,0.44178647461539267,0.9361702127659575,0.025519000759678168,0.14164525810284512
kurvIta,11,14,103,76,0.8636363636363636,0.027787033419315654,0.11947185440880803,0.8372093023255813,0.06132707650551905,0.4265334299044563,0.9361702127659575,0.10542282894982402,0.43084985260285413,0.8888888888888888,0.018742312671212402,0.16383559818745475
kurvanti,56,29,145,33,0.6111111111111112,0.039691568716351266,0.12132836687424531,0.6486486486486487,0.04394740468061942,0.3029336177442157,0.7804878048780488,0.09172291798201082,0.3700911321445439,0.75,0.017580391473191015,0.11897499795970545
kuryAt,63,35,409,287,0.8095238095238095,0.025014800344741683,0.11906272633262316,0.75,0.08389793410787127,0.4079267720537667,0.8372093023255813,0.08281992247307135,0.4664338652976474,0.8888888888888888,0.023891113824422994,0.13995564854682363
kuryuH,22,6,64,79,0.8888888888888888,0.022120962088469587,0.09805475296006372,0.9130434782608696,0.07534868720521282,0.45897586306115123,0.9583333333333334,0.1043852226144254,0.4480503477489417,0.9130434782608696,0.013331272250632575,0.14205645646654652
kutas,33,53,355,50,0.9583333333333334,0.0204023459562227,0.07986361662067565,0.8372093023255813,0.06860829173942973,0.41501653379889325,0.9361702127659575,0.07310904301759535,0.44513652350000454,0.9795918367346939,0.020610883476806285,0.14465615980569635
kva,84,40,766,32,0.9361702127659575,0.04164411699685988,0.36184487587119285,0.9583333333333334,0.13022840302587935,0.6058181673850751,0.9583333333333334,0.11726761375451034,0.5005917118636813,0.9795918367346939,0.021997593424416984,0.17518914244774475
kzatra,25,15,314,13,0.9130434782608696,0.0561373001100447,0.39555754171977886,0.8372093023255813,0.1221971984033765,0.5071905098757191,0.9583333333333334,0.17994921069189163,0.5337722231616797,0.9583333333333334,0.028783635011782382,0.19426839249889583
kzatram,95,26,141,22,0.8888888888888888,0.008661388228655142,0.20824874748032363,0.8372093023255813,0.05514232986164713,0.4514715210527803,0.8888888888888888,0.07666673491831488,0.4561637314127258,0.8636363636363636,0.011965444411109138,0.12051283376869026
kzatrasya,13,13,49,9,0.27586206896551724,0.002340521541331353,0.12649247911606842,0.4375,0.004039211073324611,0.26075545163953817,0.33333333333333337,0.0070737124874350465,0.3101864666909784,0.14814814814814814,0.0015791593066518672,0.08442929534514931
kzayaH,10,6,105,28,0.75,0.02256514793018438,0.26571325921715516,0.6842105263157895,0.05070794214950558,0.39435706308967877,0.717948717948718,0.05327986834213627,0.38676135541165735,0.75,0.011427512625324376,0.1978771915915264
kzaye,14,15,178,13,0.8888888888888888,0.02954993656096827,0.43147853593394403,1.0,0.14908064114513475,0.5907376088042255,1.0,0.12455421727666638,0.5667874685376386,0.9583333333333334,0.03319332245245743,0.1930519483051003
kzetram,17,6,80,79,0.8095238095238095,0.0034089042768017386,0.0562282429713048,0.8095238095238095,0.04214013929343774,0.3380192235138333,0.8888888888888888,0.06969125675579069,0.39643878528010834,0.9361702127659575,0.019356585979434904,0.24454751083790094
kzipram,13,6,644,20,0.8095238095238095,0.0021960720282945267,0.08612235289516046,0.7804878048780488,0.03768829459161249,0.47429778013324864,0.9130434782608696,0.07381221685333716,0.5055874788851091,0.8636363636363636,0.002830012194984133,0.09957093281839846
laBante,6,5,49,5,0.6842105263157895,0.018361532263256874,0.05583726022215696,0.6486486486486487,0.03619311486517496,0.255606298651606,0.6486486486486487,0.06776357265850763,0.3722953182141585,0.75,0.015394334326173098,0.11802489433428276
lohita,6,16,106,7,0.9795918367346939,0.04332203264534895,0.1677522425825333,0.9361702127659575,0.0972084403748259,0.514462006757557,0.9130434782608696,0.10861866644266138,0.5442920746722305,0.8888888888888888,0.011884560252882093,0.1155953746689855
lohitam,15,12,9,5,0.9130434782608696,0.010517716701212487,0.10463679029309136,0.8636363636363636,0.037277365152058484,0.34186169257537746,0.8095238095238095,0.0406100975845205,0.35657637733358727,0.7804878048780488,0.00392516972471868,0.041920853370778444
lokAH,76,114,367,11,0.75,0.01402254017213056,0.10589881637642073,0.6111111111111112,0.01352894614602107,0.30880639519836917,0.6842105263157895,0.026926372654895947,0.3786156832258808,0.75,0.019806147629507498,0.16795706798819698
lokAn,101,76,701,8,0.5714285714285714,0.01673256883158869,0.14074918794814306,0.5294117647058824,0.031029161404554362,0.35356705029210134,0.8888888888888888,0.10266243112364992,0.4251928202777735,0.8888888888888888,0.02257085138102477,0.20041506782190233
lokAnAm,16,26,237,5,0.5714285714285714,0.01283408916263673,0.1643501693797924,0.3870967741935484,0.03637451054633822,0.3561102771399939,0.75,0.09240948566781026,0.45804865531063377,0.75,0.028474890343515247,0.24448605562882597
lokAt,57,57,89,7,0.8095238095238095,0.029368969998959993,0.1340505031985818,0.717948717948718,0.08869981623792988,0.4233980498390315,0.8888888888888888,0.10295088763738702,0.5402182323990051,0.9361702127659575,0.015732363692039786,0.20621531135444848
loka,25,235,1170,43,0.8095238095238095,0.03203096957064211,0.1592624406099603,0.8095238095238095,0.12964147215930955,0.38163309335426465,0.9795918367346939,0.1563273953836456,0.545640667648519,0.9583333333333334,0.04528557368576136,0.30564135649233726
lokaH,103,248,287,14,0.8372093023255813,0.040013705102996955,0.13617610913213962,0.7804878048780488,0.036147185262783155,0.2600467830868476,0.8888888888888888,0.057816077143985956,0.3536465139295386,0.9583333333333334,0.034984062213942235,0.24369559676034025
lokam,352,184,558,37,0.6842105263157895,0.02301772598381835,0.09526507730940781,0.8095238095238095,0.056423267468770244,0.2932072005053994,0.9795918367346939,0.10957586473306702,0.44779404067925954,0.9583333333333334,0.03841879401871873,0.22402523834359844
lokasya,67,45,319,12,0.4375,0.004841711855455011,0.05069016349917366,0.33333333333333337,0.006485940110617094,0.1789938273347077,0.33333333333333337,0.010449518486523535,0.26037542772251654,0.33333333333333337,0.005333410382251658,0.1257218780552709
loke,152,267,1467,66,0.8095238095238095,0.020014475881819704,0.11133064597418574,0.8095238095238095,0.07473920396499634,0.36557711053548514,0.9795918367346939,0.11100696899927709,0.49289053889826484,0.9795918367346939,0.04362655098946966,0.3333403410625515
lomAni,14,15,10,7,0.5294117647058824,0.013165219968549025,0.07781752232645489,0.3870967741935484,0.046234200498401656,0.23083041610438082,0.48484848484848486,0.048596493609899705,0.29916307430827427,0.5294117647058824,0.013710806477647997,0.14506767249348806
loma,14,13,137,10,0.9583333333333334,0.03467622774351142,0.1714185651288349,0.9583333333333334,0.08808325940953454,0.46757562666038033,0.9361702127659575,0.05146147020000558,0.4577682112665161,0.9361702127659575,0.016920096770464355,0.09437993757851126
mA,1741,277,1320,302,0.8888888888888888,0.04410683377675295,0.1883922460722559,0.9795918367346939,0.12307910743110806,0.5100506544108945,0.9361702127659575,0.09420562996826953,0.5557186365325923,0.9583333333333334,0.04462496330058574,0.30321012938164016
mAMsAni,7,5,68,6,0.48484848484848486,0.008935921231292054,0.06761946157329912,0.48484848484848486,0.0454723058695905,0.2964397255227339,0.5714285714285714,0.0609036910866706,0.34260191136640017,0.5294117647058824,0.009675251804366014,0.08813394274240727
mAMsam,26,7,133,40,0.9583333333333334,0.008504681286853555,0.08588217850437607,0.8888888888888888,0.04663696095949865,0.40527963367404485,0.9130434782608696,0.038332499108746254,0.3545817884600718,0.7804878048780488,0.002437331597727521,0.028697280172064854
mAm,146,111,3111,72,0.4375,0.00898728395298265,0.10978082467893446,0.6111111111111112,0.0348265439079829,0.32097414668969404,0.6111111111111112,0.05326156906433299,0.44235554588869896,0.48484848484848486,0.0247551983592168,0.21243680755567707
mAnuza,5,10,90,6,0.9361702127659575,0.02784798506936048,0.2811275102422309,0.9583333333333334,0.10516400830629868,0.5410199425175634,0.8888888888888888,0.06690708359875841,0.505273508365558,0.9361702127659575,0.020846458938318158,0.1567840569449619
mAsAH,77,11,35,18,0.7804878048780488,0.031109925814910566,0.17053943447990616,0.6486486486486487,0.029799993798935276,0.263350479159735,0.75,0.02209201553211637,0.24115047636722775,0.6486486486486487,0.012238437089234888,0.09061331405630879
mAsAn,17,18,88,26,0.8888888888888888,0.0667355697313392,0.22614633668475925,0.8888888888888888,0.08061378041366773,0.4031360161419346,0.9583333333333334,0.1144706775954153,0.357233497351784,0.7804878048780488,0.012707782437555326,0.0830959820329964
mAtA,157,22,372,78,0.8888888888888888,0.04471261700274498,0.2960581203054796,0.7804878048780488,0.1029582228137913,0.4729175525023165,0.75,0.0712223110997835,0.4100003836241547,0.8372093023255813,0.020029429130484222,0.13377040424516684
mAtaram,54,15,217,18,0.717948717948718,0.005374144523198954,0.09317780030459111,0.6486486486486487,0.052652396273703106,0.36053321688135864,0.8372093023255813,0.07915151963396472,0.47609134471332193,0.75,0.0025051308790658977,0.08807302259817151
mAtf,6,11,140,29,0.9361702127659575,0.027138429164051403,0.12105472774002779,0.8888888888888888,0.08669142736388857,0.5060948944291562,0.9583333333333334,0.09177953271845096,0.47374492202788954,0.9130434782608696,0.0160115633800626,0.1477140183016814
mAtrA,21,10,126,23,0.9130434782608696,0.036579616695588735,0.22314320671967136,0.9361702127659575,0.11830035722519028,0.6028339013759205,0.9795918367346939,0.12466232376559128,0.5397280541907098,0.9795918367346939,0.02122383079552126,0.15370366741686703
mAtram,9,127,147,92,0.9130434782608696,0.02098460456953477,0.27042349686353284,0.8636363636363636,0.09138239895954758,0.5148843071807472,0.8636363636363636,0.05070216356974144,0.42015785461810196,0.8372093023255813,0.004297586480019877,0.1242109222652219
mAtuH,39,8,156,38,0.8372093023255813,0.025056303970098392,0.14324302811309386,0.7804878048780488,0.08963564626301723,0.5057206555696035,0.8095238095238095,0.09082093668791935,0.4621546576909634,0.8636363636363636,0.017991772156319752,0.09038272711936002
mUlam,17,46,240,59,0.8372093023255813,0.0030973233533569955,0.057526298121452046,0.8888888888888888,0.036591742929541815,0.3606179465584354,0.9130434782608696,0.042903201528001755,0.4346163574561931,0.8888888888888888,0.003938600286016225,0.09552512591610185
mUrDA,38,40,21,8,0.9795918367346939,0.03583497171247041,0.2023710556950724,0.9795918367346939,0.10273194390657492,0.5161857922102745,0.9583333333333334,0.07002745787132714,0.4215553897887362,0.9795918367346939,0.029649804601033947,0.23937146522621966
mUrDAnam,26,8,30,5,0.75,0.004775899593945865,0.11576957761264162,0.8636363636363636,0.027012018789307257,0.3160202991583939,0.717948717948718,0.027071337704239307,0.2832078174084407,0.8372093023255813,0.0038296959521326723,0.13459003575510242
maDu,267,113,195,77,0.9795918367346939,0.08222508735248957,0.4419205896225957,0.9361702127659575,0.09881604226986296,0.5235265139649368,0.9583333333333334,0.08759950435571517,0.45024356290192435,0.9361702127659575,0.03250439113768322,0.3007800921635828
maDyam,32,12,96,31,0.8636363636363636,0.011782598095503194,0.10402750652301662,0.9130434782608696,0.06241872269669957,0.3211789648967065,0.9361702127659575,0.06314086162697408,0.4029543788879587,0.8636363636363636,0.01046730817841457,0.17606846114225227
maDyamaH,15,20,28,54,0.8095238095238095,0.011204536254029951,0.12077291699106985,0.7804878048780488,0.041878243924526326,0.3223687191204392,0.9361702127659575,0.06834962819581347,0.4188744199590838,0.7804878048780488,0.013600355498874728,0.20370416315785844
maDye,115,57,766,276,1.0,0.04822194258623902,0.1403267213387821,1.0,0.1299318332441043,0.49131503640820395,0.9583333333333334,0.11685557743035302,0.565785220491585,1.0,0.032062475229840404,0.22185844540934718
maGavan,198,9,11,12,0.9795918367346939,0.056807690495253804,0.432907315032825,0.9361702127659575,0.04691104780639965,0.4288262941058135,0.9795918367346939,0.04880648624053108,0.4336188173913824,0.9583333333333334,0.06584489798118764,0.3946172440725336
maRqala,10,10,67,62,0.9130434782608696,0.04204398229198192,0.3122680302654277,0.9130434782608696,0.07688053156325203,0.43934715827641824,1.0,0.1591103849814376,0.5473434344377155,0.9583333333333334,0.0429083883025162,0.458893385564596
mad,5,19,866,6,0.9130434782608696,0.06555299212807963,0.3952501794446295,0.8095238095238095,0.07844511383319608,0.45063628813175927,0.9130434782608696,0.10679466721206476,0.5484284724573898,0.8888888888888888,0.05273627798126068,0.2758240825233216
mahA,97,65,15928,218,0.9795918367346939,0.09180041896124957,0.4859797532671597,0.9583333333333334,0.1397448883387854,0.5770602452830836,0.8095238095238095,0.09197565959352005,0.5146318991597791,0.8095238095238095,0.03973323988202282,0.2624737434786749
mahAn,163,57,1054,57,0.9795918367346939,0.09840383702373645,0.42317368324621596,0.9361702127659575,0.1156241756861226,0.5006105495368458,0.9361702127659575,0.09983478821840375,0.43880301616995443,0.9361702127659575,0.05567694906721976,0.21941980263587513
mahAntam,16,10,76,9,0.8888888888888888,0.013372133898038707,0.19009759490634615,0.9130434782608696,0.05590276174777831,0.4094168234904496,0.8636363636363636,0.03953674940070839,0.37113397635095446,0.8095238095238095,0.0104120909637897,0.08549608901963701
mahat,108,53,1916,40,0.9583333333333334,0.08202843322043663,0.41904827634392894,0.8636363636363636,0.08009278796423103,0.4453098022176242,0.8095238095238095,0.06296375367597551,0.47699132644951314,0.8372093023255813,0.03888078111604909,0.2719823078085861
mahatA,20,9,637,8,0.9583333333333334,0.03021003450373505,0.33913389190583,1.0,0.16140121933946838,0.6402519259600821,0.9583333333333334,0.16745899927790564,0.6523618386387049,0.9361702127659575,0.0355709934466657,0.24201967110337663
mahataH,30,20,152,15,0.8372093023255813,0.012591397014132477,0.22744813160767174,0.8636363636363636,0.09953752608157251,0.5185177080885001,0.717948717948718,0.08078776701271162,0.5844366494419474,0.6486486486486487,0.009535810252623067,0.2282113129428477
mahati,11,7,100,10,0.6111111111111112,0.011319305270245938,0.2879847389823438,0.5714285714285714,0.02484931395800638,0.43959771235414125,0.8372093023255813,0.09496943765629384,0.5400393321491623,0.9130434782608696,0.029670762496548986,0.22556183232421256
mahyam,117,13,177,22,0.8888888888888888,0.009808788945933178,0.17652063637237836,0.9130434782608696,0.05043217947052592,0.34392565771503847,0.8095238095238095,0.04253456911070075,0.33459311045452433,0.6486486486486487,0.004974840839981787,0.11048419367287987
mama,260,120,3852,31,1.0,0.03605383825202424,0.17785748855065298,0.8888888888888888,0.08560305648121358,0.39031717011530476,0.9795918367346939,0.08005543041672092,0.4312014386771632,0.9361702127659575,0.03083683733911513,0.234570083516219
manaH,357,373,1143,72,0.8372093023255813,0.02366896823850062,0.1853844055052256,0.8095238095238095,0.06115843343511207,0.39226184907116735,0.9361702127659575,0.11350939684878181,0.5218799930227168,0.8095238095238095,0.010121699111714122,0.09117817332013078
manasA,258,95,650,60,0.9361702127659575,0.02470416450466073,0.16296690340269704,0.8636363636363636,0.0752903856918623,0.3190867187111146,0.8888888888888888,0.09448044713788639,0.4606621869936436,0.9583333333333334,0.033817880744675954,0.13379828816678385
manasaH,50,65,288,15,0.8888888888888888,0.03700533672910655,0.2740810619314482,0.8636363636363636,0.07615937906486281,0.40985878804515186,0.8636363636363636,0.10105741626399789,0.4729553883621852,0.8636363636363636,0.0262522051847498,0.19705139268303906
mantrAH,6,18,28,41,0.717948717948718,0.010370626866590293,0.16146524485508162,0.8095238095238095,0.026280250384970838,0.2932162100026756,0.7804878048780488,0.04064314147745396,0.3427559621100362,0.8372093023255813,0.02421369418851993,0.24334737930128236
mantra,9,90,280,220,0.9130434782608696,0.024507495709432336,0.24856282398485052,0.9361702127659575,0.10729085816878947,0.5589661293140905,0.9130434782608696,0.11243483397246345,0.5305914797442899,0.9795918367346939,0.04035659550899906,0.33272451485447685
mantraH,13,38,47,50,1.0,0.0156715449894389,0.1422306665797648,0.9361702127659575,0.04410784775871912,0.34849045555781133,0.9361702127659575,0.06097946635683493,0.3715587019521137,0.9361702127659575,0.01624087626156301,0.17289625357226046
mantram,8,6,92,23,0.8888888888888888,0.01338097597268284,0.12763790291726673,0.8636363636363636,0.05228589475088874,0.40718339164427575,0.7804878048780488,0.07106238433704093,0.44073064874119394,0.9130434782608696,0.01998507169113195,0.22847984029837054
manuH,37,8,101,26,0.8636363636363636,0.03615475197837592,0.2657550161830199,0.9130434782608696,0.06175696309303824,0.4887002901047448,0.9583333333333334,0.07701186177716823,0.4224882701226569,0.9361702127659575,0.0387407074357804,0.24398202568497362
manuzyAH,46,48,91,12,0.6842105263157895,0.023679371473822375,0.18095606807134357,0.75,0.02066853143966474,0.2802468338659786,0.8636363636363636,0.049157838859703595,0.32782192423698364,0.8888888888888888,0.019728014732962595,0.12816321672766917
manuzyARAm,12,22,133,9,0.8372093023255813,0.02542139361513851,0.19499242318572163,0.717948717948718,0.0776486173994907,0.41128582496782917,0.9361702127659575,0.10744379728827091,0.3992370588197407,0.8888888888888888,0.019957816876914447,0.10198019797550273
manuzyAn,13,7,34,7,0.8636363636363636,0.03697138486424234,0.17095270542662688,0.6842105263157895,0.0655997086580481,0.3992215552893891,0.9583333333333334,0.1413640606807247,0.4272486675620102,0.8888888888888888,0.012888503593847078,0.09669920755302708
manuzya,15,54,155,37,0.8372093023255813,0.05286110238660591,0.22470008279880704,0.8372093023255813,0.09225628559071697,0.4849354532481467,0.9130434782608696,0.10508424772148084,0.4625261904856228,0.8888888888888888,0.023020174675450478,0.1410577714372856
manuzyezu,11,6,68,6,0.8372093023255813,0.021182644851317045,0.18554344019341296,0.8095238095238095,0.06843982433573992,0.4391397129509511,0.8888888888888888,0.10495537475408312,0.41540206685635817,0.9361702127659575,0.012429226217433031,0.0872898425446611
manyamAnaH,19,8,31,5,0.8888888888888888,0.027471797490164263,0.18523975068508047,0.8636363636363636,0.08177195340923793,0.42062651716480415,0.9583333333333334,0.10066229059563403,0.44987810870095624,0.9361702127659575,0.014683269488749096,0.16292973969145474
manyase,12,8,226,7,0.9361702127659575,0.038953983980709594,0.17772650779785404,0.8888888888888888,0.052273731652871414,0.3575191433919691,0.8636363636363636,0.06348935935668287,0.4009682622552425,0.9361702127659575,0.01982462611403346,0.18629437680355188
manyate,22,47,186,15,0.6842105263157895,0.012517129228133084,0.08574538678846133,0.6486486486486487,0.05585014201658367,0.2696004085054923,0.6486486486486487,0.06344301916897477,0.33258932667351704,0.6111111111111112,0.012153730633760351,0.16170301850127022
manye,39,5,496,13,0.8372093023255813,0.029906501068040048,0.1989076665605859,0.75,0.06477366929370953,0.45163078311935023,0.9361702127659575,0.09199171996302047,0.4958279344733705,0.8888888888888888,0.018181532327256944,0.1863657067010901
mat,47,15,26,5,0.8636363636363636,0.0837024205971274,0.4257310389001536,0.8095238095238095,0.08512608246543996,0.4489292581924912,0.8636363636363636,0.10407876385443804,0.4608883672434878,0.8095238095238095,0.04957955544520365,0.3111424651623381
matiH,29,10,438,5,0.8636363636363636,0.04352591264475858,0.2897913124028144,0.8636363636363636,0.07994862212596521,0.48793834212154574,0.8095238095238095,0.06618655922036287,0.5214235163492767,0.75,0.029212140535920028,0.15621987578195995
matim,17,6,165,5,0.9795918367346939,0.07019508996080126,0.33288796120539765,1.0,0.12100661259736034,0.5810499403571154,0.9130434782608696,0.09746280755462333,0.5829184932847553,1.0,0.05581668536339823,0.2428125717263926
mayA,26,81,2724,17,0.9795918367346939,0.047781774170251756,0.40662431625553186,0.9361702127659575,0.11628954881640696,0.4242247082042859,0.8636363636363636,0.09316000996120832,0.48622299691709214,0.8888888888888888,0.0791421667789799,0.34905893284039
mayaH,59,261,170,17,0.7804878048780488,0.02645245685449349,0.23639162881893805,0.6842105263157895,0.05465369753998828,0.2753885668865159,0.717948717948718,0.04107457283084048,0.3330551191386153,0.6486486486486487,0.008954915500110072,0.14325628454635164
mayam,18,55,248,19,0.7804878048780488,0.015802535884950397,0.14132138855308263,0.6111111111111112,0.04605286063430136,0.30048813970459265,0.717948717948718,0.05953776681610423,0.3479818255814173,0.717948717948718,0.00687963045914064,0.07471370942389366
mayi,156,11,432,35,0.9583333333333334,0.04339393703794292,0.233264860273668,0.8888888888888888,0.07362114630403871,0.39912746926548426,0.9361702127659575,0.08697098776119605,0.4750733888520666,0.9361702127659575,0.03892818984986923,0.22659777180461438
me,1019,205,5747,266,0.9795918367346939,0.0582619642474993,0.24768381797686734,0.9583333333333334,0.07221858473249188,0.4630614053843124,0.9583333333333334,0.08040107891246384,0.48406508987061425,0.9795918367346939,0.04986025603911293,0.2567719311588402
mftasya,7,6,17,13,0.14814814814814814,0.00042919913115080366,0.08737359422234181,0.27586206896551724,0.002949328483276892,0.1274528136337576,0.3870967741935484,0.003973177044370058,0.14135216360280978,0.27586206896551724,0.0012816654707883401,0.08088685604107537
mftyoH,51,76,79,6,0.9795918367346939,0.04858132409603866,0.36372324406601664,0.9795918367346939,0.18840172266096045,0.6618893845789252,0.9795918367346939,0.09729350143353255,0.4699065865618033,0.9583333333333334,0.017387537499445438,0.14485585101274667
mftyuH,40,100,265,8,0.9583333333333334,0.045510180673422496,0.3228239110740211,0.9361702127659575,0.12843235404659037,0.6388561900351387,0.8372093023255813,0.07283591244551313,0.47714719279313655,0.8888888888888888,0.017260856534736635,0.07454244608908556
mfzA,6,16,62,5,1.0,0.022748213304069065,0.12652583131576856,0.9583333333333334,0.07697842062707372,0.33545975633690217,0.9583333333333334,0.0747648665243753,0.395679997462866,0.9361702127659575,0.014420150259944697,0.05284222591325882
mitraH,223,8,32,23,0.8636363636363636,0.017002590416260066,0.28159572010611456,0.8888888888888888,0.030230452406051378,0.2811412199180051,0.9130434782608696,0.0667323867699845,0.34048102118532175,0.8888888888888888,0.025228251422662606,0.18548762612823133
muKaH,10,8,128,34,0.8888888888888888,0.014454810607514523,0.06510599862388933,0.8888888888888888,0.02474710805301572,0.3450183050154938,0.9795918367346939,0.06343210495738827,0.39663889059982926,0.9130434782608696,0.018607381500361786,0.1916832103764976
muKam,78,35,231,88,0.9361702127659575,0.013543619758346614,0.09164040531829998,0.8636363636363636,0.04221733493054558,0.3865415185082295,0.9130434782608696,0.051451058749181544,0.3766272726592751,0.8888888888888888,0.01073231796883689,0.17111005720133188
muKe,36,6,130,11,0.9795918367346939,0.04890529261921095,0.11792094585302659,1.0,0.11138736065936039,0.5418391111753955,0.9583333333333334,0.06947127656113694,0.5513126849642817,0.8888888888888888,0.02484314243395558,0.22135881134528368
muKena,18,26,27,9,0.8636363636363636,0.018784014076614564,0.12006727808523832,0.8095238095238095,0.09291320975422979,0.3537056670596437,0.5294117647058824,0.05459696792845625,0.34261548154357113,0.6111111111111112,0.006017657973973245,0.04606798958819358
mucyate,6,18,118,10,0.6111111111111112,0.008945350316603262,0.10449438550892132,0.5294117647058824,0.032205980477056695,0.31194922469128517,0.7804878048780488,0.08642895806201156,0.41977405009680757,0.7804878048780488,0.018290764196107534,0.19189312597004737
muniH,9,8,519,7,0.9130434782608696,0.016387468845689646,0.10652762052042286,0.9130434782608696,0.07819269018825448,0.4856759343843553,0.9130434782608696,0.08660230544015712,0.49621195229878834,0.7804878048780488,0.018757689147081535,0.10252626044479829
nA,47,30,1241,20,0.9583333333333334,0.062041481428474876,0.48557802620193746,0.9130434782608696,0.10574292472589919,0.5227564236357551,0.9361702127659575,0.07121284434469266,0.5762163225430671,0.9583333333333334,0.04243311289933116,0.39281503276139385
nAmAni,30,14,72,10,0.4375,0.010254809733991843,0.09178854914426204,0.33333333333333337,0.02362643598257652,0.22284237897793124,0.6111111111111112,0.05059942085054614,0.3420233050728172,0.6486486486486487,0.021464021382283427,0.14076181565642543
nAma,361,473,1621,185,0.9583333333333334,0.051225164488008734,0.22928503055411076,0.9361702127659575,0.11298784910116688,0.5282602903447158,0.8372093023255813,0.0804785672423759,0.49993401466715337,0.9130434782608696,0.02918860924569333,0.16312009393252302
nAmaDeyam,10,22,9,10,0.8888888888888888,0.005604156772510582,0.11690929837174946,0.8636363636363636,0.03595421277992117,0.2694067205474312,0.8888888888888888,0.0294016555836647,0.22539067347311215,0.7804878048780488,0.004983365150694752,0.03387040141281861
nAmnA,7,10,133,10,0.9583333333333334,0.021384116439711387,0.10072432957773247,0.9130434782608696,0.11029704791613992,0.4205249091581722,0.9583333333333334,0.08364934355622233,0.4546217198344016,0.9130434782608696,0.01677759170248816,0.05997533113076736
nAnA,83,35,810,51,1.0,0.07203992106591428,0.3951711183716875,1.0,0.11739452094932501,0.5321716561653896,0.9361702127659575,0.08930690858331003,0.5161233333166534,0.9583333333333334,0.039001792602357255,0.1467383051484511
nIla,6,6,118,11,0.8888888888888888,0.019545145358771054,0.10460340786611066,0.9130434782608696,0.10371607348292367,0.40781669901119755,0.9361702127659575,0.09166637759547736,0.49060043548556553,0.8636363636363636,0.011347157789782236,0.09835112639602617
nO,30,17,61,9,0.9361702127659575,0.0654159958056807,0.32671313972583915,0.9361702127659575,0.14695484979923812,0.645951361266042,0.9795918367346939,0.1307857924377851,0.5206704426169074,0.8095238095238095,0.015612399118421716,0.11361080215385222
nUnam,100,17,396,10,0.8636363636363636,0.006532163286015913,0.08872344854261582,0.8888888888888888,0.05607245351717094,0.5025455943128089,0.9361702127659575,0.05737712336958556,0.5373132748025027,0.8888888888888888,0.0066806722646813865,0.08106779324130609
na,3959,4177,23779,2857,0.8095238095238095,0.034442880669014464,0.20565333752707726,0.8372093023255813,0.042624177304258604,0.3967266598935406,0.8095238095238095,0.05520000758669996,0.42994303494700514,0.8095238095238095,0.04533783599683994,0.3792617838656913
naH,4120,147,1406,529,0.8888888888888888,0.012764340678762864,0.2834268827865324,0.9130434782608696,0.06884235770942926,0.44425862676754935,0.9130434782608696,0.059937646333247496,0.5062632881015597,0.8636363636363636,0.012378967880757874,0.2740865786641511
nadI,6,8,240,43,0.8372093023255813,0.017431540588381034,0.15800218429348223,0.9795918367346939,0.11559080253940401,0.566823653680347,0.9583333333333334,0.0871659698620082,0.5975071798984859,0.8888888888888888,0.022165246902834723,0.13998326648641268
nakzatrARi,16,20,45,14,0.9583333333333334,0.03317129540839858,0.11749327607824434,0.8372093023255813,0.0459961683904212,0.2746403282424663,0.9361702127659575,0.08073051860273461,0.3403261769239797,0.9361702127659575,0.0198793086379212,0.09596662323421734
nakzatra,5,11,82,28,0.9795918367346939,0.042767243983415804,0.19210608464217704,0.9361702127659575,0.09155966814634964,0.3958361408839779,0.9361702127659575,0.0938327238562815,0.47701310676888253,0.9361702127659575,0.01913962552759363,0.14660904745350656
namaH,376,42,629,138,0.8636363636363636,0.015921048156167905,0.16149538985829837,0.8372093023255813,0.10882235185635658,0.5123979609277165,0.9130434782608696,0.11996836788885279,0.556707774269129,0.8372093023255813,0.008689735443375257,0.17371814359914017
nanu,7,207,83,79,0.9795918367346939,0.027401026570050058,0.27453631093324404,0.9583333333333334,0.07691253331040293,0.45924992056412317,0.9130434782608696,0.07634934097266666,0.4915786853710469,0.9583333333333334,0.024442876548347203,0.2656125481332128
nava,113,5,111,195,0.9130434782608696,0.03628479537301599,0.24880182062055878,0.8888888888888888,0.06875742789967931,0.4483800828640784,0.717948717948718,0.05128127197869625,0.40012639057001453,0.717948717948718,0.020613072651651576,0.17000085978202106
naya,42,15,71,14,0.8095238095238095,0.027773619480707,0.23187067738523814,0.717948717948718,0.08410897524717398,0.5402295847092576,0.717948717948718,0.05619989725066421,0.44402805322206773,0.8372093023255813,0.030656776132597208,0.22405052615982102
nayati,12,12,23,6,0.48484848484848486,0.013418198626704014,0.1584354884684157,0.3870967741935484,0.01070823064864701,0.27301343596795236,0.6842105263157895,0.06188925098742937,0.34332803853037697,0.6486486486486487,0.016960987657276494,0.11537595608535545
nazwam,13,5,45,10,0.8095238095238095,0.005058528093110803,0.09375203614867178,0.9583333333333334,0.03135912169183175,0.33303915944847406,0.8888888888888888,0.02271189476819413,0.3108386848079602,0.8636363636363636,0.003249466416084368,0.08487220271889773
niDim,11,8,51,7,0.9795918367346939,0.024032193739531582,0.0926365990147342,1.0,0.12339086202751748,0.4628977231687822,0.9795918367346939,0.11881137105668516,0.5634656790423276,0.8888888888888888,0.011601998465933128,0.11545582812997823
nitya,7,90,256,77,0.9361702127659575,0.053203156744911495,0.22951049412046665,0.9795918367346939,0.15093784192401538,0.5997731723739483,0.8372093023255813,0.0988751244305559,0.5777912226659596,0.8636363636363636,0.02411660676919869,0.21752589646706388
nityaH,13,24,83,42,0.8636363636363636,0.010965711447116444,0.20227823582577642,0.8888888888888888,0.0438959921606219,0.3722291851397229,0.9130434782608696,0.04860774879406049,0.35054430934693515,0.8095238095238095,0.014715172507261065,0.19891655970678235
nityam,13,42,1853,165,0.8095238095238095,0.024179584659153486,0.27323636931369544,0.9130434782608696,0.07869654347673594,0.5675196627955427,0.8888888888888888,0.08274053083907007,0.47787305738490327,0.8372093023255813,0.012857741672251177,0.14904888080892764
no,26,17,44,5,0.9130434782608696,0.016991740915777376,0.1158181475628477,0.9795918367346939,0.07612261261808428,0.3295340599451413,0.9361702127659575,0.0686032973143611,0.29072235797306856,0.9361702127659575,0.018577256436444478,0.10770526506380185
nu,473,136,696,119,0.9795918367346939,0.06789933648271895,0.44017342297523254,0.9583333333333334,0.11170474685295118,0.5800553911351738,0.9795918367346939,0.12300575101606959,0.5695672673026007,0.9795918367346939,0.03906574232724691,0.2744680369074355
odanam,48,7,7,12,0.8636363636363636,0.004507382900179047,0.1550749506444672,0.8095238095238095,0.06824871684152412,0.4377648883201868,0.6842105263157895,0.04300733769782128,0.390746052060712,0.8095238095238095,0.004322001964182864,0.10963996591537117
ozaDIH,124,5,29,11,1.0,0.06200649600551289,0.1997362291215421,0.9361702127659575,0.06312999370184658,0.30308492544836174,0.9130434782608696,0.07723303837519047,0.3095079843457582,1.0,0.05594453451790271,0.23516939680331705
ozaDayaH,64,10,13,16,0.8095238095238095,0.03554787505319201,0.14317334612469346,0.8095238095238095,0.03707205401065172,0.22950328025209898,0.6111111111111112,0.02618298291010357,0.24046667491884366,0.75,0.012372795730344777,0.11876254774460837
pARI,12,6,12,8,0.9583333333333334,0.014756856422996956,0.09161420712358859,0.9130434782608696,0.10148832108783867,0.5809350860437081,0.9795918367346939,0.09870528287627423,0.5768384515848914,0.9583333333333334,0.01976094281197438,0.19206914908376027
pARiH,19,6,129,12,0.8888888888888888,0.031814436361325416,0.14760767739877823,0.9583333333333334,0.06835763063861633,0.515324368972731,0.9795918367346939,0.11506025577553336,0.6226967188864745,0.9361702127659575,0.04370315002439085,0.28229068235129007
pAdO,24,9,225,13,0.9583333333333334,0.03400062561598305,0.15801571344812904,0.9361702127659575,0.08949992537766882,0.563122955175868,0.9795918367346939,0.10736282630931648,0.554879792928052,0.9795918367346939,0.027958465859878823,0.22592213816127893
pAdaH,10,42,59,28,0.8372093023255813,0.010317251852561937,0.11327380556187272,0.8888888888888888,0.031857451996592734,0.26424079297970937,0.8888888888888888,0.04211131455793682,0.2955153819276898,0.8372093023255813,0.008492495689242041,0.1099813142782049
pAdam,12,24,65,47,0.8888888888888888,0.011952242664844182,0.11624622555453767,0.8372093023255813,0.03954400237564992,0.3622182575085643,0.8372093023255813,0.032057306005889186,0.3301621163880232,0.9130434782608696,0.006872359135977502,0.13165665649457914
pApa,13,41,756,38,0.9795918367346939,0.041621733928750015,0.20861294427073118,0.7804878048780488,0.08507586728029548,0.5489133787565401,0.9795918367346939,0.09590311018951858,0.5442864179541456,0.8888888888888888,0.018623327443040183,0.10604049902858925
pApam,16,28,521,15,0.8636363636363636,0.01020464114756403,0.15187017443055983,0.9583333333333334,0.036101210580477106,0.3972171946648664,0.9361702127659575,0.04629310547473242,0.39292161473316345,0.7804878048780488,0.005049554779718135,0.045670815038020174
pApmAnam,60,13,21,24,0.75,0.01552398623154494,0.13124679877433065,0.8636363636363636,0.053530893643196964,0.29790992620829415,0.8888888888888888,0.033250060184464636,0.2714418034451518,0.8636363636363636,0.006690241175033251,0.08811653356059468
pArTivam,10,6,109,6,0.8372093023255813,0.009527141092390834,0.11999230204032252,0.9583333333333334,0.03978390982407021,0.42433319565883054,0.8888888888888888,0.025492683327571264,0.3958260267234599,0.8636363636363636,0.009007920780995882,0.12567055497210955
pAram,17,12,98,7,0.717948717948718,0.0025494261796369377,0.10073523410183327,0.717948717948718,0.04113865208635348,0.4337835244565482,0.75,0.04579138198775279,0.46080660341252766,0.717948717948718,0.0028730372007851335,0.1359498066586422
pAtram,42,6,83,41,0.75,0.003540479350307546,0.09102193976264261,0.75,0.04242674407817415,0.34795934436890197,0.75,0.032719315600385324,0.3873653521747782,0.717948717948718,0.0034114136414382656,0.1473379431298344
pAtreRa,5,7,5,12,0.8372093023255813,0.010522809140914413,0.164288545566047,0.717948717948718,0.087577177268652,0.4694305351017257,0.8636363636363636,0.11857443041125637,0.4455248656931191,0.9130434782608696,0.013840670860135962,0.14722495842583672
pUrRA,8,7,21,5,0.9361702127659575,0.018871786728119844,0.17391326432176635,0.9361702127659575,0.10481513965238809,0.5272311500718743,0.9361702127659575,0.11908759246223943,0.45828132091936113,0.9583333333333334,0.018059126798182,0.09177526916865264
pUrRAH,7,6,22,5,0.8372093023255813,0.018366916425263446,0.11964344809682914,0.8372093023255813,0.060850964244309136,0.27872650126834275,0.6842105263157895,0.019178775510219848,0.23020893947176657,0.48484848484848486,0.0038755056177141034,0.07662683110138879
pUrRa,13,12,209,42,0.8888888888888888,0.0534045907282682,0.31257663997679075,0.9361702127659575,0.1939417913961463,0.546256974187704,0.8888888888888888,0.10751461918514194,0.518181896984814,0.9130434782608696,0.017233598979086828,0.1768118842220554
pUrRam,19,43,88,12,0.8636363636363636,0.005389008829281172,0.1315922258180029,0.8888888888888888,0.03405869614626422,0.3975303574797012,0.9130434782608696,0.03580083172900561,0.3552935470816613,0.7804878048780488,0.002848173936208953,0.10852183636540413
pUrva,88,123,358,276,0.8636363636363636,0.038471662126469464,0.17547426579820724,0.9583333333333334,0.14965770073528972,0.3757354206148851,0.8888888888888888,0.13648468749950105,0.4217004970285586,0.7804878048780488,0.029147469518231994,0.18779478388039084
pUrvaH,54,15,75,100,0.8636363636363636,0.014511679155529422,0.14687644187608373,0.9130434782608696,0.046304108956997436,0.26472256362045476,0.8888888888888888,0.04200005725158007,0.34222801285247295,0.8372093023255813,0.008731033863296878,0.1512539673586628
pUrvam,75,102,1239,175,0.9361702127659575,0.008865226971856988,0.12671382850382296,0.9583333333333334,0.11289696001736027,0.4215291633080055,0.9583333333333334,0.12095486967505553,0.44781579248776704,0.8372093023255813,0.014659096900099478,0.08880992078513361
pUrvasya,9,15,5,30,0.2142857142857143,0.0010308892262503866,0.07593633391414722,0.27586206896551724,0.0017373819074315566,0.17372606607532792,0.33333333333333337,0.009182204267830008,0.23225385653419073,0.2142857142857143,0.008704672766619237,0.1612329776556617
pUrve,70,16,60,51,0.9795918367346939,0.03284770059110642,0.182617684477824,0.9795918367346939,0.07637231427231483,0.3449004246294969,0.9130434782608696,0.06446017078449506,0.2644839218036459,0.8372093023255813,0.025565349295406103,0.15620495835823767
pUrveRa,9,9,23,35,0.9795918367346939,0.02121757336650787,0.07901876164824506,0.8888888888888888,0.08586431399605521,0.3468497498168459,0.9130434782608696,0.10101619110969884,0.4079626965338451,0.9130434782608696,0.011212532660259233,0.10474641036014387
pUzA,110,5,15,16,0.8372093023255813,0.02168350447511147,0.1811981465411081,0.9795918367346939,0.07018139015298086,0.2866778036042169,0.9361702127659575,0.08034881505036884,0.26860000133580564,0.9130434782608696,0.023403883893504118,0.10901298061634845
paSUn,150,24,77,27,0.9130434782608696,0.034348743595509434,0.2448466396586888,0.8636363636363636,0.056204930336650305,0.36200727280550515,0.8372093023255813,0.07547753644884259,0.3789091533830714,0.9130434782608696,0.032130119892477604,0.23404822600592
paSUnAm,110,7,32,33,0.9130434782608696,0.023657703930100693,0.1482222804036324,0.8888888888888888,0.09540666703536638,0.30667673170104814,0.8095238095238095,0.0830316224354154,0.3284538052764787,0.8095238095238095,0.038426299399875186,0.2462667353303296
paSavaH,325,23,76,51,0.8372093023255813,0.04247749333726758,0.19179567281198384,0.8095238095238095,0.0353216615933839,0.2862917718463831,0.9130434782608696,0.05073709495770973,0.3051023076598628,0.8636363636363636,0.02593910658449039,0.2060181474077718
paScAt,91,45,335,263,0.8888888888888888,0.036350283258289595,0.16664346138424313,0.8372093023255813,0.07573195409586198,0.4523771272731604,0.9795918367346939,0.06791506761851562,0.4358907490245756,0.8888888888888888,0.020623967768363283,0.21764395663030134
paSu,77,33,104,163,0.8888888888888888,0.036967301416272136,0.21138787134848247,0.8636363636363636,0.08153432604184963,0.35019884255917444,0.8372093023255813,0.09245135890205725,0.4050491125814881,0.8636363636363636,0.053449658996189475,0.3002886795440597
paSuBiH,97,31,13,15,0.8888888888888888,0.04196764343838977,0.20050180957934405,0.8888888888888888,0.12211463552306467,0.4179395724461934,0.8636363636363636,0.08235015654843303,0.3467718572058306,0.9795918367346939,0.044991212052321705,0.19810307025508067
paSuH,52,6,18,27,0.8888888888888888,0.03526774029875501,0.20916100862730436,0.9130434782608696,0.07366556975501215,0.37808418832472346,0.8372093023255813,0.0713629422704205,0.36604862661731097,0.8888888888888888,0.029640085553031326,0.2089097076409816
paSum,32,6,23,13,0.8372093023255813,0.02326387435139965,0.21445606128028183,0.9130434782608696,0.06330618429846557,0.3986974862340895,0.9130434782608696,0.07617315614283626,0.3980882655801947,0.9130434782608696,0.019192760458629943,0.15698590731857265
paSyAmaH,8,6,46,5,0.9583333333333334,0.031231693123473736,0.15739015171958148,0.9361702127659575,0.0813060698483482,0.5108080257063813,0.9130434782608696,0.07637798202142376,0.4985846074167952,0.8888888888888888,0.016010381568604126,0.08912109546340585
paSyan,26,47,149,6,0.9130434782608696,0.027180286930876263,0.2821483760608636,0.8372093023255813,0.11210244037243333,0.5542745506068125,0.8888888888888888,0.15577693686932692,0.6169285622830123,0.9130434782608696,0.03435280688449094,0.18975490999565137
paSyantaH,12,15,51,5,0.8888888888888888,0.037616588683379804,0.21257411021713546,0.8372093023255813,0.10273641831087643,0.45131232006790334,0.9361702127659575,0.11601320379765456,0.5073845449805239,0.8888888888888888,0.03484225674543995,0.1823353774097678
paSyataH,9,9,230,5,0.8888888888888888,0.015103692856505924,0.2041024335883872,0.8888888888888888,0.07702678191806589,0.5147936527626732,0.8095238095238095,0.07997351096872163,0.5636130131979363,0.7804878048780488,0.011608275211994479,0.13692193723944346
paSyati,35,173,259,12,0.6111111111111112,0.013521500278642629,0.11302884231924826,0.5714285714285714,0.020574276123125124,0.27325344074383384,0.8095238095238095,0.08376623241249892,0.4328664706463582,0.7804878048780488,0.030084272087407604,0.14035027122659804
paSyet,12,26,56,49,0.8372093023255813,0.034426136214938396,0.2537084097149651,0.8095238095238095,0.06703583966108062,0.3647705470949143,0.8372093023255813,0.08617170728640744,0.44350536847007005,0.9361702127659575,0.02984453205387594,0.22460938370303762
paTA,62,11,41,5,0.9361702127659575,0.016769691038543866,0.17381415256540766,0.9361702127659575,0.11908247849473186,0.4622731864321028,0.9130434782608696,0.08755226609281208,0.45746632195778103,0.8888888888888888,0.015005380262080648,0.19460043099581825
paTaH,63,16,37,31,0.8636363636363636,0.008342133895581805,0.11596192338345812,0.8095238095238095,0.02483968810811732,0.23010091606904282,0.8888888888888888,0.03505017487572715,0.2722619884149152,0.8636363636363636,0.0056420298091721666,0.1634307946666299
paYca,241,65,813,425,0.6486486486486487,0.029827846526522594,0.16897022886041424,0.6486486486486487,0.03659311650942054,0.3385490183222972,0.48484848484848486,0.03820184016559747,0.2765426862376622,0.6842105263157895,0.010721324501263396,0.11759882220725193
paYcadaSa,35,9,8,143,0.5714285714285714,0.019329501224621293,0.1658348862198149,0.6111111111111112,0.024046347176562843,0.25775198083500717,0.5714285714285714,0.030666627363834076,0.19733056226417256,0.717948717948718,0.009530186595494206,0.09273625687792997
paYcamaH,10,26,47,15,0.717948717948718,0.02255422534560869,0.1429667805420337,0.75,0.03286994866755455,0.26493107144019556,0.75,0.02776105640023596,0.2639807495394928,0.6842105263157895,0.013064527991890618,0.11249930687289478
paYcamam,17,10,63,35,0.8888888888888888,0.023295310234765387,0.11761877426315426,0.8095238095238095,0.05405560070611248,0.26954538048443544,0.8372093023255813,0.045911995116711846,0.2294035253925063,0.7804878048780488,0.015433761545966762,0.049003153538748956
padAni,22,6,19,28,0.5714285714285714,0.015107120222770498,0.09198600275184399,0.48484848484848486,0.04015517400391089,0.2878317335336855,0.48484848484848486,0.05740594253152376,0.3263941923142275,0.6111111111111112,0.011797625493409902,0.13375799223215534
pada,22,17,80,120,0.9130434782608696,0.0241555482038186,0.12449530914414786,0.8888888888888888,0.09832871713806646,0.5549610042477866,0.8636363636363636,0.10246247783146323,0.46680289508871975,0.9361702127659575,0.043828109720392416,0.24401082106328154
padam,85,46,351,69,0.8372093023255813,0.005140558194928535,0.0938458436972267,0.8888888888888888,0.05088478125479601,0.40389862199951,0.8888888888888888,0.04669522570218043,0.381352239479293,0.8095238095238095,0.0031793181135358894,0.07642655867608616
pade,58,7,92,22,0.9361702127659575,0.01881753160505173,0.22456923165415232,0.9130434782608696,0.084235587786467,0.4567969765102813,0.8888888888888888,0.09533090721217619,0.5081702368657467,0.9361702127659575,0.028233311598966915,0.25910640040400956
pakzaH,5,22,50,54,0.6842105263157895,0.006738887014158479,0.07927335366324428,0.8372093023255813,0.048847028899616673,0.379642207817817,0.8888888888888888,0.04599009161892653,0.3264601533372917,0.8095238095238095,0.009120514053509776,0.15725833908494802
pakze,12,33,45,157,1.0,0.04357141926769281,0.26829156713705404,0.9583333333333334,0.16458049674033115,0.5646867097513959,0.9361702127659575,0.09555203163093129,0.4291094302996059,0.9130434782608696,0.016805439645578568,0.2219121283311445
panTAH,37,18,89,7,0.7804878048780488,0.012013728637086496,0.17591959425791415,0.8888888888888888,0.05607367942385877,0.37673486491969754,0.8372093023255813,0.03543129426469549,0.34960298071754004,0.48484848484848486,0.0026575938281485634,0.13148985973578586
parA,185,29,139,16,0.6842105263157895,0.02504863614209707,0.2482165545675823,0.6486486486486487,0.06580873238387874,0.448423885431278,0.8888888888888888,0.13973002328482542,0.5276321468846549,0.9130434782608696,0.029194211117142932,0.26946449224892177
para,12,96,893,227,0.6111111111111112,0.04307893358016235,0.24194432011296363,0.5714285714285714,0.09106084394077929,0.3916861226166213,0.9130434782608696,0.17394259566175996,0.4704435418719568,0.9361702127659575,0.08573080829752489,0.31760398887606467
paraH,21,88,456,52,0.717948717948718,0.009465239151052907,0.12594062359776004,0.7804878048780488,0.04012367508883685,0.2742400810851482,0.8888888888888888,0.1013803899218656,0.33579012364412986,0.8372093023255813,0.0077578225272862955,0.1237454023486273
param,35,128,1397,113,0.717948717948718,0.008085635039657757,0.11350966355901182,0.4375,0.03553213634410257,0.2946518678476332,0.8636363636363636,0.11265029990661435,0.3900051721481089,0.8372093023255813,0.006170967480566558,0.09864158453590088
paramam,35,41,654,14,0.75,0.008739750771743937,0.11204661701539387,0.717948717948718,0.03195372865516788,0.3513416604745505,0.9130434782608696,0.09073319856860618,0.40492545102746047,0.8636363636363636,0.004841950207626455,0.09384207319711546
paras,94,38,8,15,0.717948717948718,0.028951166782697157,0.1785879381895581,0.6486486486486487,0.08426707535208677,0.4199902923313673,0.8888888888888888,0.14713232137425203,0.4308179194344355,0.9361702127659575,0.02458618250382527,0.24952283544539522
parasya,6,33,78,66,0.27586206896551724,0.0018843841162620167,0.041860326878431886,0.27586206896551724,0.002860638316898423,0.16558625114582703,0.27586206896551724,0.00532638871675617,0.2316102520735852,0.07692307692307687,0.0012884958316149442,0.1153633781216774
pare,13,6,184,22,0.75,0.019919806534467677,0.18436332179867299,0.717948717948718,0.07327745608260505,0.4087689593672772,0.8372093023255813,0.1290346788956982,0.4405447696841105,0.8372093023255813,0.01945935585453884,0.16756691501602994
pareRa,13,32,64,10,0.9130434782608696,0.01901173638754261,0.09473950322034197,0.8636363636363636,0.13473770941233743,0.42907301817805,0.8636363636363636,0.11813121844282193,0.4724868074872113,0.8372093023255813,0.026086670555697578,0.19340351780959053
pari,1018,6,9,32,0.75,0.02856382541980762,0.33840822305539375,0.75,0.09694756526374593,0.4662129709243378,0.8888888888888888,0.14841725020364027,0.5489449594438122,0.8888888888888888,0.04130177639004273,0.3680076643865542
parvata,5,5,330,13,0.9361702127659575,0.02808513330877327,0.20262732383771465,0.9583333333333334,0.09534831915279385,0.5444783498399877,0.8636363636363636,0.09945849471005441,0.6064681654986123,0.9130434782608696,0.01895881379111708,0.2623638868937461
patati,14,7,38,9,0.3870967741935484,0.0036939654132408517,0.07075763130925306,0.48484848484848486,0.008539369172763212,0.2829065697339138,0.8372093023255813,0.08364619839397669,0.45977772515697457,0.7804878048780488,0.01586437020003484,0.1537789774373194
pate,102,5,713,34,0.717948717948718,0.017289350705862683,0.4004709210892874,0.717948717948718,0.06325104745398569,0.5242887028212181,0.8888888888888888,0.10967780813533323,0.6133692811285602,0.9361702127659575,0.0609739571899679,0.32884801388548834
patiH,216,29,311,64,0.7804878048780488,0.03546683560694741,0.18349149749865223,0.7804878048780488,0.053354389459134066,0.4122492368518311,0.75,0.0836563727024171,0.45735974633320153,0.75,0.03409857873373323,0.258616605601389
patnI,56,7,108,63,0.9583333333333334,0.02378378336992959,0.19118441888046167,0.9795918367346939,0.08624025321600381,0.4810069543501396,0.9795918367346939,0.13686420917905195,0.536005212052745,0.9583333333333334,0.03225885595058242,0.19945987781901142
payaH,168,24,86,37,0.717948717948718,0.021127014300211133,0.15745988927645016,0.48484848484848486,0.027089599383778418,0.2857579524324525,0.5714285714285714,0.03044979800515568,0.2921507956165862,0.6486486486486487,0.009931444911128073,0.1601018714739102
pfTak,37,63,418,115,0.9361702127659575,0.018653759986647644,0.2182412672785875,0.9795918367346939,0.14449696431281045,0.6651371041971121,0.9583333333333334,0.07261627530547587,0.5413443309043737,0.9795918367346939,0.017865117272543474,0.1680119025327501
pfTivI,264,172,404,79,0.8372093023255813,0.04177023126858981,0.21088005315772984,0.8888888888888888,0.08544080816948507,0.42132997821620943,0.9361702127659575,0.1449649907357876,0.48767453087697454,0.8888888888888888,0.062373632564689196,0.25943505275092826
pfTivIm,141,23,436,37,0.7804878048780488,0.03804728944830171,0.1959156520730425,0.8888888888888888,0.09044279549686995,0.46569732077716974,0.9361702127659575,0.10903978913099499,0.4746343078317107,0.8888888888888888,0.06741891866997252,0.24431488417428493
pfTivyAH,179,26,67,19,0.8372093023255813,0.026213768048717667,0.17126587800099125,0.8636363636363636,0.07434844280110997,0.36151975354106314,0.9130434782608696,0.08428755876877958,0.43953562094826704,0.9130434782608696,0.04417340716162421,0.2290563608453695
pfTivyAm,70,12,284,16,0.8372093023255813,0.023249814400530755,0.14106577939845188,0.8095238095238095,0.09416048120615073,0.4714373424457078,0.9130434782608696,0.09682958702926026,0.5268900239210844,0.9130434782608696,0.0307260355677349,0.1924131157030482
pfzWam,85,5,85,55,0.8636363636363636,0.010563453527647981,0.11265366044769887,0.75,0.021531400034148995,0.36334462463586703,0.8636363636363636,0.04092757136372671,0.38360963530810266,0.9361702127659575,0.01752449122553712,0.13329617212048783
pfzwaH,10,17,132,12,0.8372093023255813,0.007908570590037245,0.15895835597952068,0.8888888888888888,0.04410998169803215,0.4214322196201238,0.9130434782608696,0.07122468099035706,0.452703180259866,0.8372093023255813,0.011369177535815234,0.05975220702565509
pitA,206,84,637,95,0.9130434782608696,0.050973231986308654,0.3644621056562696,0.8888888888888888,0.10070073544355906,0.4359334060406501,0.7804878048780488,0.06745368248831485,0.4372629524306031,0.8372093023255813,0.02774180328439213,0.22084978504081731
pitFRAm,21,9,132,20,0.9583333333333334,0.027661871161883123,0.16362058132379853,0.8095238095238095,0.06973315190807172,0.3122368666873827,1.0,0.08965143992205282,0.35420380427203946,0.9361702127659575,0.01169447207746721,0.0818835744165034
pitaraH,150,18,270,89,0.8636363636363636,0.018739866352509793,0.14183555570320394,0.8636363636363636,0.05186601796882617,0.35550260876706397,0.9583333333333334,0.059786595114388,0.35545573546626696,0.8095238095238095,0.012012558109372184,0.0982228692530992
pitaram,51,31,371,21,0.7804878048780488,0.015703130795210574,0.1086937162370557,0.8095238095238095,0.05824350672423895,0.3064507026494341,0.8372093023255813,0.05872388885240132,0.3463389446322259,0.8636363636363636,0.00576634462076453,0.07109620738104017
pitf,33,85,410,137,0.9130434782608696,0.04369042614611873,0.24312028434398725,0.9583333333333334,0.10848378073170384,0.5149232302048254,0.8636363636363636,0.10946567521011408,0.4723341442488409,0.9361702127659575,0.016696020692838598,0.14432914807295094
pitfByaH,45,6,21,42,0.8636363636363636,0.035721039878270466,0.23680074309412946,0.7804878048780488,0.030680056006970213,0.22588846909032245,0.75,0.03801032411898231,0.22673043997835585,0.8095238095238095,0.03983246763024684,0.28134256456536644
pitrA,6,23,171,10,0.9361702127659575,0.023708716998648405,0.21926240852902046,0.9583333333333334,0.09702091553315695,0.4654524495490229,0.9361702127659575,0.11371863862960718,0.4918424795739216,0.9583333333333334,0.02208708749327526,0.1244507954349463
pituH,64,27,556,41,0.9361702127659575,0.019756945089184685,0.2392454228803954,0.9583333333333334,0.09074158960077527,0.5018548687487581,0.8372093023255813,0.07577991385901262,0.5228789958631795,0.8888888888888888,0.02674377906239145,0.1701913090990126
prARAn,58,20,334,12,0.8372093023255813,0.03307401187782966,0.09919285328946537,0.8888888888888888,0.12210850961902864,0.4064709593909134,0.9361702127659575,0.09588088408203399,0.40636228595608426,0.9130434782608696,0.02256729280803693,0.1049851643067965
prARa,104,291,281,52,0.6111111111111112,0.0212414302985916,0.15145289783932137,0.75,0.07924768311786734,0.3210075032911608,0.9583333333333334,0.14505816596047538,0.3827875705468049,0.9130434782608696,0.021396569552085798,0.19061571065498306
prARaH,243,413,98,14,0.8636363636363636,0.029242746350538695,0.07105020098894377,0.8095238095238095,0.07535661058480303,0.23154744088007706,0.9795918367346939,0.06833306678196494,0.33210285796558914,0.9361702127659575,0.022419781331668664,0.1541660818401629
prARam,110,120,29,17,0.8095238095238095,0.015432610972757055,0.0819233200376468,0.8372093023255813,0.04900556589105565,0.21952189626578922,0.8888888888888888,0.046045187493960804,0.30370636644133175,0.8636363636363636,0.013142984547567238,0.11577529713707169
prARasya,7,95,14,6,0.6111111111111112,0.008020850334715668,0.07298109313800227,0.3870967741935484,0.006323725503014299,0.172001027922412,0.2142857142857143,0.0030568342844494722,0.20038391372315922,0.4375,0.005731897155843102,0.0759387572715855
prARena,70,51,19,11,0.75,0.01835682655792481,0.14331801288060642,0.6486486486486487,0.0770458017691702,0.28657239499257126,0.5294117647058824,0.04336014741362382,0.3194000332450556,0.6842105263157895,0.007866886697589837,0.08744223751061075
prAjApatyam,19,5,15,17,0.9130434782608696,0.04726660500023472,0.1532598198689995,0.9130434782608696,0.057302192823327935,0.2102511353340064,0.9130434782608696,0.04660099534676798,0.19711728659769512,0.9130434782608696,0.024649125865642163,0.10540360920427083
prAk,12,116,88,143,0.8372093023255813,0.04278515899990176,0.2152660681830194,0.8372093023255813,0.07497978171602016,0.3319684557780106,0.8888888888888888,0.08324465251560487,0.34576461209017684,0.9130434782608696,0.024278631247521165,0.09159053345899393
prApnoti,9,44,191,41,0.9583333333333334,0.03430988971722615,0.13857721015377578,0.8372093023255813,0.048413313177508965,0.3093578146671603,0.9130434782608696,0.08513988719351828,0.3795522238792963,0.9361702127659575,0.013025776581364057,0.09891826552731231
prAtar,135,20,82,108,0.9361702127659575,0.057383179598956,0.22306389220422063,0.9361702127659575,0.08769223183902752,0.2928714852460679,0.8888888888888888,0.04809148055558565,0.31901887092559056,0.9130434782608696,0.030119303122557728,0.20362522170486663
praBfti,7,7,217,58,0.6111111111111112,0.011490664698071806,0.11226787426103202,0.48484848484848486,0.04330030936084328,0.3894432478863932,0.7804878048780488,0.10023792788533914,0.420200038740558,0.8888888888888888,0.02336915489664315,0.12763147639461647
praTamA,76,5,7,12,0.8636363636363636,0.029517145322064398,0.17720644798655993,0.8372093023255813,0.06439200509670162,0.27681900769034207,0.8095238095238095,0.06651664606269059,0.3331621493222272,0.7804878048780488,0.04370592314957755,0.14523245675422558
praTama,37,76,34,133,0.8636363636363636,0.04479550990127823,0.16414143464481412,0.9130434782608696,0.0986406884036749,0.3258580509646154,0.8636363636363636,0.07972998241741558,0.33612510934338835,0.7804878048780488,0.03199746143650073,0.1385935068545321
praTamaH,139,36,50,72,0.7804878048780488,0.032223231009758435,0.13427046022788613,0.7804878048780488,0.05399031509456165,0.24568996741527638,0.717948717948718,0.037908904944213506,0.2242638858055448,0.75,0.017619019649850576,0.10963452992906486
praTamam,91,34,129,109,0.717948717948718,0.01897303990493049,0.09173348487843369,0.8636363636363636,0.0756455930671397,0.26398345238043963,0.8636363636363636,0.050436057166998505,0.24948712225447234,0.5714285714285714,0.010317584881665787,0.08128165690965061
praTame,24,5,13,66,0.8888888888888888,0.0191353248376801,0.12331417453790428,0.7804878048780488,0.05298653725185909,0.24297691309388603,0.8095238095238095,0.05672949527244209,0.30254423876796777,0.7804878048780488,0.037550883115405775,0.1284712302777744
prajA,57,38,208,41,0.33333333333333337,0.004159569743271807,0.1076123508658352,0.33333333333333337,0.015914553875130855,0.1696173731200834,0.6486486486486487,0.07112157863934754,0.28656145809619027,0.6486486486486487,0.03419467755395178,0.14408664971279406
prajAH,131,36,579,39,0.717948717948718,0.021858298445818658,0.11653098737001533,0.6842105263157895,0.03842840944849624,0.19925353808647062,0.75,0.07651732440049774,0.26799167000090396,0.8095238095238095,0.034893401970918725,0.13227925106483296
prajAm,104,11,8,20,0.48484848484848486,0.013887835577480967,0.08339732398176736,0.5294117647058824,0.04131176625194344,0.183360781012329,0.6842105263157895,0.07407183432667197,0.2694953259160875,0.6842105263157895,0.03979889133049963,0.13776985582994605
prajAnAm,22,10,203,18,0.6486486486486487,0.013239880948488603,0.0519831538262292,0.6842105263157895,0.06219942727832051,0.21903411573496423,0.6486486486486487,0.058154041276266444,0.283344699538872,0.717948717948718,0.024919030137295906,0.11126712937792771
prajApateH,69,58,67,19,0.717948717948718,0.02739840745369726,0.17264342900949314,0.717948717948718,0.044678634724597543,0.26141526431623285,0.8636363636363636,0.08704611495810533,0.3504599448547733,0.8372093023255813,0.034816990506105205,0.15834204762031623
prajApati,15,42,40,8,0.6111111111111112,0.018107830313195628,0.16638784452449396,0.6111111111111112,0.030989404508399043,0.23799884132654592,0.8095238095238095,0.07988068628139544,0.2877242233070134,0.7804878048780488,0.04818004297327594,0.1649278416289035
prajApatiH,284,114,188,50,0.7804878048780488,0.02877018998571501,0.1666332400027537,0.6842105263157895,0.045418824458668516,0.2127568118070302,0.75,0.06326754589300265,0.24395590869955863,0.8095238095238095,0.056679549117613415,0.17299680183049526
prajApatim,54,17,56,14,0.717948717948718,0.02181102245380595,0.15538256112039572,0.717948717948718,0.07338981635198993,0.29337319242273574,0.8095238095238095,0.07484177086665611,0.3202118609398148,0.7804878048780488,0.04894027101710641,0.20340971911813854
prajYA,32,66,124,17,0.4375,0.014124700845005944,0.1896577535348688,0.27586206896551724,0.0360412255327599,0.28000266179805555,0.75,0.07207202747673369,0.3359871815932953,0.717948717948718,0.020345979950908144,0.10175833976218018
prajayA,124,37,5,16,0.75,0.02561150172133897,0.11479969043612226,0.8372093023255813,0.07357117572432659,0.22740071061993683,0.8095238095238095,0.07103866392570157,0.31931913873615847,0.7804878048780488,0.03379017728301825,0.17044551306748956
prati,554,145,1129,121,0.48484848484848486,0.00580011724705487,0.12046853779626598,0.48484848484848486,0.02604194965807549,0.24301329340797084,0.4375,0.015773335602715544,0.3408508149827003,0.5714285714285714,0.006089827234147305,0.09367680233708153
pratigfhRAti,5,7,16,15,0.5294117647058824,0.006495814900262742,0.06480836861183736,0.6842105263157895,0.02428208001610177,0.260920539460185,0.8095238095238095,0.036822204102777034,0.299302124847465,0.7804878048780488,0.008833228820628536,0.08024526125347231
pratipadyate,29,62,95,71,0.7804878048780488,0.027042738889199724,0.22112434460481667,0.8095238095238095,0.03218566014971469,0.23354646111309152,0.8372093023255813,0.050924928448299545,0.31540268425180185,0.6842105263157895,0.01802184650569838,0.11332426040012289
pratizWA,100,85,32,31,0.48484848484848486,0.010075932974088264,0.15776845758400548,0.4375,0.02748188984004074,0.19931853503752883,0.717948717948718,0.054547659255383185,0.34691575992633283,0.6842105263157895,0.01507244138868491,0.09963159604704841
pratizWitam,16,52,118,11,0.8095238095238095,0.02342071151145042,0.13653713405131962,0.8372093023255813,0.06579059086271688,0.2945439498665884,0.8888888888888888,0.05790274572658538,0.3979604477871046,0.8095238095238095,0.018451256484829037,0.12708256556987885
pratyak,26,7,13,55,0.5714285714285714,0.02887051493044146,0.35251547623275115,0.6111111111111112,0.037858842281218386,0.3723161142531901,0.8372093023255813,0.09982062256280644,0.385646358461183,0.8888888888888888,0.041966445099451466,0.17433568713434267
pratyakzam,42,44,129,17,0.75,0.018098071117045755,0.21865270557442384,0.717948717948718,0.02179106956843191,0.31974692592385745,0.8888888888888888,0.06567402301988323,0.3587529887922766,0.9130434782608696,0.019571416806077546,0.1446955444227762
praviSya,5,16,271,15,0.8636363636363636,0.030957612011616065,0.19836580295789163,0.8888888888888888,0.07369859199007145,0.4828484320253881,0.8372093023255813,0.08438850939441322,0.4557735629499453,0.7804878048780488,0.016670838554961098,0.17288498509470807
pravizwaH,9,27,103,5,0.9361702127659575,0.013375529136798403,0.16568294407923356,0.9361702127659575,0.07838789824945058,0.4431498333850308,0.9361702127659575,0.09471350442560822,0.45339711069390065,0.9583333333333334,0.020828251977070056,0.12627430429109698
pravizwam,9,6,30,9,0.7804878048780488,0.004940372584249397,0.09292786390368235,0.8095238095238095,0.036615159871215996,0.3620726557882734,0.9361702127659575,0.06052699731055122,0.3769979459217062,0.8372093023255813,0.0075708966383594145,0.11797875149687242
prayacCati,16,12,91,16,0.75,0.009690136298851626,0.08613182033896005,0.717948717948718,0.025404974753663323,0.2378012005138923,0.75,0.02951187291702806,0.29204537995158164,0.8095238095238095,0.010634879530976304,0.09490842480709993
preta,7,6,53,32,0.9583333333333334,0.016594878619798692,0.06494170267663923,0.9795918367346939,0.09682483960659638,0.387358797463773,0.9130434782608696,0.12810959297689517,0.5209529296371477,0.9361702127659575,0.024070563213722584,0.2328394070896952
priyA,46,8,77,21,0.9583333333333334,0.059296575755673264,0.41438847657821287,0.8888888888888888,0.12691224283566982,0.5272396778373116,0.8636363636363636,0.11745072939773626,0.43296700552044487,0.9795918367346939,0.0324582255161574,0.10548421784874928
priya,16,37,683,28,0.75,0.02283088288062929,0.26340821478879983,0.9130434782608696,0.11216101854147997,0.44096961344544805,0.9361702127659575,0.1086358024600994,0.47123736437441344,0.8636363636363636,0.019689086448558157,0.1139431829317612
priyaH,99,13,264,13,0.8636363636363636,0.034247423864152804,0.26628047899971774,0.75,0.0742184645665207,0.40476720626111107,0.9130434782608696,0.08365202684722262,0.392707822885913,0.8372093023255813,0.011415808120648019,0.08904963659089082
priyam,170,65,556,22,0.9130434782608696,0.01885348553405697,0.19564443415470845,0.8888888888888888,0.06417761317880066,0.3562822842513088,0.8636363636363636,0.05751573216446271,0.3435588461717277,0.75,0.005930929570875265,0.08091635567534794
provAca,5,10,193,5,0.9130434782608696,0.03649746135004184,0.07997922568788896,0.9130434782608696,0.08498871665553864,0.4261740814346058,0.8888888888888888,0.0772215494204288,0.4595928629026522,0.9795918367346939,0.014099471174395695,0.08108749459272135
puRya,6,65,556,37,0.9795918367346939,0.02639869422964025,0.20434836252492006,0.9130434782608696,0.09301604129757324,0.562466213899337,0.9361702127659575,0.10551721087634636,0.5997306842313315,0.8636363636363636,0.013975159451030339,0.1711637796157306
puRyam,8,19,390,5,0.75,0.011465217403323624,0.17520364511920072,0.8372093023255813,0.06697605616574165,0.46274176379834,0.8888888888888888,0.048372209465146865,0.4012448010784444,0.6842105263157895,0.005402462042960132,0.05006587603972179
pucCam,24,20,14,47,0.8888888888888888,0.009459225812229133,0.0692510315504018,0.8888888888888888,0.018456240797284362,0.27586150938499343,0.9130434782608696,0.058241057906353144,0.3698662427522025,0.9583333333333334,0.02664154112529238,0.16716892428823127
punar,435,557,4536,345,0.9130434782608696,0.013247765482335194,0.0792616733851097,0.9795918367346939,0.0700883732162163,0.4527222195152809,0.9795918367346939,0.08184583023501224,0.5030848278714967,0.8888888888888888,0.016538072489368894,0.12204624701077993
purA,151,27,1427,29,0.9361702127659575,0.030855351868231295,0.26327894624845105,0.9361702127659575,0.08534871411641742,0.549701581447056,0.9583333333333334,0.0969527489465567,0.475002271240639,1.0,0.022476961919759453,0.16546601696904006
purARam,9,20,112,8,0.9130434782608696,0.009846101786299744,0.10882355619851802,0.9795918367346939,0.035503314981064626,0.3290142938792171,0.8636363636363636,0.03900858432078225,0.3534578991648424,0.8888888888888888,0.003946361828717326,0.06435113208170962
puram,19,9,366,10,0.8372093023255813,0.004279706310678644,0.10240571837708601,0.8372093023255813,0.05095490761311339,0.5146970907707247,0.717948717948718,0.06041685307900857,0.5397216435977437,0.75,0.0027427617511974756,0.12252663561814114
puras,123,11,40,14,0.9361702127659575,0.03101143841321108,0.2640790653032091,0.8095238095238095,0.10680397477307302,0.5922486195655994,0.9130434782608696,0.1039844121176754,0.534636562838271,0.9795918367346939,0.030111603197842896,0.30786418641869817
purastAt,164,26,140,317,0.9583333333333334,0.03440555699252301,0.131504170511634,0.9583333333333334,0.08483139870047551,0.5199186358890864,0.9583333333333334,0.09182730153161078,0.5045429959800649,0.8372093023255813,0.023675243922596678,0.2518879478866305
puruzAH,9,19,168,36,0.8095238095238095,0.010632278754529212,0.15360413179196342,0.717948717948718,0.035386685548218444,0.32340084729085816,0.8636363636363636,0.057334003136888634,0.3356300132730282,0.8636363636363636,0.009883821463439801,0.12561318116628173
puruzAn,6,11,53,22,0.9130434782608696,0.027902756644492488,0.2390294677450402,0.9130434782608696,0.13053674521466818,0.5617715457044655,0.8636363636363636,0.12387475348601718,0.44934127395969325,0.9130434782608696,0.020268954470715528,0.17016867267187008
puruzAt,8,9,6,6,0.8888888888888888,0.03197307080083689,0.2832760047516216,0.75,0.08460568334357355,0.4794563216804988,0.8372093023255813,0.10711678865226693,0.4281415136797677,0.9130434782608696,0.018539596111390777,0.14925433758289497
puruza,23,159,1253,300,0.9130434782608696,0.054781752753953916,0.39221886143228213,0.8636363636363636,0.17350095599883686,0.5699908222116993,0.8095238095238095,0.13528898937477973,0.5097112949223597,0.8636363636363636,0.02490816458569378,0.20148633604133237
puruzaH,137,337,557,77,0.8372093023255813,0.024753248609331924,0.24123756953742725,0.8372093023255813,0.05816839635718274,0.3821754744840896,0.8372093023255813,0.05740807314626939,0.3758417233125053,0.7804878048780488,0.01499252257343664,0.1636463265783905
puruzam,53,79,213,71,0.9361702127659575,0.011022728598740983,0.2483876070150819,0.9361702127659575,0.0568567613208637,0.42939968899708614,0.8095238095238095,0.04433502268442502,0.3530753728921363,0.8888888888888888,0.008870749081166696,0.15720211419517927
puruzasya,13,71,102,42,0.27586206896551724,0.0021257290624402403,0.08303972695908746,0.3870967741935484,0.007608218074262596,0.20810172713800523,0.6486486486486487,0.029117976784631794,0.23591863943115987,0.6111111111111112,0.016814160017898705,0.11566826851794709
puruze,13,34,35,17,0.8888888888888888,0.05057616909190421,0.4151532963925333,0.75,0.12517787664417013,0.4798603205632668,0.8095238095238095,0.0874977541124593,0.42093983942040514,0.8888888888888888,0.044887210995966376,0.3009191853572113
puruzeRa,5,9,45,8,0.9130434782608696,0.030009561223244607,0.25448066741714737,0.9361702127659575,0.10812330900604705,0.4442361609036304,0.9130434782608696,0.10027034290475723,0.39684177756269323,0.8888888888888888,0.02509490704066597,0.15619386061339824
putrAH,28,16,525,40,0.5714285714285714,0.007747918282972166,0.15480092718268124,0.75,0.03075830979137728,0.3454949805597005,0.717948717948718,0.03885257195128011,0.3645000712662916,0.48484848484848486,0.009201663138665439,0.13608837839453458
putrAn,21,8,405,14,0.8372093023255813,0.011705234301252476,0.15448189020928726,0.8372093023255813,0.09710550124314676,0.4421777235498202,0.8372093023255813,0.11270527179616785,0.45961095863334533,0.8888888888888888,0.015200072516906027,0.11710921344682068
putra,34,100,1327,95,0.8888888888888888,0.029732129152752473,0.24223862739005098,0.8636363636363636,0.14485280534715372,0.4734823893854805,0.8888888888888888,0.16352266095463586,0.4879800870371258,0.9795918367346939,0.03593900208090828,0.1950370610567107
putraH,123,51,1484,79,0.8888888888888888,0.037809501270683166,0.17456465252167486,0.9130434782608696,0.0569518311419529,0.35996048108331924,0.9130434782608696,0.07063887651578193,0.34176142320374603,0.8372093023255813,0.025528647658013104,0.12521864943091987
putram,85,30,900,42,0.8636363636363636,0.01605818418887317,0.11197072809810305,0.8888888888888888,0.07537656289637418,0.3852246472521549,0.9361702127659575,0.10024274463043237,0.41510049524444437,0.8636363636363636,0.007067900486961931,0.10846669471641279
putrasya,21,15,349,22,0.33333333333333337,0.0026172380500288916,0.07070120556372383,0.27586206896551724,0.004461532686739655,0.24704483248154974,0.33333333333333337,0.006434478713811309,0.30142879228198205,0.2142857142857143,0.0019049563181313678,0.07289824969987047
rAjA,251,74,2947,201,0.9583333333333334,0.04468271458411921,0.2026161201058534,0.9583333333333334,0.11910540117003066,0.5020395420861433,0.9583333333333334,0.12527095348271344,0.4676955897706577,0.9361702127659575,0.05031354880933736,0.2722450027215745
rAjAnam,39,22,821,61,0.8888888888888888,0.00981938500788071,0.13187142469256308,0.7804878048780488,0.04197984040691871,0.39807938431963397,0.9130434782608696,0.058292907563875396,0.389022469165349,0.8095238095238095,0.0029392233383173094,0.07860924706483963
rAjYA,20,11,339,34,0.9130434782608696,0.018349184210679104,0.09493062300581989,1.0,0.0893481924193591,0.5365693856835395,0.9583333333333334,0.19441841992477782,0.6043892570555992,0.9361702127659575,0.029793755100771313,0.18563796977631797
rAjYaH,42,30,771,85,0.8636363636363636,0.01228994363727376,0.13131713649163945,0.9795918367346939,0.1317475151588996,0.4916673321642351,0.9795918367346939,0.16789941649252527,0.5261752960263137,0.8372093023255813,0.009433576787432285,0.16732649087185247
rAja,24,29,4394,198,0.9361702127659575,0.024958542040492193,0.18403903341043915,0.9795918367346939,0.1193565199615888,0.5639272580009707,0.9583333333333334,0.14326413264960525,0.6527358935561417,0.9130434782608696,0.044064699112687844,0.35218514556931757
rAjyam,40,5,819,34,0.9583333333333334,0.008437452941228663,0.1265378810476241,0.9361702127659575,0.04985710913036079,0.45809575578692385,0.8095238095238095,0.033210778334256896,0.37551886476140695,0.75,0.008724385770626841,0.11805304576540498
rAtre,30,6,11,12,0.9130434782608696,0.023852584406319877,0.14498094377182835,0.9130434782608696,0.10238733027289215,0.47109176819788057,0.8636363636363636,0.0785395271972833,0.5049405032675953,0.8636363636363636,0.0186991761284917,0.1501640134837059
rAtriH,37,8,57,13,0.9361702127659575,0.040023540576114014,0.17515839749265116,0.8888888888888888,0.0571485542554272,0.3359808339134952,0.9130434782608696,0.0922906189369932,0.4547279548908356,0.9361702127659575,0.031121554531258866,0.18202570175771782
rAtrim,32,10,85,12,0.9583333333333334,0.03832806756750684,0.1683838768682504,0.7804878048780488,0.05832455868441866,0.4039859843674525,0.8636363636363636,0.10716074877995607,0.550215749435756,0.9130434782608696,0.023153230281975246,0.12231595330957878
rUpARi,62,71,111,11,0.6111111111111112,0.02210622742402779,0.18297580240675415,0.48484848484848486,0.05296020907470245,0.3591312397121197,0.9361702127659575,0.12647206833650504,0.4195313561676013,0.9583333333333334,0.026989350671953183,0.13158844060051023
rUpa,13,226,396,77,0.8888888888888888,0.07325429551347085,0.18405627472976682,0.9361702127659575,0.17005731546601122,0.4619719113049807,0.9583333333333334,0.1321666176562173,0.5277994144738102,0.9795918367346939,0.04840494345512791,0.2687508262406427
rUpaH,31,52,180,11,0.8095238095238095,0.011729425326721832,0.15474127586230502,0.9361702127659575,0.05348196919260784,0.31519046262236494,0.9130434782608696,0.059487321108403934,0.37298351634550453,0.8372093023255813,0.012636898734121327,0.12118541791062443
rUpam,529,288,848,82,0.9361702127659575,0.02034380759002763,0.1290770614851482,0.8888888888888888,0.07094053872113026,0.34231463030335174,0.9130434782608696,0.08957878725530122,0.43851264577711224,0.9583333333333334,0.01161388536546959,0.1757148442980907
rUpe,10,42,54,10,0.8636363636363636,0.05525757824936417,0.21078769822672916,0.8888888888888888,0.14362482157837708,0.48942205149200246,0.9583333333333334,0.0816436771824064,0.5196372922702757,0.9583333333333334,0.03512884572685715,0.19373661772219486
rUpeRa,126,151,328,33,0.8372093023255813,0.047378508844599376,0.21328157157007088,0.8636363636363636,0.10388559552003951,0.4568403742583582,0.9583333333333334,0.0892140731144706,0.5627986029841308,0.9795918367346939,0.03584118104863232,0.21186591319851655
raTa,31,27,1539,115,0.9130434782608696,0.027747586668875668,0.3159817619533094,1.0,0.10548771900074483,0.5440397943918309,0.9583333333333334,0.12113909063641437,0.45296789220325084,0.9361702127659575,0.034994910787827016,0.2513711927967065
raTaH,135,14,773,17,0.9361702127659575,0.018305005745172687,0.212256439176563,0.8636363636363636,0.03173754994238831,0.31920958638648567,0.9130434782608696,0.02998692588566454,0.316853103298944,0.9583333333333334,0.02164170240683916,0.2019837194130092
raTam,162,7,1218,38,0.8372093023255813,0.011909316162514672,0.17879921646303631,0.9130434782608696,0.050198015673853846,0.4574826430846841,0.8372093023255813,0.05725395726453231,0.4390579113552979,0.8636363636363636,0.016121832729056207,0.16378265082977417
rajaH,60,10,227,8,0.717948717948718,0.005347536596107649,0.10945835424201478,0.9130434782608696,0.04062517558250811,0.4259645926955027,0.9795918367346939,0.04744037183735206,0.47879223933800796,0.8636363636363636,0.009852884711178067,0.11608302588544506
ramate,8,17,76,6,0.7804878048780488,0.018875173954642555,0.17024730405655664,0.6842105263157895,0.049817074648718096,0.4247621013989913,0.6111111111111112,0.0505104025697759,0.515011047691298,0.7804878048780488,0.017328936984788768,0.256502542654937
rasaH,65,96,72,6,0.8372093023255813,0.018046514580330464,0.20657640997183724,0.8372093023255813,0.04304152688843588,0.2951869734082737,0.9130434782608696,0.05131218706336749,0.29721030870917997,0.8372093023255813,0.007457775533006528,0.170746134939864
rasam,78,14,59,16,0.9130434782608696,0.011949699791643065,0.19082584630597077,0.8888888888888888,0.03669068334817527,0.3458998188726048,0.8888888888888888,0.04196564120873536,0.31846201112394,0.8888888888888888,0.003355591476230657,0.0968404852890059
rasena,15,10,8,19,0.8636363636363636,0.013871531417520844,0.10255285378769008,0.7804878048780488,0.08213381523815633,0.36303571917317834,0.5714285714285714,0.07641874997790044,0.4582625832173832,0.6111111111111112,0.012271429523028843,0.06353841836912832
retaH,124,82,44,13,0.75,0.013327913350603238,0.11643048920401156,0.8372093023255813,0.02938652316046997,0.35209764102498853,0.717948717948718,0.025888320645714447,0.31817540775324127,0.7804878048780488,0.006187981580658031,0.10998915710310586
rudrAH,42,14,61,6,0.6111111111111112,0.02020990835992642,0.16750443639806067,0.6111111111111112,0.017740501055252267,0.18258843219933163,0.6486486486486487,0.015134883273190902,0.1673134520260442,0.6842105263157895,0.013623002607392243,0.16094295901530975
rudra,40,6,99,6,0.8888888888888888,0.030393981326244157,0.2563562447984059,0.9361702127659575,0.10448816697609242,0.4533162795718719,0.9130434782608696,0.07202409329352255,0.4606177146946079,0.9795918367346939,0.025057822474373603,0.1170243706085714
rudraH,45,7,133,8,0.8888888888888888,0.016342043298730013,0.09156056723534212,0.8095238095238095,0.037176803227123245,0.282935906726683,0.8636363636363636,0.044196118648429095,0.2693883761275667,0.8888888888888888,0.012251614852313186,0.04779371166629398
sA,499,320,2334,214,0.9795918367346939,0.036252709193231536,0.15654583607048966,0.8888888888888888,0.10723589244457321,0.5083567523637518,0.9795918367346939,0.12779041697813998,0.5147183631499496,0.9583333333333334,0.047694676010971104,0.26318373270411977
sADanam,11,117,50,16,0.8888888888888888,0.04215564163273189,0.279234490361403,0.8372093023255813,0.09049359044682326,0.4576960685273339,0.8372093023255813,0.06589487080077983,0.3025558855655044,0.8372093023255813,0.012399916645442377,0.17814103138908322
sADu,22,80,672,13,0.9583333333333334,0.024663488137431466,0.2233754894240646,0.9361702127659575,0.1064265035316937,0.612904256131491,1.0,0.09872466108961808,0.5548630617374346,0.9583333333333334,0.020053796436728888,0.12506324996617457
sAma,256,272,80,103,0.9583333333333334,0.11337057000213846,0.3680623797647429,0.8636363636363636,0.08891355108396037,0.4948875137380726,0.9583333333333334,0.13708887282746673,0.49939714064574225,0.9795918367346939,0.0980920088635654,0.4006870465950767
sTAH,6,14,175,16,0.48484848484848486,0.010880404956502221,0.1680281578519749,0.5714285714285714,0.02621573181480019,0.3205505123566009,0.4375,0.017208938152925346,0.35800099071536606,0.3870967741935484,0.004229636285366323,0.15753508017694395
sTAnam,11,32,348,85,0.75,0.004987836107965715,0.14582811867532786,0.7804878048780488,0.03985722792079316,0.3785750996040833,0.6842105263157895,0.03627855781670619,0.4073201229048493,0.75,0.0035492186870648146,0.1197435909301734
sTa,106,11,45,50,0.9795918367346939,0.07331292289123947,0.41881455087274766,1.0,0.15683261283510375,0.5587451195400336,0.9583333333333334,0.1056556221277487,0.5329483933215667,0.9795918367346939,0.048931368525294006,0.3344753548310887
sTaH,29,37,348,25,0.6842105263157895,0.004554289735606121,0.15167679998249672,0.8636363636363636,0.03908302148459064,0.3664513906131992,0.8888888888888888,0.05060980131965187,0.4344962127928428,0.6842105263157895,0.0039057684151208028,0.058539450992632136
sTitam,18,24,313,14,0.7804878048780488,0.006681703773144254,0.10570825115525295,0.8636363636363636,0.049746465056472844,0.4676373089143415,0.8372093023255813,0.061387060026438456,0.47007363227233123,0.7804878048780488,0.0016836312639236795,0.04195326543135569
sTitiH,12,16,59,24,0.9361702127659575,0.02172560072143004,0.19879611888410698,0.9795918367346939,0.08467623492595189,0.4442753500883564,0.9583333333333334,0.07698282215759833,0.44100736419719166,0.8372093023255813,0.020961737296413152,0.14876853713436988
sUrya,89,18,375,23,0.9130434782608696,0.04393182293325815,0.23911348248185105,0.9795918367346939,0.07409321788831402,0.3755864077550286,0.9795918367346939,0.12727775938300023,0.3925535451044554,0.9361702127659575,0.07236590697512246,0.32552802364498845
sUryaH,267,28,224,34,0.8372093023255813,0.03240106297879586,0.22017388837547347,0.8372093023255813,0.03457793270584708,0.26192490159575854,0.9130434782608696,0.055130732759610335,0.2676186714565394,0.8636363636363636,0.030489050395176576,0.24927183437486622
sUtram,5,23,13,39,0.7804878048780488,0.007647119671116642,0.04399219816816202,0.7804878048780488,0.04954459516597254,0.3310804157035765,0.7804878048780488,0.042228680133822416,0.3512509245923875,0.8095238095238095,0.0029754677637110483,0.0588299736351271
sa,2449,1480,16989,1071,0.48484848484848486,0.01029849052294629,0.12475876318683676,0.6842105263157895,0.038768748069805126,0.3422872293397001,0.6842105263157895,0.05102082633010607,0.3709550071625991,0.6842105263157895,0.022239699877323438,0.19384998347652227
saH,822,792,2628,274,0.8888888888888888,0.009690834615865507,0.12242325125889553,0.9130434782608696,0.022346550575786828,0.2612521420410443,0.8095238095238095,0.03152137713371761,0.29289275469689824,0.8636363636363636,0.008592963605355552,0.1775106924620211
saMpadyate,27,9,34,12,0.9583333333333334,0.034986906089186975,0.2224097725597356,0.717948717948718,0.05185852423845316,0.28677014890124897,0.6486486486486487,0.061297493609173914,0.356764727996137,0.9583333333333334,0.02151322545902168,0.08116762386891108
saMvatsara,10,14,37,18,0.8888888888888888,0.03811625376757721,0.2007122021407396,0.8636363636363636,0.07962668791928451,0.3453763513024426,0.9130434782608696,0.11687729250370593,0.40635777503931614,0.9130434782608696,0.0355287815015799,0.15528850869090194
saMvatsaraH,87,26,28,19,0.9361702127659575,0.05162532459758307,0.1718459940082494,0.9130434782608696,0.07702319761881293,0.289131659104251,0.9361702127659575,0.05424524697863908,0.3082767172092913,0.9583333333333334,0.027285512136713597,0.12591813276184205
saMvatsaram,66,22,66,45,0.9130434782608696,0.06564124098733981,0.18412324618169795,0.9361702127659575,0.10921530667515644,0.29560707277969145,0.9130434782608696,0.0807519506983041,0.34316060056811803,0.8636363636363636,0.026399895006243845,0.11999214425104388
saMvatsarasya,69,11,5,7,0.9361702127659575,0.02683769676718717,0.11729429741077224,0.717948717948718,0.046193302942964753,0.18774603355279162,0.8888888888888888,0.06145382315234049,0.23658657853991572,0.9130434782608696,0.03214544919827789,0.1139903894579043
sadA,153,20,1538,55,0.8095238095238095,0.03670444722832744,0.3424941171090493,0.8095238095238095,0.0707629166818291,0.4179595921702237,0.9130434782608696,0.06699918168309738,0.35778954800201745,0.9583333333333334,0.06664389511290814,0.3191574112297493
saha,362,144,3244,288,0.8636363636363636,0.02547216211050507,0.1308212435023689,0.8888888888888888,0.0816820975227468,0.4152328734362918,0.9361702127659575,0.09377848600785454,0.4855153059437227,0.7804878048780488,0.028709004534372196,0.1978752594569999
sahasrARi,17,10,699,31,0.8095238095238095,0.02361286536087781,0.16420367072117337,0.9130434782608696,0.07219839015516927,0.3325216990110321,0.8372093023255813,0.04617182896678729,0.3012020641798956,0.8095238095238095,0.018704416083471176,0.16931712153915124
sahasra,257,20,374,44,0.8888888888888888,0.032964599887101875,0.2619058325891124,0.8888888888888888,0.12483356735860951,0.488661756989724,0.8095238095238095,0.08887444281357959,0.49368200938398177,0.8636363636363636,0.04302048730124475,0.21585759618206612
sahasram,129,28,293,60,0.9583333333333334,0.05534248983526435,0.26615450647173877,0.9583333333333334,0.14432135926508405,0.48467983962969274,0.9130434782608696,0.08612401845738926,0.4286128042182713,0.8095238095238095,0.010844259837391013,0.1046544433536265
sakft,31,19,66,147,0.9361702127659575,0.022039102846377,0.09627570838350086,0.9583333333333334,0.08554819425863214,0.4203957225634245,0.9795918367346939,0.10016470654604126,0.49105806081463244,0.9583333333333334,0.028088251982369417,0.236003724513704
samAH,7,16,231,20,0.717948717948718,0.013218660198306198,0.07673844647620265,0.717948717948718,0.055662351698501866,0.3835160605316482,0.8372093023255813,0.07409255734066855,0.4025734738075556,0.6111111111111112,0.00534012189802513,0.10301950266819393
samAhitaH,7,8,248,23,0.8095238095238095,0.007261909293520441,0.06962309676933165,0.8095238095238095,0.06832456496866568,0.5065521455699545,0.9130434782608696,0.05422222730662707,0.468125336662663,0.9130434782608696,0.010516957792525261,0.131813331502739
samAna,18,56,82,52,0.9583333333333334,0.04210885988357227,0.1979066481650028,0.9583333333333334,0.2025670272341703,0.4882209210556885,0.9795918367346939,0.1719984867094827,0.5130625575223651,0.9361702127659575,0.048349475611939696,0.29391981551191815
samAnaH,19,26,29,9,0.717948717948718,0.01693753812501808,0.17033257163771753,0.75,0.07859781005462241,0.4122087453135881,0.9130434782608696,0.07438739322057042,0.4145640211358508,0.8636363636363636,0.03430775164586031,0.26045186165581
samAnam,68,77,13,75,0.8636363636363636,0.012757282426449357,0.15832501535065124,0.8888888888888888,0.08385801990806885,0.380234441504508,0.8095238095238095,0.05092906128058661,0.3694899975625504,0.717948717948718,0.015245230944229471,0.13734898219902658
samam,7,38,384,72,0.8372093023255813,0.00890006677236399,0.09764179727608902,0.9583333333333334,0.08500064842961808,0.42984356761025944,0.9583333333333334,0.11471740722947432,0.46096662255463683,0.9361702127659575,0.0059403159279803885,0.11006706966245616
same,37,9,34,17,0.9130434782608696,0.02402616407990288,0.1259631152053542,0.8888888888888888,0.12936781015660193,0.4514637900775177,0.8888888888888888,0.09660734784097735,0.5136097666487439,0.9361702127659575,0.03244043162292787,0.26664620514696513
samiD,13,51,7,47,0.9795918367346939,0.07823869299585196,0.32338855685655976,0.9361702127659575,0.11795236509710527,0.40936539366726254,0.9361702127659575,0.13075391456683316,0.4591379137387823,0.8888888888888888,0.03326608747531434,0.21501287410419168
samudra,13,19,106,12,0.8888888888888888,0.035218874600011274,0.2706026284621559,0.8636363636363636,0.10410681979778114,0.4307237737675622,0.9795918367346939,0.12219718703049587,0.5474108819069559,0.9583333333333334,0.029435008996482437,0.21582268518797454
samudre,48,10,42,7,0.9130434782608696,0.0271257491797251,0.1797316059649522,0.8636363636363636,0.0740623126166523,0.39140688769677734,0.9583333333333334,0.07458776333587769,0.45417390081218845,0.9795918367346939,0.027259006777998085,0.21581820448794442
samyak,11,45,516,48,0.8636363636363636,0.010769972780201087,0.08985611596570575,0.9795918367346939,0.1017374697998975,0.40383725965236694,0.8888888888888888,0.08985417027929166,0.433203896779786,0.8888888888888888,0.014594080409351062,0.16310491688734818
san,73,170,172,23,0.6842105263157895,0.01999999913917505,0.20450236053609439,0.8636363636363636,0.07380056053885431,0.37619909809273056,0.9583333333333334,0.09666118107362975,0.4625091203603693,0.8095238095238095,0.06806432244642313,0.3819164383240752
santaH,20,62,143,8,0.8372093023255813,0.031022724263848556,0.1950097857990517,0.8372093023255813,0.07303959170734475,0.3496001876403464,0.9361702127659575,0.13462996711676956,0.47060132427662316,0.9583333333333334,0.02385984136813113,0.21417856039867922
santi,76,12,206,12,0.48484848484848486,0.01753642023554791,0.161044180801575,0.5714285714285714,0.033857849469028145,0.2961479764013597,0.6486486486486487,0.10271218504078883,0.32622214150651363,0.6842105263157895,0.030086100157347584,0.22718816196244607
sapta,406,31,439,202,0.7804878048780488,0.0215191797360208,0.1275670483143867,0.6486486486486487,0.03070334718797796,0.3268406528355772,0.6486486486486487,0.042793806746231566,0.32505461578174455,0.6486486486486487,0.011423289904574085,0.12840899516215054
saptamaH,5,16,13,15,0.717948717948718,0.028985498977909696,0.12051321350127198,0.6486486486486487,0.023441920293697738,0.3005093567761664,0.7804878048780488,0.03127785267713301,0.24086400480785453,0.8372093023255813,0.01897576120261213,0.10740168375559911
sarpa,9,33,126,52,0.8888888888888888,0.04373908267361104,0.24275109352366298,0.9361702127659575,0.11250229383879207,0.558340227826125,0.8888888888888888,0.06239758671866702,0.5213472098882085,0.75,0.02766276452749772,0.14669272524450028
sarpiH,23,5,16,8,0.7804878048780488,0.011673846173629654,0.09306635826512732,0.9583333333333334,0.06776192758710209,0.35174260839211124,0.9361702127659575,0.052661608461454956,0.3385701638759695,0.6842105263157895,0.013218579790536977,0.09654216228226498
sarvA,53,18,75,7,0.48484848484848486,0.008235959368883439,0.06697001157159721,0.4375,0.04016510554324981,0.29957870486796745,0.5294117647058824,0.06710765788883033,0.4521565060333892,0.5294117647058824,0.012225781262507063,0.1511932652343645
sarvAH,191,45,670,55,0.6111111111111112,0.009912376364342945,0.04584087811966908,0.75,0.04495276346788968,0.25564702984375354,0.6486486486486487,0.019636357284873562,0.2768232129581052,0.6842105263157895,0.00670230770274427,0.049574735248405055
sarvARi,54,132,471,43,0.6842105263157895,0.012416084473831912,0.11028953680333375,0.5714285714285714,0.03862518777194035,0.22594903489715135,0.8372093023255813,0.07064078558082076,0.27657268228438014,0.6842105263157895,0.012602096237574245,0.06270796607895535
sarvAn,185,67,1361,73,0.4375,0.0067043189890054755,0.060556014994997076,0.8372093023255813,0.05899122574448268,0.3062067560300421,0.8372093023255813,0.0902797525451553,0.36540388978590155,0.6842105263157895,0.017754527117149976,0.13428470711092555
sarvAsAm,21,10,38,10,0.5294117647058824,0.0036544728122847037,0.035081699281405365,0.6111111111111112,0.016269900310058594,0.18000274655283666,0.6842105263157895,0.0816655017358282,0.29633599335857297,0.6486486486486487,0.019373399491973586,0.09122120713929938
sarvAsu,5,10,109,11,0.48484848484848486,0.008067858155741181,0.07288392514835595,0.5294117647058824,0.03312000375329527,0.26510957466267726,0.717948717948718,0.08434110860186628,0.3974341029072921,0.717948717948718,0.023864534424384187,0.1087205846142465
sarvEH,33,29,436,18,0.4375,0.008118043606224146,0.074610928490078,0.7804878048780488,0.07484431579864348,0.3958971267929239,0.6842105263157895,0.06669269829431268,0.459959360051606,0.48484848484848486,0.008773174589702726,0.08745814924503048
sarva,188,734,5485,439,0.48484848484848486,0.013324140714176425,0.16574677616102473,0.5714285714285714,0.060502658208547055,0.24346478572133423,0.5714285714285714,0.08581584918003915,0.33214889735917996,0.5714285714285714,0.018846025402332822,0.18466943443834083
sarvaH,37,74,152,16,0.8372093023255813,0.015580293342629115,0.13437860431209403,0.8372093023255813,0.04018463286973206,0.16283597585488274,1.0,0.06909183657383489,0.2723623990744565,0.9795918367346939,0.02654422210944718,0.1013312261852527
sarvadA,21,26,121,16,0.6111111111111112,0.012065386744947615,0.12541169606073743,0.6486486486486487,0.04885439611980247,0.2105104050997222,0.5294117647058824,0.052140129128115276,0.2980340823544284,0.5714285714285714,0.011257078778489249,0.10794054850147383
sarvam,353,593,2652,205,0.7804878048780488,0.016956773256726065,0.09495782468135805,0.717948717948718,0.048561812494462564,0.21737501735677056,0.9583333333333334,0.0632012773863142,0.30450777704757415,0.9361702127659575,0.014710797517620389,0.09728779426229328
sarvasya,57,128,186,32,0.2142857142857143,0.001144214192516424,0.10309525525871155,0.2142857142857143,0.003020219769672372,0.12508613282481207,0.33333333333333337,0.005722019911987175,0.18167478194021802,0.2142857142857143,0.0009757770289711143,0.11071430961695339
sarvatas,22,41,645,87,0.6111111111111112,0.014994980595123164,0.12821681379284255,0.6842105263157895,0.0745477547787643,0.3900806631746623,0.717948717948718,0.09908244734479488,0.46445602671502684,0.7804878048780488,0.020373389605402803,0.17806832914678905
sarve,164,137,3333,84,0.6111111111111112,0.013517260142481224,0.0646289547123935,0.717948717948718,0.0758610446332566,0.2767509466876217,0.6842105263157895,0.019767842088933785,0.31666002903866786,0.5294117647058824,0.009530358201027989,0.10094873802636484
sarveByaH,13,14,40,12,0.8636363636363636,0.025533165924466528,0.1801353159899789,0.8636363636363636,0.05751032732326977,0.2740229726099117,0.6486486486486487,0.03821172348907742,0.2583827454150913,0.8095238095238095,0.02211112519309666,0.12953477066547348
sarveRa,22,10,25,10,0.6486486486486487,0.018317628775831096,0.11789367393693162,0.8888888888888888,0.06612055989962373,0.32202245335013113,0.9130434782608696,0.07709194246594608,0.4026103018099284,0.6486486486486487,0.01163190246060819,0.08072762944144785
sarvezAm,63,112,647,118,0.48484848484848486,0.004829536818172331,0.09734443193383302,0.6111111111111112,0.024656757468948798,0.2421234698635042,0.6486486486486487,0.051115538874322186,0.3343961338311481,0.48484848484848486,0.012427353863427304,0.09070529713831599
sarvezu,30,46,261,61,0.6111111111111112,0.009524516176475761,0.07976462194732892,0.5714285714285714,0.06365874786266712,0.3333358173648735,0.6842105263157895,0.10492796870198673,0.42913122198760767,0.6111111111111112,0.014802441126934407,0.08574307022735161
sat,85,311,350,54,0.8095238095238095,0.06727386172563099,0.1820953992960438,0.7804878048780488,0.1135330748688328,0.39191978516043335,0.8636363636363636,0.14685435373444145,0.48051887188191755,0.9130434782608696,0.06384090167466328,0.19216767944583446
satI,16,20,84,5,0.75,0.010991856459197757,0.1343793885464979,0.9130434782608696,0.10783445655322665,0.4300525046906192,0.9795918367346939,0.11695385994861918,0.5250406595261708,1.0,0.06258578625069644,0.26083361782577974
sataH,29,59,58,6,0.6111111111111112,0.018857223120074207,0.24949884080884988,0.6111111111111112,0.05791742626950602,0.4379256738780132,0.75,0.07894782216342333,0.5551195385807057,0.6486486486486487,0.006442197201045885,0.1696909804292217
satyAm,8,22,32,7,0.7804878048780488,0.0199102887603263,0.12363523243951391,0.9130434782608696,0.11142829171284452,0.40052854446962916,0.7804878048780488,0.05833970214004991,0.34322094167629413,0.7804878048780488,0.01568321340802581,0.14237025359777122
satya,96,122,984,34,0.8636363636363636,0.05080020975798705,0.23594456560878707,0.8636363636363636,0.11138436470146273,0.3966708363497018,0.9130434782608696,0.08990081539980765,0.476783108377664,0.8636363636363636,0.028740989618991186,0.25982040509496773
satyaH,64,10,42,8,0.8095238095238095,0.01999588122851237,0.21184796999334743,0.9361702127659575,0.06971169530210264,0.2833613889578167,0.8636363636363636,0.055683578566948055,0.2898807983324101,0.8888888888888888,0.01739078585978515,0.14351566860446363
satyam,133,272,802,63,0.8888888888888888,0.013383259477159126,0.17305651953321632,0.8372093023255813,0.06336157637816942,0.31413258759136,0.9130434782608696,0.06300831953748309,0.34684017064554606,0.7804878048780488,0.010374563558460115,0.1154125907465473
satyena,19,16,165,17,0.717948717948718,0.010713626792310138,0.11466126611427141,0.8636363636363636,0.07354842042677334,0.26230224961002313,0.6486486486486487,0.06830509110277727,0.3387056453574282,0.75,0.014982033415814278,0.06919488743190794
savitA,268,29,49,49,0.9361702127659575,0.06584530732130145,0.31909813648426977,0.9130434782608696,0.08468171118654588,0.3172693634849759,0.9130434782608696,0.0699488918106862,0.3376096239477486,0.9130434782608696,0.055577383656422286,0.16915557595344932
savituH,73,23,23,42,0.9361702127659575,0.0618171337974045,0.29975299855997006,0.8636363636363636,0.08354786798457359,0.31812901454789266,0.8888888888888888,0.059108860727658974,0.3400794608285954,0.9361702127659575,0.06734962065971772,0.1921595775747248
sma,184,40,1207,9,0.9361702127659575,0.05403831460507569,0.30748212572295974,0.9583333333333334,0.13575645241115342,0.6153122207716144,0.9130434782608696,0.09430402818190908,0.5581795665485942,0.9130434782608696,0.01456262296732036,0.20595628062566484
smaH,6,10,41,6,0.8095238095238095,0.010028452035588775,0.055862616394152576,0.9130434782608696,0.03294032964430538,0.33567636770600306,0.8888888888888888,0.03760724838267493,0.32044341350550276,0.6842105263157895,0.005955967037500898,0.04262182962300742
soma,649,34,172,115,0.9130434782608696,0.07895956925123782,0.4476760983753604,0.9361702127659575,0.094756352542259,0.46357935660076155,0.9361702127659575,0.09874605806626602,0.4539057661710014,0.9583333333333334,0.07543700816121224,0.29018623600433835
somaH,489,31,139,72,0.9361702127659575,0.02012713421765111,0.2101954232260359,0.75,0.02440154347925283,0.19819397445006048,0.8888888888888888,0.046028524169874685,0.2003022692284695,0.9795918367346939,0.02518405990036321,0.16834521863478236
somam,284,12,92,74,0.8888888888888888,0.03501754516289468,0.35827470246574855,0.8636363636363636,0.038766368486090164,0.2651654918296307,0.9130434782608696,0.0632949173118671,0.2582050495472368,0.8888888888888888,0.03263178840599357,0.22516411461933328
stenaH,13,9,23,11,0.8888888888888888,0.013302471536730476,0.11335345567555621,0.9583333333333334,0.034773029041347714,0.21958252189391336,0.9361702127659575,0.047552499850686214,0.2728612523916232,0.8888888888888888,0.00721955712605904,0.0838978667960989
strI,15,46,477,163,0.9795918367346939,0.03304507081295682,0.11214427533541915,0.9583333333333334,0.1097992643560789,0.5320050596063847,0.9795918367346939,0.12307768901195248,0.5124003295071455,0.9795918367346939,0.06425447245868776,0.3305953125400296
striyam,12,9,95,34,0.9583333333333334,0.011289634391761671,0.08827431053270196,0.8888888888888888,0.04906184138648684,0.39059980429402075,0.9361702127659575,0.04216139202542202,0.4336036119978799,0.8095238095238095,0.00885364888592155,0.16181460996538455
su,2153,65,5560,261,0.9795918367346939,0.06402144176408164,0.38119092032960467,0.9583333333333334,0.12046293681096931,0.694356262728893,0.9583333333333334,0.15702607343524067,0.6917502543453028,0.9795918367346939,0.05497116836302929,0.2107019284824463
suKa,9,55,604,27,0.9361702127659575,0.03431051492278714,0.23296463439409842,0.9361702127659575,0.14879817961740482,0.6482391115565243,0.9361702127659575,0.07757277867535517,0.5557727263257508,0.9583333333333334,0.016171303681213667,0.10727750238573308
suKam,9,40,888,32,0.8636363636363636,0.003612835238004708,0.07071537085947277,0.8636363636363636,0.07114458794134715,0.52661977308093,0.9583333333333334,0.08131780994877114,0.48961228847040705,0.9361702127659575,0.005844068984624529,0.04404137408001296
suvarRam,6,17,82,20,0.8636363636363636,0.006007318422466823,0.13406780557867437,0.9361702127659575,0.04365506538729813,0.41249266829180353,0.9795918367346939,0.04143399189691355,0.39190846607572327,0.8636363636363636,0.005250100672900437,0.060992399945266396
svAH,24,8,9,6,0.4375,0.006816551053175801,0.2491937120029868,0.5714285714285714,0.012826092913633236,0.2335225538208875,0.5294117647058824,0.007173730287497682,0.22846954310690415,0.4375,0.0038640523146777905,0.1288861212017295
svAhA,336,81,37,254,1.0,0.07409662115264115,0.4149708286089224,1.0,0.09685222311485409,0.4223004104594015,0.9130434782608696,0.06918402259438272,0.3907191058968187,0.9795918367346939,0.06152980975977085,0.2634030316190452
svAm,18,11,107,7,0.717948717948718,0.01405007694618321,0.17731917032464772,0.5714285714285714,0.053626641643016115,0.33811860899854607,0.8636363636363636,0.11714220916665308,0.35143440097285605,0.8636363636363636,0.0260792037843236,0.10967099528119828
sva,150,289,1652,342,0.8372093023255813,0.06233386573133426,0.21777377505952256,0.8095238095238095,0.11530191238999465,0.4008080046070992,0.9361702127659575,0.1411457862953176,0.45894096441130616,0.8095238095238095,0.04947853783609257,0.3224376222572456
svaH,28,12,25,7,0.8095238095238095,0.012468464982645977,0.15366303604940623,0.8095238095238095,0.03358905627363429,0.243962776183003,0.75,0.031274596202338745,0.2567245138078429,0.8372093023255813,0.00999296326832022,0.1057152075637402
svam,49,79,471,88,0.8372093023255813,0.006463529880744168,0.1138354712008629,0.8372093023255813,0.0564446623489564,0.315028477493445,0.9130434782608696,0.07874418663869731,0.3939209885814825,0.8095238095238095,0.007611226346775246,0.1373983570973173
svapna,20,116,54,8,0.9795918367346939,0.04436457825918727,0.24163263056016504,0.9361702127659575,0.11050470798599299,0.4306814879651959,0.9361702127659575,0.05703097908045096,0.37223013739647315,0.9583333333333334,0.014949072819933962,0.15258271968403825
svar,261,24,29,60,0.8888888888888888,0.06957621973517758,0.28301217129299494,0.8636363636363636,0.11180230278955128,0.37405758123837773,0.9583333333333334,0.10877119318265016,0.38578199679853475,0.9583333333333334,0.09856545235679959,0.26442796107580024
svara,21,16,37,30,0.8636363636363636,0.04152995848597851,0.17323557634828135,0.8636363636363636,0.10824275893531832,0.4602502811641681,0.9361702127659575,0.13064683794309506,0.45332980902753595,0.9583333333333334,0.04786174828179113,0.16441141403908022
svaraH,10,22,25,7,0.8095238095238095,0.008387260474989833,0.10059182989049964,0.5714285714285714,0.032331955455727646,0.29688446292268167,0.7804878048780488,0.04658238837663409,0.3466060644760697,0.8636363636363636,0.01023141183598375,0.07857376783979908
svarga,29,37,412,35,0.8888888888888888,0.057985742782583616,0.18196208440860673,0.8636363636363636,0.07893692490936599,0.3117120876284325,0.9130434782608696,0.08903877421584516,0.33176240083842223,0.8372093023255813,0.049611602359021845,0.16706256436315392
svargam,127,24,354,27,0.8372093023255813,0.05016149598867736,0.14831686908817776,0.7804878048780488,0.041164694607614516,0.27454154189779056,0.9130434782608696,0.0836179266170971,0.2831823887802203,0.9361702127659575,0.04606796655811807,0.1871782685288259
svayam,47,122,987,175,0.717948717948718,0.01973297473765001,0.15640734031444326,0.7804878048780488,0.06692837936186313,0.4187083617307228,0.6111111111111112,0.041231515100800364,0.35895523585143263,0.5714285714285714,0.004068476158441747,0.08941450705581189
sve,67,15,93,20,0.9583333333333334,0.02940094165944962,0.19328780168057913,0.9583333333333334,0.08702441565865249,0.3848620452215765,0.9583333333333334,0.1144147400445612,0.45962068804291367,1.0,0.04399553338063278,0.17928697328441445
svena,55,84,173,29,0.4375,0.012269179394772567,0.12786144501354513,0.5294117647058824,0.03967186283437607,0.22924324493317583,0.48484848484848486,0.04641068545534499,0.32258530731304447,0.48484848484848486,0.010556210805072963,0.1005262326194647
svid,65,25,141,16,0.8888888888888888,0.032200315270419,0.3045184284973447,0.9583333333333334,0.08644630704318346,0.49069767069168413,0.9583333333333334,0.06599504028535352,0.4955367540880604,0.9795918367346939,0.04868334254426454,0.2543987286345476
syAm,27,37,40,7,0.5294117647058824,0.008636101488290526,0.17677110796276696,0.5294117647058824,0.05468895768443793,0.412149558848645,0.4375,0.05139763384469642,0.40514222180300374,0.48484848484848486,0.011503687858433809,0.16969380746623464
syAt,154,480,1214,501,0.9361702127659575,0.05573943530106018,0.14825015892268045,0.9583333333333334,0.09851625821415588,0.3876384523950265,0.717948717948718,0.06374587129038878,0.4066741707847703,0.75,0.018442229272808364,0.16008920736340015
syAtAm,12,16,22,15,0.9361702127659575,0.01274272363840756,0.09894600107355833,0.9361702127659575,0.11027413872120084,0.40084348804786096,0.9130434782608696,0.059752131707434986,0.3725021427589341,0.9361702127659575,0.018541196970379037,0.07888738230855363
syuH,34,17,161,110,0.9583333333333334,0.03673861585778482,0.172308033526685,0.9795918367346939,0.12684664930101974,0.4195715629544411,0.9130434782608696,0.04264194230715257,0.3423417053400203,0.9361702127659575,0.019683800218717074,0.11731591604860647
tA,224,169,333,143,0.8888888888888888,0.1021466061001517,0.41526497301003396,0.9130434782608696,0.12958105052765678,0.5837358619656392,0.9130434782608696,0.09816493342703958,0.5982748916357639,0.8372093023255813,0.043028117551214495,0.2978756062409851
tABiH,94,24,42,60,0.9130434782608696,0.06324258426339191,0.35263977275767733,0.8636363636363636,0.11727716346181605,0.45117808946038673,0.75,0.09675696527802802,0.33476941799338245,0.717948717948718,0.04416593064548746,0.19883563087826572
tAByAm,44,19,137,40,0.9795918367346939,0.042016964794493905,0.24511610462921518,0.9795918367346939,0.07588743619691174,0.5241641271282605,0.8095238095238095,0.04652003027334939,0.4609646455048908,0.9130434782608696,0.03212420906641855,0.2304042896711479
tAByaH,15,10,14,11,0.8372093023255813,0.028653634275428108,0.23281667435967512,0.8095238095238095,0.05122534290412284,0.2857868885946022,0.7804878048780488,0.0520790697684369,0.2633017520199187,0.8095238095238095,0.02316203373040926,0.2604242204367253
tAH,459,120,567,191,0.3870967741935484,0.003341571661074627,0.11655986620062553,0.48484848484848486,0.014572781281124714,0.3214519347485467,0.3870967741935484,0.01678663233625366,0.3410816646424615,0.33333333333333337,0.0024305222016922645,0.10988837692914555
tAm,312,176,2719,201,0.3870967741935484,0.004846030574018112,0.11668011303784653,0.5294117647058824,0.04092298380468862,0.35146908390501785,0.48484848484848486,0.05042732475639833,0.41242724264076636,0.48484848484848486,0.013779944682094425,0.1870531539961171
tAn,290,82,2425,145,0.7804878048780488,0.01631608541318763,0.12386486198877367,0.6111111111111112,0.08903326296785297,0.4465156064290785,0.6486486486486487,0.0864144174451339,0.43527097269073645,0.6486486486486487,0.014675563074820985,0.13476496966774643
tAni,154,123,557,101,0.33333333333333337,0.011408685307484179,0.08161662173661366,0.27586206896551724,0.021785524045392024,0.24561903648794747,0.33333333333333337,0.035100217174773296,0.33583330782723797,0.3870967741935484,0.008733761032380327,0.13427714738474794
tAsAm,77,26,148,145,0.75,0.010780569137189944,0.11250664728400017,0.717948717948718,0.041259532453091,0.30151686956407964,0.9130434782608696,0.09564732780981078,0.42846839268306014,0.9130434782608696,0.03652657680976823,0.21614205828034116
tAvat,38,170,442,116,0.9361702127659575,0.015676465185645694,0.12399305022134555,0.8636363636363636,0.10222553838630033,0.4383374887511611,0.9130434782608696,0.14551035424223369,0.5266183240262361,0.9130434782608696,0.0376221264267107,0.25206706495703846
tEH,32,35,919,90,0.9583333333333334,0.03413634875973015,0.1646982735873358,0.9795918367346939,0.20368743180361792,0.6326666131273422,0.9130434782608696,0.18966339007512678,0.6645154203852897,0.8636363636363636,0.023053700659096732,0.1547829647931186
tO,133,75,1442,78,0.9795918367346939,0.06636762380798167,0.3248750318810367,0.8888888888888888,0.13907222220541626,0.6786972502093607,0.9583333333333334,0.14546229310158687,0.6059944284832248,0.8888888888888888,0.026189283874711644,0.21518322102292686
tUzRIm,12,7,111,135,0.9583333333333334,0.016170949910646604,0.03318612827261436,0.9795918367346939,0.10369962512599673,0.4687397743053573,1.0,0.09951191426246775,0.6181254271702602,0.9583333333333334,0.02454126787027955,0.2365543019438905
taTA,188,938,10801,857,1.0,0.031315053553490846,0.1401770855210709,0.9583333333333334,0.08113747066144461,0.45999474303522125,0.9361702127659575,0.09141045766241285,0.5044126657531058,0.9795918367346939,0.024764323984843517,0.1331123232079542
tad,48,1002,927,682,0.9583333333333334,0.05482296211032078,0.19388136232287367,0.9583333333333334,0.13247279465083805,0.49130091176286905,0.9583333333333334,0.12548483122180143,0.5260075132734676,0.9361702127659575,0.021742838954776356,0.19546523268478233
tadA,25,195,5477,116,0.9583333333333334,0.026351081177484525,0.18642049085754442,0.9130434782608696,0.10068464061600457,0.5235343615347007,0.9361702127659575,0.08152699710336375,0.5207757930004342,0.9361702127659575,0.021165175422661386,0.16016426765407332
tam,1312,538,7036,470,0.75,0.008195584275417889,0.054093174322825566,0.75,0.05343181560791721,0.34606969762228035,0.717948717948718,0.04538258740344159,0.4155448174420999,0.6842105263157895,0.007686448757621367,0.10043154849681679
tamaH,109,45,321,15,0.717948717948718,0.007301660190530468,0.13042398303787905,0.7804878048780488,0.0887925194125686,0.49405046141203324,0.8372093023255813,0.09177029199316722,0.5088210557057908,0.6842105263157895,0.0060012910511336726,0.1557159486120928
tapaH,71,86,1294,110,0.8095238095238095,0.019031448245864224,0.28600002545435266,0.9583333333333334,0.09005537066317981,0.46034784284217845,0.9130434782608696,0.09630427988967605,0.56801490942937,0.9361702127659575,0.02324265620850474,0.16345631709866348
tapasA,52,28,628,26,0.9583333333333334,0.03134185943121248,0.2880642624645695,0.9795918367346939,0.1222439213080615,0.4999835350463444,0.9583333333333334,0.09043447528705173,0.4947011135391266,0.9583333333333334,0.02735286900158762,0.1940589959776332
taptam,7,5,63,5,0.8636363636363636,0.009254240449518392,0.05089264979430541,0.8636363636363636,0.04150684315589748,0.3626384920476706,0.8636363636363636,0.04901376204615704,0.3989694792009022,0.8888888888888888,0.01485583313316452,0.13602434440263744
tasmAt,602,949,2239,325,0.8095238095238095,0.026178671484710092,0.18049972256772429,0.8636363636363636,0.07864302139133161,0.322811459731152,0.75,0.0654192220593458,0.3526545216965794,0.7804878048780488,0.012245276787578696,0.12720538604409615
tasmE,241,77,460,62,0.9130434782608696,0.055003263271919844,0.17447768971295874,0.9361702127659575,0.11226101666088428,0.3917236005328004,0.9583333333333334,0.10077220839317691,0.4731932106704113,0.9583333333333334,0.03694628229618535,0.23508882871618653
tasmin,120,167,1495,167,0.7804878048780488,0.027657612983084223,0.2123826057091529,0.8372093023255813,0.10096958688772695,0.3119144587160425,0.8888888888888888,0.14275991978336744,0.49569552687881446,0.8888888888888888,0.022667077464417984,0.2174290869154034
tasyAH,118,85,461,123,0.8636363636363636,0.025716378323083044,0.15706104252657593,0.8372093023255813,0.057856676576317545,0.408974862433777,0.8636363636363636,0.1303392664258305,0.44406315825364895,0.8888888888888888,0.02778452177473323,0.2019317156917786
tasyAm,30,28,272,54,0.7804878048780488,0.024424221048746086,0.20477086509019626,0.6486486486486487,0.07083394227635487,0.3962442754804676,0.717948717948718,0.08368302984916853,0.4154931947992795,0.8372093023255813,0.031073430752714626,0.12709628751256052
tasyE,40,6,22,19,0.9795918367346939,0.05427974309687922,0.17329043724789828,0.9583333333333334,0.06636943397632633,0.41880939971642506,0.9583333333333334,0.07191485193879887,0.3856894134282942,0.9361702127659575,0.034520504310544875,0.09546163260403573
tasya,619,634,5299,675,0.2142857142857143,0.0012722258354449512,0.061762458908955375,0.33333333333333337,0.0025654442433543645,0.1501616330281158,0.2142857142857143,0.0034914864850525973,0.13120155153608382,0.2142857142857143,0.0010207606246301903,0.059029617962312986
tat,3246,2453,9467,1398,0.9361702127659575,0.023877578570068003,0.11627393652639939,0.8888888888888888,0.03140672958060853,0.3202402566741025,0.8888888888888888,0.06641577960027623,0.367682810339544,0.8888888888888888,0.023426276432350734,0.15865270366686546
tatas,269,308,12191,609,0.8636363636363636,0.019572787162018823,0.18799700611418513,0.8095238095238095,0.0794765755848651,0.4400423080436434,0.8372093023255813,0.06501229402570774,0.4389279601952847,0.8095238095238095,0.013429930542544932,0.08013563980826022
tatra,144,615,5794,895,0.9130434782608696,0.020861441344770193,0.1291319337978234,0.9130434782608696,0.07754169291413981,0.38539503359217797,0.9583333333333334,0.09310188080598114,0.4476073077490903,0.9130434782608696,0.017305054091496186,0.18325686823732523
tava,430,85,3962,35,0.9361702127659575,0.051064353133942086,0.39232174164809896,0.8888888888888888,0.08213602294029987,0.4812368292805511,0.9583333333333334,0.0846855253274279,0.5032453549778773,0.9130434782608696,0.047005285648381134,0.3255511725547431
tayA,86,112,328,70,0.9130434782608696,0.03325015351673799,0.21084578046147717,0.9130434782608696,0.14851158664638842,0.47740717481360395,0.75,0.11309324413797384,0.4833676021783444,0.7804878048780488,0.04037143193797377,0.28480134691480063
tayoH,45,45,547,173,0.9130434782608696,0.022016862995104303,0.12197250528410364,0.9130434782608696,0.17240780978256387,0.5305272532069905,0.8636363636363636,0.1271084863016525,0.5151293749043828,0.8888888888888888,0.04050261530623078,0.24201758682249985
te,4035,707,11345,737,0.8636363636363636,0.03227607230303531,0.19680796468836936,0.7804878048780488,0.05292768695658767,0.37097446368329723,0.8888888888888888,0.08189520865725286,0.640878745071487,0.8888888888888888,0.07048391019780265,0.5071463059418106
teByaH,100,37,182,49,0.75,0.03709909853855464,0.24518078765872775,0.717948717948718,0.054870361482494356,0.3335196402486509,0.6842105263157895,0.05053248180991221,0.31778947977229777,0.6111111111111112,0.01813749930016706,0.1926103811499167
tejaH,109,183,535,45,0.9130434782608696,0.029634354467277024,0.2759274666263254,0.9130434782608696,0.06775295034725792,0.45929890027643827,0.8888888888888888,0.0802435089975605,0.4983518362121985,0.7804878048780488,0.010811498754185411,0.2048115106295415
tejasA,33,20,617,5,0.9795918367346939,0.035105204536296175,0.24944108513007235,0.9795918367346939,0.12381027042809811,0.585989394323549,0.9795918367346939,0.12432057840136257,0.575346550123094,0.9795918367346939,0.04125471368779332,0.21331458403474035
tena,608,366,2489,623,0.33333333333333337,0.008934563157723563,0.18216544996431916,0.2142857142857143,0.023078746734284894,0.2729236966079167,0.4375,0.05332933198365819,0.34462955820572994,0.48484848484848486,0.009142217472704828,0.0869925809994796
tezAm,141,189,2057,281,0.6111111111111112,0.014204993270598654,0.15758561809112104,0.48484848484848486,0.046831715509684124,0.35102902329369345,0.6111111111111112,0.06578055193347376,0.34317809070146454,0.6486486486486487,0.0218026468798187,0.12722526391241418
tezu,20,33,437,84,0.8095238095238095,0.017404541989677447,0.1613651517980399,0.8095238095238095,0.13336656632807053,0.5148344844543515,0.8372093023255813,0.19495866469904632,0.567282032574648,0.8888888888888888,0.02837218957603449,0.31431949131817816
tftIyA,7,9,13,19,0.75,0.02144890653450071,0.18315316471893395,0.9361702127659575,0.05511990307673076,0.29426216109655634,0.8095238095238095,0.04380272358506143,0.3475213609251645,0.8095238095238095,0.03927682673041133,0.20464889836608358
tftIyaH,27,31,32,23,0.75,0.022609456093963587,0.08678514184252606,0.8888888888888888,0.05318599459920503,0.25290107381894955,0.8636363636363636,0.03251939494959666,0.25955081559269755,0.75,0.022740840645585902,0.11259866019583786
tftIyam,97,32,71,95,0.8095238095238095,0.02649697151612318,0.10824598800285279,0.8636363636363636,0.058766366785621194,0.2230531991284027,0.8372093023255813,0.03719810545287494,0.2275962586938296,0.75,0.017386231143367348,0.09376311402587834
tftIye,34,7,10,73,0.8372093023255813,0.022161134641563773,0.16880120146150235,0.8888888888888888,0.06596676952219627,0.33703421378812104,0.8095238095238095,0.03787960516956301,0.3600507653405247,0.8095238095238095,0.03511027116641352,0.1761809740846758
tila,5,5,59,147,0.9361702127659575,0.013445103192722963,0.07508286304427836,0.9361702127659575,0.1036439255555559,0.47424069232849697,0.9583333333333334,0.12698937706962543,0.5182880705875689,1.0,0.06704460619926189,0.29567960430608276
tisraH,127,24,68,261,0.9361702127659575,0.023645326710928005,0.0963691967737712,0.8095238095238095,0.02893261125891844,0.19199310168371642,0.8095238095238095,0.024380894602781034,0.26309593167684053,0.8636363636363636,0.02477388795989144,0.12067034538708465
tizWan,25,26,62,28,0.9795918367346939,0.04897475788586181,0.3453642464241242,0.9361702127659575,0.1234912199058612,0.5608999293487407,0.9361702127659575,0.13883309649575415,0.6443889210320726,0.9583333333333334,0.04891606030141449,0.3043567275192448
tizWanti,34,8,145,5,0.75,0.033612543327509514,0.08127697013671886,0.717948717948718,0.06467476915715364,0.3278045318281143,0.7804878048780488,0.08257662969830781,0.4585798863700802,0.8095238095238095,0.029380947278270564,0.19661470654720326
tizWataH,5,6,38,8,0.717948717948718,0.007897510545520459,0.144660262640395,0.8372093023255813,0.07737843698138158,0.42562414893992073,0.8095238095238095,0.08523866637620325,0.520550048626183,0.717948717948718,0.010156090896169423,0.20108059577523918
tizWati,64,31,282,19,0.6486486486486487,0.012258600937505526,0.11942970953638488,0.5294117647058824,0.030072480308272698,0.2913545274745061,0.8636363636363636,0.0987067150691372,0.46451958470533516,0.8888888888888888,0.024460894440416436,0.20689332866315513
trIRi,116,36,106,101,0.6486486486486487,0.01637229140639762,0.09356976195923972,0.48484848484848486,0.022333716985462604,0.1732605988882202,0.8095238095238095,0.04831559467233548,0.1891244348108434,0.717948717948718,0.014620466359558715,0.05505932388064838
trayARAm,5,15,79,45,0.9130434782608696,0.020672323200222387,0.11828808352496412,0.8372093023255813,0.09371397859408237,0.3728562602467077,0.8095238095238095,0.09514705426924852,0.3526141440855256,0.8888888888888888,0.009103061604163298,0.0808492355905186
trayaH,137,47,307,109,0.6842105263157895,0.024121052304178825,0.11435715730573937,0.75,0.03925518638867376,0.283380110933823,0.7804878048780488,0.051314969120835774,0.3154941647507318,0.75,0.013768203412751201,0.09134122705977898
tri,238,47,306,349,0.7804878048780488,0.019983574334769605,0.14964534197998758,0.7804878048780488,0.051969238773724946,0.4456370814093592,0.6842105263157895,0.035240267522761215,0.4931885710912689,0.75,0.011928522827506338,0.17477569772432955
triBiH,20,18,549,65,0.8636363636363636,0.051874227811958384,0.3006309351249796,0.8888888888888888,0.09705176394986115,0.4351978878165148,0.717948717948718,0.05368073682473984,0.3293599589958738,0.7804878048780488,0.030310823471619397,0.1823768061443316
triDA,6,8,83,11,0.9361702127659575,0.022893029798237263,0.1163012030182331,0.9361702127659575,0.06100614363698342,0.36335771647747706,0.717948717948718,0.032147554025391045,0.342895915291065,0.717948717948718,0.010859101150190953,0.0746974112558425
tris,161,16,51,195,0.75,0.015697673190167682,0.14146747437929807,0.75,0.042536590334412594,0.35444137600942494,0.9130434782608696,0.07528782660114741,0.32200327952506225,0.9583333333333334,0.029889881544394536,0.13263143180479253
trizu,14,14,266,48,0.9361702127659575,0.02468713963725988,0.10417667619303839,0.9583333333333334,0.12361718287165169,0.4854734760040439,0.9361702127659575,0.1652130969093445,0.5434062153223673,0.8372093023255813,0.020690075746762293,0.18389703992173867
tu,161,854,14316,1774,0.9361702127659575,0.04043363309035142,0.4080665701236683,0.9795918367346939,0.08555194595720483,0.5370770081598129,0.9795918367346939,0.06740193107334969,0.48013547955372604,1.0,0.03874760275474398,0.4685919841121664
tuByam,86,30,150,19,0.9130434782608696,0.016549404898127285,0.24127439754408364,0.8888888888888888,0.053313250359238284,0.35434970388915066,0.9361702127659575,0.06750879198391224,0.3649120137115547,0.8372093023255813,0.009358246480024701,0.1921799591166089
tvA,1800,49,250,375,0.9583333333333334,0.05152888777330722,0.2823828397131014,0.8888888888888888,0.12645710336205263,0.5548068005236306,0.8372093023255813,0.1738884664896776,0.6319774326567715,1.0,0.08018718550043757,0.38622292183404827
tvAm,237,51,1756,53,0.8095238095238095,0.03918784040449319,0.15851993420036514,0.8095238095238095,0.07645473416290238,0.34431852274118646,0.9361702127659575,0.12566360377362107,0.4890513878994882,0.9361702127659575,0.048408765475242754,0.2562287269276502
tvAt,5,1270,457,649,0.9795918367346939,0.059103983118271475,0.30681344719475634,0.9583333333333334,0.2280982468013818,0.574723043618485,0.8888888888888888,0.16592923136378135,0.5682146548133543,0.9795918367346939,0.03076748982206101,0.31406008079792724
tvAya,66,11,14,14,0.7804878048780488,0.029919835539638617,0.24391947035321793,0.8095238095238095,0.11644821561938579,0.4281533285664415,0.8372093023255813,0.10148631223111348,0.4055637783203627,0.75,0.048762014322969005,0.2647973540577149
tvAzwram,5,5,7,5,0.8372093023255813,0.0032377846327016346,0.058146990820101885,0.7804878048780488,0.01721195300597167,0.3134047590244382,0.8636363636363636,0.028302203165683326,0.28944415902865717,0.8636363636363636,0.0038012782569468717,0.051009903825603
tva,7,491,16,117,0.9795918367346939,0.09228163104885656,0.2574802976405204,0.8888888888888888,0.13756448518107023,0.43999788775571735,0.8888888888888888,0.09798810845779427,0.4980882157867518,0.9583333333333334,0.05301776008706294,0.26438780187059785
tvac,10,24,75,18,0.9795918367346939,0.04110032599108582,0.2543911975063924,0.9130434782608696,0.08452851740946732,0.4494512138167218,0.9795918367346939,0.12407251836335098,0.48795973879653265,0.9361702127659575,0.026854204576320706,0.160686460324868
tvam,1143,956,5843,417,0.8636363636363636,0.008280570539854759,0.2143407369449557,0.9361702127659575,0.06931834900166567,0.4470962770071789,0.9583333333333334,0.07131675341870314,0.4360663880599055,0.9361702127659575,0.026616110702702866,0.19200939378401993
tvasya,8,29,5,7,0.07692307692307687,0.0005540164079589349,0.05936963695847908,0.27586206896551724,0.0027694727794718155,0.13326268486306225,0.33333333333333337,0.0030180707000101448,0.1469510488952861,0.27586206896551724,0.001675728433869872,0.09412319646099188
tvayA,93,36,2150,17,0.9361702127659575,0.030390350082801,0.23365615720347055,0.8888888888888888,0.11051664281096107,0.42163001400409217,0.8372093023255813,0.09430421488570206,0.4955278038934938,0.8888888888888888,0.04463618947844261,0.30519644514489463
tvayi,32,11,516,8,0.9130434782608696,0.013568212122156642,0.12421852094307839,0.9583333333333334,0.13400969344425273,0.4479928295061476,0.9583333333333334,0.09155581120505807,0.46867269093927955,0.9361702127659575,0.019878345710288348,0.13483734455475083
tve,107,174,93,60,0.9361702127659575,0.06707837868278899,0.4227547654305026,0.9583333333333334,0.12459520898107501,0.5327351845918522,0.9130434782608696,0.08989260328877557,0.4182905598933675,0.9583333333333334,0.052323808926575066,0.24394464656817416
u,1776,182,95,266,0.9361702127659575,0.036498612479074044,0.2410741975340397,0.9583333333333334,0.05010897763923816,0.4498576010527935,0.9795918367346939,0.12077639077838764,0.6209362821827499,1.0,0.11645075342444322,0.3956675851790301
uBO,43,31,708,45,0.9361702127659575,0.026569336701799284,0.14434579843923068,0.9795918367346939,0.15062268289210035,0.5810152247256042,0.9795918367346939,0.1109498847903625,0.535830393384704,0.9130434782608696,0.019269854528939923,0.055681067952399244
uBayam,14,43,72,58,0.717948717948718,0.008897803627439749,0.10630832467806406,0.717948717948718,0.04043114423379002,0.24564883320657271,0.8095238095238095,0.05125179654282963,0.27852204127416114,0.8372093023255813,0.00905254242814324,0.14165816205066517
uBayatas,30,5,31,87,0.9361702127659575,0.022600930267602792,0.1286139342369691,0.9130434782608696,0.077922470364155,0.3964826992982782,0.8636363636363636,0.06769445109653327,0.35558293746736824,0.8372093023255813,0.01373593735900358,0.11504904326787924
uBayoH,20,9,178,85,0.9361702127659575,0.03588167565761935,0.15421218914448676,0.9130434782608696,0.15808551748033584,0.511672654990197,0.8888888888888888,0.12055123159434455,0.4381838172500958,0.9130434782608696,0.023827076273523984,0.2023991846292177
uBe,165,27,111,25,0.9583333333333334,0.024518194416537353,0.19568860760341433,0.9361702127659575,0.11645863055200234,0.4836145336415679,0.9361702127659575,0.07483323618563242,0.47348460691572725,0.9583333333333334,0.032142676949452276,0.1517549823080253
ucyate,41,525,577,249,0.5714285714285714,0.010694849093063064,0.11996872942158465,0.48484848484848486,0.02894107480835295,0.2522209887637985,0.6111111111111112,0.07300842261421758,0.317036596271679,0.6486486486486487,0.019456710068368466,0.2374319229016647
uda,23,22,18,45,0.9583333333333334,0.04562646444331764,0.25161899291322365,0.8888888888888888,0.10723671390899425,0.6065556116266368,0.9583333333333334,0.11774272286102938,0.6445962881610536,0.8888888888888888,0.02542535169261162,0.22361593385102685
udak,8,9,41,162,0.9583333333333334,0.03273215233141413,0.1418245205558457,0.9361702127659575,0.09157818054915523,0.48570947396151487,0.8372093023255813,0.0654849060321403,0.45015680813479697,0.8636363636363636,0.029716254083800075,0.28943315878538467
udakam,41,29,151,61,0.8372093023255813,0.0033792421706783093,0.03371817255448217,0.8888888888888888,0.04156858485721904,0.3795452685439167,0.8888888888888888,0.03542566659010582,0.39447947382405024,0.8095238095238095,0.0027381041010339224,0.08404972531844412
udake,5,15,40,15,0.9361702127659575,0.023595326682312567,0.08586771766707502,0.9130434782608696,0.0736203283277066,0.43073308001356647,0.9361702127659575,0.07433256431453872,0.4291617062172375,0.8888888888888888,0.014310438343182463,0.13590388603587755
udaram,24,7,32,6,0.717948717948718,0.0030918086028576264,0.04709382755052227,0.4375,0.013586780123723607,0.30976469966464126,0.717948717948718,0.03299795358110735,0.3373571740793586,0.717948717948718,0.001990412968817745,0.04831980029393401
udgAtA,30,29,7,15,0.9583333333333334,0.04396663231069453,0.16843078694474745,0.9361702127659575,0.07889987509187968,0.3679430802509509,0.9583333333333334,0.050554906194264726,0.28245996028926434,1.0,0.049563538902869575,0.23113997829088673
uditaH,5,7,43,5,0.717948717948718,0.004127446303487825,0.08822326356080645,0.717948717948718,0.03099481019902528,0.4128276715077216,0.8372093023255813,0.0379882994796904,0.44854864140002104,0.8095238095238095,0.005581202859428092,0.06791176272072352
udite,30,8,22,24,0.9361702127659575,0.02839698753345099,0.21640298466482732,0.9361702127659575,0.07446691673667738,0.4897199455109792,0.9795918367346939,0.09021988716509777,0.4618223106588484,0.9795918367346939,0.02900118236819904,0.2407952206645798
ugra,58,5,225,9,0.8095238095238095,0.03446114480454354,0.29688966267579686,0.9130434782608696,0.13944949625081304,0.5994364283363056,0.9795918367346939,0.1420866549922828,0.5476248730910929,1.0,0.03655908867138491,0.15950394484611963
uktam,137,379,582,320,0.8888888888888888,0.004549036453961208,0.11761306836425278,0.8888888888888888,0.05277707561230194,0.38627056126186377,0.8372093023255813,0.06433696811826373,0.4280762224047525,0.75,0.002794086789915995,0.0977077497138279
upAsIta,10,128,20,5,0.9795918367346939,0.05002197588329671,0.2650915882320751,0.9583333333333334,0.09632976846814179,0.5627830648184315,0.9361702127659575,0.08706902357798663,0.39647019975704045,0.9361702127659575,0.012946209401806796,0.10784370314754499
upa,877,22,5,125,0.9795918367346939,0.03598328515472515,0.4595602772144054,0.9583333333333334,0.09373966151485591,0.5894749689842942,0.9795918367346939,0.16973184689135778,0.7179939984491264,1.0,0.05228159226053575,0.4324950953125086
upari,30,19,122,74,0.9361702127659575,0.023906940502876894,0.2026116910445268,0.9130434782608696,0.09502491383545308,0.4848854425633389,0.9583333333333334,0.13060353100037836,0.6261992355923155,0.9130434782608696,0.0328430645825557,0.3526527159914733
uparizwAt,33,10,20,53,0.9583333333333334,0.01962414143327229,0.06485035608687162,1.0,0.05806189578606091,0.3246667952266822,0.9130434782608696,0.05082517434903555,0.4078597294892423,0.8372093023255813,0.011089283163780994,0.14521412940380318
upaviSya,6,7,14,60,0.9583333333333334,0.025306959644249893,0.150926433490022,0.9361702127659575,0.07808672068791833,0.49257844693454467,0.7804878048780488,0.06295542350256422,0.5064031812021731,0.9130434782608696,0.02995019132901089,0.2702358821603751
upetya,5,8,86,14,0.9130434782608696,0.020070977516688293,0.07616651380756989,0.8095238095238095,0.08939065034860483,0.4516104440379122,0.8095238095238095,0.08229580722941787,0.545360985394878,0.8888888888888888,0.016828769700112045,0.16417079765713893
uta,1326,70,490,70,0.9130434782608696,0.018348250071454686,0.2631154656744501,0.9130434782608696,0.12926823675476218,0.4868953708321657,0.9583333333333334,0.15569890265548136,0.6716247682477567,0.8888888888888888,0.044486607701226255,0.24912296692414548
uttama,6,9,371,21,0.9583333333333334,0.027969073754805396,0.24610800424183066,0.8636363636363636,0.12685449358250545,0.5527095058423095,0.9130434782608696,0.16443101172260044,0.6602606422131977,0.8095238095238095,0.016556484239205083,0.22840529579320612
uttamaH,40,5,220,55,0.75,0.008436299072897446,0.15331622711811166,0.717948717948718,0.05249290108732918,0.429471566018766,0.7804878048780488,0.056358073450168744,0.4706037732896877,0.8372093023255813,0.014672330661425481,0.18010209757943096
uttamam,56,5,912,59,0.8888888888888888,0.008426349959712143,0.11078759173785557,1.0,0.05887702640581094,0.44957071333841625,0.8372093023255813,0.05292947560619132,0.44580888473426894,0.7804878048780488,0.006222020603793843,0.0968310574293153
uttara,28,54,67,155,0.9130434782608696,0.07037695289928958,0.28789827547994384,0.8636363636363636,0.10337136255002966,0.4672494930011811,0.8636363636363636,0.07483572501939628,0.4575631151144558,0.8372093023255813,0.021837667440018582,0.2715011388843356
uttaraH,56,21,89,55,0.9130434782608696,0.013238369281665663,0.1413369514883337,0.8372093023255813,0.030928264221058432,0.3069611120469442,0.717948717948718,0.03420182043581277,0.2930009438107224,0.75,0.016136819600199748,0.17790115023335207
uttaram,66,25,243,167,0.75,0.008156185755467615,0.11832990440045443,0.5714285714285714,0.031917355205595244,0.36187568129085623,0.6486486486486487,0.05528246263598113,0.39636356162601916,0.8095238095238095,0.007555480386986724,0.13507590202456332
uttaratas,13,13,8,99,0.8888888888888888,0.02376039760323778,0.11355634550745652,0.9361702127659575,0.0847128068003592,0.3870666883661732,0.8888888888888888,0.06125974356076758,0.3991311497411174,0.8636363636363636,0.020992876381657588,0.17286848974073332
uttareRa,19,9,39,157,0.8888888888888888,0.03205222219447912,0.2739923020635633,0.9361702127659575,0.10830412931822309,0.5446468977682807,0.8095238095238095,0.07844213095683461,0.4540030795101856,0.8888888888888888,0.035937625313993915,0.2505015450454262
uvAca,84,575,8622,40,0.8888888888888888,0.053109600894149955,0.2472907259734034,0.8888888888888888,0.08061096168832493,0.5037171196858928,1.0,0.09721748104707273,0.5222461153900481,0.9795918367346939,0.046564363667677244,0.29710523189136495
vA,897,933,5514,3609,0.9130434782608696,0.04423944300231719,0.31586392373830796,0.9583333333333334,0.11550342510349987,0.46380304090933244,0.9795918367346939,0.14180172561780435,0.5335665233919715,0.9130434782608696,0.05217794105828688,0.47235407501274085
vAc,231,464,449,108,0.7804878048780488,0.03083978384237529,0.13495161733283045,0.8636363636363636,0.11669438609061067,0.4223776770729294,0.9130434782608696,0.15335284636885216,0.6164734235789988,0.9583333333333334,0.08523516419036992,0.5006066786256083
vAcA,116,83,277,30,0.9361702127659575,0.031022088846163753,0.19598170234432366,0.8095238095238095,0.11115869279257728,0.37509455428613425,0.8636363636363636,0.1006158310258023,0.5401345292853212,0.9361702127659575,0.03681343276146731,0.325200368368447
vAcaH,149,66,185,25,0.8888888888888888,0.0201053807902718,0.10487348145602526,0.9583333333333334,0.1067719478490815,0.4537648747561501,0.9583333333333334,0.11084116785007125,0.5967231055634605,0.9361702127659575,0.026894413151909102,0.29004268335593086
vAcam,233,51,166,73,0.8372093023255813,0.013403391105338724,0.0964362832886223,1.0,0.10775685607884766,0.42531571975241667,1.0,0.11518729717438791,0.5684153861384172,0.9583333333333334,0.031209265992061086,0.2938650869080701
vAci,34,28,13,21,0.9361702127659575,0.03964462385422163,0.14399418901672267,0.9130434782608696,0.10160428689884604,0.4145213763964761,0.9130434782608696,0.09471064995429346,0.4627785509708048,0.9583333333333334,0.04447152986731151,0.33068701779887033
vAdinaH,19,8,152,10,0.9130434782608696,0.011068228608809183,0.1427943508968006,0.9795918367346939,0.0934793659791141,0.4656247355479598,0.9130434782608696,0.0784272405213976,0.5330458646811288,0.9795918367346939,0.02214940452286296,0.17454758166401962
vAkyam,6,40,1784,17,0.8095238095238095,0.007871072026891412,0.2537518747569121,0.9130434782608696,0.1039079067886256,0.501116430866799,0.9130434782608696,0.08148924880603658,0.4457140812722561,0.8095238095238095,0.007429539397561635,0.1248589318137342
vAm,429,13,41,106,0.5294117647058824,0.008175075716332247,0.20246067931391853,0.5294117647058824,0.024836460271133287,0.35326936215185545,0.8095238095238095,0.11678668411080595,0.4266545451871626,0.7804878048780488,0.03913922340220777,0.22792018948018367
vAsAH,15,6,46,18,0.48484848484848486,0.009335160027121647,0.11359620231453271,0.5714285714285714,0.04169476144875195,0.44178052088673403,0.6486486486486487,0.03260389560343546,0.43521833982417046,0.48484848484848486,0.004303853093171162,0.10395156969765229
vAsaH,45,32,141,73,0.9583333333333334,0.03120997977486495,0.29419927417174685,0.8636363636363636,0.034940429302020126,0.40486792447499753,0.8888888888888888,0.06710438368205252,0.3991283358230786,0.9361702127659575,0.033119136835619956,0.3666027534875458
vAta,63,6,214,16,0.9361702127659575,0.03218078254221568,0.3999008618825074,0.9130434782608696,0.15842558581048016,0.5403134077519334,0.9130434782608696,0.12592893858608667,0.5946055761423676,0.9130434782608696,0.03399449401508192,0.3220870003093478
vAtaH,146,7,30,8,0.6486486486486487,0.0035767445828199795,0.08761679394905775,0.8372093023255813,0.030248466548771336,0.2958858312009335,0.8095238095238095,0.028325078071849807,0.3626120465973992,0.6486486486486487,0.004975042507772809,0.1011449062005717
vAyo,57,5,5,32,0.9583333333333334,0.08183912814698535,0.41173140467613634,0.9130434782608696,0.08183017287896355,0.3498320136440245,0.9795918367346939,0.1017334204162943,0.5259209741037325,0.9130434782608696,0.0647350275806785,0.21612918183983953
vAyu,7,57,185,5,0.8888888888888888,0.036461786404416996,0.2808222527701746,0.8888888888888888,0.07344558890506625,0.43442462156614425,0.8888888888888888,0.07783229712156292,0.5548538076451573,0.9130434782608696,0.04062468982974832,0.1473222166977679
vAyuH,111,124,379,24,0.9361702127659575,0.0351635069504912,0.12508030153918615,0.9130434782608696,0.07703678129988667,0.29774539535785927,0.9361702127659575,0.09236449200501429,0.5046255172336722,0.9130434782608696,0.04039520491305826,0.2597879020373072
vAyum,43,44,42,6,0.9583333333333334,0.061306407432772714,0.30602292346550564,0.8888888888888888,0.07961033927089967,0.3348278203387999,0.9361702127659575,0.09250486999407415,0.47559516859105255,0.9130434782608696,0.03386925986380096,0.16235899239790608
vE,3199,1098,4896,339,1.0,0.038735965040568754,0.18983618866901675,1.0,0.05260914142424655,0.3796302932908261,1.0,0.0607674265996091,0.4208281263518623,1.0,0.07334033895761782,0.2978789823019198
vESvAnara,22,11,45,7,0.9361702127659575,0.024619874382678875,0.2051076163947474,1.0,0.13262525735679165,0.510874531775479,0.9130434782608696,0.10427628236798803,0.44451907440571936,0.9583333333333334,0.03209447430097401,0.20976464960801178
vESvAnaraH,68,22,12,27,0.8636363636363636,0.018028023044015407,0.1327205017911417,0.8636363636363636,0.04477011955445953,0.3193417817923112,0.9130434782608696,0.042678894003836954,0.3417136639951506,0.8888888888888888,0.018679754148165695,0.1180065555278973
vIraH,99,5,598,14,0.8095238095238095,0.010016239583166997,0.17530981720730887,0.5714285714285714,0.018153230460923542,0.43387299524252476,0.7804878048780488,0.03657505736410549,0.4758961673321409,0.8636363636363636,0.012870266999589153,0.1630084776866968
vIryam,218,24,356,15,0.8888888888888888,0.013810882646871359,0.18022012808707333,0.9130434782608696,0.04324083114685873,0.41488030105581797,0.9130434782608696,0.03298161065470473,0.42193692580839093,0.9361702127659575,0.013938349940144201,0.27236676115117564
vIryeRa,41,6,159,8,1.0,0.0218187562375608,0.18820917907310875,0.9795918367346939,0.11043617462907618,0.49835340690826235,1.0,0.13168288397160643,0.5248190361957397,0.9583333333333334,0.02551975402638096,0.26548200196633476
vIta,11,7,109,9,0.8636363636363636,0.026452147666580772,0.2684326927631282,0.9361702127659575,0.12058006639181196,0.5285696828342349,0.8636363636363636,0.08415864156442776,0.4810900345771818,0.8888888888888888,0.015609011171618614,0.23547703858446545
vaDena,26,6,44,7,0.5294117647058824,0.005453355834006968,0.06317172872733545,0.48484848484848486,0.048625471068989956,0.35309616596623306,0.5294117647058824,0.04948646501984988,0.33226139783995134,0.5714285714285714,0.007883262814216918,0.11655725798913386
vaH,1051,26,744,252,0.8636363636363636,0.011992561123046253,0.20578090863161302,0.8095238095238095,0.037533466222045675,0.4609025853290025,0.717948717948718,0.03729296968900064,0.47666206203337036,0.8372093023255813,0.011348667524096467,0.16858200350682107
vacaH,117,20,1516,5,0.9361702127659575,0.02323011038322087,0.16389784034315868,1.0,0.13618424678902152,0.5888370994770611,1.0,0.16076372267817107,0.5982660078415348,0.9130434782608696,0.018944871499493643,0.25263314111640056
vadan,11,5,15,9,0.9130434782608696,0.03170102144966913,0.23331235476146905,0.8372093023255813,0.06396689263645117,0.5104154830565251,0.9361702127659575,0.07103335221057983,0.5885360056058387,1.0,0.02102096278184018,0.143481107586389
vadanti,48,20,155,13,0.5714285714285714,0.0183538235743419,0.09495711895803183,0.6111111111111112,0.04015682428940259,0.2657301398630514,0.5714285714285714,0.08512369108551221,0.36032793535923235,0.6486486486486487,0.027837801762247927,0.19203789145598904
vadet,7,5,60,14,0.9130434782608696,0.02947585507816952,0.15006197788885356,0.717948717948718,0.04438721758773578,0.3047328966850831,0.9361702127659575,0.06713597518440195,0.3595772104353383,0.9130434782608696,0.018319773929684424,0.08253129759911093
varDate,13,9,111,17,0.8888888888888888,0.016802865545544,0.18827791459416998,0.8888888888888888,0.08399230623055942,0.41157360648911523,0.9361702127659575,0.0964046299723591,0.5625831348675081,0.9583333333333334,0.049244223646393914,0.407563514553822
varRAH,20,6,145,20,0.5294117647058824,0.0120642396084637,0.15008071839193704,0.6486486486486487,0.027026560608891192,0.344836266993947,0.6486486486486487,0.026589727996005563,0.35406908845414486,0.5294117647058824,0.00738465247693354,0.1516790868632225
varRaH,18,11,94,19,0.7804878048780488,0.006728469673827564,0.10035985296794836,0.8888888888888888,0.03982118150951741,0.36146992183324556,0.8372093023255813,0.06353700601859802,0.36017742554805676,0.8372093023255813,0.010335938076784679,0.1491739939505755
vara,7,5,1104,34,0.8888888888888888,0.05751506690508024,0.3926988469197903,0.8636363636363636,0.18091144634191192,0.6474011422695028,0.9130434782608696,0.18115485274709964,0.49559647872075085,0.8888888888888888,0.04425383083341783,0.24719757892931893
varaH,10,11,734,46,0.75,0.006889817606748672,0.11554779811492644,0.6486486486486487,0.04779225527591158,0.36528752748114335,0.75,0.06548594302080413,0.38125286617977383,0.7804878048780488,0.005660047915617805,0.05868959543360752
varam,24,18,722,32,0.75,0.005776499624061238,0.10741923469111048,0.6486486486486487,0.057140441429677336,0.4038186395003993,0.9130434782608696,0.10005972551857423,0.43334979112765837,0.9130434782608696,0.00482222966076451,0.08018558764681094
vartate,17,50,356,15,0.7804878048780488,0.014962401237242573,0.12085917449889938,0.7804878048780488,0.052801870152482944,0.40669007713557526,0.8095238095238095,0.07133926416373304,0.4407097415965876,0.9130434782608696,0.02235546482580364,0.24901368868770968
varuRaH,316,19,115,46,0.8636363636363636,0.03644928837322503,0.3006399650817698,0.8095238095238095,0.02604790147816738,0.2916218883270565,0.8636363636363636,0.043429092520579915,0.2439923112157184,0.9130434782608696,0.049634283783463684,0.22108029558121467
varuRam,58,8,39,11,0.9130434782608696,0.018443428265536355,0.31096811264280777,0.8372093023255813,0.033288210719098044,0.36429572371805874,0.9361702127659575,0.07546947736975629,0.36221030191163395,0.8888888888888888,0.04210899858511152,0.27577042659055095
varza,7,21,422,36,0.9795918367346939,0.050484450844534456,0.41259325024369176,0.9795918367346939,0.147194976035961,0.5972690106238492,0.9795918367346939,0.13563152863859462,0.512752872811784,1.0,0.07928671587649194,0.40991991956574314
varzam,20,6,266,10,0.8888888888888888,0.008463853021814516,0.22265105767735438,0.8095238095238095,0.0655126044711144,0.4811199073761734,0.8372093023255813,0.06426704656865811,0.4379981837772994,0.6111111111111112,0.0054151816940561925,0.14861878333304057
varzati,6,10,35,7,0.8372093023255813,0.02400634738244478,0.24618225382636894,0.6486486486486487,0.05233168637539709,0.38617889687207585,0.9583333333333334,0.08945526923757807,0.4509029620288725,0.9361702127659575,0.02174412370441159,0.25418334165954715
vasati,9,11,102,5,0.5714285714285714,0.007740305515445023,0.11914642668541997,0.6111111111111112,0.03857262655547422,0.4061334651571751,0.9361702127659575,0.062498482483715256,0.45391181483873977,0.9130434782608696,0.01443899801737314,0.12609343686343877
vasavaH,93,18,97,11,0.9130434782608696,0.03624432767599095,0.3201302741677069,0.8095238095238095,0.028064870204371206,0.26853782206887566,0.8372093023255813,0.050208380445982526,0.29668804922828773,0.8636363636363636,0.025616638692912863,0.289166904241805
vasizWa,17,8,45,7,0.9361702127659575,0.05315057867450257,0.28919659471754655,0.8888888888888888,0.0632507534041189,0.5211911654770919,0.9795918367346939,0.07135486547194747,0.44478722531183756,0.9130434782608696,0.024445937519853578,0.12841174616258155
vasizWaH,42,23,173,10,0.8636363636363636,0.020900060437945567,0.15635714691699443,0.7804878048780488,0.03752961711652891,0.3354584602937103,0.75,0.04159877852257965,0.32989549730481293,0.8888888888888888,0.013497820237554525,0.08488000732713319
vasu,229,22,151,48,0.9583333333333334,0.04056086202025089,0.43325265231681476,1.0,0.09706944524877392,0.5556478778331049,0.9583333333333334,0.1100465074165421,0.5464099364689077,0.9130434782608696,0.08024068646478744,0.36818271804193237
vat,102,459,1114,428,0.9130434782608696,0.09172136399452979,0.24180125849130718,0.9130434782608696,0.17928259028910587,0.5437342097759523,0.9795918367346939,0.20058158766473222,0.5793447810554639,0.9795918367346939,0.14103557411054735,0.5274644025694514
vatsaH,50,7,29,11,0.8888888888888888,0.022008566339403846,0.15233892739359078,0.8888888888888888,0.0365391907370215,0.3078799710794431,0.9130434782608696,0.039149872764145055,0.30155586703288595,0.8888888888888888,0.00733655983514836,0.12071425107524003
vatsam,55,7,24,6,0.8372093023255813,0.013053583758626641,0.14606219043250368,0.6842105263157895,0.03997376675279041,0.34814726431708365,0.8888888888888888,0.04256236000049418,0.326185047585264,0.7804878048780488,0.005713038224245404,0.12250512978000572
vayAMsi,17,10,21,8,0.9583333333333334,0.02691691335578772,0.18236473462340785,1.0,0.12213603289944175,0.4229865464001512,0.9583333333333334,0.09116005612230393,0.3903999922660426,0.9361702127659575,0.028792169139264967,0.09772948526909575
vayam,397,68,867,78,0.717948717948718,0.005390527839967296,0.12227805607547448,0.717948717948718,0.0780133772368008,0.41949950011660164,0.717948717948718,0.07010098149593691,0.4535145650797012,0.75,0.00708399649468705,0.12997412827513188
vedAH,15,30,190,22,0.717948717948718,0.012456775172685175,0.27303358820706847,0.717948717948718,0.03067329298111965,0.29946384236889867,0.7804878048780488,0.032179257290479435,0.33500704070003495,0.75,0.007262436368841829,0.06145583686153677
veda,488,527,949,135,0.9795918367346939,0.0686236825751857,0.2177936795759816,0.9130434782608696,0.11233057415698855,0.5563110135085945,0.9795918367346939,0.12921913752447034,0.4477455173534941,0.9583333333333334,0.02711785262372557,0.20265875566478564
vedaH,26,38,33,66,0.9130434782608696,0.016904097960839692,0.163035031921684,0.8636363636363636,0.0368092970426569,0.2805639622511218,0.9130434782608696,0.05598279738627909,0.2736781788171273,0.7804878048780488,0.007108581858917495,0.08826663343338026
vedam,9,16,48,34,0.8636363636363636,0.010158101360876248,0.10930641633464278,0.8372093023255813,0.05081191835993004,0.2779174698374618,0.8888888888888888,0.05869123441290125,0.32962403089855785,0.8095238095238095,0.005866492739387996,0.05201065842118169
vediH,16,5,11,31,0.9795918367346939,0.03349427607346789,0.2166942856858871,0.9795918367346939,0.09994001908969286,0.4055094942572903,1.0,0.10447692509682194,0.3366967289444608,0.9583333333333334,0.04916799067313149,0.2269252035331416
vfkzam,26,8,105,6,0.8888888888888888,0.006075995012629454,0.13627537899324627,0.8095238095238095,0.03716711759301783,0.4119437371527088,0.9361702127659575,0.05076676161681992,0.42945978128320283,0.8888888888888888,0.006511111566072203,0.10529244770300883
vfkzasya,14,14,18,12,0.2142857142857143,0.0010075359752130808,0.07662290881840006,0.27586206896551724,0.003564667078207795,0.1740248988472366,0.33333333333333337,0.00501506999368706,0.21613066245892343,0.2142857142857143,0.001800739779899363,0.06778098061406634
vfzwi,5,12,17,5,0.9130434782608696,0.04827726133846688,0.3419361999193101,0.8888888888888888,0.06639361356746853,0.4882984099476848,0.9583333333333334,0.10129854095779944,0.5479678599001401,0.8888888888888888,0.028002513861665856,0.19651093374089224
vfzwiH,17,10,45,18,0.9361702127659575,0.03591699430519579,0.2714510001715479,0.8372093023255813,0.048382681344999234,0.35766013667160457,0.9361702127659575,0.07710423060436844,0.4726317547183274,0.8888888888888888,0.03005647177943027,0.2260203845928781
viSva,419,29,112,56,0.9361702127659575,0.05387584608221996,0.43897397200154964,0.9130434782608696,0.11842746714230101,0.46270807073393727,0.9130434782608696,0.11009195287103468,0.4748881559845227,0.9130434782608696,0.09280277770730105,0.2592914703227732
viSvam,204,12,94,13,0.8888888888888888,0.010162310617903736,0.2555507031637043,0.8636363636363636,0.05997912069024869,0.3244609004978769,0.9361702127659575,0.09092625563017342,0.3379309749698357,0.9795918367346939,0.07860725326911733,0.20442945510034682
viSvasya,113,9,27,10,0.14814814814814814,0.0006418288531010452,0.17766992362574596,0.3870967741935484,0.011195159603611393,0.25365776329713663,0.4375,0.006570391282308741,0.2683154974733336,0.3870967741935484,0.004445770027029949,0.14944088613972206
viSve,326,11,38,47,0.9361702127659575,0.06265066289959453,0.4247068790939722,0.8888888888888888,0.0758016485370433,0.37039309758425887,0.8636363636363636,0.06531790089001954,0.3031934506098657,0.9361702127659575,0.08727492351182209,0.2614180329654259
vid,104,100,585,47,0.8888888888888888,0.07457880257959826,0.4407256325496012,0.75,0.10837572273471696,0.4457957405591152,0.8636363636363636,0.13235676835522903,0.42314873670988584,0.9361702127659575,0.04696426353480121,0.24613457989858367
vidaH,60,75,234,34,0.9361702127659575,0.03021284995729856,0.24194802777854307,0.8372093023255813,0.08913645078007226,0.3502721432106122,0.9583333333333334,0.13905778987875783,0.46416722651438,0.8095238095238095,0.008011004053510296,0.2238508907972656
vidam,36,9,14,8,0.8888888888888888,0.006241894349580668,0.1731450243422853,0.8636363636363636,0.054200361865111346,0.26555650504099515,0.8636363636363636,0.06806028248830209,0.3371519074477559,0.8372093023255813,0.004239010719559344,0.11477085232798157
viduH,89,64,352,31,0.8636363636363636,0.035443453156643656,0.18598276043208084,0.8636363636363636,0.058516702718941604,0.3583609463656714,0.8888888888888888,0.10866867102364819,0.44648751965117317,0.9130434782608696,0.023769697455728322,0.2402868399257655
vidvAMsaH,15,22,61,5,0.9583333333333334,0.02783852936282527,0.11782019071349636,0.9130434782608696,0.08219052606043054,0.30685148469912626,0.9583333333333334,0.09342842820546482,0.43837528256483005,0.8636363636363636,0.011052074140447954,0.08243377038741007
vidvAMsam,13,5,11,6,0.9361702127659575,0.007874361917362571,0.08345546971398154,0.9361702127659575,0.0442221910831494,0.22255609404431242,0.9361702127659575,0.05699413667423636,0.3160317433346558,0.7804878048780488,0.005881281553624551,0.051148128924144
vidvAn,196,188,269,63,0.9583333333333334,0.020302163730918532,0.1559933450553015,0.8372093023255813,0.05503279192292154,0.3218488483653108,0.9130434782608696,0.08190990389241082,0.3517853182765218,0.9361702127659575,0.0256437871315085,0.1394473594559742
vidyAt,50,34,120,94,0.9361702127659575,0.03523328383686131,0.24128938556697332,0.7804878048780488,0.07549566373174021,0.37573247623801376,0.8888888888888888,0.10835346857024841,0.504565329250885,0.8095238095238095,0.02964511817137827,0.18307590484988812
vidyate,9,66,599,32,0.5294117647058824,0.013693987981281297,0.1626582961834786,0.5294117647058824,0.03729157783663639,0.28249811618929477,0.5714285714285714,0.04960320495002035,0.2926425293536865,0.6111111111111112,0.013097653618886484,0.15192046809148296
vidyut,31,36,146,12,0.9795918367346939,0.04542645440139281,0.2645902729784275,0.9130434782608696,0.058164614433466544,0.4242660471714992,1.0,0.13277281116700956,0.49841755968570733,0.8888888888888888,0.016185843640428965,0.10089179273980431
vindate,36,23,64,5,0.8095238095238095,0.014315087633660628,0.1308424211002479,0.9130434782608696,0.065432078706122,0.3372520865056785,0.7804878048780488,0.07825619142207718,0.43327881972002613,0.6842105263157895,0.015711830206042054,0.19864317426531164
virAj,103,23,17,10,0.9795918367346939,0.04530643130953971,0.24610593478666942,0.9361702127659575,0.08839043574599115,0.49591029929992514,0.9795918367346939,0.08555779842542055,0.44426705413141987,1.0,0.03673613198693371,0.2149075145856607
vittam,30,35,129,7,0.9130434782608696,0.013641940522621576,0.21996833537379779,0.9130434782608696,0.06075309707523935,0.4355292016682052,0.9130434782608696,0.05354546313195818,0.4105921594871066,0.8636363636363636,0.0029482352458886085,0.11474172051873288
vizRuH,83,7,288,34,0.9361702127659575,0.024867079424713445,0.1444349380637694,0.9361702127659575,0.07165139903620554,0.4062342956331346,0.9361702127659575,0.07287747377399012,0.3610694399031018,1.0,0.04652381202727396,0.11836823732834567
viza,40,10,113,35,1.0,0.06049683288507379,0.32517464949663144,1.0,0.19589111192723851,0.5353160202448737,0.9583333333333334,0.18612183487857803,0.5393658078556153,0.9795918367346939,0.04706549681098826,0.3536226916444021
vrIhi,6,19,19,16,0.9795918367346939,0.014908244627088174,0.14635722763567494,0.9583333333333334,0.0885219356062742,0.32365029843342186,0.9795918367346939,0.06741576360412715,0.29382020724514324,0.9130434782608696,0.01602000413077631,0.0858806712911635
vrata,27,9,249,59,1.0,0.05241827121560083,0.30680286724493677,0.9583333333333334,0.11304236806086809,0.5440586633684077,0.9361702127659575,0.11161486706809887,0.5973569646610082,0.9795918367346939,0.04171848332023165,0.26438672838627875
vratam,100,46,333,97,0.9361702127659575,0.012865282652403054,0.20290342827346575,0.8636363636363636,0.045982451283473,0.37455619117176564,0.8095238095238095,0.037015993802336555,0.4019811575043726,0.8636363636363636,0.010454747708732226,0.13210902463996788
yA,454,83,552,156,0.7804878048780488,0.03478742749964747,0.16798084945779845,0.8095238095238095,0.09833428223207208,0.43397697226157717,0.75,0.08314476298372109,0.4759728007551056,0.717948717948718,0.04964859554377432,0.2787474704444718
yAH,442,46,173,86,0.3870967741935484,0.0033905921383338145,0.14815397498330374,0.48484848484848486,0.009598051097471805,0.2389863289689027,0.48484848484848486,0.011613426895369261,0.3076603254771836,0.33333333333333337,0.004273166355469371,0.14418298991350076
yAm,101,47,185,40,0.27586206896551724,0.0030218134035335797,0.1348096692656443,0.4375,0.05819861865476095,0.35915358572021516,0.33333333333333337,0.027848866723905963,0.36640719267161903,0.4375,0.016513381238802527,0.20071841878537733
yAn,37,10,125,17,0.7804878048780488,0.04288186018507201,0.166369262674821,0.75,0.12041352304812891,0.5042033414103463,0.717948717948718,0.13721490843473783,0.46513410014237155,0.8095238095238095,0.03395543145320645,0.33444634822259767
yAni,108,39,283,50,0.4375,0.011579865102733455,0.08313435632649646,0.33333333333333337,0.0251155963982429,0.26547016994959305,0.3870967741935484,0.03966505082327776,0.3148205412009899,0.4375,0.01802687947782622,0.16519669540356596
yAti,94,15,248,15,0.4375,0.007432834063165417,0.12518028123101566,0.4375,0.015109615839609458,0.2791009116540334,0.8888888888888888,0.08635767047871357,0.47140200938705823,0.8372093023255813,0.03706801806977267,0.3978312159619697
yAvAn,8,8,8,21,0.9583333333333334,0.024234066737903626,0.10631869533092164,0.9795918367346939,0.1386001860947389,0.3681621948725602,0.9361702127659575,0.151209152203854,0.39212887025664234,0.9583333333333334,0.03324879872185993,0.11808589934262503
yAvantaH,11,6,15,20,0.8636363636363636,0.033736004737219605,0.16381874150741504,0.8372093023255813,0.061156955971033766,0.34442400536200135,0.9361702127659575,0.12204994492653398,0.44796020842714257,0.9361702127659575,0.034629534918840243,0.24820732426787373
yAvat,84,112,501,127,0.8372093023255813,0.01737937050238325,0.17641337485193453,0.8636363636363636,0.1268091939180851,0.4666176143034375,0.8372093023255813,0.12049524620164553,0.5055131040032106,0.8888888888888888,0.028352099961003407,0.21575179718511306
yEH,7,6,136,15,0.9361702127659575,0.014405084168824134,0.10998888632692427,0.9795918367346939,0.1919139628819162,0.6147297662222431,0.9130434782608696,0.14805415864993343,0.5906542022183068,0.9795918367346939,0.020119535897500818,0.11555729625533173
yUyam,147,14,133,9,0.8095238095238095,0.010474334770162796,0.2587096198459049,0.9130434782608696,0.08082891054554409,0.4197327989520312,0.8372093023255813,0.09454330980092662,0.4694644819798165,0.717948717948718,0.006760642860149546,0.21469880639668337
ya,30,5,7,12,0.5294117647058824,0.010833332078321267,0.22714070680862442,0.8095238095238095,0.08782116443917354,0.4221053280751734,0.4375,0.03643877454678923,0.38458385528858785,0.717948717948718,0.02350340029381659,0.24204154590012494
yaH,2934,1304,4546,660,0.8095238095238095,0.012945790458875117,0.15644066150430969,0.8095238095238095,0.04284818117559919,0.36571492055041543,0.8372093023255813,0.05742269118231602,0.387495757944999,0.75,0.011619601442441563,0.1298239693715113
yaSaH,101,54,382,22,0.9583333333333334,0.03097517049752574,0.29595466774196977,0.9583333333333334,0.12969423305159877,0.5696906716709041,0.9795918367346939,0.10924648396804748,0.5558691438043034,0.9130434782608696,0.011970446474989238,0.22566235264577073
yaTA,959,981,5633,895,0.8888888888888888,0.015946234410506466,0.12812301191269615,0.9795918367346939,0.10039989182437858,0.5173064624093703,0.9795918367346939,0.13877266270048383,0.6535633623465815,0.9583333333333334,0.04512044132134163,0.2869019494692009
yad,20,63,149,15,0.9583333333333334,0.032569844159728634,0.18361392128011078,0.9583333333333334,0.09979948984709897,0.44627969041047055,0.9361702127659575,0.07580349138669351,0.4428142134752898,0.9361702127659575,0.03175659558734267,0.17676700742162932
yadA,125,178,930,77,0.9130434782608696,0.024509165607574324,0.18244399332944528,0.8888888888888888,0.07547943884765895,0.4390459802477278,0.9130434782608696,0.08871644824150393,0.4821909297786686,0.9583333333333334,0.03236244251031006,0.22266032615132414
yadi,309,356,2031,377,0.9583333333333334,0.026454423537554894,0.16521760321436352,0.9361702127659575,0.05819066005780904,0.36608301703412527,0.9361702127659575,0.05391995556553697,0.45594502312924035,0.9130434782608696,0.02041045213618442,0.16801872314082855
yajUMzi,9,13,18,6,0.9361702127659575,0.029241375198029496,0.16178074739993553,0.8636363636363636,0.052430498188327124,0.19365375144167496,0.8888888888888888,0.05950135560692582,0.21063594113480355,0.9583333333333334,0.015228567501747947,0.08128168033910321
yajYAH,35,8,108,15,0.9361702127659575,0.022429029185441762,0.17478565643183996,0.8372093023255813,0.04213379694020969,0.21968584912736566,0.8372093023255813,0.031850956204530156,0.24046487309419584,0.8888888888888888,0.02807709555236504,0.15916309773500625
yajYa,84,45,517,188,0.8888888888888888,0.0698044797649412,0.30905378963051655,0.8888888888888888,0.1116859010597323,0.3696751616503102,0.717948717948718,0.09884322357670716,0.45562674394954716,0.7804878048780488,0.04994929239998713,0.25424210874424014
yajYaH,234,66,271,65,0.9361702127659575,0.029937479542996637,0.16438785148431267,0.9130434782608696,0.053647631462373724,0.2744428787819553,0.9361702127659575,0.0723856949293209,0.28384153685020175,0.9583333333333334,0.03020576037512046,0.15397425463950132
yajYam,275,27,166,61,0.9361702127659575,0.0334951348926944,0.1468643477519288,0.9361702127659575,0.07275966059199845,0.2938146311757077,0.8372093023255813,0.06739964432093459,0.316578735245048,0.8636363636363636,0.031985254592472256,0.17775701315282144
yajYasya,253,41,86,36,0.4375,0.004077898540042035,0.08919135877687712,0.4375,0.007179365155313255,0.1625751442482979,0.48484848484848486,0.010790890449507429,0.20336559594918613,0.33333333333333337,0.003241109756245919,0.10443432822768917
yajYe,113,24,171,34,0.8372093023255813,0.052396211976930784,0.28069853368348796,0.8636363636363636,0.07277715542940943,0.3309559744369508,0.8372093023255813,0.07414883750084234,0.3020031317863988,0.8372093023255813,0.04801547567015174,0.23113500845222068
yajYena,51,16,33,18,0.8888888888888888,0.017809484669295328,0.14278034281704644,0.717948717948718,0.04746715456532524,0.21628986090329927,0.8888888888888888,0.07650843064872326,0.24797094525282282,0.8372093023255813,0.024627083541619132,0.13008357286728245
yajamAnaH,88,32,13,59,0.8636363636363636,0.023723804949315475,0.19000218712997152,0.8888888888888888,0.07280794405955693,0.2925087779379325,0.8636363636363636,0.05856689937096782,0.2991599095191846,0.8372093023255813,0.02548161585918396,0.20580052653624037
yajamAnam,62,11,7,16,0.9130434782608696,0.024889859428859684,0.191894302792174,0.8372093023255813,0.06041882596040171,0.28752046682964383,0.8372093023255813,0.05250222535437499,0.2694485131678219,0.8372093023255813,0.016041394852536417,0.14137182475666155
yajamAnasya,63,25,18,25,0.7804878048780488,0.012651575830304629,0.10078490623272396,0.5294117647058824,0.017169751923705956,0.1979705555792146,0.5294117647058824,0.033536887782147695,0.1972019158011009,0.6842105263157895,0.018873036225679263,0.11505437000838326
yajate,66,7,30,27,0.8372093023255813,0.018316734387285427,0.13530812851817342,0.7804878048780488,0.058901198636009955,0.18956497224269908,0.8372093023255813,0.04233506304853063,0.2315491700962713,0.717948717948718,0.02287152408481452,0.16128243415937615
yajeta,82,14,31,114,0.9795918367346939,0.06854835344380728,0.2631743772167877,0.9795918367346939,0.13622910458703896,0.45645041601956193,0.9361702127659575,0.09645575382300675,0.37943436025138055,0.9130434782608696,0.03578196379794041,0.15200243541099123
yajuH,24,34,26,25,0.9583333333333334,0.0707385982506763,0.3463249724666738,0.8888888888888888,0.077763546263791,0.3648784288943845,0.8636363636363636,0.0805505383673486,0.3974172391120834,0.8636363636363636,0.03380694458634603,0.20656342123243343
yam,463,127,523,147,0.8636363636363636,0.009394508502030163,0.1016644871027701,0.8888888888888888,0.0818407887519571,0.36665166708499664,0.8372093023255813,0.07194291586573842,0.37079274641835247,0.717948717948718,0.007436818452969618,0.07889616148465539
yama,35,10,441,18,1.0,0.11438070066408434,0.4658314362571656,0.9583333333333334,0.13024188921582358,0.5890165095608716,0.9361702127659575,0.12281698696732124,0.6129223763527737,0.9583333333333334,0.028003991346908008,0.34766324298157036
yamaH,59,11,148,9,0.7804878048780488,0.011477580367431184,0.14826488538400373,0.75,0.04602849010674159,0.3705524344609835,0.8372093023255813,0.061689666728528936,0.4043881429248959,0.6842105263157895,0.006802255336947449,0.13169787070460437
yasmAt,41,344,268,29,0.75,0.011446272671791102,0.15250418950380085,0.8636363636363636,0.0950585836462916,0.35918722107392065,0.7804878048780488,0.07384861997142445,0.3990544401827074,0.8636363636363636,0.013683964851101238,0.1610861199056417
yasmE,58,9,18,7,0.9361702127659575,0.03444166190853426,0.152782978986727,0.9361702127659575,0.07593352642755546,0.3134236415319922,0.9583333333333334,0.08990161343871239,0.3425746000624025,0.9583333333333334,0.03659508607536377,0.2110127249570678
yasmin,110,123,229,74,0.8095238095238095,0.024120845748756836,0.1537928933618854,0.8095238095238095,0.07544624924562049,0.262373385106098,0.8095238095238095,0.09023704755422357,0.3621070598944366,0.8888888888888888,0.030623648586371455,0.2948087632954438
yasyAH,24,6,62,27,0.7804878048780488,0.016653965150218997,0.12158805089168934,0.6842105263157895,0.034527381357061904,0.30750010358057844,0.8888888888888888,0.06966843464010575,0.30898619132828276,0.9361702127659575,0.026115359028726415,0.1573304811245131
yasyAm,41,8,41,18,0.6842105263157895,0.0140800604574427,0.15893361868956024,0.6111111111111112,0.0563972857808831,0.33584218024510115,0.75,0.04300645286411375,0.3098880134577242,0.8095238095238095,0.04172886804878162,0.1621692746553518
yasya,377,172,1023,165,0.14814814814814814,0.0005630534448204383,0.06770439629111713,0.27586206896551724,0.003368232633949586,0.19289110315258995,0.27586206896551724,0.00212915366304689,0.1703151913418537,0.2142857142857143,0.0013638652843662724,0.087364638078125
yat,4132,1319,4979,770,0.8095238095238095,0.016086750261538718,0.17372273868893862,0.8636363636363636,0.04813523250563678,0.3233948428025115,0.9130434782608696,0.0653168735699603,0.3398396789026987,0.8636363636363636,0.018385105204451024,0.22447924255903662
yatas,86,127,337,73,0.8095238095238095,0.011417935915459032,0.17892480188123305,0.8095238095238095,0.08036272648980758,0.44658952585828127,0.8095238095238095,0.09782197821148964,0.43067925166024756,0.7804878048780488,0.012250615205175008,0.1718021677866075
yatra,284,201,1697,206,0.8636363636363636,0.02167151507427012,0.19648728429448314,0.8372093023255813,0.07539762468469968,0.31431392217657894,0.8636363636363636,0.09915506916678185,0.4450088180259537,0.8636363636363636,0.015282940504367293,0.21732754229278795
yava,20,13,10,33,0.9361702127659575,0.040828821194703435,0.3292494800884198,0.9361702127659575,0.11439068753811266,0.4572398774513786,0.9583333333333334,0.10267048942196022,0.47474732760302785,0.9795918367346939,0.05576138608609793,0.42668767854148537
yayA,45,10,69,13,0.9130434782608696,0.04097230491742343,0.2845529766209467,0.8888888888888888,0.13835965528509309,0.36404327790660407,0.6486486486486487,0.07235565849269099,0.406884406113281,0.7804878048780488,0.04857141110585628,0.25724907652043405
ye,1201,222,2482,271,0.717948717948718,0.012878569708982934,0.15778828177927018,0.8095238095238095,0.029365447500991237,0.36310567613491107,0.8372093023255813,0.07430286016205823,0.43907246948024614,0.9361702127659575,0.05874114362470051,0.2090294783009834
yeByaH,12,5,8,5,0.717948717948718,0.026603250912733856,0.22308814463054705,0.6842105263157895,0.048990317618970214,0.3308532276202907,0.6842105263157895,0.06039388638328813,0.3054861798541355,0.6842105263157895,0.01742188185418503,0.19045992640132225
yena,342,162,958,113,0.27586206896551724,0.010642772164420666,0.10732581764681637,0.33333333333333337,0.026213592523078533,0.2655415130632839,0.4375,0.03863161535891968,0.3163764110749052,0.48484848484848486,0.010689486598450815,0.19383167460830508
yezAm,40,30,296,42,0.4375,0.007001666330891609,0.15124278696656546,0.4375,0.04262991416972406,0.3448316375200946,0.7804878048780488,0.07750777611090987,0.39498934705528566,0.7804878048780488,0.018361293086752717,0.09247464219866797
yezu,26,6,48,13,0.8888888888888888,0.019473734327609793,0.2215909381559411,0.8095238095238095,0.14333636341174216,0.483304542525151,0.8636363636363636,0.17061557810931605,0.4947720794574486,0.8095238095238095,0.023975058667566884,0.3073222794213307
yoniH,43,24,95,28,0.9583333333333334,0.04208198043046152,0.1855731381147363,0.9130434782608696,0.08293731737288457,0.3669841276822292,0.9130434782608696,0.06633175825583659,0.31016433123428644,0.8095238095238095,0.027509095163875008,0.1598929751574285
yonim,111,33,78,27,0.9795918367346939,0.05708055992186134,0.3813489541501839,0.9130434782608696,0.08173979743505388,0.4581025350552873,0.9795918367346939,0.08742406347379339,0.4706004469842753,0.9795918367346939,0.03320694872860264,0.1849748451626554
yozA,31,12,10,6,0.9795918367346939,0.03476083849181255,0.14543983416636186,0.9583333333333334,0.057090626325038474,0.2883834425422632,1.0,0.06277076976758933,0.29640632064589467,0.9361702127659575,0.013288123043399769,0.06456728282871727
yujyante,9,5,16,5,0.6842105263157895,0.01770078344782733,0.06162254735929373,0.717948717948718,0.03454705279162007,0.25898533069501806,0.75,0.062135004411316475,0.33501759913636486,0.717948717948718,0.012107090324031788,0.10263249283452458
yujyate,19,8,66,20,0.48484848484848486,0.009663671956709363,0.0744738322088987,0.48484848484848486,0.0332528813248274,0.23874580018952507,0.5294117647058824,0.05850725082383146,0.38280424521904455,0.48484848484848486,0.01610800596582096,0.22408970961458285
yuktA,15,17,58,10,0.9583333333333334,0.03315548585888284,0.21605805164461633,0.9583333333333334,0.17738220094785462,0.5662353403698615,0.9795918367346939,0.21363942719138296,0.6095390564148632,0.9583333333333334,0.02123735306853869,0.23484085954263811
yuktAH,27,12,273,22,0.4375,0.006643442987833037,0.0822816649372875,0.6111111111111112,0.04431971587136341,0.38665245825956895,0.6842105263157895,0.04391435859751458,0.4348212903392761,0.48484848484848486,0.012437634393550723,0.16664418272214232
yukta,8,5,114,16,0.8888888888888888,0.034478489783394406,0.32668112610786937,0.8888888888888888,0.1344215948666816,0.5166796200651492,0.8636363636363636,0.1390857406003786,0.5697948288185892,0.9130434782608696,0.027196405555017122,0.33890910366747207
yuktaH,16,67,500,68,0.717948717948718,0.010645931510681383,0.23645009639988168,0.7804878048780488,0.0636932520219552,0.505487940174355,0.9130434782608696,0.08836188285765523,0.5393559554156078,0.717948717948718,0.006099328638958235,0.1773139507081396
yuktam,7,134,492,73,0.9795918367346939,0.029216642000296833,0.23697501492066464,0.8888888888888888,0.11576018030495516,0.4805176099012096,0.8888888888888888,0.09072013767334552,0.5084346779463824,0.8095238095238095,0.0031724276188337397,0.1712197267262483
yuvA,51,12,110,8,0.9361702127659575,0.040932477111225496,0.31170318444573053,0.9583333333333334,0.11010331833936482,0.5629067948124802,0.9361702127659575,0.1375426201777742,0.5362492021645607,0.9130434782608696,0.037012055334420646,0.1961063448041842
yuvAm,15,5,39,11,0.7804878048780488,0.025675112496031716,0.19378647238722557,0.8095238095238095,0.061828295192946525,0.44270719323629404,0.8372093023255813,0.09106175006858197,0.45429848508789017,0.8095238095238095,0.02973940549798615,0.1677379468588015
zaw,56,17,102,66,0.9130434782608696,0.04916454367869383,0.16592220629714693,0.9361702127659575,0.0650393088385609,0.31083332055282575,0.6842105263157895,0.040579576742893586,0.2463563772714068,0.717948717948718,0.010315197113974772,0.07466307341981415
zaz,84,12,145,211,0.8636363636363636,0.026226016233966476,0.21487001602175615,0.75,0.038303338584479873,0.286560538484012,0.6842105263157895,0.020007050027541218,0.20601160524231776,0.75,0.013134578813949527,0.07801638833746538
zazWaH,5,21,14,17,0.8372093023255813,0.024074737254667133,0.1521709386371125,0.8095238095238095,0.035204524147375515,0.23803169768016497,0.6842105263157895,0.02272770841951055,0.19304115628205798,0.8636363636363636,0.01827049585373819,0.06559917725837006
zazWam,47,5,19,24,0.9583333333333334,0.04500350055719493,0.16827948441354135,0.9361702127659575,0.07436749425210742,0.3331423014947741,0.8095238095238095,0.027035892902593894,0.207489008297697,0.8095238095238095,0.010116867520597927,0.11010393475659863
zazWe,11,9,24,31,0.9130434782608696,0.029965708256879164,0.25557492611410093,0.8888888888888888,0.1083402347678517,0.456145210434333,0.8095238095238095,0.03012509695494292,0.29144920451263234,0.7804878048780488,0.016271127606287683,0.0831765555864914
zoqaSa,13,13,56,93,0.6842105263157895,0.023275572331186267,0.21243967947666353,0.75,0.0324111477954101,0.29329283400208916,0.6111111111111112,0.031137543064946094,0.27885286157564315,0.717948717948718,0.009099204880351874,0.13771206061263674
