word,freq_vedic,freq_upanisadic,freq_epics,freq_sutras,jac_ved_upa,so_ved_upa,proc_ved_upa,jac_upa_epi,so_upa_epi,proc_upa_epi,jac_epi_sut,so_epi_sut,proc_epi_sut,jac_ved_sut,so_ved_sut,proc_ved_sut
A,3302,43,61,505,0.9361702127659575,0.020763400585248504,0.37321197927328686,0.9361702127659575,0.025104722555875925,0.16820298778386722,0.9795918367346939,0.05848768466662835,0.35027354367553387,0.8636363636363636,0.02220660520139306,0.15360304833763228
AUM,9,79,24,46,0.9583333333333334,0.011054055808423557,0.07051356181258928,0.9361702127659575,0.03207662930849153,0.23531859776174713,1.0,0.033782586631323386,0.1992936609831275,0.9795918367346939,0.00626110900690624,0.06069656613215635
Acakzate,7,27,7,45,0.9583333333333334,0.0058297104352365015,0.07152134733677329,1.0,0.0883302437467055,0.33391185245569277,0.9795918367346939,0.04297113956557341,0.3453202554232674,0.9361702127659575,0.012985169216245152,0.08474376819526963
AdAya,8,9,560,36,0.9583333333333334,0.04617433102725366,0.32134261783835405,0.9130434782608696,0.08659134290475379,0.5517220041624249,0.8888888888888888,0.0801980337863778,0.5749632955447292,0.9130434782608696,0.05203355335470394,0.2910660652391761
AdityA,82,6,24,12,0.9361702127659575,0.013635007895477558,0.11602977005174009,0.8888888888888888,0.040739702497634034,0.3963581356832242,0.9583333333333334,0.07895664829090032,0.38602280611239714,0.9795918367346939,0.009246354886208286,0.15537929490948743
Aditya,38,21,18,15,0.9795918367346939,0.014055159912019999,0.15110725923482404,0.9583333333333334,0.04186159196624328,0.45667718049737827,0.8888888888888888,0.06962921901620511,0.4794069617642943,0.9795918367346939,0.013131610857151421,0.14034800388035729
Adityam,20,14,34,21,0.7804878048780488,0.006999933118750468,0.07921063424640984,0.6486486486486487,0.03409103040666939,0.20976073857482636,0.75,0.013610170354246942,0.22185270150045389,0.6842105263157895,0.003002599878637602,0.07714923850909039
Adityasya,13,12,8,5,0.8095238095238095,0.036767824379504876,0.18664905443444213,0.8372093023255813,0.08725218386728806,0.26011425805112376,0.2142857142857143,0.016133981128334418,0.1332064405363934,0.33333333333333337,0.0032372997663967507,0.08536641055528538
Aha,203,69,408,74,1.0,0.023210871162678393,0.1621141804658801,0.9583333333333334,0.06881625997122276,0.4483496186794136,0.9130434782608696,0.07664210200375943,0.4240535431186645,0.9130434782608696,0.02876760279155155,0.15077943962193063
AhuH,120,36,160,22,0.9361702127659575,0.02196394496109,0.05079674128889766,0.9795918367346939,0.08127073690715736,0.4002844915878453,1.0,0.07427285199248745,0.4187492987742081,0.9795918367346939,0.009373783242836886,0.06499776470335661
Ahur,193,21,357,12,0.9795918367346939,0.029165854995157336,0.08690794161252136,1.0,0.06155655664666593,0.36965056489952297,0.9795918367346939,0.0644281555526236,0.41540419363531045,1.0,0.028313150788845443,0.16763517336789313
Apa,58,22,16,17,0.9583333333333334,0.01411810397075608,0.049540133700023414,0.9795918367346939,0.05101681027520122,0.3932455881281056,0.9795918367346939,0.08759995470098714,0.39363275282626586,0.8636363636363636,0.006698648841650057,0.03005885780014661
ApaH,114,35,21,18,0.717948717948718,0.00808297562742144,0.13893687693106826,0.717948717948718,0.019883045074687522,0.4146334137097978,0.7804878048780488,0.03404983027377573,0.33537490006269566,0.6486486486486487,0.005869556541237664,0.06037884971558738
Apnoti,143,25,134,48,0.9361702127659575,0.014946435203982644,0.1507240735015215,0.8888888888888888,0.07340463709824319,0.35269910781378433,0.9795918367346939,0.10834311829797261,0.37373507983556387,0.8888888888888888,0.008236502055397388,0.0999577571185637
Apo,249,33,81,33,0.9583333333333334,0.004462696459044735,0.04563530962118301,0.9361702127659575,0.05361228816082941,0.3039040227383767,0.9361702127659575,0.05286106116338096,0.3071718325030276,1.0,0.010057190393989557,0.035258594784532304
AsAM,13,9,28,6,0.9361702127659575,0.006160082515865972,0.04525376220906041,0.9583333333333334,0.07953574971719846,0.478012778268991,0.9130434782608696,0.11736674155030169,0.4802058302127772,0.9361702127659575,0.005644083650706233,0.05033767360407482
AsIt,60,20,350,16,0.9795918367346939,0.017500725606583334,0.04431472452653895,0.9795918367346939,0.05624831457567048,0.5336456561253109,0.9583333333333334,0.08900296031596422,0.5541671795896976,0.9795918367346939,0.011953499500690135,0.0628057101633056
Asa,42,14,2474,16,0.9361702127659575,0.01492474376023456,0.12355255847080815,0.9795918367346939,0.08262547267371989,0.6137633215474174,1.0,0.11589957576762266,0.6253454684583819,0.9795918367346939,0.014652349488173178,0.14220121579642797
AtmA,104,264,168,31,1.0,0.013377931336131077,0.09536832346946,0.9361702127659575,0.08288596949613292,0.45076102661186535,0.9361702127659575,0.10951155970759363,0.47661738410972543,0.9583333333333334,0.012039013678375343,0.08148372370289314
AtmAnaM,27,57,287,23,0.8372093023255813,0.0077204600819701374,0.07586869096854287,0.7804878048780488,0.04302759984247928,0.40590269099033516,0.8372093023255813,0.04347758892944997,0.37879161486000723,0.8888888888888888,0.006651640063201736,0.03847611078327817
AtmAnam,44,45,209,37,0.8372093023255813,0.005469385953917882,0.09414703127296176,0.8636363636363636,0.02912855471940834,0.3081800664363036,0.7804878048780488,0.0251441969516909,0.325398273188343,0.6842105263157895,0.003828188337551941,0.08434677208450148
AtmanA,26,8,123,11,0.9583333333333334,0.015879888213232274,0.08563858380409473,0.8636363636363636,0.12273123547438147,0.4949014409355105,0.9361702127659575,0.10596083941354673,0.5483962589587478,0.9361702127659575,0.010493400368665418,0.06249673464838579
AtmanaH,8,33,398,56,0.9361702127659575,0.012551997749291055,0.09738829412619965,0.8888888888888888,0.11255389038447838,0.48519616755159845,0.8636363636363636,0.09091017623119857,0.5253440520891743,0.8636363636363636,0.012617217893242993,0.06489972614232364
Atmani,26,28,88,61,0.9361702127659575,0.013996124714448444,0.08503586046235656,0.8888888888888888,0.11310193882323882,0.4476434778726879,0.9361702127659575,0.08203917751241108,0.506817029476442,0.8888888888888888,0.01372641303981792,0.10764794782223785
Atmano,17,44,125,22,0.9361702127659575,0.02256695555295829,0.12199263934473747,0.8636363636363636,0.11729547059914758,0.40253280842774986,0.9361702127659575,0.10714526694037962,0.4720391586991236,0.9583333333333334,0.018562417380129315,0.10349494381919566
Ayur,176,23,65,45,0.9795918367346939,0.02722999966805495,0.15965237706325575,0.8095238095238095,0.04264556364383543,0.32661284524014733,0.9583333333333334,0.06734397739174092,0.36772554677798475,0.9795918367346939,0.020635868925610312,0.17354763846236065
BUH,12,7,27,15,0.9583333333333334,0.009453987908194184,0.04736776164756107,0.8636363636363636,0.04601833034773706,0.3565763260925907,1.0,0.09816012181353317,0.3815307213128458,0.9795918367346939,0.0039029159355759013,0.07642223075119603
BUr,22,12,49,39,0.9583333333333334,0.013910255705228636,0.11123844843152342,0.8372093023255813,0.05937887714922818,0.37741782463456797,0.9361702127659575,0.06399011005051936,0.41493488284447855,0.9583333333333334,0.019301121715782132,0.14655462783909523
BUtAnAM,7,50,256,10,0.9583333333333334,0.018113611166989507,0.05905688517045027,0.9130434782608696,0.08803599389082839,0.44782042665562205,0.8372093023255813,0.11760372267291153,0.5117513583729156,0.9130434782608696,0.006069895489257404,0.058552788164221936
BUtAni,28,112,342,15,0.9583333333333334,0.021890323182169547,0.1388483953228341,0.9130434782608696,0.08280663708725788,0.39958214487136856,0.9361702127659575,0.12191387903202433,0.4500229603953645,0.8372093023255813,0.007459139071217313,0.09580772138119509
BUtaM,39,19,166,9,0.6842105263157895,0.001519841472236716,0.06542582766090843,0.8095238095238095,0.034515395447100805,0.3640516938436299,0.8372093023255813,0.08405011507745397,0.4264733876856197,0.6842105263157895,0.0018270034704835902,0.09052814111901841
BUtvA,49,63,590,19,0.9583333333333334,0.011603929117716905,0.0395019685562743,0.9583333333333334,0.07120006273412893,0.48770033946295266,0.8888888888888888,0.0721133317907291,0.5035406018302842,0.9583333333333334,0.0035369446339711397,0.05288074467974713
BUyAn,12,9,10,5,0.9583333333333334,0.013939335996086544,0.06872769475611396,0.9361702127659575,0.12200493310761873,0.5045131505706455,0.8888888888888888,0.09478157835957068,0.49470355612919226,0.8888888888888888,0.012832171698483608,0.03973886431376106
BUyo,12,30,286,13,0.9130434782608696,0.006591045255291528,0.0697842615133295,0.9130434782608696,0.036352134851007856,0.37408398936782206,0.9361702127659575,0.0512401091379594,0.36542852322076713,0.8888888888888888,0.011806690546034226,0.07248425055721808
Bava,156,9,379,22,0.8888888888888888,0.029909793258536488,0.1873718543004339,0.8636363636363636,0.08416882035265538,0.43664722470083195,0.8372093023255813,0.10925954111379044,0.5214793535954703,0.9361702127659575,0.028013447592278973,0.23951612947302103
Bavanti,335,121,304,157,0.9130434782608696,0.041015036993256815,0.25572074766468755,0.8888888888888888,0.10231775413138655,0.3415198471938732,0.6486486486486487,0.038567718761326364,0.429926152445099,0.7804878048780488,0.019337443954678513,0.266236171699213
Bavanty,48,14,96,10,0.9361702127659575,0.026635128945539766,0.18533450302152077,0.9130434782608696,0.08635307519140789,0.3363369856440992,0.7804878048780488,0.05090025381194363,0.43400646954475863,0.9130434782608696,0.019683992103359804,0.21516691667703258
BavataH,54,19,80,33,0.9583333333333334,0.022688811437480583,0.13110325837797565,0.9583333333333334,0.09602585165876687,0.4445963310232881,0.8636363636363636,0.09635287220191913,0.49567426333496534,0.8636363636363636,0.010519909816117834,0.07060619360104736
Bavati,1056,853,642,602,0.9361702127659575,0.03196754735561169,0.13855078211962635,0.8372093023255813,0.06936124086862683,0.29641694847739464,0.8888888888888888,0.05535729558264435,0.386667003348671,0.8888888888888888,0.007914276221979044,0.08250481047949398
Bavaty,145,47,158,47,0.9795918367346939,0.03084222115389934,0.1509579110270367,0.9130434782608696,0.08324788677577122,0.39450965145090955,0.8372093023255813,0.07331883670914474,0.4422655719334022,1.0,0.025335133911328356,0.18060909032673822
Bavizyati,15,7,841,23,0.9795918367346939,0.019762204122978022,0.07059302737189699,0.9795918367346939,0.06897767993997461,0.4146639461354854,0.7804878048780488,0.05505276293562833,0.4442943718056436,0.8372093023255813,0.011325447529497379,0.05332414932918139
BuvaH,19,14,13,35,0.8636363636363636,0.019417858432730917,0.27733125577949447,0.7804878048780488,0.059200933448376736,0.37082499428640814,0.9583333333333334,0.06712743931018961,0.22797190290157865,0.8888888888888888,0.0206120893866808,0.24046132297341716
DanaM,18,21,266,29,0.7804878048780488,0.0018867615295489193,0.10928604263548869,0.8095238095238095,0.02325508461866621,0.476795044060061,0.8636363636363636,0.03221213724965122,0.4201309969386071,0.6486486486486487,0.005072011043850466,0.11141852084015702
DarmaM,5,9,562,35,0.8372093023255813,0.010900770028423268,0.13604389211115497,0.8636363636363636,0.049552777244992074,0.49125339020055847,0.8636363636363636,0.03380985951952309,0.4540194385292957,0.75,0.008925564539403186,0.2511114711411341
Di,97,18,403,29,0.9361702127659575,0.006899971768534741,0.13444888164953894,0.9795918367346939,0.042841245366975866,0.3058898597247015,1.0,0.05846897785855798,0.31311644990990306,0.9795918367346939,0.01032971533263849,0.10162825832479327
DiyA,100,11,16,9,0.9583333333333334,0.03401359986798613,0.3580195764651708,0.9130434782608696,0.06946781424462178,0.3484593200854148,0.9130434782608696,0.058044620961486104,0.3596430289886847,0.9130434782608696,0.020504211425816266,0.13855917825489406
DruvaM,9,6,183,5,0.5714285714285714,0.004543495087572014,0.04581756935749537,0.8888888888888888,0.012997927783369834,0.2524643404731286,0.8636363636363636,0.02806417877142875,0.2323908396671307,0.6486486486486487,0.0047072309356522846,0.08117214426277797
Kalu,13,57,186,9,0.9361702127659575,0.004818601508117082,0.0077073044754273345,0.8888888888888888,0.03992796267161969,0.27441653107937736,0.8888888888888888,0.04437688316232802,0.2524795613987989,0.8095238095238095,0.0037221711001719227,0.009066466801950224
SarIraM,21,86,156,7,0.9361702127659575,0.008534439485834877,0.06837407662296169,0.9361702127659575,0.04992936803269499,0.38076492018071617,0.7804878048780488,0.029737128718556938,0.30775300679111317,0.6842105263157895,0.002490336872859711,0.09208399695662428
SarIram,22,24,62,11,0.7804878048780488,0.013216713294031734,0.12017622648608461,0.8636363636363636,0.040305406944559974,0.3286635213320086,0.75,0.0209065192938217,0.3022014976828482,0.48484848484848486,0.001475778199175326,0.05618279220987987
SatAni,23,5,71,40,0.8636363636363636,0.012186416764079833,0.24663728674845697,0.9130434782608696,0.09551421772663737,0.4997686236517651,0.75,0.08731278036306289,0.3171313070358406,0.717948717948718,0.005849579554740081,0.0978434909042124
SataM,109,23,244,57,0.6111111111111112,0.004184325206068262,0.22562140881167525,0.8372093023255813,0.04085298177837915,0.4867742373715761,0.8636363636363636,0.06476538669202614,0.4379850640213554,0.75,0.007096604912529059,0.23045084220941137
Sira,7,13,7,10,0.9583333333333334,0.005725060749129263,0.11111139303335626,0.9583333333333334,0.054065555411216715,0.4873517231436719,1.0,0.08654111328533043,0.4932732276422741,0.8636363636363636,0.005494621762454743,0.12248905840391833
SiraH,28,22,107,23,0.75,0.008510231472653285,0.16614064004323492,0.717948717948718,0.02971132312453606,0.4161528153955337,0.8095238095238095,0.03651133998515799,0.32110634901918766,0.6842105263157895,0.0075872979408333485,0.0461014684120743
Siro,55,6,111,12,0.9361702127659575,0.00486624682250425,0.0607822856609912,0.9361702127659575,0.04430693798666363,0.4952171210668451,0.8888888888888888,0.08857815746322706,0.4572027937085167,0.9130434782608696,0.0036991714641518847,0.021801794861346036
SradDA,21,11,42,6,1.0,0.007557901583534643,0.06152781604418989,0.9361702127659575,0.04483762080955245,0.2688767395435595,0.9361702127659575,0.05531676876039637,0.24813300158903795,0.8888888888888888,0.006418876784958227,0.03745726248220138
SreyAn,5,5,34,34,0.8372093023255813,0.00584335840853667,0.03420631500126814,0.9130434782608696,0.080448741652968,0.42278230223098023,0.9583333333333334,0.07708487907708494,0.39695603683021496,0.9130434782608696,0.004412743660164087,0.02442744415286502
SrezWaH,9,6,113,7,0.9361702127659575,0.00930522947717205,0.05070312043541314,0.8372093023255813,0.04223920316156715,0.5117211948677275,0.9361702127659575,0.08516647058017279,0.4660672617382937,0.9583333333333334,0.005015263946124615,0.038129366861586744
Srotram,20,28,21,14,0.9583333333333334,0.015561143988007231,0.1083293876412279,0.8636363636363636,0.041618445248332914,0.23627961055756908,0.75,0.022493583734155664,0.24143010492986083,0.8095238095238095,0.0045335650768277835,0.09526101759742323
UrDvaM,10,30,121,39,0.6486486486486487,0.0038295604800854255,0.03575116326656791,0.8372093023255813,0.02851823049573632,0.3103443121630629,0.8372093023255813,0.048302358546508106,0.25607839579881186,0.75,0.0031418212784348754,0.08374687477157272
UrDvam,24,5,53,109,0.7804878048780488,0.009679216413425396,0.06571035246112622,0.8636363636363636,0.041598839974167134,0.2495822307048987,0.717948717948718,0.02084440269335408,0.2252663152687826,0.6111111111111112,0.0016826297851402217,0.04952860058933006
a,177,5,6,11,0.9361702127659575,0.006512175595007719,0.27904388013634196,0.9795918367346939,0.016433571386117896,0.06461780035176412,0.9361702127659575,0.026957519400661933,0.04955219592493665,0.9361702127659575,0.01130887302235628,0.2393155025345831
aBito,36,5,54,12,0.8636363636363636,0.005149748523349373,0.05857378410296399,0.9361702127659575,0.04508187533543351,0.5419830731948203,0.9583333333333334,0.0663402125856335,0.5129389766985775,0.8636363636363636,0.0066343351320333754,0.050021007485644864
aDyAtmam,5,8,48,9,0.75,0.007145340026350033,0.06832274351167933,0.5714285714285714,0.021297386239620963,0.20016716987578054,0.9130434782608696,0.05172341859707863,0.21646064820220035,0.8095238095238095,0.009150537683106696,0.030099302426728092
aSnute,31,6,142,16,0.9130434782608696,0.006351209280811454,0.044327844503646685,0.9583333333333334,0.08577995630286739,0.34830543862318475,1.0,0.08085792530855351,0.37988933447289197,0.9795918367346939,0.013168543338593297,0.08915260022970783
aTa,646,479,1882,539,0.9795918367346939,0.016286729524832677,0.08156248297870317,0.9795918367346939,0.03417673488374484,0.3792048577621929,0.9361702127659575,0.04710306054642721,0.40288826357834395,0.9795918367346939,0.009316372894754732,0.09378551457050421
aTo,395,20,190,12,0.9583333333333334,0.010579345027285636,0.033693287537682304,0.9361702127659575,0.035580810593157985,0.35166217192497473,0.9795918367346939,0.0722626375731742,0.3593540796352084,0.9361702127659575,0.006777126737134931,0.04585174243861889
abravIt,43,14,1702,9,0.9795918367346939,0.009183386934771942,0.04475627998377574,0.9361702127659575,0.05238644723433461,0.4762948783995453,0.9361702127659575,0.08344905607605879,0.5004592503953598,0.9583333333333334,0.004936955836468693,0.05693127082153171
adBiH,11,6,14,8,0.9361702127659575,0.01473236426883473,0.3349162783622628,0.9130434782608696,0.07749980532232892,0.5457430905684686,0.9361702127659575,0.11347535236198703,0.5384097528601678,0.9795918367346939,0.018357334749120935,0.3016996676589836
agnAv,12,7,8,11,0.8636363636363636,0.01573939488268017,0.04035597950131842,0.9130434782608696,0.03445728560691497,0.258259188190183,0.8888888888888888,0.050811972886034784,0.3273490959339598,0.9130434782608696,0.02427714738525477,0.07813043826150778
agnO,45,43,46,31,0.8636363636363636,0.01568775997417471,0.08759581588586784,0.8636363636363636,0.04086634472463113,0.26869046504234273,0.8636363636363636,0.06587789858669513,0.336968577174813,0.8372093023255813,0.02073843263848829,0.11428623247010283
agneH,34,6,12,23,0.9361702127659575,0.014045976738864652,0.07772626567694974,0.8888888888888888,0.03439921949886071,0.23984404674004134,0.9130434782608696,0.059223723629409086,0.31927672917285044,0.8888888888888888,0.015853180522166554,0.05665352223038478
agner,78,5,40,22,0.9130434782608696,0.012305119401063491,0.06136431093896533,0.9130434782608696,0.022415835341113577,0.26023949696466486,0.9130434782608696,0.06997568448607072,0.33801926127285387,0.8888888888888888,0.0210983691688581,0.07525142613867697
agniH,192,20,49,69,0.8636363636363636,0.018042264040591505,0.15139901206276485,0.9583333333333334,0.05580857072801926,0.3531114613363051,0.8888888888888888,0.06881693241592357,0.3540897045607785,0.7804878048780488,0.021653235582423047,0.10687008419040844
agniM,84,7,95,36,0.8636363636363636,0.017533934016339514,0.1312124457531717,0.8636363636363636,0.05055765851034877,0.37732549208596633,0.8636363636363636,0.13936096963017608,0.5013363166873863,0.7804878048780488,0.012483969396179018,0.10291531366348172
agnihotraM,9,5,30,8,0.9795918367346939,0.014807953509321403,0.03717167861471893,0.9795918367346939,0.05389591264543703,0.21660469755034928,1.0,0.07168467831861858,0.1955582482401914,1.0,0.009050957120035008,0.04381183132115796
agnir,470,26,172,159,0.9130434782608696,0.016468282960669156,0.1349227571089544,0.8372093023255813,0.047225675796591426,0.28446476034519663,0.8372093023255813,0.06013033492496711,0.38041353558174673,0.75,0.027647095515782483,0.12457391078602431
agre,121,8,72,35,0.9795918367346939,0.011551010100114056,0.058905514154591776,1.0,0.03995056145429976,0.3561835768703472,0.9583333333333334,0.05503759210782866,0.39730450307885323,1.0,0.011877983530194647,0.06287789980329783
ahaM,157,71,2118,10,0.8372093023255813,0.01765363081788962,0.13317280741685078,0.75,0.03940254581665992,0.41411272881843075,0.8095238095238095,0.05186008989479152,0.40121444636698056,0.5714285714285714,0.0032810168822131613,0.11584889904628437
aham,170,53,1096,106,0.75,0.021260332315389707,0.14478484452216356,0.6486486486486487,0.023233824257963276,0.32917682595273323,0.6486486486486487,0.02299583311632314,0.2761711893279575,0.717948717948718,0.0034935066051946517,0.11077763061419132
ahar,199,12,16,56,0.9361702127659575,0.022767328876227344,0.14410326055723333,0.9583333333333334,0.023479362299879125,0.34450215453984145,0.9583333333333334,0.06146237099049878,0.3098229053046908,0.8636363636363636,0.007265766856045186,0.1022582047677073
aho,13,6,225,12,0.9361702127659575,0.0061232810503358825,0.10030624749238937,0.9583333333333334,0.05347188501155309,0.36130666411455925,0.9583333333333334,0.0712988145866853,0.39652276959514254,0.717948717948718,0.005149243451144536,0.06524827344179651
akzaram,10,19,29,8,0.8372093023255813,0.010651859021963306,0.10315535623331218,0.75,0.026936802907951862,0.26554215898648037,0.6111111111111112,0.013404649690736403,0.2541532092763257,0.5714285714285714,0.0014288704454834544,0.07819241697647006
amftam,30,33,26,8,0.7804878048780488,0.008136707515634667,0.14471855337138728,0.75,0.03766746012374089,0.23652373753320188,0.717948717948718,0.020158402930227193,0.25589647858822206,0.717948717948718,0.0021601265120386737,0.0677370403851929
anena,16,30,181,47,0.8888888888888888,0.013183117962305424,0.09302160253390812,0.9130434782608696,0.13067501618130417,0.5212689923837028,0.8095238095238095,0.13177628969347643,0.43233377853915567,0.8636363636363636,0.005760377240831338,0.045615143682423365
annaM,93,73,174,24,0.75,0.004642858635054314,0.12211622440392844,0.717948717948718,0.015415124852643847,0.3076264170322819,0.75,0.037188753623874304,0.2784164688421724,0.75,0.008017653913894529,0.11366940898676892
annam,124,35,64,28,0.75,0.009034149054854335,0.1552003811436382,0.75,0.04022174113289656,0.21841542798726166,0.6111111111111112,0.013922895004115032,0.19399291403714924,0.6842105263157895,0.004326620691757488,0.12226589125551579
antaH,104,12,11,42,0.9583333333333334,0.01763639635189118,0.2573523286812095,0.75,0.06802663237844864,0.4738590700177996,0.8095238095238095,0.03684100785413347,0.36080986252894387,0.9130434782608696,0.010438521291493585,0.2433541190188464
antarA,39,7,25,23,0.9795918367346939,0.023675063425499077,0.2313891350299908,0.9583333333333334,0.06794492805313412,0.4476823547955786,0.9583333333333334,0.050191272097529716,0.4130014586573285,0.9583333333333334,0.01520313038690091,0.24911161465001208
antarikzam,68,8,8,18,0.8888888888888888,0.014101754295930968,0.16607309319719432,0.8095238095238095,0.03391216379153028,0.25558019960784384,0.7804878048780488,0.03564092451151435,0.3032795147616978,0.8372093023255813,0.014323492742759014,0.15406471519179044
anu,687,21,85,38,0.9583333333333334,0.005513474927959061,0.1296992202328897,0.9583333333333334,0.07604556953889963,0.5574800645679211,1.0,0.16493922067869682,0.5616289412569297,1.0,0.06279341104404368,0.20916968655228985
anyA,47,11,38,19,0.9361702127659575,0.006716497165790258,0.10496133007794883,0.9795918367346939,0.0474415784856097,0.46507734084099583,0.9361702127659575,0.1069109628136149,0.4348789088897609,0.9795918367346939,0.00836129981195144,0.15679957574310033
anyaH,20,7,86,13,0.6842105263157895,0.00766593248858638,0.14635197318172155,0.7804878048780488,0.039113487086182896,0.4038843729934991,0.8095238095238095,0.04636359520946298,0.31793747968897534,0.8095238095238095,0.009671240134259018,0.11480631769384564
anyad,43,10,161,35,0.9583333333333334,0.017046161256582648,0.15196731171803401,0.9361702127659575,0.09249609177516904,0.4097273184732131,0.9130434782608696,0.10218687416824168,0.34767196600349815,0.9583333333333334,0.0130108773650498,0.13588462917082
anyasya,11,6,22,6,0.33333333333333337,0.0401123957116829,0.19781224828412303,0.33333333333333337,0.04357278743588333,0.2745810380118099,0.33333333333333337,0.024705450312789368,0.1754196995489925,0.2142857142857143,0.0049707755282117905,0.07564166642325276
anyat,13,5,101,33,0.9583333333333334,0.01980321542649388,0.11600246312409346,0.9361702127659575,0.09407813421958622,0.43454664408640664,0.9130434782608696,0.12162555005993414,0.3599014764243298,0.8636363636363636,0.014307200616129001,0.10908925304127937
anyatra,29,7,104,126,0.9583333333333334,0.015754398026202154,0.10891875601724466,0.9361702127659575,0.06500429620322268,0.3239898007604839,0.9361702127659575,0.07760452933689332,0.3098816225547665,0.9583333333333334,0.008604078065991172,0.11900595651853296
anye,35,14,312,80,0.9130434782608696,0.010915582195382245,0.09851924411002255,0.9583333333333334,0.0527234873104776,0.5532573326238829,0.9795918367346939,0.09745857771289901,0.5477352863335899,0.9583333333333334,0.008374779410249777,0.14123393985396127
anyo,58,41,114,18,0.9130434782608696,0.005672824103857943,0.10490295532238947,0.9583333333333334,0.046121876898103875,0.4243661578369514,0.9583333333333334,0.09050278703411241,0.38081931061103313,0.9130434782608696,0.008191441051124237,0.11313364219262634
apAM,60,11,45,12,1.0,0.009347124562012588,0.05040042432343017,0.8888888888888888,0.0694153824780015,0.5021255187420003,0.9130434782608696,0.126652249843768,0.5225310813416916,0.9795918367346939,0.005146047422939448,0.07576609667722212
apAm,75,6,9,10,0.9130434782608696,0.00904280561933446,0.1327703745312736,0.8888888888888888,0.047073092350493395,0.4765161576218423,0.9361702127659575,0.0860924245427892,0.3785439123471207,0.9130434782608696,0.013245772817365609,0.04653493803033648
api,186,116,3759,354,0.9795918367346939,0.0096695801062322,0.1470861970635562,0.9361702127659575,0.08866878219992458,0.5497892916928391,0.9795918367346939,0.08990498231340538,0.5431820998131909,0.9795918367346939,0.011555892792096345,0.1792328697936536
apsu,90,13,44,27,0.9583333333333334,0.01222067902008217,0.11687988872264066,0.9795918367346939,0.021460836540334483,0.2704564587819316,0.9361702127659575,0.05408690786730508,0.26843238220467003,0.9583333333333334,0.005796303815149173,0.0924669668685516
apy,50,33,717,92,0.9795918367346939,0.009051922909482424,0.039230335320401544,0.9583333333333334,0.03709857714867859,0.37680570451579865,0.9795918367346939,0.08592268884940724,0.3880158057068128,0.8888888888888888,0.005246847590872461,0.040405116875401714
arTaM,6,8,127,78,0.6486486486486487,0.0041662451730071215,0.07522341523927611,0.9130434782608696,0.018004380190540403,0.3097933765222104,0.75,0.031061202513953834,0.28783132889101726,0.717948717948718,0.00427633756535728,0.21755294330367092
arTam,16,6,44,69,0.8372093023255813,0.015456183992122119,0.17901848123876207,0.8888888888888888,0.04055702954251128,0.2856320565793199,0.717948717948718,0.016323026368474824,0.15907537708473596,0.6486486486486487,0.005316272287103074,0.10713732805180398
asAv,33,6,13,19,0.9795918367346939,0.014217410125556662,0.08701519960925463,0.9795918367346939,0.05664751710649363,0.37811335029674253,0.9583333333333334,0.06841281208438998,0.3526302751480551,1.0,0.03936524841823086,0.23460373674737145
asO,100,29,182,37,0.9795918367346939,0.0259870693637837,0.18622018459497303,0.9583333333333334,0.10972972609682574,0.4160945601608108,0.9583333333333334,0.12760366563748415,0.43472045235968304,1.0,0.029675791441900135,0.1587923165303755
asi,480,44,364,183,1.0,0.2143490678484028,0.5679704001511003,0.9361702127659575,0.11810166671645306,0.5792514085878742,0.9130434782608696,0.11012509379748059,0.5971866523537337,0.9583333333333334,0.046057396816950535,0.28858025255829756
asmE,193,16,55,45,1.0,0.036270652949607185,0.28105642535706055,0.9795918367346939,0.050346856512572424,0.3611080475240538,0.9361702127659575,0.08335044905141686,0.43231753002300055,0.9361702127659575,0.029337460648548253,0.17128923041774735
asmi,64,28,194,7,0.9583333333333334,0.04163588237216875,0.2975371415393022,0.8888888888888888,0.07947821206463268,0.5207131391161608,0.9130434782608696,0.10375467286803586,0.49042372552335844,0.9583333333333334,0.024014890945534106,0.14696585219594605
asmin,141,22,210,58,0.8888888888888888,0.04323510010958964,0.29496623012950973,0.8888888888888888,0.11642958651863256,0.5306475367152848,0.9130434782608696,0.12269297540397306,0.5066654425332453,0.9130434782608696,0.0319120523720845,0.2821424968145221
asminn,29,9,57,7,0.8888888888888888,0.025859608799132405,0.20083924695052713,0.8372093023255813,0.06710300761516319,0.4230443754282207,1.0,0.11536090017989642,0.4782059676827014,0.9583333333333334,0.010861596303068821,0.10049762388661254
astam,23,6,20,5,0.8095238095238095,0.013663562633107751,0.18546887751485508,0.6842105263157895,0.025465668555869958,0.2713890091534712,0.6842105263157895,0.019569313791747533,0.26130430508775593,0.6842105263157895,0.0034656573912463795,0.11234691143554199
asti,152,69,317,31,0.8888888888888888,0.006523681356075062,0.12469815513972726,0.8095238095238095,0.04408007397104263,0.34990558077945466,1.0,0.0625388594057481,0.3793081887417007,0.9583333333333334,0.007444044054116583,0.13062952529479044
astu,405,18,162,38,0.9361702127659575,0.022458474109228854,0.2699237044497047,0.9795918367346939,0.0811781025136965,0.38557214129223893,0.9583333333333334,0.0746638164670288,0.4437615563068933,0.8888888888888888,0.026584635033060855,0.1798398274693137
asyA,98,6,64,19,0.9583333333333334,0.03337848263941223,0.1806980147961279,0.9795918367346939,0.08832081417696414,0.40108663751374574,0.9130434782608696,0.05980566147423605,0.36053330845346365,0.9361702127659575,0.03349200283228759,0.1577867471111878
asya,968,99,714,264,0.33333333333333337,0.04652167889447267,0.21648129595734267,0.33333333333333337,0.05753190646311246,0.2820122624878888,0.2142857142857143,0.017498461316308167,0.18158797021353523,0.14814814814814814,0.0055100599026005614,0.09660082103308798
ata,28,80,51,90,0.9361702127659575,0.019230854639307293,0.32322326157121717,0.9583333333333334,0.15363723737284796,0.6183815315568947,0.9361702127659575,0.13210326350312052,0.41232856527238637,0.9130434782608696,0.01665677666290899,0.16338419586971797
ataH,30,90,173,39,0.8636363636363636,0.04087201219654679,0.19694771315406934,0.8372093023255813,0.10664387449521262,0.4717859071101047,0.6486486486486487,0.04314210088773107,0.40667038001827693,0.6842105263157895,0.011096226676364451,0.13376746421386465
ato,47,242,189,84,0.9583333333333334,0.050271614994921054,0.35259226376276986,0.9130434782608696,0.12463780917850698,0.5240144336317564,0.9795918367346939,0.1164216322066094,0.5117746137947041,0.9583333333333334,0.024609397198667615,0.25515780614779526
atrApi,5,5,13,15,0.9583333333333334,0.007707133865482496,0.12953849342980794,0.9130434782608696,0.050083533808237046,0.33900976164629837,0.9795918367346939,0.050521915951684315,0.3269619234026875,0.9795918367346939,0.005277807030320769,0.08583255646188692
atra,190,62,684,222,0.9583333333333334,0.00761779933653095,0.11562834918087894,0.8888888888888888,0.07133718862828309,0.44276581185154007,0.9130434782608696,0.08336387924820077,0.46494400162417504,0.9795918367346939,0.008425953413633058,0.1627816944913345
ayaM,170,76,683,63,0.717948717948718,0.0026216016034075196,0.1811593224338658,0.9583333333333334,0.059153789677724444,0.46840387301338426,0.8888888888888888,0.08723937328438391,0.46411860003911154,0.5714285714285714,0.0014932280753754412,0.12708084352394988
ayam,137,46,193,134,0.7804878048780488,0.01674790880781518,0.12913760293770427,0.7804878048780488,0.04317384344892394,0.34476660184138885,0.5294117647058824,0.01686222593040798,0.3328280136000433,0.6842105263157895,0.002551687889726262,0.08905929962229286
azwO,30,11,117,52,0.8636363636363636,0.004911761657008684,0.04303592461436079,0.9130434782608696,0.06126170451948809,0.4110812984574864,0.8095238095238095,0.05068546492721138,0.2761275388405866,0.9130434782608696,0.005413804406196543,0.044056750672312295
bAhU,57,7,87,8,0.9583333333333334,0.01131584791826623,0.061033111035417975,0.9130434782608696,0.0501159043204491,0.5022715216036948,0.8888888888888888,0.05894313019323749,0.4599703158968447,0.8372093023255813,0.005391185715841296,0.03321667040233134
baBUva,75,39,580,9,0.9130434782608696,0.005248170351831449,0.0729815969308818,0.9361702127659575,0.04659460929185211,0.4877762138585795,0.9130434782608696,0.049775490871993844,0.4807731844367461,0.9361702127659575,0.0026814852147910573,0.044769880575212584
bahu,51,31,283,47,0.9795918367346939,0.012934029028702998,0.036386025810348555,0.9583333333333334,0.07591023595608548,0.5503290829020762,0.9583333333333334,0.07525332944415497,0.5410150492693514,0.9361702127659575,0.007902106772064932,0.06745721585918518
bahv,7,6,40,9,0.8636363636363636,0.004929741459565928,0.019482582183669273,0.9361702127659575,0.04150250905568731,0.48538201750573085,0.9361702127659575,0.06040052618508851,0.5047570548491591,0.8372093023255813,0.003756615654832096,0.03519364082698384
balaM,31,14,566,34,0.6842105263157895,0.006368123864412656,0.08700800351714189,0.8095238095238095,0.028847399590721468,0.47717096611613485,0.8372093023255813,0.04753511692632839,0.38184840677783227,0.6486486486486487,0.001816300585097852,0.1312449371093669
balam,69,5,435,31,0.7804878048780488,0.016795095107114077,0.16567437394049345,0.8636363636363636,0.06693054138224819,0.5343481521525699,0.7804878048780488,0.0338875342579541,0.4742376207450638,0.717948717948718,0.006678042942887874,0.11379003730976178
balena,24,10,181,9,0.8636363636363636,0.006294614007268828,0.05123377140286489,0.8888888888888888,0.12794534102027944,0.569086884010908,0.8095238095238095,0.13213026392817318,0.5158022195022705,0.8095238095238095,0.004329434226375994,0.05951790444214211
baliM,11,5,62,18,0.9361702127659575,0.00461533212181553,0.012146067823304074,0.8888888888888888,0.05099016970028081,0.4528714375654208,0.9583333333333334,0.09652185836468385,0.4221276735219568,0.8636363636363636,0.003018342663069218,0.03952873523959566
bfhaspatiH,86,10,62,10,0.8636363636363636,0.007871697416878431,0.21295486697419275,0.9583333333333334,0.0678789224211932,0.3976966223672538,0.9795918367346939,0.06830129071599123,0.32372566610212994,0.9361702127659575,0.026030712002640066,0.1784876990494526
biBarti,46,10,39,6,0.8888888888888888,0.00494478440220425,0.03799220643837353,0.9130434782608696,0.042282315028198014,0.2820023461967853,0.9583333333333334,0.046946469377709965,0.29406249067395385,0.8636363636363636,0.003635980189691135,0.03847046164259016
brAhmaRA,17,39,215,15,0.9130434782608696,0.00886017108863646,0.08758817815548281,0.9130434782608696,0.10363631284744912,0.4824815408085973,0.9583333333333334,0.13930776559105984,0.5254012643730626,0.9583333333333334,0.024550617812027276,0.15674131835395433
brAhmaRAH,5,11,143,14,0.8888888888888888,0.0164686704163709,0.05859113595039678,0.9361702127659575,0.09635389605962497,0.4600146421481045,0.9795918367346939,0.11576116886575483,0.4832475459066694,0.9361702127659575,0.010366135567564161,0.10136218430104693
brAhmaRaH,5,21,170,27,0.8636363636363636,0.007216701232709344,0.061307686305639764,0.9361702127659575,0.10426937158580596,0.4199840023129926,1.0,0.1102866259418831,0.45894803306797805,0.9361702127659575,0.01231469287489817,0.10715674822852139
brAhmaRaM,34,9,177,25,0.8636363636363636,0.004993598119815257,0.09639926346111594,0.8636363636363636,0.04214739208753415,0.4031575426563724,0.9583333333333334,0.11448473716432006,0.4215403324073952,0.9361702127659575,0.008541347726390258,0.09296850533774381
brAhmaRam,183,43,28,13,1.0,0.02658203908250556,0.17834010992495442,0.9795918367346939,0.08643006272769316,0.4288482123355002,0.9361702127659575,0.08944393038055065,0.40523037566659736,0.9361702127659575,0.012868660055785353,0.129524632964923
brAhmaRasya,17,12,134,39,0.6842105263157895,0.025511853653690242,0.18734921997148746,0.75,0.06373925277044268,0.3239502288352374,0.8372093023255813,0.07010534630532084,0.27677165893315725,0.6111111111111112,0.019170685723055803,0.10383202255121471
brAhmaRo,17,14,261,43,0.8888888888888888,0.017214181729763633,0.0938292977483488,0.9130434782608696,0.10314755883200255,0.44985559624834015,0.9795918367346939,0.1179423643242552,0.4733202137699992,0.9361702127659575,0.010401913646854943,0.1197596036686619
brUhi,27,14,544,5,0.9361702127659575,0.004310765288791374,0.041056169228234296,0.9583333333333334,0.04226722605707345,0.34206524227398394,1.0,0.06440563612589645,0.3853938617311846,0.9583333333333334,0.007904402426104462,0.050941877472610364
brUyAt,54,25,43,67,0.9583333333333334,0.021062623861932805,0.09302931088649102,0.8888888888888888,0.04517655848437885,0.3017366089145245,0.9361702127659575,0.05012090797711721,0.2805458988571782,0.9361702127659575,0.00559747725698112,0.07815446800601844
brahmA,77,28,291,48,0.8095238095238095,0.005230247973633806,0.07598039550560354,0.8636363636363636,0.09636461169774713,0.41723451407921996,0.8095238095238095,0.07656402319008593,0.42429406427003,0.8636363636363636,0.02552871690692604,0.22478958267129456
brahma,303,370,330,125,0.8095238095238095,0.009472857045878746,0.10442333517096736,0.8095238095238095,0.07325001853677038,0.2924444247790604,0.8636363636363636,0.07814955649667255,0.43671718431410156,0.8888888888888888,0.05364388828588651,0.3166694223322115
brahmaRA,147,20,138,21,0.8095238095238095,0.00757152289800489,0.08026245809813282,0.8095238095238095,0.08306242287678267,0.37354935547748247,0.8888888888888888,0.08478765480814976,0.4701019705934971,0.8888888888888888,0.04399268658468969,0.26408234536603836
brahmaRaH,13,66,94,13,0.7804878048780488,0.007276901952881665,0.06423413135554967,0.7804878048780488,0.07922754788493269,0.34703259346705684,1.0,0.11242988872314541,0.40036459825621795,1.0,0.009832080847858027,0.12738308679662502
brahmaRe,42,14,15,15,0.8095238095238095,0.006305319758373229,0.07325077491477783,0.8095238095238095,0.07420832412637024,0.30842933891356084,0.8372093023255813,0.08264991314971337,0.4167874426788607,0.8636363636363636,0.028646524460837264,0.20504824719832437
brahmaRo,35,93,81,6,0.8372093023255813,0.007357677470381296,0.08181149709047908,0.8372093023255813,0.09097685784016829,0.34189257893805136,0.9361702127659575,0.08840135069007415,0.4122351232547843,0.9361702127659575,0.013857916693690298,0.1860546083633252
brahmacArI,18,6,112,16,0.8372093023255813,0.0035649573131628642,0.056457108963256286,0.8372093023255813,0.07754416045214718,0.355193877585393,0.9583333333333334,0.07484994785219123,0.36564592890967584,0.9583333333333334,0.009527621024183142,0.1239020683564136
cAsya,6,15,486,21,0.5294117647058824,0.02716635394662914,0.1467657877812496,0.5714285714285714,0.07132864300301933,0.39348667217244193,0.4375,0.01824021153694344,0.3121829599219583,0.33333333333333337,0.0029873938960518487,0.06275083752499899
cEva,37,15,5952,281,0.8888888888888888,0.019813905333977866,0.10111164467128497,1.0,0.060445811344233547,0.4909563708797734,0.9583333333333334,0.07652764958096747,0.48607877657335674,0.9130434782608696,0.011389573956028132,0.09102465733884157
ca,3413,2415,52377,5421,0.9795918367346939,0.017239266984132473,0.17157526832276893,0.9795918367346939,0.0816575124588852,0.5076129850334472,1.0,0.09735132344060271,0.45769539231060896,1.0,0.007757067562238151,0.12205886569808466
cakAra,74,21,340,8,0.9583333333333334,0.010000543520925831,0.12152409374996387,0.9795918367346939,0.06746823052067241,0.5369367012897877,0.9583333333333334,0.10150795560666992,0.5673954592920055,0.8888888888888888,0.003653597185843571,0.16568024971749418
cakre,57,16,520,7,0.9361702127659575,0.014965130176709418,0.1727221470399215,0.9583333333333334,0.09030191763051498,0.6162638797307048,0.9583333333333334,0.07981380120802006,0.581997803094529,0.8888888888888888,0.0076245834458490425,0.09711580691700461
cakzuH,55,37,24,14,0.9361702127659575,0.014062749144124642,0.13472630410521003,0.8888888888888888,0.060919454488049585,0.44805773161182705,0.9130434782608696,0.06980287065556123,0.3295593176501336,0.9583333333333334,0.004700106678605875,0.0651424765009947
cakzur,126,40,80,26,0.9361702127659575,0.013679330728370909,0.1346227616305693,0.8636363636363636,0.058503376266424656,0.43893073884613876,0.9361702127659575,0.0721114238488737,0.34248024547255085,0.9361702127659575,0.00972421267114687,0.08238908344143991
cakzuzA,68,27,130,23,0.9583333333333334,0.009743635532184824,0.08646067114003053,0.8888888888888888,0.05656599830368525,0.49502228140552007,0.9361702127659575,0.07108515876862287,0.3521470382349918,0.9130434782608696,0.008537193134010246,0.07120140971128475
cana,126,13,1116,50,0.9583333333333334,0.009344890257526273,0.053192021212648655,1.0,0.05213494523994444,0.4107530087292982,1.0,0.09611542263751982,0.46385900111231826,0.9795918367346939,0.010458017867635228,0.14878399059357528
caranti,97,7,75,43,0.9130434782608696,0.019886191409048792,0.25478796198298714,0.8095238095238095,0.08302381583644158,0.5075767937506728,0.7804878048780488,0.06770953400627067,0.49979545910909096,0.8372093023255813,0.012921792693647571,0.2609889568118381
caritvA,7,7,10,12,0.9361702127659575,0.0043533698414818245,0.08284579630797473,0.8888888888888888,0.04748576601218513,0.404163647432044,0.8888888888888888,0.054097937456383915,0.3938783730895359,0.8372093023255813,0.0049256388864554745,0.07943168341452511
caturTaH,6,12,7,21,0.8372093023255813,0.007334274309271582,0.11205443044590557,0.75,0.021059468376384505,0.2796951059094538,0.8636363636363636,0.07106256300990865,0.33374187817215795,0.75,0.007138249168820554,0.07092095471799809
caturTaM,5,11,42,10,0.9583333333333334,0.023434724603788037,0.09759709874970013,0.9583333333333334,0.06180316908970096,0.31338974458311786,0.8372093023255813,0.07916406767655626,0.29666291885085205,0.8372093023255813,0.00967141846182673,0.06726402339693038
caturTe,16,7,21,41,0.9130434782608696,0.009032473816983577,0.10611568423751139,0.75,0.05500856908390128,0.4131262832860524,0.6842105263157895,0.06104038857845062,0.37914371680290704,0.8372093023255813,0.009526018880660292,0.07886703998328104
caturTo,5,9,10,5,0.8888888888888888,0.013846831997886833,0.12252705509379602,0.8372093023255813,0.08373284624903166,0.3952195554655268,0.717948717948718,0.08640667732889573,0.4109873774755447,0.8372093023255813,0.006340920939645556,0.06562021010302288
ced,17,35,255,71,0.9795918367346939,0.004970030476619147,0.06526080097084797,0.9583333333333334,0.08010062580873378,0.4198992734061203,0.9361702127659575,0.04975692557219469,0.39449738628573194,0.8372093023255813,0.0022334055381150186,0.01484935478725602
cen,5,25,118,18,0.9795918367346939,0.018922667683376804,0.2009250370476925,0.9795918367346939,0.07928621816837389,0.2912435023927815,0.9130434782608696,0.046521871660687664,0.36957396057125536,0.8372093023255813,0.0026881229835022946,0.013102389975036877
ceti,16,68,165,34,0.8372093023255813,0.008260428829722222,0.09602437764695093,0.8888888888888888,0.07618233686121023,0.3669702173720113,0.8372093023255813,0.0747223117578758,0.4232831319849464,0.9130434782608696,0.004467351382760554,0.11533318807165927
daDAti,176,5,11,14,0.9583333333333334,0.00814930718718665,0.09339987230391644,0.8372093023255813,0.042875111010360234,0.2999297118441667,0.8372093023255813,0.06784685084387898,0.3198051880614453,0.9130434782608696,0.007270960804231064,0.10213898756901751
daSa,127,19,436,186,0.7804878048780488,0.02491103494878666,0.2867193182527781,0.8372093023255813,0.06009333352806756,0.5281744240461757,0.75,0.08642179360110613,0.4657904104487378,0.6486486486486487,0.007002388813814431,0.10907006051183943
dadAti,74,14,133,57,0.9361702127659575,0.005359868797300549,0.060497513328435115,0.8372093023255813,0.06362280298070389,0.3871301442734054,0.8095238095238095,0.0731501463286589,0.40232943472418514,0.9361702127659575,0.005278282125096956,0.0734840557812777
dakziRA,94,17,44,107,0.9583333333333334,0.00985456993090128,0.09214098882196753,0.9130434782608696,0.050787548088661816,0.4444364129885784,0.8888888888888888,0.13492034816008192,0.5336054204109362,0.9361702127659575,0.03377499226958758,0.3440916562274998
dakziRAM,16,5,79,17,0.9361702127659575,0.010950688030147093,0.06509162118028433,0.8636363636363636,0.04388145308421376,0.43264186309897035,0.9130434782608696,0.09098874686792346,0.5304595748993186,0.9361702127659575,0.024003841795523173,0.28102634835254725
dakziRaM,13,6,93,30,0.9795918367346939,0.01751939639483402,0.08516882707470197,0.9361702127659575,0.07078414985451842,0.45800711966635776,0.8636363636363636,0.09563734167144444,0.4875075691625288,0.9583333333333334,0.01564587686373964,0.29178361721888446
dakziRato,25,6,8,55,0.9795918367346939,0.00965806812701242,0.06884516639288707,0.8888888888888888,0.04981863916304463,0.4369069093735618,0.8636363636363636,0.10344038331319771,0.49826000911382273,0.9361702127659575,0.0295298464670134,0.3005242294389938
dakziRe,17,13,44,62,0.8888888888888888,0.012302310135385075,0.11762584866096004,0.9130434782608696,0.048113171112105335,0.43417809032109145,0.8888888888888888,0.11901089575564616,0.535805874433948,0.9361702127659575,0.043445236529366715,0.3882051424839241
devA,744,117,416,79,0.9361702127659575,0.042410583449060346,0.35654101162552254,0.9361702127659575,0.08859138957194213,0.4401285755409823,0.7804878048780488,0.07702599421783773,0.3214770766653393,0.717948717948718,0.04128592373367135,0.17692967247410318
devAH,307,44,342,30,0.8095238095238095,0.016888868195566564,0.2840310797541621,0.8372093023255813,0.08653526784403642,0.4690720959223911,0.8095238095238095,0.10119627233798811,0.40074424513057816,0.75,0.034690965040367394,0.20174731500451093
devAn,174,23,252,45,0.9583333333333334,0.051294121101117085,0.36277417503715226,0.9130434782608696,0.10668365847685057,0.516899160342511,0.8636363636363636,0.09437193926913456,0.4468177550464294,0.75,0.040091990164057845,0.17607592794290894
devAnAM,144,44,218,13,0.9130434782608696,0.015637940792548655,0.17123534431774556,0.8372093023255813,0.09074554448201766,0.5112370833024893,0.9583333333333334,0.12354206188188532,0.48780121924049424,0.8636363636363636,0.023598584793716237,0.1319659829664559
devAnAm,224,8,123,52,0.9130434782608696,0.020276229432089843,0.2511817754781538,0.9361702127659575,0.06659460144117468,0.46016990162421567,0.8372093023255813,0.08530799740829098,0.35728829810909657,0.75,0.033779293341645755,0.15165717689669722
deva,358,25,283,160,0.9795918367346939,0.06921478881760346,0.5168433166885342,0.9795918367346939,0.12308642673184056,0.5592258218459654,0.75,0.07240741826523389,0.3264357036974578,0.48484848484848486,0.01941915436945474,0.1232931045090373
devaH,101,12,155,28,0.9361702127659575,0.02655878852885818,0.3213378750106033,0.8372093023255813,0.05342720815621249,0.44472583152892375,0.8372093023255813,0.06890879983222586,0.27846572181388063,0.75,0.012478571707565389,0.0945978294331713
devam,56,6,59,48,0.8888888888888888,0.02507555898447933,0.2502095214611215,0.9361702127659575,0.06128753158036693,0.3717783808897439,0.8888888888888888,0.08578908369348437,0.345878744389466,0.9130434782608696,0.04468828467558017,0.14219956935366862
devasya,107,9,79,31,0.4375,0.03914453345757718,0.28317864497159917,0.4375,0.06328380657926957,0.35281319336606,0.27586206896551724,0.03379039620447233,0.18021513082402363,0.33333333333333337,0.015592084496455993,0.07345978504742479
devatA,94,74,52,54,0.8888888888888888,0.015305179699193872,0.19208246640542792,0.8636363636363636,0.07008004716158822,0.433296897359139,0.7804878048780488,0.04599066742603963,0.29538414697111337,0.6842105263157895,0.023305755999424416,0.15135513569148817
devatAH,43,11,155,28,0.9361702127659575,0.012461310459910835,0.14827756255121094,0.9130434782608696,0.07609063872067912,0.44685500247178056,0.8888888888888888,0.08456370164709093,0.3531559998923073,0.8888888888888888,0.01503645662337294,0.13830699575634842
devatAm,7,5,7,11,0.9361702127659575,0.013664120711159966,0.13618476751485997,0.9361702127659575,0.07159763546829423,0.44384563278458034,0.8095238095238095,0.060814192032082826,0.330879356951725,0.5294117647058824,0.024750526286393182,0.12589274630257963
devatAnAM,9,16,95,5,0.8372093023255813,0.012126465786199914,0.07839210494765503,0.8095238095238095,0.07793301589150903,0.45993266155803514,0.9583333333333334,0.11498508114359851,0.4416037653028613,0.9583333333333334,0.014640600759830424,0.09571009227020366
devezu,119,12,52,11,1.0,0.020176486998531362,0.3153949872875379,0.9583333333333334,0.09473258619365099,0.48438555835857877,0.8372093023255813,0.0890789876942053,0.4547600093896791,0.6486486486486487,0.018068547734643725,0.0817095870461566
devo,240,16,234,32,0.9361702127659575,0.0408553609487049,0.4373232568318197,0.8888888888888888,0.07480406579309251,0.48398078688325186,0.75,0.051934835789158695,0.3164069464434385,0.5294117647058824,0.012708154148304174,0.09298838089150618
dfSyate,11,66,426,34,0.75,0.019117231409701452,0.1297797182782432,0.6842105263157895,0.09754351603912625,0.4602902468520169,0.717948717948718,0.08458663344616402,0.4395279777116181,0.717948717948718,0.0035355085485395676,0.0687957534180963
diSaH,75,18,311,13,0.9130434782608696,0.011654759167149531,0.2173063477984294,0.8095238095238095,0.03397225096261902,0.4154017056669963,0.9130434782608696,0.045289151979839626,0.3740287256078747,0.8372093023255813,0.010558505156411657,0.09205934364450397
diSaM,6,17,117,6,0.9361702127659575,0.02365443031510528,0.11386759880745423,0.9361702127659575,0.061480801698357124,0.4463539568200733,0.8888888888888888,0.08923649474355211,0.49084925768468923,0.75,0.003440346196667665,0.050344020162244374
diSi,28,6,42,18,0.9795918367346939,0.009308552187052954,0.0712785753200087,0.8095238095238095,0.046902646181540386,0.40172352298535596,0.9361702127659575,0.07882683752081376,0.4090267643640506,0.9361702127659575,0.006562374585131536,0.044563059950233574
diSo,61,21,258,12,0.9795918367346939,0.010370382686967883,0.13882992503134006,0.9583333333333334,0.06174578290300914,0.4887344789071367,0.9130434782608696,0.08278193619688357,0.508908274606644,0.9583333333333334,0.019977709292806844,0.14409887920414455
dikzu,6,9,78,10,0.9130434782608696,0.011965008158889123,0.10950272148233797,0.7804878048780488,0.03604142948302935,0.4185996916841469,0.9583333333333334,0.06413536381735319,0.41937198118385477,0.9130434782608696,0.0020997053715355873,0.04507990024526942
divA,78,5,51,38,0.9130434782608696,0.022164930349796275,0.4117627248531164,0.9130434782608696,0.06273602009990009,0.4280495101148871,0.9130434782608696,0.06330243094089627,0.38324126538871117,0.9361702127659575,0.052185362235507404,0.3774411105968106
divi,196,7,239,22,0.9130434782608696,0.02384028213878342,0.351022798849443,0.8095238095238095,0.0396825232975796,0.44782950234714036,0.9583333333333334,0.052521402257948435,0.40116975621681705,0.9361702127659575,0.01333700306402752,0.20218489152686825
divo,298,7,5,15,0.9361702127659575,0.041401043119265846,0.4866451343476379,0.9130434782608696,0.04313332134536141,0.4220726963533692,0.8888888888888888,0.05249004706524529,0.3406613112376021,0.9130434782608696,0.01783089830867879,0.2968810795088186
dvAdaSa,83,5,104,175,0.8636363636363636,0.023448585209153827,0.256234484747792,0.8095238095238095,0.049784176621386456,0.4202931045053808,0.717948717948718,0.06743980701420116,0.39353476475872706,0.75,0.008517353731476107,0.08088273876137297
dvO,25,23,101,92,0.9361702127659575,0.016169517909976117,0.1874939618536422,0.8888888888888888,0.03580212235120073,0.44342121078996044,0.7804878048780488,0.06964501854707184,0.4365475296850395,0.717948717948718,0.007330184805145468,0.11048497911888755
dve,110,47,126,309,0.9130434782608696,0.013503148134895504,0.2896593154167725,0.8636363636363636,0.04687916034541828,0.42514568836151545,0.717948717948718,0.04592817929289572,0.3392894038885792,0.717948717948718,0.00556331455596637,0.20198668502247896
dvitIyaH,10,14,12,17,0.7804878048780488,0.015762193138478264,0.11381822805304265,0.7804878048780488,0.03797705078394498,0.22597702365745265,0.8888888888888888,0.09402689814341003,0.3869149246962186,0.7804878048780488,0.01285098219823988,0.1465609549564385
dvitIyaM,17,17,69,23,0.9795918367346939,0.012818720565166863,0.10040207844316451,0.9583333333333334,0.07609687195521264,0.2866790533135388,0.9583333333333334,0.07572607107545781,0.35383438318518445,0.9583333333333334,0.017627168910292146,0.12750445733406846
dvitIyam,27,12,23,64,1.0,0.009574691174620176,0.10088760460443302,1.0,0.06591626423437391,0.27308482195570705,0.9361702127659575,0.06590266359826824,0.28800096730061897,0.8372093023255813,0.017394296759373318,0.18615731312303807
dvitIyo,22,17,24,10,0.8636363636363636,0.008741226981136108,0.10250898062002345,0.9583333333333334,0.037584505131702306,0.2488757496430518,0.8372093023255813,0.0584085685395328,0.4062310457304441,0.8636363636363636,0.017003544865991538,0.1898941005796133
dyOH,64,13,18,10,0.9361702127659575,0.016060581324063294,0.3196453912617061,0.8095238095238095,0.03467954296001241,0.29782132975343223,0.9361702127659575,0.04122977505211611,0.30346416987786295,0.9130434782608696,0.018836011417609377,0.22048674979899952
dyOr,124,19,65,23,0.8636363636363636,0.014860314292550303,0.2155339924466959,0.8636363636363636,0.06264040084062927,0.386205537810954,0.9361702127659575,0.056862668858229326,0.3850698764014312,0.8888888888888888,0.010229751219896221,0.1686004083856214
eka,141,31,81,342,0.9130434782608696,0.014245863197476227,0.19689534763324312,0.9130434782608696,0.04795557358077107,0.41075917514544036,0.8888888888888888,0.06834318721931143,0.35824167551614927,0.8095238095238095,0.0072948675265527285,0.13013675450337603
ekaH,43,23,189,19,0.75,0.016189498978087524,0.18478394732758285,0.717948717948718,0.026218144520222086,0.3958092966364527,0.8372093023255813,0.06194173212333498,0.3092708942299026,0.75,0.004135309731512993,0.05164396612262423
ekaM,39,24,271,35,0.8095238095238095,0.002360897716238375,0.12889899488743706,0.75,0.021419530179654367,0.34835831506245984,0.75,0.04906955423534054,0.2936105317400409,0.6486486486486487,0.0036730146170905753,0.08455047525532977
ekam,90,24,114,44,0.8095238095238095,0.012129203792900833,0.11944596505061666,0.6486486486486487,0.032949138156626034,0.2555096688499231,0.5714285714285714,0.01374137192913516,0.18043726877981492,0.6486486486486487,0.0011266653119142989,0.0699350729924254
eko,69,45,312,32,0.9361702127659575,0.005644870577109162,0.11481745866719195,0.9583333333333334,0.0543517161706677,0.4197996870247047,0.9795918367346939,0.09546891810749603,0.4210991504047774,0.7804878048780488,0.0041468084966712615,0.057732781373460273
enaM,109,53,373,28,0.6842105263157895,0.0024370540385797446,0.09072438688787654,0.8095238095238095,0.035982353372107756,0.39738675302307036,0.7804878048780488,0.04614226362747886,0.3390677030838317,0.6111111111111112,0.0020832187843576877,0.04048962191247174
enam,199,12,119,79,0.7804878048780488,0.007420571945297216,0.19586400298925144,0.6842105263157895,0.03389002727813273,0.356618699390743,0.5714285714285714,0.011876179999036451,0.22677387678245697,0.6842105263157895,0.0022715745990501413,0.07327310654052677
etA,200,28,45,34,0.8888888888888888,0.027327232681981117,0.18277133757940223,0.9795918367346939,0.11717163625083649,0.46135605349584774,0.9795918367346939,0.1087939582487567,0.4453196227742622,0.9361702127659575,0.01675770194549253,0.13095212730265993
etAH,22,12,40,16,0.9583333333333334,0.02909586696050892,0.16983738523200587,0.9583333333333334,0.12444457493250671,0.5321272292009076,0.9583333333333334,0.1220508939003031,0.4527873166703549,0.8888888888888888,0.009573042894025607,0.06839804225429869
etAni,53,28,179,19,0.9130434782608696,0.022534141226871363,0.16153621603184165,0.9361702127659575,0.11376701275309353,0.44692675895620515,0.717948717948718,0.10672563128013468,0.3868058457504704,0.717948717948718,0.008804997865906938,0.14108790175675567
etAny,22,7,50,15,0.9583333333333334,0.026171576396719964,0.10823356857892308,0.9361702127659575,0.0674159249040861,0.3530802089754461,0.9361702127659575,0.09393143964083894,0.3231236654684131,0.9130434782608696,0.006219366448624308,0.08133713004501031
eta,42,17,18,12,0.9130434782608696,0.03471312995724318,0.22534212632648276,0.9130434782608696,0.11624850857625568,0.43928016395264424,0.8888888888888888,0.0823689665668309,0.29533332388503475,0.9130434782608696,0.02087838746327908,0.13802598071133598
etaM,66,36,87,10,0.7804878048780488,0.005872978442102883,0.08101664106479634,0.717948717948718,0.039009602302003676,0.3054410631358042,0.7804878048780488,0.04733896709238283,0.32308217292152763,0.717948717948718,0.0030441729286925234,0.08124260418227591
etac,21,6,322,6,0.9361702127659575,0.019824127454938445,0.11144651296751551,0.9130434782608696,0.08794186103270463,0.46864651097433785,0.9130434782608696,0.08886912925970669,0.39536527288307755,0.9130434782608696,0.010169529858619408,0.05346925309224937
etad,487,271,1472,104,0.9361702127659575,0.026870539734678123,0.1379835606410419,0.8888888888888888,0.042088012008032694,0.34339102303417746,0.8372093023255813,0.058799676538375145,0.2812828145647063,0.8372093023255813,0.01115380402033761,0.10227886076200343
etam,151,89,39,87,0.75,0.026131820763585112,0.1623109200350874,0.6486486486486487,0.04356262277629641,0.2856727152750569,0.5714285714285714,0.0179411404128601,0.21954626503629848,0.6486486486486487,0.0040825206007543136,0.07313126121717184
etan,24,16,398,10,0.9583333333333334,0.027087646678249144,0.13470626648538753,0.8888888888888888,0.08996167160303603,0.4732799360091815,0.9130434782608696,0.08749971218215269,0.33727917422297493,0.9130434782608696,0.008732117585637522,0.0320036741768428
etasmAd,9,19,5,5,0.9361702127659575,0.02743805273924038,0.12646110414236023,0.9361702127659575,0.06574092514387708,0.28586049197434993,0.9795918367346939,0.05925489903090886,0.27487832496855846,0.9795918367346939,0.013912066240124421,0.09206264142908127
etasmin,16,13,18,12,0.9583333333333334,0.02986707418710388,0.19503503378968912,0.8372093023255813,0.1048121700252751,0.5032134350957009,0.9583333333333334,0.12240566164102828,0.46819532791983076,0.9795918367346939,0.008146178639541923,0.1093937397095428
etasya,81,41,55,42,0.5294117647058824,0.036624897484504926,0.2103871243351787,0.5294117647058824,0.06969541326863526,0.29495895645662396,0.27586206896551724,0.021464684907949616,0.1788322534177048,0.27586206896551724,0.005084195218800991,0.07995047980062242
etat,219,83,928,74,0.9130434782608696,0.027571274063818096,0.14387148486751133,0.9130434782608696,0.056073209972049565,0.3581081431396309,0.8888888888888888,0.07402703096983487,0.24668752034073027,0.9130434782608696,0.011628856760154904,0.0551143060900714
ete,202,76,788,90,0.9361702127659575,0.021848425101624658,0.08884481637016539,0.9795918367346939,0.08209241177285209,0.4849920797357431,0.9795918367346939,0.07786776847316468,0.4523124689996024,0.9583333333333334,0.010301925406830725,0.10247447710815627
etena,220,18,95,63,1.0,0.018586172483623264,0.14571310596505738,0.9795918367346939,0.12255522226043924,0.5009592988663226,0.7804878048780488,0.10979992559932861,0.3837689602277323,0.75,0.004073867384181029,0.05929223865868871
etezAM,8,5,63,11,0.9583333333333334,0.009302597326250273,0.02510685609089236,0.8888888888888888,0.06290331607577226,0.34132400242289607,0.8095238095238095,0.06898308754323756,0.341315167147219,0.8888888888888888,0.00496152171768971,0.04434113205816992
eti,272,42,96,14,0.8636363636363636,0.034137222739436424,0.19540408964614964,0.8095238095238095,0.09811080480614776,0.3768389662856795,0.8095238095238095,0.09781316095296433,0.4389204610583908,0.8095238095238095,0.00921953468561687,0.1609864082279504
etya,9,5,48,6,0.9795918367346939,0.01762116089519017,0.10336435576212533,0.9130434782608696,0.11011103029810343,0.5437228701072383,0.8636363636363636,0.0674032494617367,0.5277271095628178,0.9130434782608696,0.015466256181256188,0.12342814069668562
eva,2032,1146,5482,1119,0.9583333333333334,0.026710295808771822,0.1719387328250357,0.9583333333333334,0.06637839284526581,0.48487604006221996,0.9795918367346939,0.0793643965418499,0.4634757437814341,0.9130434782608696,0.013696875783456242,0.14734280568667701
evaM,247,559,2608,384,0.75,0.0036650950821442985,0.10516923568139691,0.8372093023255813,0.02480901797085533,0.34991755782063116,0.8372093023255813,0.045544624368991427,0.41122771497430444,0.7804878048780488,0.006158260667283533,0.10493076433614879
evam,223,153,2324,181,0.75,0.016983569420456313,0.11972418274500596,0.8372093023255813,0.03209236677293659,0.36580042531596846,0.8636363636363636,0.03633355552657902,0.35071266161028447,0.8372093023255813,0.004378377807006784,0.13820002313002444
eveti,5,42,20,7,0.9361702127659575,0.0077838035832006325,0.06736396717659643,0.8636363636363636,0.06633520957889394,0.25830826429539144,0.7804878048780488,0.03380566466266666,0.30466847620760484,0.8372093023255813,0.007219298065181623,0.07287581849661473
ezA,168,28,312,49,0.9583333333333334,0.011388663580688796,0.08207010064413311,0.9795918367346939,0.05475115354898097,0.39768074625547545,0.9795918367346939,0.09041091688489611,0.41005146117949876,0.9130434782608696,0.009568838995514306,0.10693520086463959
ezAM,56,33,167,36,0.9130434782608696,0.017074393201371052,0.067204445523398,0.75,0.08212865543916048,0.48087779042877987,0.8372093023255813,0.11061720651874907,0.5021628349078424,0.9130434782608696,0.009960608425345185,0.09659313864260399
ezAm,111,6,32,23,0.9361702127659575,0.015495031805395576,0.07433576953769283,0.8888888888888888,0.05966449890622427,0.4642791028997958,0.9361702127659575,0.12528195170679735,0.42108237246163815,0.9795918367346939,0.023831405526209437,0.11998252858511971
eza,505,422,1671,157,0.9583333333333334,0.011470079032922964,0.09340334967043007,0.9361702127659575,0.0520945444264187,0.3956004663487378,0.9795918367346939,0.10219487403610028,0.37639047776012546,0.9361702127659575,0.004830605615662065,0.06709400254254039
ezo,43,57,70,19,0.8636363636363636,0.007473628975486979,0.05230045310448905,0.8636363636363636,0.05166573238943384,0.3161951074082414,0.9583333333333334,0.06913114195036929,0.3033059546452398,0.9130434782608696,0.004632030492340955,0.04708702356645689
ezu,30,6,18,5,0.9583333333333334,0.003783159277968906,0.09993153711434488,0.9361702127659575,0.1368939821526184,0.5913889783115784,0.9583333333333334,0.14828938366165878,0.6030833397893626,0.9583333333333334,0.008265139944476974,0.09392434385409643
fco,23,9,12,12,0.8636363636363636,0.00751681330749665,0.01551089648877868,0.8888888888888888,0.01947718467405013,0.12687451763697477,1.0,0.03336768933509904,0.1436507401557522,0.9795918367346939,0.007985090542339868,0.05204260180780562
fte,31,13,282,7,0.9583333333333334,0.007075710253737766,0.07130000074747145,0.9361702127659575,0.09277996297352697,0.5081180199612052,0.9130434782608696,0.07083791963111907,0.5423956720161848,0.9130434782608696,0.009804917988991302,0.052238663430248966
gA,132,17,33,11,1.0,0.03177294412073095,0.3239852726068839,0.9583333333333334,0.07465974097754058,0.49057086678304884,0.9361702127659575,0.09030849027231347,0.49393849555777525,0.9795918367346939,0.017081439453319747,0.2167029495110524
gAyatrI,99,15,12,12,1.0,0.01994102777075113,0.22253401363277714,0.9583333333333334,0.035697822869325435,0.271437136002894,0.9795918367346939,0.04861782651392532,0.252839699451723,1.0,0.02305571314827881,0.2194704363760116
gacCanti,27,16,171,7,0.9130434782608696,0.018739867161067236,0.15178033151181358,0.8095238095238095,0.08871605663701543,0.4688128520595536,0.7804878048780488,0.06543977919240274,0.5048933567175156,0.8636363636363636,0.010885675597461009,0.21320879413368587
gacCati,84,55,305,27,0.9361702127659575,0.01930520546523118,0.12724071488271838,0.717948717948718,0.05676251768487095,0.43612577958774756,0.7804878048780488,0.07037410210705308,0.48940066899555346,0.8888888888888888,0.022829153830878912,0.16883244941539355
garBo,52,6,24,5,0.9130434782608696,0.004670702350104472,0.07927496326679573,0.9583333333333334,0.04288382470588714,0.3329832549111178,0.9130434782608696,0.05822537264529426,0.30836128977075916,0.8888888888888888,0.0024516282005285772,0.046524230762007845
gatvA,41,25,729,30,0.9361702127659575,0.009802401892144319,0.21491398093359537,0.9583333333333334,0.1052311254500865,0.5689849552623774,0.8372093023255813,0.10018863824847224,0.5653509601687471,0.9130434782608696,0.0073689883997519745,0.1453981979511625
gavAM,19,11,246,13,0.9583333333333334,0.005805645489855404,0.0821420282810792,1.0,0.06123757383088735,0.46121664080092806,0.8372093023255813,0.10862230786431737,0.47718364648604983,0.9583333333333334,0.010770458733842192,0.18075691887599787
gfhAn,15,5,99,13,0.8888888888888888,0.004433833446851998,0.051795481970440926,0.9130434782608696,0.09280846489458128,0.5189039692802166,0.9583333333333334,0.1102411943777789,0.5169031500638027,0.9130434782608696,0.00954310844149564,0.04740069604513786
gfhItvA,6,14,214,35,0.8636363636363636,0.004206390701343543,0.039982734910001705,0.9361702127659575,0.06187054611729015,0.49520704780780933,0.8888888888888888,0.07178659836210555,0.5029121226241297,0.9130434782608696,0.005621963450013423,0.08730942981749923
gfhRAti,16,5,12,25,0.9583333333333334,0.005463556686266191,0.019781920545040577,0.9361702127659575,0.04226082858815339,0.2671639335833358,0.8372093023255813,0.054075934526220504,0.2929652537250149,0.9130434782608696,0.0032486663669999416,0.032375308924092794
gfhe,66,9,195,40,0.9130434782608696,0.004196708139309835,0.06550496232215686,0.9795918367346939,0.02975085635278063,0.385765324652644,0.9583333333333334,0.05663369357016479,0.3974239371743028,0.9130434782608696,0.004524236497324585,0.07556825193484629
gfhyate,5,26,22,18,0.7804878048780488,0.014440487957140147,0.10325382807115302,0.717948717948718,0.08223396417556816,0.3733985212698825,0.75,0.07424880054186356,0.3758491567375839,0.717948717948718,0.004690975794542918,0.06345361850284281
grAmaM,6,6,18,10,0.75,0.00560443597937188,0.0326682270263603,0.8372093023255813,0.023430296296491515,0.3067931748894711,0.8095238095238095,0.01842043926629755,0.2897856184909726,0.6486486486486487,0.002608304098625114,0.061863011354634456
grahaH,7,12,20,12,0.75,0.00812440017475069,0.07816924609415987,0.9361702127659575,0.06339202389104981,0.36067024243043355,0.8888888888888888,0.06747763555508246,0.3317713670899449,0.7804878048780488,0.006636924020197776,0.07796606798746031
hIyate,5,6,45,16,0.7804878048780488,0.021097956461431422,0.12356235608238153,0.717948717948718,0.10285171583082309,0.4045788995722903,0.75,0.08224181379359785,0.3939785279613256,0.75,0.006066737327053873,0.0913640346101503
ha,657,548,1446,199,0.9795918367346939,0.02715631948818864,0.3112444098217193,0.9130434782608696,0.05488603773617906,0.5620296727065032,0.9583333333333334,0.08119558751827327,0.6047714516235585,0.9130434782608696,0.04250480208084073,0.2359697602584938
hanti,77,6,135,18,0.8636363636363636,0.023676738854464974,0.36087748912501527,0.7804878048780488,0.07293793268321724,0.5119905515317626,0.75,0.08851768634317381,0.5360073385302607,0.8636363636363636,0.018094801396259963,0.4068559300266814
haste,18,5,27,19,0.9361702127659575,0.008251489191738681,0.1709447197623264,0.9795918367346939,0.04396993630912904,0.42649911673688323,1.0,0.08285194270749718,0.4476357947813493,0.8888888888888888,0.012716725287320818,0.18332683274233408
hi,1047,1107,6474,507,0.9130434782608696,0.015613400659313159,0.24634043104452263,0.9795918367346939,0.04576453296990246,0.28271219288768634,0.9795918367346939,0.0435550522181507,0.3186382909611897,0.9361702127659575,0.02341119166756045,0.14787008935739432
hitvA,10,18,181,5,0.9795918367346939,0.004695983949275506,0.09956572474895908,0.9130434782608696,0.10868370187893772,0.5237493710208402,0.8636363636363636,0.0819782583154317,0.5205167018687465,0.8888888888888888,0.005104646323307982,0.11180993840203235
hotA,223,7,17,202,1.0,0.010362831832959385,0.16265482867064684,0.9130434782608696,0.04407384575001516,0.3183593098281343,0.9795918367346939,0.07226761781635527,0.3331140840675224,0.7804878048780488,0.017781407598910892,0.0509950140244424
hutaM,11,6,31,5,0.5714285714285714,0.0020887432111029725,0.10341754878644605,0.6486486486486487,0.025705286703979424,0.33853576051295886,0.75,0.05288202327964242,0.35194779017038236,0.5294117647058824,0.0017148564332645222,0.16204728103182608
hutvA,8,33,32,58,0.9130434782608696,0.01621055954864803,0.0503798731840569,0.8636363636363636,0.0848340384506312,0.446754614596925,0.8888888888888888,0.08855078899518276,0.4720113278066682,0.9130434782608696,0.007224516426863281,0.07972797403781773
hy,377,160,2689,138,0.9583333333333334,0.008100205263032123,0.036599573013465614,0.9795918367346939,0.037212100670067416,0.31602609973703744,0.9361702127659575,0.05101391316266013,0.2833491514930835,0.9583333333333334,0.019959049594467704,0.12871338379742148
icCan,13,8,49,5,0.8636363636363636,0.005670301580671611,0.012898656404229047,0.9361702127659575,0.03581458372247914,0.4973110087981686,0.9361702127659575,0.05925533175589359,0.5077782244595935,0.8888888888888888,0.006011348396821714,0.026497894332762728
idaM,290,186,2098,80,0.8095238095238095,0.004267010025336804,0.09175659411175308,0.717948717948718,0.02030540913245249,0.31552344159317924,0.8372093023255813,0.034938305841263784,0.369839111160126,0.5294117647058824,0.0009285107073507826,0.10767931036594858
idam,196,48,691,147,0.6842105263157895,0.007016696646392706,0.15128560614356568,0.6111111111111112,0.016767845483200206,0.26770185980105177,0.75,0.01032775470995928,0.20080293530989402,0.6842105263157895,0.004526915887964056,0.13344904537209545
iha,322,84,959,218,0.9795918367346939,0.014643888070668964,0.219390057576764,0.9361702127659575,0.049460289384127054,0.3401728935288376,0.9795918367346939,0.06583446991328123,0.3831989511633369,0.9795918367346939,0.016256195874476576,0.07136566472719619
imA,144,6,14,39,1.0,0.007717739688601122,0.1701464636816823,0.8888888888888888,0.041371295869426894,0.32327213359188,0.9583333333333334,0.05777880384155687,0.38564350744987763,0.9795918367346939,0.031072468149870525,0.14062893544433241
imaM,117,16,404,20,0.6486486486486487,0.002158976603294227,0.10999944731906919,0.6842105263157895,0.017646510952082806,0.34460914161790146,0.7804878048780488,0.02464734639976629,0.30186066556120983,0.48484848484848486,0.0011801263079536106,0.12835031935873498
ime,179,35,180,22,0.9583333333333334,0.015635924022708747,0.14636809115074922,1.0,0.06209933085094954,0.4569959509835222,1.0,0.09776708126436484,0.4832023328418851,1.0,0.0383146930608087,0.23424242225621705
indraH,256,10,51,33,0.9361702127659575,0.020151776952340827,0.3593496022904894,0.8095238095238095,0.06835139154982373,0.38135839235900115,0.9583333333333334,0.16055247285217267,0.4202993352441292,0.8888888888888888,0.04310607377675102,0.2550744406196941
indrasya,210,5,49,22,0.5294117647058824,0.035220496631301,0.27379211881287746,0.5294117647058824,0.08556015208552958,0.3499983736320136,0.6842105263157895,0.09579147937215704,0.29312861199676554,0.6842105263157895,0.05184551278888616,0.19566017134159464
indro,516,10,96,97,0.9795918367346939,0.015143659202453197,0.2956699237827345,0.9361702127659575,0.04994230569246394,0.3504552305741353,0.9361702127659575,0.07961188841132383,0.3902089364903756,0.9361702127659575,0.041954684936821196,0.24049933579960436
iti,2020,2284,3847,5170,0.8888888888888888,0.010369693254363321,0.20283232109625549,0.8095238095238095,0.07417539597343681,0.3991602015841198,0.9583333333333334,0.1126998351896249,0.4947844871733237,0.9361702127659575,0.03723304070623845,0.24284808394042612
ito,87,14,120,8,0.9583333333333334,0.007965174079180404,0.15974210136323386,0.9795918367346939,0.1198564694712535,0.5883826623753213,0.9795918367346939,0.1220070247434567,0.6278186204286089,0.8636363636363636,0.011903478821759128,0.0841689598967229
ity,554,319,2245,1302,0.9583333333333334,0.02317532640487474,0.15262129371630717,0.9795918367346939,0.07499673156124209,0.3984301307253889,0.9795918367346939,0.08296802290380267,0.4719836916106761,0.9795918367346939,0.07297505932767667,0.28730037838197264
iva,989,187,5079,107,0.9361702127659575,0.005532309065137686,0.1668982711584347,0.9583333333333334,0.08628993332432744,0.6315271232756099,0.9361702127659575,0.0612953515572795,0.5455040528639277,0.9130434782608696,0.010986675486698072,0.10441929197721489
iyaM,60,19,237,10,0.8095238095238095,0.0022475716718050043,0.10645237656301787,0.9130434782608696,0.03921679122894528,0.42230895134579005,0.9583333333333334,0.10982972378052114,0.46761365927214604,0.4375,0.0009467245615406572,0.10170541948542433
iyam,54,6,32,26,0.6842105263157895,0.014353026839294514,0.16165037966989626,0.75,0.03005157500095157,0.24233343088533954,0.6486486486486487,0.011394061613702045,0.19271105225737029,0.5714285714285714,0.002206610645288154,0.09645138243478002
izwaM,9,7,89,6,0.717948717948718,0.0046179047095133985,0.06129234889411028,0.8888888888888888,0.022845161459657204,0.33146878276240965,0.75,0.01899549472863471,0.32920317870101334,0.6111111111111112,0.0025061627309055368,0.1111450183036502
jAta,27,5,14,87,0.9361702127659575,0.015047173507247269,0.24268714740534336,0.9361702127659575,0.034580968463356454,0.37301503715207396,0.9361702127659575,0.05811808235667859,0.3849161425924743,0.9361702127659575,0.018500285072631018,0.1533912627599766
jAtaH,25,8,112,15,0.75,0.013442522178404914,0.16790189507510123,0.8095238095238095,0.03750909767169164,0.41308278682937993,0.8095238095238095,0.04495700817985304,0.357013814432382,0.6486486486486487,0.007626029828746161,0.1147571849188167
jAtaM,36,10,83,11,0.717948717948718,0.0030736248936392707,0.11507112445810619,0.75,0.029302550248161863,0.3820152364895788,0.75,0.04348040761951577,0.3742666324345447,0.5294117647058824,0.0025003619850199055,0.17740667633164287
jAtam,54,5,31,6,0.8636363636363636,0.025031625190930606,0.23264614034851805,0.7804878048780488,0.036564884813096055,0.35598482058947045,0.6486486486486487,0.026278679832588914,0.3166979043413152,0.6111111111111112,0.004064494051260192,0.1046502302186414
jAto,68,11,150,10,0.9361702127659575,0.006215804799012514,0.14172973010596368,0.9795918367346939,0.061281553694385926,0.4440506753108534,0.9361702127659575,0.08865115069357088,0.44583621970264553,0.8888888888888888,0.004594152304033927,0.07598092297431303
jAyante,13,14,100,19,0.9795918367346939,0.01252143331308575,0.11046850563905308,0.9795918367346939,0.06903576651133658,0.38578072603274727,0.8095238095238095,0.03114670826637078,0.4073638694718289,0.9130434782608696,0.013742594933746188,0.16054992025701165
jAyate,72,46,335,43,0.7804878048780488,0.01905145894743221,0.10549543038654297,0.717948717948718,0.10763375345167914,0.39002924527875027,0.6111111111111112,0.06282228329869843,0.3817796411945077,0.6486486486486487,0.005698072394445086,0.0920001431620725
jIva,22,8,15,12,0.9361702127659575,0.005489900470486586,0.09361522438961711,0.9583333333333334,0.04105039576079794,0.4366937417160579,0.9130434782608696,0.053851472587017835,0.4298686869944115,0.8888888888888888,0.0036952761679095447,0.06776512400416834
jIvati,17,28,171,11,0.8372093023255813,0.01125860858571015,0.054419094663843204,0.6842105263157895,0.04783906574382757,0.38396341493277086,0.75,0.04234734124683637,0.44993036325751523,0.7804878048780488,0.009585411470127037,0.09846303184298966
jagat,20,10,312,7,0.9795918367346939,0.01035727903579109,0.08395751649901118,1.0,0.0861077364015439,0.4564086403347216,0.9795918367346939,0.0686617833840183,0.47837946337401205,0.8888888888888888,0.00782990703378772,0.1007601391100843
janAH,12,7,319,8,0.9361702127659575,0.00810884912751153,0.28822851363444535,0.9583333333333334,0.08251325072061477,0.48656057029145494,0.9130434782608696,0.1011683800752009,0.4969131873220196,0.9361702127659575,0.020779873104989632,0.2945172552833728
jayati,28,45,32,8,0.9583333333333334,0.05524820562190913,0.1708524718771781,0.9130434782608696,0.13709812875216376,0.4973510005346805,0.8372093023255813,0.09070633495301716,0.4855815846713083,0.8636363636363636,0.006535115331249175,0.09218865930569309
juhoti,54,19,19,96,0.9795918367346939,0.007609842691167157,0.05288068659348433,0.8636363636363636,0.04852777403264241,0.2307761042730777,0.8095238095238095,0.049443744439946036,0.24090961241189512,0.9130434782608696,0.008028628010049776,0.07167434810035278
juhvati,18,25,14,13,0.9361702127659575,0.008993901202308918,0.04196939463582727,0.75,0.06570072117788472,0.2899005194543438,0.6842105263157895,0.035971421114836755,0.35068328474270705,0.8636363636363636,0.012940260521650204,0.06449201678249117
jyAyAn,11,5,8,13,0.9361702127659575,0.006371802124824688,0.03981508162678804,0.9795918367346939,0.07227942281940702,0.4006388386191252,0.8888888888888888,0.07715411267285055,0.40014775691743776,0.8636363636363636,0.00697563196571116,0.02891285982664371
jyotiH,41,19,16,10,0.9361702127659575,0.005413355149668786,0.11424665758501884,0.9583333333333334,0.07326531367286349,0.33981623604809896,0.9795918367346939,0.07819285273622278,0.343156409920195,0.9361702127659575,0.00957187165181328,0.1285959601799066
jyotir,191,28,68,36,0.9361702127659575,0.015465739589916372,0.12094095991161702,0.9361702127659575,0.055889543081553916,0.30174083383023853,0.8636363636363636,0.07093662341030593,0.3627485478697341,0.9361702127659575,0.022430632994876354,0.18687119574278566
kA,29,54,276,16,0.8636363636363636,0.00817095007319213,0.05938883269905759,0.8888888888888888,0.08566959215740633,0.5031489475209702,0.8636363636363636,0.1397050058954573,0.6807447456908873,0.9130434782608696,0.010520286293119963,0.11086441987338391
kAle,22,16,597,64,0.9583333333333334,0.006815648633143212,0.025640311912114466,1.0,0.10727832649336211,0.5455486798593083,0.9795918367346939,0.12485637617721945,0.5143155354210971,0.8636363636363636,0.004600331230423471,0.05673333441285666
kAmA,14,26,9,17,0.8888888888888888,0.01637296581231762,0.11908947305749829,0.8372093023255813,0.06543531223743948,0.3350309525775209,0.8372093023255813,0.10632946621605466,0.48842680912437164,0.8888888888888888,0.015217989744075067,0.14279393962148001
kAmAH,18,23,7,23,0.9130434782608696,0.013151789545952086,0.07825276570272455,0.9130434782608696,0.09689046634808096,0.4040543888934245,0.9795918367346939,0.13358760222745414,0.5133162562487344,0.8636363636363636,0.008650209210671056,0.1109216803181654
kAmAn,38,23,134,17,0.9130434782608696,0.020150486607983242,0.142124449115133,0.9583333333333334,0.1051616331838332,0.43592309387223493,0.9130434782608696,0.11342873729350622,0.45281808594689577,0.9130434782608696,0.011224860299128614,0.11344855661467235
kAma,34,12,25,47,0.9130434782608696,0.028394208459479375,0.18201123089315208,0.9130434782608696,0.0573756489584234,0.34348848357849815,0.8636363636363636,0.07121169020129026,0.4224489026569963,0.8888888888888888,0.02848448658636782,0.1795646198171552
kAmaH,19,18,72,81,0.9361702127659575,0.028992351805030347,0.12049094934874516,0.9795918367346939,0.09257724756367647,0.35465186527563397,0.9130434782608696,0.11845251374500809,0.4084661415362689,0.8372093023255813,0.012547429999483328,0.12319028306377588
kAmaM,29,26,277,30,0.8095238095238095,0.0029806225681495713,0.0818538324421938,0.8095238095238095,0.028694511548555623,0.2899553703039832,0.8372093023255813,0.029860252386847308,0.3408790223643946,0.75,0.0034102658746530956,0.08401575111738935
kAmam,55,6,80,13,0.9130434782608696,0.030349540194517854,0.1897906594511498,0.9361702127659575,0.08113874770875484,0.3425086500194159,0.8372093023255813,0.0318954578967503,0.27750977586933323,0.7804878048780488,0.011051370811315464,0.1084862361879313
kAmo,32,20,61,84,0.8636363636363636,0.01634516515741813,0.08027082717707001,0.9130434782608696,0.0741152170486804,0.32306193997130395,0.8888888888888888,0.1206503745185522,0.4906531561036771,0.9130434782608696,0.0142421946911232,0.14354563346877192
kAryaM,25,47,468,35,0.9795918367346939,0.027658256415896476,0.14886280701836863,0.9130434782608696,0.0790816514740239,0.3804911290183679,0.8636363636363636,0.04969783972688924,0.35920955963144396,0.717948717948718,0.0047020368044271565,0.08726895107668509
kAryam,15,7,213,26,0.9795918367346939,0.02542399706050047,0.17857226277111216,0.9361702127659575,0.08893870466779885,0.40667233423232085,0.8888888888888888,0.02829369612315369,0.28094242233632416,0.6486486486486487,0.002480269180451522,0.039220663258956234
kaH,47,39,158,16,0.8372093023255813,0.07153788664781013,0.17894217671738544,0.8636363636363636,0.12698724720706556,0.3457260706498324,0.7804878048780488,0.061997213411030594,0.33218442339739185,0.6486486486486487,0.027042486831734158,0.1823173854987541
kaTaM,8,232,2143,76,0.9583333333333334,0.01240891433456004,0.10500667658939977,1.0,0.05350559320108961,0.34606263760139666,0.9361702127659575,0.07759746178142679,0.41546065606898974,0.6842105263157895,0.0017993261564303031,0.14835808807055118
kaTam,16,73,383,9,0.9583333333333334,0.026574569095419,0.24068544618280074,0.9361702127659575,0.08713259373664406,0.4384676296509964,0.8095238095238095,0.03176580763480108,0.31293362363082566,0.6111111111111112,0.005952751458755956,0.08172554258621945
kadA,62,7,521,26,0.9583333333333334,0.019275127967564032,0.2487937286863502,0.9583333333333334,0.06799583846595492,0.44479021516741557,0.9361702127659575,0.06066171108207974,0.42256642535953737,0.9583333333333334,0.017042677157141917,0.21536548905215447
kalpate,9,5,48,9,0.9795918367346939,0.016501356258560307,0.1580086747470556,0.717948717948718,0.07254438712147293,0.4067208675413081,0.8636363636363636,0.0649065941180953,0.3501335498520468,0.7804878048780488,0.011276976003525618,0.08735764126888412
kam,82,5,24,25,0.8372093023255813,0.025732508188425096,0.3179827288275906,0.8095238095238095,0.03892129631704744,0.3679628479264545,0.6486486486486487,0.012092645267347546,0.21471853657661488,0.5294117647058824,0.00370831448250164,0.09864413749166712
karmARi,19,63,228,64,0.9130434782608696,0.016130820752547903,0.19540331781019082,0.9795918367346939,0.1555968902436523,0.5127660183896562,0.8888888888888888,0.10617182536568814,0.46636733338375913,0.9361702127659575,0.012969758966682843,0.2310482502525888
karma,58,173,1187,406,0.9583333333333334,0.04380997625984451,0.3537556735234533,0.9583333333333334,0.10672483121725063,0.5644238318206989,0.8888888888888888,0.09555455910541155,0.5089920562808803,0.9583333333333334,0.019305458478619086,0.27624544645976623
karmaRA,17,84,460,30,0.9795918367346939,0.03496911171620587,0.2964099280174479,0.9130434782608696,0.07790121267283612,0.4965867777154902,0.9361702127659575,0.0857437330300429,0.5162472283409411,0.9130434782608696,0.006401976770041173,0.154431388337951
karoti,194,41,158,163,0.9795918367346939,0.017142792720645894,0.25039362523303443,0.9795918367346939,0.08703952543642068,0.3869753589805778,0.9130434782608696,0.056993088377741974,0.4263587460372088,0.9583333333333334,0.02298426729558689,0.24034438857319518
kartA,15,29,161,25,0.9583333333333334,0.03342403504543423,0.2958006828940204,0.9795918367346939,0.07603118990952817,0.4840696959970583,0.8888888888888888,0.0791864147254907,0.5033483806618135,0.9583333333333334,0.035951409302599435,0.3713936034901285
kasya,28,11,385,23,0.3870967741935484,0.05179355316434475,0.25218785295609303,0.3870967741935484,0.057220833915836766,0.30363158198043894,0.27586206896551724,0.018386126396781277,0.1656767456020538,0.14814814814814814,0.004907159532833605,0.07775918159697626
ke,40,39,891,19,0.9361702127659575,0.011328933698587562,0.188295303718517,0.9583333333333334,0.09929596950753894,0.5480723128476449,0.9130434782608696,0.06977662495035863,0.5025680528850094,0.9361702127659575,0.0056634342494530365,0.09358206575790007
kena,36,75,401,11,0.9361702127659575,0.020536071650600785,0.1841229121168917,0.9130434782608696,0.15324548628870605,0.4857787152379913,0.8095238095238095,0.12390419771694317,0.436434456543185,0.8372093023255813,0.008185579785189079,0.15027651074065007
kevalaM,6,40,103,9,0.8888888888888888,0.004836317273307689,0.07992081096346593,0.9583333333333334,0.039117661706071116,0.2572747350987947,0.8888888888888888,0.04057131778077128,0.2104044042101969,0.8095238095238095,0.005440552526874476,0.08742609036197291
kftaH,17,9,186,16,0.75,0.016119382115157288,0.1746632563535715,0.8372093023255813,0.04338261702898194,0.4525091056461865,0.8372093023255813,0.06762244367056514,0.457945737685862,0.75,0.017569431003291558,0.1450487447924136
kftaM,17,17,634,34,0.6842105263157895,0.0028858194451710784,0.11221981042938611,0.8372093023255813,0.042061381240606766,0.43713432881228187,0.8372093023255813,0.06577938620603152,0.4814852811241249,0.5714285714285714,0.0017514171070597273,0.19493925570787562
kftam,66,5,423,51,0.8372093023255813,0.015657114125727678,0.21578935434255686,0.7804878048780488,0.05192292062141157,0.4712382840222147,0.7804878048780488,0.04333701777677601,0.4199509086873867,0.717948717948718,0.0037665714425468844,0.10483267697138876
kftvA,55,59,1702,334,0.8888888888888888,0.0047083214003911245,0.04833678879622971,0.8888888888888888,0.10174569426305435,0.5770371854074088,0.8636363636363636,0.09860086864689022,0.6011562472493287,0.9361702127659575,0.009115356635250094,0.19627957181383748
kiM,83,344,3221,104,0.9361702127659575,0.014721674418437303,0.07861591714882565,0.9795918367346939,0.051612091379677594,0.33435415254797685,0.9795918367346939,0.05985691001778637,0.3150819055422911,0.9361702127659575,0.004288144021187157,0.06330944625313628
kim,100,39,837,38,1.0,0.00665428538349222,0.11901833979362464,1.0,0.07528689515995435,0.47574450590177897,0.9795918367346939,0.12364019031527096,0.3817624536180164,0.9795918367346939,0.017742286638848803,0.059176742460708254
ko,151,106,635,15,0.9130434782608696,0.004024225332603382,0.061714931396463446,0.9795918367346939,0.056845253701278575,0.3956025118798725,0.9361702127659575,0.0632865056572185,0.3893941375592693,0.8888888888888888,0.0023242654906108218,0.033671566071804215
kriyate,70,25,80,52,0.75,0.0252536432078333,0.20604846405699695,0.6842105263157895,0.07678633566931925,0.37487337875867666,0.6486486486486487,0.07240079683149747,0.35703598205911513,0.717948717948718,0.0045262997128044935,0.10489047199684554
kurute,20,29,287,25,0.9795918367346939,0.0078040832350042555,0.026864580836764906,0.9361702127659575,0.09211296378097011,0.4186764722145375,0.9361702127659575,0.06474375305461122,0.45804139477841843,0.9361702127659575,0.006911397044818912,0.03881717222476322
kurvIta,10,12,97,75,0.9130434782608696,0.004078875669588644,0.0176284628534501,0.9583333333333334,0.05065988050765302,0.381635280205724,0.9130434782608696,0.04685514833846116,0.37730213668636725,0.9361702127659575,0.003101309931916374,0.07646731849030752
kurvanti,43,21,135,34,0.9130434782608696,0.01995853161200023,0.18459897936110803,0.8888888888888888,0.06698136244809538,0.440482429254223,0.8636363636363636,0.05708888085680097,0.44865208374973986,0.8095238095238095,0.011439169790493309,0.2061771030040509
kuryAt,38,9,138,182,1.0,0.020307647442958432,0.07722052274609137,0.9795918367346939,0.05733008510576587,0.4006178875373789,0.9583333333333334,0.05922584074011339,0.43682053706457813,0.9583333333333334,0.014875673098604159,0.12332398945181766
kuta,8,13,33,14,0.9583333333333334,0.010843613254426954,0.18826127590432806,0.9583333333333334,0.06164197187459686,0.34776464568400334,0.9583333333333334,0.06648867231361766,0.3396647395240313,0.9361702127659575,0.013056632495148435,0.19089922144796356
kutaH,5,14,110,5,0.8372093023255813,0.024860215210604775,0.1773967659558886,0.8888888888888888,0.05648533482495732,0.33380510631637517,0.7804878048780488,0.03818295074626976,0.2971697159634207,0.6842105263157895,0.014028333176637986,0.16182565308442276
kuto,7,13,151,9,1.0,0.007400252091559478,0.10324718728970528,0.9583333333333334,0.07179457548648605,0.3867008198047793,0.9795918367346939,0.0755098350774317,0.3818478466419952,0.9361702127659575,0.008429935123707266,0.09149766483592314
kva,62,26,726,26,0.9130434782608696,0.005889527979968112,0.08754075722080268,0.9361702127659575,0.05125530344473639,0.43396989795761365,0.9130434782608696,0.055991011055008144,0.4267954396991751,0.9361702127659575,0.003148794423689427,0.06212665014633312
kzatram,50,7,29,18,0.8372093023255813,0.025954385295769544,0.11993269892506553,0.8095238095238095,0.06687855483689631,0.4013379521503291,0.6111111111111112,0.011035763450645164,0.3637086575577635,0.5714285714285714,0.003340059536083073,0.0836555038129716
kzatrasya,8,7,21,7,0.5714285714285714,0.02271165678884357,0.16457952675409915,0.6111111111111112,0.075629603018738,0.33904322087292527,0.6111111111111112,0.05647570373388433,0.24906582043791037,0.5294117647058824,0.012042329616461678,0.05937657076988234
kzayaH,6,5,20,18,0.8636363636363636,0.020355592603086836,0.3029864870050294,0.8888888888888888,0.04707173894739225,0.44430852246227925,0.9361702127659575,0.0564210659839437,0.4001466752197944,0.7804878048780488,0.01496671302347441,0.21439610227263795
lokAn,109,28,530,6,1.0,0.02609409312073796,0.21243144186911234,1.0,0.07498571463087578,0.4822212379774087,0.8636363636363636,0.09541004046539525,0.5070371911356449,0.9361702127659575,0.021146802122772868,0.20492981907265584
loka,36,47,14,16,0.9583333333333334,0.044221047492805865,0.23537508452568878,0.9583333333333334,0.08896245956106363,0.4279430963253672,0.9130434782608696,0.13012225144012624,0.4268219660161172,0.8888888888888888,0.018191679057841026,0.21736363044278506
lokaM,88,72,142,5,0.9361702127659575,0.008722815213085822,0.1437993681877494,0.8636363636363636,0.02810396693035222,0.3729679552055799,0.8636363636363636,0.040869707507448894,0.3809705292093515,0.9583333333333334,0.01851907218964688,0.14097186431047337
lokam,224,19,84,27,0.9795918367346939,0.0217750091602118,0.21958924387367973,0.9130434782608696,0.06321580664738757,0.35493781056004536,0.75,0.021959559959961017,0.28105647705469794,0.9130434782608696,0.022447331785421798,0.19047249822249723
lokasya,41,28,179,7,0.5294117647058824,0.03219736120558814,0.20152277585884182,0.4375,0.05744751835264472,0.2938672423679901,0.27586206896551724,0.021462178953335687,0.178293649552849,0.3870967741935484,0.005151904180487499,0.15430640992332267
loke,120,193,1179,58,0.9130434782608696,0.034933239947046335,0.19982712863145902,0.9130434782608696,0.06341013288376374,0.4330196337420896,0.9583333333333334,0.10052839238549849,0.4334478275717819,0.9583333333333334,0.02124679007716479,0.2116604056634923
loko,32,64,134,9,0.9583333333333334,0.022963371713686453,0.17079189572010733,0.9795918367346939,0.06149095476495181,0.35925129958996604,0.9361702127659575,0.08106354976663721,0.3760361829316393,0.9361702127659575,0.01969416723909656,0.1920960398752415
mA,1318,193,1115,264,0.9361702127659575,0.01542627114522721,0.3436116147730802,1.0,0.07488280656668911,0.5414878284288389,0.9795918367346939,0.1328405350144337,0.5278665294987797,0.9361702127659575,0.028546450415803948,0.32409146892359886
mAM,45,60,2055,16,0.9130434782608696,0.01477268170008006,0.10345041010133205,0.8372093023255813,0.06530626488060554,0.4832618713515602,0.9130434782608696,0.08790626952685132,0.526328813125762,0.7804878048780488,0.006578485359634789,0.08737452968288295
mAm,92,15,1056,63,0.8888888888888888,0.010397420404583357,0.1925827505895953,0.9361702127659575,0.08744074842291194,0.4867822046139234,0.8636363636363636,0.10557310801391284,0.45086084589179887,0.8636363636363636,0.018512601594161016,0.15866845156233
mAtA,124,8,251,53,0.9361702127659575,0.0064247922207657515,0.22556815215679304,0.8372093023255813,0.07810800488421554,0.478384752268761,0.9795918367346939,0.08299947858110435,0.4359072796397466,0.9795918367346939,0.007645471703071727,0.16347111592719643
mAtrA,11,8,107,13,0.9583333333333334,0.003269356279949842,0.05395801513988818,0.8888888888888888,0.05258392318072125,0.4902679813896881,0.9795918367346939,0.0933436964928025,0.5033110941489467,0.8636363636363636,0.0031233981310446746,0.03577283110687768
mUlaM,7,15,103,32,0.6842105263157895,0.004937390492608218,0.07432846224585088,0.6842105263157895,0.018258577634197137,0.27829786826041925,0.6842105263157895,0.02744721930402938,0.21508182350712457,0.6486486486486487,0.0016734065596802905,0.12622964044573004
mUlam,9,5,37,14,0.8636363636363636,0.019575828362259018,0.1758850608468302,0.8372093023255813,0.06531458993891981,0.29998610542047555,0.6486486486486487,0.011420057153013308,0.20213402863019003,0.6111111111111112,0.0030353901163867603,0.08140969732185321
mUrDA,25,34,13,7,0.9361702127659575,0.010115991371282385,0.09180526784459286,0.9130434782608696,0.05040594865171866,0.3633899752933003,0.9130434782608696,0.04833028356336411,0.3293820356414716,0.8636363636363636,0.0026631338623942513,0.034600972687623965
maDu,155,61,56,50,1.0,0.04775207578080842,0.42278929631911133,1.0,0.05704576993246846,0.44498118894390504,0.9361702127659575,0.0663234291381396,0.4319619389652771,0.9583333333333334,0.021324725899084518,0.24879320221518508
maDyaM,13,5,60,7,0.9583333333333334,0.023930514615479792,0.13263132094278385,0.9130434782608696,0.07622202052156601,0.4067870265231317,0.8095238095238095,0.03220968638850241,0.3423406708191933,0.8372093023255813,0.003012495775462254,0.04252901485382443
maDye,93,44,401,159,1.0,0.01287704333736972,0.09336112691351262,0.9130434782608696,0.02968893705373532,0.5263026829739463,1.0,0.09439789291814649,0.4898860376397489,0.9795918367346939,0.010913703882983405,0.10080367711783222
mahAn,67,32,751,56,0.9361702127659575,0.03012740832480787,0.27622388501207307,0.9583333333333334,0.10102782150461431,0.6428546323067461,0.9361702127659575,0.09569743878877102,0.6164206464342155,0.9583333333333334,0.014501925095451562,0.19686704527470278
mahad,58,7,610,15,0.9583333333333334,0.027152347443188618,0.39395172259914224,0.9795918367346939,0.06871797831524495,0.5864315179510369,0.9795918367346939,0.12268148888583086,0.6159718908393814,0.9130434782608696,0.027566072027245925,0.25955520971762325
mahatA,20,6,565,5,0.9583333333333334,0.017942923311069503,0.2996782526332591,0.9795918367346939,0.1058198624833776,0.6513722273550467,0.9583333333333334,0.10881190192399859,0.6364677639231624,0.9583333333333334,0.010553701974447938,0.17627471021049645
mahato,25,15,96,5,0.9361702127659575,0.012834979184817574,0.35226938632650584,0.9795918367346939,0.08110146370156024,0.580933531237695,0.9130434782608696,0.08157075601617736,0.5780817327186898,0.8636363636363636,0.020635717533515674,0.22905282865602294
mama,190,68,2877,27,0.9583333333333334,0.027589540035788618,0.31497211389660384,0.9795918367346939,0.05350851660209066,0.495922811243215,0.9583333333333334,0.056613577063502896,0.4105776711637983,0.9130434782608696,0.020191700441928084,0.1937235129838305
mana,47,55,31,9,0.9130434782608696,0.025385298615662966,0.1925266986550187,0.8636363636363636,0.08235591651549767,0.40625615804503035,0.9583333333333334,0.10404128569891469,0.41260713571992835,1.0,0.0117001806594359,0.2052350424209235
manaH,103,46,386,20,0.75,0.010363255371258817,0.12644717573944253,0.8636363636363636,0.06971728297142366,0.46690918951255367,0.8636363636363636,0.0767984908110233,0.4524156309480445,0.717948717948718,0.004167278215766235,0.11675856871088275
manasA,225,69,484,59,0.9130434782608696,0.019277327339757733,0.10499947051330272,0.8372093023255813,0.08960368210710579,0.45591524796938665,0.8636363636363636,0.06553483645506064,0.4113008987257587,0.8372093023255813,0.009144805020114721,0.08756165174419683
manasaH,6,10,54,10,0.8888888888888888,0.007135650156607998,0.12122332608804087,0.8372093023255813,0.056093769038389585,0.4041642306441432,0.9361702127659575,0.08191188170528063,0.41683761857782875,0.8372093023255813,0.007229798947222754,0.10781069760896267
mano,148,102,293,20,0.9130434782608696,0.01659204364230893,0.20513312355595326,0.8888888888888888,0.1021686550920875,0.4992296103101308,0.9361702127659575,0.08208177020593932,0.5068817821922917,0.8636363636363636,0.013436118277782017,0.16368889667625064
mantraH,5,7,13,22,0.7804878048780488,0.00734080895050937,0.09906446660285806,0.8636363636363636,0.05917140807149823,0.4051177014844589,0.9130434782608696,0.06718535598325581,0.34984203831910043,0.717948717948718,0.00302934163858537,0.08852379689576628
mantro,7,18,24,7,0.9583333333333334,0.009097521100728923,0.1410771819677612,0.9361702127659575,0.06561979335982082,0.41636765485574356,0.9583333333333334,0.06586573038109134,0.38876538444967534,0.8636363636363636,0.004728357611437972,0.1250662077012744
manuzyA,41,25,33,14,0.9583333333333334,0.008923581159219873,0.08554066955497364,0.9130434782608696,0.04428821294536722,0.3517370145002515,0.9130434782608696,0.04478800118419757,0.35492044080184704,0.9795918367346939,0.0064529152239218845,0.027203271971858234
manuzyARAM,8,8,91,5,0.9130434782608696,0.005865911984921146,0.025780626542967422,0.9361702127659575,0.06958618224512492,0.36323336868168576,0.9795918367346939,0.07392082497990637,0.3749208666070547,0.8636363636363636,0.0031648415096414695,0.03183845847312572
manyate,21,43,185,15,0.8095238095238095,0.02231151760950134,0.1726378329869689,0.717948717948718,0.08995945813500772,0.4343535631841634,0.6842105263157895,0.0778502425176475,0.4105947913727579,0.7804878048780488,0.0076779977767865715,0.1139190389714897
mayA,19,36,2300,14,0.9583333333333334,0.01779093799990139,0.31196239114714064,0.9361702127659575,0.08024762458508339,0.5103768397466786,0.8372093023255813,0.0927262431796897,0.43040079050181057,0.8888888888888888,0.0361310440193372,0.2827922941092158
mayi,141,5,383,32,0.9795918367346939,0.021252939282054406,0.29322792104958095,0.9130434782608696,0.0643613397640952,0.5151494995731274,0.9361702127659575,0.06341856292457404,0.4477759629429061,0.9130434782608696,0.017942552098083264,0.14922669106932474
me,916,182,5746,237,0.9795918367346939,0.01061547997639467,0.11771958485203082,0.9361702127659575,0.04266360839121908,0.4671653486650278,0.9361702127659575,0.06592869933143786,0.46635188198352084,0.9795918367346939,0.026594978135106917,0.1427585928739512
muKaM,34,23,83,21,0.717948717948718,0.0014897212940265803,0.07478955464957693,0.6486486486486487,0.012194161804684023,0.36599871017322727,0.6486486486486487,0.01797737342325989,0.28677830436993546,0.75,0.0026961925822998056,0.03644926496733558
muKam,37,6,72,53,0.8636363636363636,0.009224956519680028,0.11439837938031383,0.717948717948718,0.05130121100509755,0.33980121195493784,0.6842105263157895,0.01191431768122131,0.25874328369775856,0.75,0.0019185590275178077,0.09426731510194908
muKe,19,5,32,6,0.8372093023255813,0.008559332028583833,0.018699171648287383,0.9583333333333334,0.046109029575552074,0.43691564225007984,0.9583333333333334,0.056207200924528467,0.4292313443730329,0.8636363636363636,0.004822058371246829,0.02671222226418246
mucyate,6,13,118,10,0.7804878048780488,0.011043526370764667,0.08960351479000517,0.717948717948718,0.08723625212299824,0.37179629779491274,0.75,0.07660290450368157,0.4033627358915042,0.75,0.004688451316340769,0.08002777440310016
nAmAni,23,7,44,8,0.9361702127659575,0.0069526200910210445,0.16188767642589608,0.8888888888888888,0.10784067437325628,0.4632274532226439,0.9583333333333334,0.14409794283508526,0.46137896137121714,0.9130434782608696,0.01989858296725866,0.14553393306372886
nAma,296,171,1407,104,0.9795918367346939,0.009370575184103669,0.13879790809026527,1.0,0.052150716555171894,0.4736285817002136,0.8636363636363636,0.06985367575844126,0.4569496252896049,0.9361702127659575,0.017994914587042943,0.1473071685912457
nAmnA,6,5,106,7,0.9361702127659575,0.0037829087666132466,0.05969505150893806,0.9361702127659575,0.05606462926364986,0.4268587296341202,0.9130434782608696,0.0645815583715299,0.3848402836346425,0.9130434782608696,0.0037458815414891378,0.011865648827454445
nAnA,44,5,5,21,0.9795918367346939,0.00801149819224689,0.18901054199389367,1.0,0.055068157044947164,0.46992897095819064,0.9361702127659575,0.06485053131415164,0.41757037396840757,0.9795918367346939,0.00565722330570928,0.09903296080734547
nEva,6,51,410,22,1.0,0.008030754089707881,0.1028466015207603,0.8888888888888888,0.04002476060105731,0.38077613717845815,0.8888888888888888,0.0524584015101357,0.4084362876127168,0.8888888888888888,0.0033652896244193986,0.04817243027839124
nO,25,7,61,6,0.9795918367346939,0.011195754163144112,0.02167406495389501,0.9361702127659575,0.0511688821917099,0.45074816797589856,0.8888888888888888,0.04773189635388342,0.428766705171054,0.8372093023255813,0.0043284998020539645,0.005876474496350759
na,3842,2560,16502,2001,0.9795918367346939,0.03606842241523134,0.367481557005193,0.9361702127659575,0.07264837929387835,0.46506555475478195,0.9361702127659575,0.0562436221347663,0.32784299325064137,0.9795918367346939,0.013821765684316922,0.2322833418833311
naH,1131,22,803,117,0.75,0.09827205640327796,0.24786348425589722,0.8372093023255813,0.06048003617507991,0.3590018280435534,0.75,0.06762393891653717,0.30421204343124386,0.75,0.0254486891139164,0.1423673275469628
nakzatrARi,14,13,35,9,0.9583333333333334,0.011184593316417635,0.06217840223722626,0.9583333333333334,0.044227647677569926,0.4261945095374411,1.0,0.07994110964905377,0.40438898475167706,0.9361702127659575,0.006547512068806216,0.050143551394868036
namaH,93,11,249,16,0.9130434782608696,0.014229158795123875,0.2767262448197163,0.75,0.02439036346251744,0.3951366729736874,0.9130434782608696,0.039279773365940907,0.29005590889983623,0.8095238095238095,0.018952889475634893,0.1974241278424913
namas,87,7,135,15,1.0,0.023995343294127114,0.30814071936715537,0.9795918367346939,0.08694767405187964,0.48276395786093684,0.9583333333333334,0.06158597317356096,0.4324766418163286,0.9795918367346939,0.027902580128692178,0.21773333620583646
namo,157,12,220,83,0.9130434782608696,0.02089814828838188,0.33646415060155166,0.9795918367346939,0.08520262405253565,0.45012735823469907,0.8888888888888888,0.07939863841279393,0.36048470918416564,0.8636363636363636,0.027800481860075443,0.11735146211138514
nas,103,7,94,15,0.9795918367346939,0.041089969997201936,0.3596112620562044,0.9795918367346939,0.09234687436837863,0.6040586207292105,1.0,0.13488755954315557,0.6180066508651274,0.8636363636363636,0.018284956482525372,0.2127074837633539
naya,27,6,25,12,0.9583333333333334,0.056547062888132604,0.3935171889312561,0.9130434782608696,0.09747398948222108,0.5472791016666245,0.8636363636363636,0.0768293986411559,0.4671927969974601,0.9795918367346939,0.0875302869073944,0.337503895426558
niDiM,5,5,7,5,0.9583333333333334,0.0030692622035787265,0.016976451779301183,1.0,0.061951914033538946,0.38246971448949085,0.9795918367346939,0.07606416232905555,0.345395504028448,0.9795918367346939,0.004652621472757135,0.05063210995260092
nityam,6,11,464,61,0.9361702127659575,0.02318179354112815,0.18783590212556844,0.9583333333333334,0.07284889423663199,0.3987539601565321,0.75,0.01819265299686723,0.2831119832637079,0.6486486486486487,0.0012387493408946293,0.04304111719919479
nityo,5,10,16,8,0.9583333333333334,0.006794102895609666,0.08809513575246897,1.0,0.090479334494034,0.4053253082390438,1.0,0.08657433905933898,0.40040167331894505,0.9361702127659575,0.00601903919952218,0.07728132355461548
no,2200,112,544,289,0.9583333333333334,0.03866699876986224,0.3714570690288441,0.9795918367346939,0.07026707370376284,0.4325618749311896,0.9361702127659575,0.09327865522777212,0.5291937278850067,0.9130434782608696,0.030247856263252104,0.25014433123779645
nu,266,89,622,59,0.9583333333333334,0.03147455559612666,0.21621844135838098,0.9583333333333334,0.08446955776271337,0.4256033802954675,0.9795918367346939,0.12656435209185501,0.46108813136147475,0.9583333333333334,0.013305159696151203,0.09723595292381537
nv,101,10,74,23,0.9583333333333334,0.01081770522697001,0.09818829731429335,0.9361702127659575,0.03585596871334129,0.28058168766924885,0.9583333333333334,0.07317817412726302,0.26062440740299087,0.9795918367346939,0.01659242191545618,0.04086745789847468
pAdO,10,6,178,10,0.8636363636363636,0.0047954306079792675,0.05464591869762714,0.9130434782608696,0.05677577512782117,0.5078232779456963,0.9795918367346939,0.08238642591899514,0.46246546474154004,0.9361702127659575,0.009003266073649319,0.12541292922148162
pAdo,5,12,14,6,0.8888888888888888,0.007260641148807423,0.07222299610985039,0.9130434782608696,0.0314652916155469,0.35305354870711203,0.9361702127659575,0.06141029666435516,0.35432369278382314,0.9795918367346939,0.010218626405389397,0.14501796694576563
pApaM,10,20,377,13,0.7804878048780488,0.006506252743576524,0.05480546006425002,0.8636363636363636,0.02013357541345906,0.3529024893242967,0.7804878048780488,0.015538101843168062,0.29558980336926055,0.75,0.0020081837913042966,0.04959485205121572
pUrRam,11,14,18,7,0.7804878048780488,0.005767121068485204,0.08758728105727065,0.6486486486486487,0.04003966336740161,0.24996488177875875,0.6842105263157895,0.013525375330430967,0.25795674725012874,0.5294117647058824,0.0012675940545828768,0.07244929771017272
pUrvaM,26,42,637,67,0.7804878048780488,0.007647486983500373,0.07395867072685758,0.9583333333333334,0.03627252056625918,0.3551904415402941,0.8888888888888888,0.09010246071341443,0.49460924938865125,0.8372093023255813,0.0041937255905381,0.20111119087884788
pUrvam,48,7,321,64,0.8095238095238095,0.008229400094707295,0.10450195227555381,0.9130434782608696,0.037324933437721586,0.3385933734739436,0.8636363636363636,0.041268683172427933,0.36127803146337123,0.8372093023255813,0.023736767521891133,0.14807187545829725
pUrvasya,7,11,5,25,0.5294117647058824,0.04302568562633868,0.20099290887970256,0.5714285714285714,0.05847048639740671,0.28232577205589116,0.48484848484848486,0.04417256154445548,0.17685079111523327,0.48484848484848486,0.017020829908430124,0.1278120848410631
pUrve,54,12,52,47,0.9361702127659575,0.006743786367056082,0.049956292774811284,0.9583333333333334,0.04443486532907437,0.33022750271884527,0.9361702127659575,0.05857386780977514,0.30743104746393723,0.9583333333333334,0.013082084924920245,0.16529994041515128
pUrveRa,7,6,12,29,0.9361702127659575,0.006055549612471789,0.029724955810843334,0.9583333333333334,0.07326446243513562,0.41158809488362846,0.9361702127659575,0.1036257368403064,0.477031008176127,1.0,0.010082187507657436,0.13099695442904258
pUrvo,40,5,11,12,0.9583333333333334,0.005698788679783573,0.04074206984617634,0.9361702127659575,0.06381576131944222,0.3195367537078597,0.9361702127659575,0.07116890626828398,0.35577047862449673,0.9795918367346939,0.009339900059419981,0.11747630892898009
paSUn,132,10,63,23,0.9583333333333334,0.018296480801527792,0.1505948824521437,0.9361702127659575,0.07002618282828721,0.47344802812878006,0.9130434782608696,0.08953844875584327,0.42238941080306946,0.9130434782608696,0.011099911076957625,0.09636967664473328
paSavaH,102,6,23,17,0.8888888888888888,0.02150126259968621,0.21386832157689895,0.9583333333333334,0.05884484358621811,0.41995627046111283,0.8372093023255813,0.02909092472076491,0.2557696624718435,0.8888888888888888,0.011276325075730287,0.07797019438982489
paSavo,170,8,30,21,0.9583333333333334,0.021662103755345052,0.16111294720604397,0.8888888888888888,0.05537762367681953,0.3839773191002962,0.9361702127659575,0.08074904444308395,0.3166061544165728,0.9361702127659575,0.011776280625334978,0.0968047752136656
paScAd,44,9,137,54,0.9130434782608696,0.007923675749989867,0.143520910637843,0.9583333333333334,0.045794442726482254,0.42352361150555384,0.8888888888888888,0.04565097674584884,0.4265626046352917,0.8372093023255813,0.00870094634814289,0.11790185948528831
paSuBiH,20,6,5,6,0.9583333333333334,0.017787078101073717,0.1916763534053587,0.9130434782608696,0.06726827229762478,0.48286940020742186,0.9130434782608696,0.08447586507181348,0.46445164409771256,0.9583333333333334,0.016079473127856847,0.1443805073575647
paSuBir,73,18,5,8,0.9361702127659575,0.035728884527944316,0.1635873629286504,0.8095238095238095,0.06421786179129274,0.42400985531622104,0.9795918367346939,0.07613218426159418,0.4149668951099098,0.9795918367346939,0.021251789202169302,0.20541179449374414
paSyati,32,95,231,9,0.9361702127659575,0.02816748797329882,0.1387314830285331,0.9583333333333334,0.06969052198960579,0.42251521381320545,0.9130434782608696,0.10816469125872985,0.4631222674075115,0.8095238095238095,0.007063009981632895,0.06795269261406756
paSyet,8,10,22,37,0.9583333333333334,0.00914615308791733,0.07520301831134879,0.9130434782608696,0.06753526187043923,0.43444811758325286,0.9583333333333334,0.06108033051239892,0.452330274028079,0.9130434782608696,0.0077955874167223715,0.0893056858957122
paYca,149,24,503,293,0.8095238095238095,0.021630373009663306,0.3062970799704592,0.8636363636363636,0.08156254816575037,0.5273981822889666,0.8095238095238095,0.08085295059728004,0.29625041662862206,0.75,0.011672770179577907,0.10222476966398042
padaM,29,26,70,23,0.717948717948718,0.0012171981629419681,0.12127273852780762,0.75,0.0164776332490989,0.3565515274857206,0.6842105263157895,0.03913148339098593,0.24444212164277745,0.6842105263157895,0.003753214876431099,0.09794687720285755
padam,53,13,142,31,0.6842105263157895,0.01512004322439442,0.18213203097894648,0.7804878048780488,0.05452236190443105,0.36975518176048894,0.6486486486486487,0.03280615528765429,0.2656815268324816,0.4375,0.004122958609569127,0.09233435428854753
pakze,9,13,10,101,0.9130434782608696,0.004591876322576405,0.043019165742958165,0.8372093023255813,0.040003736511798116,0.3403000876734481,0.9583333333333334,0.07483458456710457,0.3356551091290906,0.9583333333333334,0.015500580590481206,0.16769132704076195
panTA,26,12,47,7,0.8888888888888888,0.003369248286835269,0.06069808861526149,0.9583333333333334,0.045874910998229046,0.3851368363200569,0.9361702127659575,0.07621154729255786,0.3147676983298948,1.0,0.0060626512269111865,0.0454514679069683
parA,156,19,114,19,0.9583333333333334,0.015618014653664858,0.25782218038829297,0.9361702127659575,0.11174861931028546,0.5443364274500464,0.8636363636363636,0.08101550743600827,0.39035391815532305,0.8095238095238095,0.007908318653638724,0.16655120941959511
para,22,43,11,194,0.9795918367346939,0.01771531394232173,0.2649634247207595,0.9795918367346939,0.15244030294024935,0.5537169317432079,0.8636363636363636,0.1473950151518475,0.5260964507831458,0.9130434782608696,0.02024431784082681,0.24757240151539428
paraH,27,16,108,26,0.8095238095238095,0.021992596407865994,0.21478523699520968,0.9130434782608696,0.06732017526893297,0.4585645784141982,0.8095238095238095,0.059543437764956075,0.367644448178582,0.7804878048780488,0.008017586397120358,0.09210980141819514
paraM,8,70,903,52,0.8636363636363636,0.00411615555721212,0.11868591915133653,0.9130434782608696,0.0949163615382631,0.4849496621373084,0.9130434782608696,0.11967135399208528,0.4914156674925044,0.717948717948718,0.0029277390345302523,0.11513203842207331
param,26,22,449,42,0.9361702127659575,0.0414615072011566,0.22104266307191012,0.9361702127659575,0.10734499579691803,0.5161056287630686,0.8095238095238095,0.09793724865888365,0.41853600819720627,0.48484848484848486,0.0013329607810764754,0.05996536508378569
paramaM,18,34,610,14,0.7804878048780488,0.0016013463554571672,0.06892582777548151,0.9583333333333334,0.05932932820640269,0.4539295578834385,0.9130434782608696,0.08628126585174023,0.45265419245126104,0.6111111111111112,0.0018785868362151126,0.1265613670162533
pareRa,9,20,53,8,0.9361702127659575,0.01131462763081792,0.08241242824498474,0.9583333333333334,0.0932890863841025,0.567793813434035,0.9130434782608696,0.12445494817852865,0.5442352602802518,0.9361702127659575,0.009620100475964066,0.14800463734406555
paro,56,17,128,20,0.9361702127659575,0.015970981871553658,0.20710378992829037,0.9130434782608696,0.07290420768949624,0.48120558907131594,0.8095238095238095,0.0719990009781194,0.378395248457279,0.8372093023255813,0.008029617077453977,0.12148532639561826
patati,14,6,18,6,0.8888888888888888,0.004967024854503954,0.07456788970641415,0.8372093023255813,0.07238328992109677,0.4759812583850045,0.8636363636363636,0.054977519780985085,0.44329969493973054,0.8372093023255813,0.00650883095549426,0.06866940430787316
patiH,53,13,103,19,0.9361702127659575,0.011285527745311441,0.2868002903845037,0.9130434782608696,0.11219245419114576,0.5517769618788231,0.9361702127659575,0.10341292620801934,0.4642152032135981,0.9583333333333334,0.023640175974492084,0.2013887892035371
patnI,26,5,52,33,0.9361702127659575,0.0061762844416189955,0.17284811562146973,0.9130434782608696,0.05519709932894068,0.49969440769918094,0.9361702127659575,0.09310920906881093,0.42002181460512467,0.9583333333333334,0.017234676134991522,0.09227016921342257
pfTag,13,10,95,28,0.9130434782608696,0.00573810259936669,0.14573544044187536,0.9795918367346939,0.035096058160109744,0.44475402585197776,0.9361702127659575,0.08550546395728031,0.4373530777961454,0.8636363636363636,0.005958650017180878,0.09564800908992055
pfTivI,239,75,274,72,0.9361702127659575,0.030966640606315043,0.39262414098635867,0.8636363636363636,0.061276791746361914,0.5123489278741589,0.8636363636363636,0.09724909002441484,0.4940221913219832,0.8636363636363636,0.028835885964109798,0.286464899684047
pfTivIM,58,14,328,10,0.8372093023255813,0.01639457904607,0.31459485497228834,0.8095238095238095,0.05905689320998342,0.5453652768672319,0.8888888888888888,0.0990965438404443,0.5361485312305787,0.8372093023255813,0.01487011673584171,0.23889877153146355
pfTivyA,134,21,33,23,0.8636363636363636,0.02059384227821537,0.3668134104112696,0.8636363636363636,0.045601386903933894,0.478053374315913,0.9361702127659575,0.06756198620100673,0.43936613913911615,0.8888888888888888,0.021282872640997708,0.25080568358186706
pfzwo,7,5,49,7,0.9795918367346939,0.007962924099142898,0.09374285139408922,1.0,0.04278185031077952,0.3804254290962632,1.0,0.08362659894074287,0.44219047679448353,0.9130434782608696,0.010417857199929936,0.09482985932479049
pitA,160,53,566,77,0.8636363636363636,0.009757195884679937,0.22156116472765697,0.8888888888888888,0.08251244553966486,0.5083908538556696,0.9130434782608696,0.10169125898793796,0.47921136444863366,0.8636363636363636,0.018838543537942454,0.07583291602721076
pitFRAM,9,7,102,8,0.9583333333333334,0.004699461717052378,0.026679201913553663,0.9361702127659575,0.05746172714241293,0.4090331904068979,0.9795918367346939,0.11122172272684228,0.42600233608180116,0.9583333333333334,0.007837434184054914,0.021315298743370015
pitaraH,55,6,58,23,0.8372093023255813,0.018429053705019238,0.10865073360242528,0.9361702127659575,0.07246545283951811,0.47375925774510996,0.8888888888888888,0.03700039964318935,0.3107116890543892,0.7804878048780488,0.00645074550291036,0.04047302414494047
pitaraM,31,14,338,8,0.717948717948718,0.0025352578602446663,0.05241964079593986,0.8636363636363636,0.044590944390059395,0.45254148562505425,0.9583333333333334,0.10245642314182068,0.4551704436081063,0.8636363636363636,0.0070188762558744955,0.08385777978429332
pitaram,19,5,27,13,0.9795918367346939,0.030260298572185707,0.1451455432519837,0.9795918367346939,0.08315087094459284,0.45314095268502497,0.8372093023255813,0.04772185526802575,0.3561386279832741,0.8372093023255813,0.022080461596899692,0.14023816325220828
pitaro,74,8,84,42,1.0,0.012496813547318464,0.10950969970187674,0.9583333333333334,0.05919870178083264,0.4686462816055438,0.9130434782608696,0.0733870924467177,0.3902630539763585,0.9795918367346939,0.019891527686138,0.06269843221091387
pitrA,5,9,157,9,0.8888888888888888,0.011048231852420098,0.243150749717997,0.8636363636363636,0.0671188624185074,0.464231490479427,0.9583333333333334,0.1390371434421822,0.4644826141421363,0.9583333333333334,0.011496303164038824,0.06065693366878677
pituH,12,6,170,11,0.9130434782608696,0.006577636070637327,0.10494046840016191,0.8888888888888888,0.06282305236161934,0.5059641102355108,0.9795918367346939,0.09355879044944182,0.4564799234042224,0.8888888888888888,0.004121161187032318,0.047474672915950866
prARAn,46,8,259,12,0.8636363636363636,0.01817779104258299,0.17485198090421106,0.8636363636363636,0.12342495647213625,0.5218214114980662,0.9361702127659575,0.10841816720989972,0.5656094549052629,0.8888888888888888,0.017475569720564632,0.15501627765122317
prARa,81,86,10,46,0.8095238095238095,0.016194610763411665,0.1997370611773348,0.6486486486486487,0.07131858667155888,0.35947189042565975,0.7804878048780488,0.08527999589505963,0.3363733306933061,0.8372093023255813,0.014795805244639748,0.14329451074842614
prARam,61,21,12,16,0.9130434782608696,0.03359963772891117,0.24033462634718616,0.9130434782608696,0.08440024739931729,0.32521221180416915,0.8372093023255813,0.021373179635809314,0.2935912256430986,0.7804878048780488,0.0069972312154559235,0.14455523637746848
prARasya,6,52,9,5,0.717948717948718,0.03302042155573348,0.15967998512095405,0.6486486486486487,0.07724625441640798,0.3231246920971462,0.3870967741935484,0.021680188487775975,0.19170079414795804,0.48484848484848486,0.010076095720951583,0.08543410039898669
prARe,21,40,11,5,0.8095238095238095,0.01377495689822339,0.17139111864194545,0.717948717948718,0.09835180151260736,0.38133397591895735,0.7804878048780488,0.08556353337149625,0.41035889485146826,0.8095238095238095,0.015185414662281072,0.16014491171758727
prARena,57,37,11,13,0.9130434782608696,0.018779835389448385,0.1260049664362961,0.8372093023255813,0.07239637360131568,0.4589194170744655,0.8372093023255813,0.07997678055336632,0.37445870249103774,0.8888888888888888,0.012286871606821625,0.11287981638531996
prARo,123,155,28,9,0.8095238095238095,0.010204620995631464,0.16138892246772585,0.5714285714285714,0.0688431073092518,0.3895693942647427,0.8095238095238095,0.08567385915909842,0.4182044821250297,0.8095238095238095,0.014643446605649202,0.15420001506091485
prAg,7,6,57,67,0.75,0.02544441072970438,0.16553564570293622,0.5714285714285714,0.06546280539723226,0.4735964290642263,0.7804878048780488,0.09560752085296376,0.45687008519782746,0.8095238095238095,0.023754318074752367,0.1978473836747796
prApnoti,8,20,149,38,1.0,0.01725990081462625,0.13074918755816878,0.9583333333333334,0.09338706348586523,0.41019523640947997,0.9361702127659575,0.08870390625346047,0.3607280138887663,0.9795918367346939,0.004332001408603792,0.04484576304862431
prAtaH,68,10,9,79,0.8372093023255813,0.007873218278514948,0.19534642462300034,0.75,0.017411226606771302,0.3832025616113317,0.8636363636363636,0.0599680868319582,0.38887111064034774,0.9130434782608696,0.009745449515195515,0.1322810548610126
prAtar,82,5,54,51,0.9361702127659575,0.009600860844396486,0.15319981527319582,0.9583333333333334,0.07387260731844203,0.4115489245263253,0.8372093023255813,0.0669978998253411,0.4709930845930774,0.8636363636363636,0.01667279028628188,0.18132912510961785
praTamaH,28,17,26,31,0.717948717948718,0.010389229545396006,0.10995961907701213,0.75,0.027682764842337892,0.2965910069913149,0.8372093023255813,0.08418774515868066,0.3524575557255596,0.717948717948718,0.009335999429972985,0.09310427635928642
praTamaM,37,22,125,30,0.75,0.008034213906013443,0.12670424815885895,0.8372093023255813,0.0688482592556755,0.3610833175358148,0.9130434782608696,0.09521966182821273,0.3241564931192067,0.8888888888888888,0.010248659072064292,0.11896188027712618
praTame,23,5,13,65,0.7804878048780488,0.007888605355288347,0.14578785773527514,0.5714285714285714,0.05643591363033973,0.37752617046315207,0.9130434782608696,0.08110082233155935,0.42546039752844833,0.717948717948718,0.01258478153394138,0.08084498391710493
praTamo,99,16,19,30,0.717948717948718,0.00831296598717457,0.15653723395676367,0.6842105263157895,0.049318995987425174,0.3533800244879839,0.8888888888888888,0.0755874751781419,0.4122953910115821,0.8095238095238095,0.012225069196117211,0.09317938999821984
prajA,113,24,179,28,0.4375,0.010269837077860111,0.169799438818802,0.3870967741935484,0.04441484956592956,0.3887517762823747,0.7804878048780488,0.10298611608310271,0.36185384416335586,0.717948717948718,0.025431728700574086,0.20099776295885652
prajAH,39,23,360,27,0.6486486486486487,0.009453516550951502,0.1472072048818891,0.5294117647058824,0.06361908460679111,0.3835483561865637,0.7804878048780488,0.1198613511584018,0.38460912364497823,0.7804878048780488,0.013619561617570941,0.1482142524341753
prajAnAM,13,7,153,11,0.717948717948718,0.015502696107146718,0.12333794810473186,0.8095238095238095,0.045621510383030195,0.437419655998021,0.9583333333333334,0.10765818249450443,0.4104944204609172,0.9130434782608696,0.012721936016730884,0.10153072527489915
prajApatiH,121,27,128,15,0.7804878048780488,0.0068644121061715024,0.15692444562953356,0.75,0.059846704731875144,0.3340341404754237,0.9361702127659575,0.09804597790780611,0.3465230490742429,0.9361702127659575,0.02175365787801775,0.21148566421397375
prajApatir,130,26,50,30,0.9361702127659575,0.017486364817079214,0.15588471074860855,0.9361702127659575,0.07363235166806348,0.3102972701300226,0.9583333333333334,0.09031069514212675,0.3387818724398314,0.9583333333333334,0.027166590522494594,0.23408873214623682
prajYA,8,14,61,17,0.6842105263157895,0.01644285237900467,0.09599359026399035,0.5294117647058824,0.06597632209673576,0.31726555164568193,0.8095238095238095,0.08712365962130086,0.23474569103032183,0.75,0.01125031339364213,0.05171170005304582
prajayA,118,40,5,16,0.7804878048780488,0.009933028394930377,0.12473969410756247,0.5714285714285714,0.0470879444527148,0.3862037227089632,0.8095238095238095,0.07788327810841944,0.3332838930838655,0.9130434782608696,0.0173460808710052,0.17409454551010772
prati,454,93,1105,81,0.3870967741935484,0.009409350961418594,0.10390239544256064,0.4375,0.022962098353910165,0.3457476578468448,0.75,0.1106772125830231,0.3340810888574687,0.7804878048780488,0.03428589144647365,0.14039053515118471
pratigfhRAti,5,6,15,16,0.9130434782608696,0.004729255622696438,0.03473722146939584,0.6111111111111112,0.028580337600942807,0.2764825755479079,0.8095238095238095,0.04554014666317607,0.2830729892027415,0.8888888888888888,0.010408707715726995,0.05111265183754987
pratipadyate,23,44,94,61,0.9795918367346939,0.02994561661506201,0.18021960743368914,0.9130434782608696,0.08630045113029794,0.31830243670939895,0.8636363636363636,0.05414484054966806,0.27480351607832243,0.8888888888888888,0.010490145468711631,0.04141721255561093
pratizWA,73,48,32,28,0.75,0.012249350913797974,0.09460858450309051,0.8372093023255813,0.06334118435092961,0.2777465809270485,0.8095238095238095,0.06111725800279855,0.2978270306853066,0.8095238095238095,0.010810434728149021,0.10192322901119755
pratyakzaM,12,27,90,5,0.8888888888888888,0.01643017121714574,0.0676443388877237,0.9130434782608696,0.07372009908290555,0.3482502614187224,0.9130434782608696,0.07391468719063832,0.30801754271487036,0.9361702127659575,0.011391697965061787,0.1034507075868345
prayacCati,16,8,88,14,0.8636363636363636,0.003645526972735902,0.06714768967354268,0.7804878048780488,0.05641792845995386,0.3602816174550041,0.8095238095238095,0.034459958019514625,0.3377441539933186,0.7804878048780488,0.010440721854458657,0.08300373776846859
priyA,59,21,66,19,0.9795918367346939,0.03190506041081709,0.2494163811204655,0.8888888888888888,0.0748462991634149,0.3843558770402121,0.9361702127659575,0.11571951178761952,0.4132587172994069,0.9795918367346939,0.020897992578888802,0.05851447093913542
priyaM,65,37,290,12,0.9795918367346939,0.027467250557187906,0.16124904472826107,0.9361702127659575,0.07775181381216179,0.399618221814794,0.9130434782608696,0.06698320444353778,0.36031227918867337,0.75,0.010639890962945708,0.09606502609176482
priyam,77,12,213,11,0.9361702127659575,0.0627338537409533,0.23701762147272287,0.9361702127659575,0.11886741154634306,0.39269302714132515,0.75,0.030387384095386216,0.38452833425629185,0.5294117647058824,0.0029068609823900138,0.08790134417791884
priyo,51,7,71,6,0.9583333333333334,0.02169801253698267,0.18694250778931343,0.9130434782608696,0.08167490317760928,0.3816308932110475,0.9795918367346939,0.12650574891908672,0.4168697354442743,0.9795918367346939,0.01539192184196414,0.07902206751737784
provAca,5,7,160,5,0.9130434782608696,0.020308510143687286,0.05415215743447743,0.8888888888888888,0.0876249967411743,0.4396250787618914,0.9583333333333334,0.08632894943133307,0.43157118761013835,0.9130434782608696,0.007040870196034832,0.04195644401110954
pucCaM,9,14,8,27,0.9795918367346939,0.011830566956607447,0.04716043835235584,0.9361702127659575,0.04135004717047408,0.26981591508552394,0.8095238095238095,0.03649089140819606,0.25031045420077425,0.8372093023255813,0.0036056771225357886,0.0978593974594445
punaH,112,168,2317,114,0.9130434782608696,0.012893811463678628,0.09498181006227946,0.9361702127659575,0.07736763416957926,0.49434284540108897,0.8888888888888888,0.03358547662649014,0.4345768644986012,0.8095238095238095,0.006094664106936154,0.04380639615620008
punar,279,43,1827,105,0.9361702127659575,0.005436791703435362,0.028555427966831304,0.9795918367346939,0.05397936711912732,0.47427805187056804,0.9583333333333334,0.06828319920904669,0.4857043446709043,0.8636363636363636,0.0037473266499542524,0.027351529782012385
punas,26,7,168,6,0.9583333333333334,0.005406994089817485,0.029883140547099174,0.9795918367346939,0.09071687088107105,0.5480086790335976,0.9795918367346939,0.0811768057132981,0.5366369614629607,0.9361702127659575,0.007762643648705936,0.03692353379351254
purA,119,16,1295,28,0.9795918367346939,0.006441893454784742,0.04936801499777099,0.9795918367346939,0.08132708397112276,0.54800310784461,0.9795918367346939,0.09360571941552764,0.5077247287591815,0.9583333333333334,0.005830185644050023,0.0647839713954963
purastAd,80,8,63,52,1.0,0.015048203950719374,0.06882951512632296,0.9583333333333334,0.02611235405126988,0.3360119835658517,0.9130434782608696,0.045586949493274354,0.3547988253911848,0.8888888888888888,0.007174382842627169,0.10249846332777413
puruzA,6,9,88,7,0.9130434782608696,0.010059821696224436,0.04517740113311253,0.8888888888888888,0.10006165347186624,0.5233842652339066,0.9130434782608696,0.09440857414596515,0.43477444887263705,0.9361702127659575,0.00825717338638765,0.07808011208820442
puruza,11,64,30,94,0.9130434782608696,0.02454533029875483,0.09055006534403243,0.8636363636363636,0.10770115544808356,0.5041008133067978,0.9130434782608696,0.11729577055302343,0.43991866367373667,0.8372093023255813,0.00871885441700404,0.12618507444111526
puruzaH,39,88,232,28,0.8888888888888888,0.010403352907324304,0.0720374791396926,0.75,0.03179668573560357,0.40486294145626034,0.8372093023255813,0.08245109534561046,0.35362757330905703,0.8888888888888888,0.007645003494745506,0.0851663226663315
puruzaM,37,67,188,41,0.9361702127659575,0.017630432375121408,0.0852911085187783,0.9583333333333334,0.09808616925324187,0.45263072500295687,0.8095238095238095,0.046952185583412964,0.34186418750414116,0.8372093023255813,0.0028239781439539646,0.1323266511951412
puruzasya,13,51,61,35,0.6486486486486487,0.03328876156208782,0.14075901036723437,0.6842105263157895,0.0551117879938936,0.3160504432560153,0.6486486486486487,0.04657930750562278,0.19851420517129692,0.48484848484848486,0.008236178438944308,0.07440052343202153
puruze,12,23,33,10,0.9583333333333334,0.012736138979093647,0.06148850183495136,0.9130434782608696,0.0946646107668383,0.4774393388693545,0.8888888888888888,0.08921744360798778,0.38879077519363037,0.9583333333333334,0.008155123510364404,0.09210860456886394
puruzo,64,145,226,24,0.8888888888888888,0.017307020829658515,0.08271463917010924,0.8372093023255813,0.07704771973975033,0.4621259908388098,0.9130434782608696,0.0999285293131037,0.4159161959105282,0.8636363636363636,0.00630427652329868,0.06241273229892652
putrA,15,9,171,22,0.9583333333333334,0.008788816851266201,0.11082729948572423,0.8888888888888888,0.07352373905883658,0.5666277362360188,0.9583333333333334,0.10097869671587634,0.601823142285159,0.9361702127659575,0.004924553446352453,0.09290721139101121
putrAH,11,6,67,15,0.9583333333333334,0.0065937097212041,0.08151576034874664,0.8888888888888888,0.08301353801283085,0.5361498255906887,0.9361702127659575,0.144817742592806,0.5483047367940632,0.9583333333333334,0.005740852575281119,0.09613091190140133
putra,30,6,306,58,0.9795918367346939,0.005534760086163382,0.09920085911118504,0.9795918367346939,0.10433715028412982,0.5559268023688879,0.9130434782608696,0.1350035014982358,0.5478399058699146,0.9795918367346939,0.01644701747708266,0.20448486996365967
putraH,38,6,232,31,0.8095238095238095,0.00811852336225738,0.11244819662071148,0.9361702127659575,0.0642810281701296,0.5542663100552934,0.8372093023255813,0.06230811340317022,0.4777130817138102,0.6486486486486487,0.006493979217726764,0.08979533263634165
putraM,38,16,456,14,0.6842105263157895,0.005383885125185284,0.07148530161290734,0.8636363636363636,0.047474385902060545,0.5166163391822851,0.9361702127659575,0.08586393320087538,0.4773290802693577,0.6486486486486487,0.0024669616146161255,0.08994650134107673
putram,43,6,217,26,0.7804878048780488,0.010263262708068988,0.1480783024580793,0.8372093023255813,0.07574328768876415,0.5067618497637785,0.8095238095238095,0.04829421445453497,0.44932717770958974,0.717948717948718,0.003056434657205065,0.0718081238530568
putrasya,16,7,210,15,0.5294117647058824,0.038860189605601336,0.19038971323901488,0.5714285714285714,0.07467248798443538,0.420642832684369,0.6111111111111112,0.06559526162926055,0.3116897512236071,0.5294117647058824,0.014888132888892347,0.07200297996986915
putro,65,26,474,26,0.9583333333333334,0.003400123074737693,0.10938810606642435,0.8888888888888888,0.08440974500567555,0.5680001010455313,0.9583333333333334,0.1118697235537427,0.5490469144972991,0.9583333333333334,0.013915677993484477,0.10143482773037193
rAjA,203,44,2700,189,0.9583333333333334,0.007541903135802386,0.18732001298992418,0.9583333333333334,0.08870138682645934,0.5757310369391653,0.9130434782608696,0.09875687287020529,0.5780097762688754,0.9361702127659575,0.032249190840769604,0.3300697678150193
rAjAnaM,14,15,498,18,0.717948717948718,0.00482273423717916,0.055396820243969414,0.8636363636363636,0.03142228316069806,0.48014880767843027,0.7804878048780488,0.033760329008795775,0.44799469510549494,0.5714285714285714,0.004134759731821536,0.08648912869079006
rAjYA,16,6,300,31,0.9130434782608696,0.004443268891123675,0.0565139796343439,0.9130434782608696,0.07710626397705056,0.5527839612984546,0.9361702127659575,0.10025788084743636,0.5831063119733627,0.9361702127659575,0.013016614436812457,0.1440698724574223
rAjYaH,7,5,285,46,0.8888888888888888,0.008715199894873349,0.1221800698359441,0.9583333333333334,0.08655864057191398,0.5430322757864713,0.9130434782608696,0.08502666814529625,0.5658576526164689,0.8888888888888888,0.008893673620333886,0.1978050839816683
rAjYo,22,17,297,24,0.8888888888888888,0.006114823722692786,0.09648871140902382,0.9583333333333334,0.08740608113200343,0.55267729091998,0.9361702127659575,0.13795381979418275,0.5903516084150426,0.9361702127659575,0.015565852585754159,0.1680482994186654
rUpARi,43,33,48,9,0.9583333333333334,0.007612393445533994,0.08410334832260657,0.9130434782608696,0.09112506025857303,0.4474666519188265,0.9795918367346939,0.11250091646710336,0.4460739941993257,0.9361702127659575,0.007967374540613914,0.0760985157781282
rUpaM,111,67,345,30,0.9361702127659575,0.004942701354391343,0.15567283754399253,0.7804878048780488,0.02750073711622425,0.38777713484208776,0.75,0.047686135244561556,0.3649108992946115,0.8888888888888888,0.012589036153622946,0.1261151687316453
rUpam,322,41,199,40,0.9130434782608696,0.011261786096479987,0.17961150003671023,0.7804878048780488,0.048937971961371174,0.3425805888304918,0.6111111111111112,0.017958257815201106,0.26905455020443125,0.7804878048780488,0.004532226008208906,0.14676127354464097
rUpe,10,5,27,5,0.9130434782608696,0.014443759631091568,0.10439959334796267,0.9583333333333334,0.062019034454832256,0.413892619717787,0.9583333333333334,0.08494099526349119,0.4524262087587009,0.9130434782608696,0.007957339085785331,0.10654041382804524
rUpeRa,110,26,122,29,0.9130434782608696,0.01430407757591079,0.11837383458205619,0.8095238095238095,0.09174876211533733,0.4949965240745626,0.9795918367346939,0.11638393821335746,0.5171898961501555,0.9361702127659575,0.007737554958765158,0.06724190512802197
raTo,85,6,74,5,0.9361702127659575,0.01121189994480698,0.28122352431297415,0.9130434782608696,0.04562519314236735,0.6276176863928472,0.9795918367346939,0.06260573345632636,0.5926025731739053,0.9583333333333334,0.01530393362873661,0.1695632703745118
ramate,8,13,76,6,0.9583333333333334,0.011905669544110542,0.15181118659362602,0.9361702127659575,0.09261671421190931,0.43069017102769436,0.8888888888888888,0.0772546522503822,0.44406147078115066,0.9361702127659575,0.016523277969388683,0.1893229437998083
rasaM,22,9,30,9,0.9130434782608696,0.019334285038009602,0.16778796013848285,0.8888888888888888,0.06789074428477848,0.421973275638045,0.717948717948718,0.02363765346548863,0.2812867095741576,0.5714285714285714,0.0009795306961868366,0.1363215907256492
retaH,53,22,20,6,0.75,0.007609351859856672,0.1522084297422197,0.7804878048780488,0.04000131254399164,0.3953745633238914,0.8372093023255813,0.038111404988023456,0.3179875671831468,0.717948717948718,0.0075488470554123666,0.095825079213254
sA,370,209,1960,164,0.9361702127659575,0.005351094148205449,0.09420906210885571,0.9583333333333334,0.07154062461416211,0.5430722764279974,0.9795918367346939,0.11334476868108867,0.49651476212706536,1.0,0.012191683640340067,0.09813207511645683
sADanam,7,8,9,7,0.8888888888888888,0.012673620383453543,0.11165985711850357,0.8636363636363636,0.08965348340166202,0.4088814072143231,0.717948717948718,0.024081921304229148,0.3236192820980651,0.6486486486486487,0.002871453259091883,0.06647306986690593
sADu,15,24,341,8,0.9583333333333334,0.0034281067420905975,0.0378239907191289,0.9795918367346939,0.056726257103068334,0.5021909160788316,0.9130434782608696,0.04495702403917268,0.5060576871974858,0.8636363636363636,0.0028284454866662756,0.020993162676758437
sAma,129,109,23,94,1.0,0.04651956631595,0.17473016120836427,0.9361702127659575,0.048340760892566004,0.29247986879020693,0.9583333333333334,0.04873682065212159,0.3198826371734652,1.0,0.02792106018486762,0.25282891913165617
sEva,11,8,14,9,0.9583333333333334,0.00774082471463633,0.026349077486852668,0.9361702127659575,0.02761400712282236,0.30739355854479844,0.9361702127659575,0.062858637321766,0.30586072580402957,0.8888888888888888,0.003474578311801091,0.022618422172376307
sTitam,18,6,199,7,0.8095238095238095,0.016220726806018715,0.16476279587081955,0.8636363636363636,0.0774969269513015,0.5352091869389146,0.717948717948718,0.033546708851015405,0.4995726290988145,0.5294117647058824,0.0022733216027194247,0.07230588535298543
sUrya,114,6,58,24,0.9795918367346939,0.028157802645405683,0.3192581475604732,1.0,0.0747216360081463,0.4585405252844621,0.9583333333333334,0.05740904463879637,0.40901839748776325,1.0,0.03847109655141201,0.2477817774753387
sUryaH,70,8,51,7,0.8095238095238095,0.017257242470454237,0.292678826634284,0.8372093023255813,0.04837905263500186,0.38414251835197477,0.9130434782608696,0.052859998504811045,0.31420640812833656,0.8636363636363636,0.016940430098642878,0.1929188442648203
sUryo,129,9,77,19,0.9361702127659575,0.009147496529268273,0.29478915160415586,0.9361702127659575,0.060283876942358816,0.3452642629909417,0.8888888888888888,0.06956320820960171,0.3397284718875031,0.9361702127659575,0.02496130500362126,0.23481366169785134
sa,2652,1777,12065,749,0.8636363636363636,0.03136319476669247,0.3333941813001995,0.8372093023255813,0.08877638315491543,0.49204176891960816,0.8095238095238095,0.061306981491871415,0.4459801499941387,0.5714285714285714,0.023021135856694963,0.3053009469465977
saH,22,22,500,33,0.75,0.04219139742133182,0.19465958565648567,0.75,0.05283295186978609,0.3394430119628965,0.717948717948718,0.02291539513189189,0.27547046124260355,0.6111111111111112,0.010926719046694178,0.12649448051319945
saMpadyate,23,7,34,8,1.0,0.025773458485456424,0.1382715019987546,0.75,0.06708622230042482,0.3166866298396055,0.7804878048780488,0.0553534825880887,0.31527714611779656,1.0,0.004483864934280324,0.026868542042080112
saMvatsaraH,49,10,7,9,0.9795918367346939,0.03163488816876725,0.19554183361152977,0.9583333333333334,0.05253843314071327,0.39080580324558745,0.8888888888888888,0.05256183837421702,0.3010515108820231,0.8888888888888888,0.008708304632539687,0.06721573089734223
saMvatsaraM,23,17,48,10,0.9795918367346939,0.0362955560176389,0.16859104424225058,0.9795918367346939,0.06340939591485728,0.3796395199577328,0.8636363636363636,0.04640006308910849,0.3134086846572034,0.9583333333333334,0.013599492277668879,0.07866880961714018
saMvatsaro,18,5,13,6,0.9130434782608696,0.03974071845699301,0.18501591406144224,0.9583333333333334,0.05573300774135226,0.4227341366392511,0.9795918367346939,0.07575804044887802,0.3612981772633954,0.9361702127659575,0.007664338346076827,0.08522989854058194
sadA,141,12,1302,45,0.9361702127659575,0.018727905061068917,0.34669695296904524,0.9583333333333334,0.07244230104625027,0.3775556630001946,0.9130434782608696,0.05878908073946987,0.36547969304437644,0.9583333333333334,0.042556743552197074,0.33449080555590327
saha,288,102,2516,235,0.9795918367346939,0.00873693593904934,0.20835657340040337,0.9583333333333334,0.08853368925590788,0.6056087052030539,0.9361702127659575,0.14397554048553352,0.5708206622866749,0.9361702127659575,0.019419741704547633,0.18897451021758094
sahasrARi,13,5,243,18,0.9130434782608696,0.006856546762841309,0.1879499046964862,0.9583333333333334,0.0626283859158836,0.505851337026556,0.8888888888888888,0.08832226539636567,0.4058664569249407,0.9583333333333334,0.006777588581765248,0.14954826986335634
sahasraM,55,24,143,26,0.9361702127659575,0.012280919026653292,0.12938695190750515,0.8888888888888888,0.06947471453418919,0.5087269082735064,0.8372093023255813,0.06693318440661711,0.47116362253360433,0.8372093023255813,0.0065079210458866,0.09712406368427373
samAnam,40,33,5,59,0.9130434782608696,0.023689936204494222,0.15709895906010773,0.9130434782608696,0.06778146714579014,0.4579926412045461,0.7804878048780488,0.01769743599092577,0.3787215695934424,0.6486486486486487,0.007929576168756225,0.11180277447721798
same,37,7,30,17,0.9361702127659575,0.010271372627654651,0.13652385731613914,0.9583333333333334,0.10722828210905189,0.6000933731592992,0.9361702127659575,0.12308948025616762,0.5854454305522306,0.9130434782608696,0.017831409672302012,0.14049265807965627
samudra,29,7,19,13,0.9130434782608696,0.006957178162551925,0.15905395868504246,0.9583333333333334,0.061255243612996946,0.49457822491315495,0.9583333333333334,0.09755397331979121,0.5089017324719672,0.9583333333333334,0.004601977982590544,0.14525362454992474
samudre,37,9,40,6,0.9361702127659575,0.005679049022094151,0.12621801387727916,0.9361702127659575,0.07331306779126745,0.47642004090827694,0.9361702127659575,0.08007930506832206,0.4766279666783074,0.9130434782608696,0.009964303745834013,0.13132066173855317
san,46,28,134,9,0.8888888888888888,0.0167048303317745,0.29508733468591464,0.8372093023255813,0.10133753772403176,0.5011207512488829,0.9130434782608696,0.09001449463613165,0.5286892033076229,0.9130434782608696,0.02606896422281446,0.3357457804871463
santi,70,5,179,10,0.9361702127659575,0.03246603878298027,0.3492928021950936,0.9130434782608696,0.08605463670629454,0.4339366028840206,0.6842105263157895,0.03697176473753905,0.4481990579966727,0.8095238095238095,0.02106596313303477,0.4013363746136692
sapta,296,12,250,124,0.8888888888888888,0.029028064216471527,0.27992150458992926,0.8372093023255813,0.09290524746576756,0.47525316842359366,0.9130434782608696,0.08839608706274693,0.43811893806422364,0.8888888888888888,0.014049341672373039,0.20498058382275786
sarvA,161,34,373,35,0.6486486486486487,0.007561550928322003,0.1291612598505022,0.5714285714285714,0.07456926826557198,0.40596625726853364,0.6486486486486487,0.12307830698783895,0.49966458465111374,0.6486486486486487,0.011298445236815224,0.18154495394784442
sarvAH,50,20,254,9,0.717948717948718,0.007944629880330845,0.14943026788302838,0.717948717948718,0.08823361721620782,0.4016116403911255,0.6486486486486487,0.07965080741722952,0.45410245268489646,0.6111111111111112,0.008945002139065905,0.17224301893897076
sarvARi,48,120,371,32,0.8095238095238095,0.010269558135112211,0.09763149061371834,0.75,0.056674444596154894,0.3914834420738269,0.8095238095238095,0.07985412444047346,0.43715315041729197,0.6842105263157895,0.006456501932560976,0.11384231317787641
sarvAn,149,26,1127,57,0.8372093023255813,0.012695591331519096,0.15643679200955507,0.8636363636363636,0.08475075050963332,0.4612964458479034,0.8372093023255813,0.09240865382235741,0.49408016866357574,0.8372093023255813,0.012624839066292193,0.17346029092388782
sarvEH,13,8,142,5,0.717948717948718,0.008160142588796826,0.06352041774524986,0.6842105263157895,0.06873285137830687,0.46895935171316405,0.6486486486486487,0.07732242312115667,0.5131794575706412,0.6486486486486487,0.0062683775718724855,0.09341764819214582
sarva,58,38,277,222,0.6842105263157895,0.023226238902975038,0.13913162134628232,0.75,0.11426348183242718,0.4255677910839297,0.6486486486486487,0.09707160594439967,0.46326501853354374,0.6111111111111112,0.01015148623994,0.16340898422700467
sarvaH,16,20,59,5,0.6486486486486487,0.006273155860472057,0.08318041367341134,0.5294117647058824,0.06073851760001869,0.36286689331484556,0.75,0.06045963346488037,0.36445906071369527,0.717948717948718,0.006287825336954045,0.09861714165273971
sarvaM,137,255,1682,84,0.8888888888888888,0.008272672048174168,0.07715657960298894,0.8888888888888888,0.09611737305491874,0.34075277324633624,0.9583333333333334,0.09377235788648575,0.3649251914115732,0.9361702127659575,0.011409420198537745,0.10106096741867465
sarvadA,19,17,115,15,0.6111111111111112,0.0067532355287486245,0.0864923012292923,0.6486486486486487,0.07985076137958569,0.3813079970302913,0.6486486486486487,0.09659319659777232,0.40886826963521616,0.6486486486486487,0.006240472745174364,0.1062869193051148
sarvam,208,123,967,97,0.8888888888888888,0.013455681057937707,0.09582077013922086,0.9130434782608696,0.08713230164455432,0.35715885357923294,0.9583333333333334,0.06691047306888365,0.33998273900170806,0.9361702127659575,0.008681153644076844,0.08018887340978909
sarvasya,38,61,163,16,0.6111111111111112,0.027923042868685077,0.16222243175781093,0.6842105263157895,0.07307581924758,0.32028834707520626,0.5294117647058824,0.04388628524436211,0.2538335553650217,0.27586206896551724,0.0017696973848783104,0.08561407226073636
sarvataH,14,18,325,29,0.7804878048780488,0.009451721684640146,0.08996241380841385,0.8372093023255813,0.12148817388064592,0.4739374371544933,0.8372093023255813,0.10698953828982105,0.4659692730268171,0.8636363636363636,0.006188070029510939,0.10519397571950595
sarvato,7,12,221,30,0.8095238095238095,0.012292902025234032,0.1068355360356803,0.8636363636363636,0.12247719702009652,0.4768407066800602,0.6842105263157895,0.10257666020605316,0.5070668586832481,0.6842105263157895,0.006313769007618819,0.12272601081817736
sarve,150,126,3074,69,0.5714285714285714,0.006861395616425625,0.08227512512450486,0.6111111111111112,0.05622058931638041,0.36436988148239857,0.6486486486486487,0.08302656774639594,0.45053079637960525,0.6111111111111112,0.008503780637197256,0.13500247845061386
sarveRa,20,8,22,8,0.6842105263157895,0.006580161221055314,0.0896769994121146,0.75,0.04774777373715744,0.3884396335976813,0.6842105263157895,0.06891020442477014,0.4332118440550624,0.6486486486486487,0.004076578162108713,0.08574385234736592
sarvezAM,34,91,475,53,0.6111111111111112,0.007617549327930906,0.05624880556119449,0.717948717948718,0.03597468540857174,0.3682987879190177,0.8095238095238095,0.06643171009833515,0.4489658532533499,0.6842105263157895,0.003361082450264119,0.07901362649566845
sarvezAm,30,8,172,53,0.6842105263157895,0.011382813089351185,0.06328516007423057,0.7804878048780488,0.04184096470231047,0.37700587497960913,0.8636363636363636,0.08379769743136312,0.4031520664357173,0.7804878048780488,0.008895077787275607,0.07537518512289676
sarvezu,19,36,228,43,0.6111111111111112,0.005654580997806469,0.04053721506941632,0.6486486486486487,0.045008298089938115,0.4153719251974076,0.6842105263157895,0.0867434453589665,0.48053975446784736,0.6842105263157895,0.004455473308604629,0.07489497051442162
sarvo,8,42,66,6,0.5294117647058824,0.0068644057762096145,0.08727638329124332,0.5294117647058824,0.06331724431575692,0.3759561676669667,0.6486486486486487,0.08788043438498483,0.4117682290251268,0.6842105263157895,0.008697364153499754,0.12710396888045228
satI,11,13,82,5,0.9795918367346939,0.008260358691648428,0.1601073579332568,0.9583333333333334,0.07915606360723804,0.4774153818024305,0.9795918367346939,0.08676378126217199,0.4741760217442622,0.9583333333333334,0.014279798094009144,0.14508780870782223
sato,16,22,15,5,0.9130434782608696,0.025202648841209263,0.2559303422842747,0.9583333333333334,0.10818418844382982,0.448512920113315,0.9583333333333334,0.09952728425655066,0.48009353362049956,0.9361702127659575,0.024393703809390432,0.23999599114396575
satyaM,52,119,545,22,0.717948717948718,0.0016244905194819914,0.050579382373320714,0.9795918367346939,0.03418656665077646,0.34420893981551137,0.9583333333333334,0.06534707053369071,0.3601966975063876,0.717948717948718,0.0033007741824735426,0.05555459144508523
satyam,66,59,251,30,0.7804878048780488,0.007323286977692689,0.09876174685796746,0.8888888888888888,0.0413447511302093,0.32061450535059643,0.7804878048780488,0.03580045182588021,0.32497184470438323,0.717948717948718,0.00182586900482129,0.07681147053293769
satyena,11,7,133,16,0.9361702127659575,0.005362917085938501,0.07969042412096572,0.8888888888888888,0.08957586130798001,0.4461077376491195,0.8888888888888888,0.08780163978665767,0.40674294951211165,0.9583333333333334,0.007996162094927706,0.08875833816722623
satyo,29,6,17,7,0.9583333333333334,0.007070886413665156,0.1167585433343552,0.9583333333333334,0.07478911239433539,0.42121128710090927,0.9361702127659575,0.07415166483476487,0.42872887676258364,0.9795918367346939,0.0158933510940219,0.17474275625548352
savitA,239,20,42,51,0.9583333333333334,0.02220550740353855,0.3980599017693094,1.0,0.05811737671323025,0.3859457904562841,0.9361702127659575,0.08791594141396553,0.41170198946422076,0.9583333333333334,0.01895541378851362,0.1483050006874952
sma,110,25,1153,10,0.9583333333333334,0.01139592832873626,0.2300982585995085,0.9795918367346939,0.04867005646980849,0.4338266865655329,1.0,0.058363626779640354,0.4434271105899765,0.9361702127659575,0.0184613398945922,0.19981336830859608
so,272,262,1702,99,0.9583333333333334,0.012518350321261584,0.22315009355192905,0.8888888888888888,0.05458531047699822,0.48207221268579314,0.9361702127659575,0.09390198454526033,0.5133055906643844,0.9795918367346939,0.03919821677212132,0.24147180008285385
soma,476,10,11,94,0.9795918367346939,0.04243029737587889,0.4883534131832119,0.9361702127659575,0.03862930959636157,0.26472273066134877,0.9583333333333334,0.06047054429958121,0.331101101916228,0.8636363636363636,0.04847233208363877,0.3158226079566727
somo,238,20,53,36,0.9583333333333334,0.013176675790401937,0.34583718844725,0.9583333333333334,0.05193095724305741,0.26566740187749305,0.9361702127659575,0.06882989661160188,0.2987482137316855,0.9361702127659575,0.03968506422255769,0.29994750469882814
striyA,9,7,33,12,1.0,0.008370501944852893,0.07257157457037977,0.9130434782608696,0.07647972922759416,0.4260938755648006,0.9795918367346939,0.09488579719126344,0.4727170238016951,0.9361702127659575,0.007048461172809772,0.0655404071137482
suKaM,6,23,385,15,0.6486486486486487,0.0036088556061056876,0.07509478912115541,0.8372093023255813,0.025688769660274113,0.3820855874276081,0.75,0.03104600665063284,0.3633703721449665,0.48484848484848486,0.0038000499177074376,0.1449295582528155
suvarRaM,5,12,67,11,0.9361702127659575,0.003552138153354756,0.07577183125167875,0.8888888888888888,0.07161068470047072,0.3838349225998119,0.9130434782608696,0.06212336696080156,0.3444921988775902,0.8372093023255813,0.008293550552202711,0.13873247521823917
svAhA,316,30,29,208,1.0,0.020293617791604657,0.22939834631696776,1.0,0.05702908661763084,0.3006376077223445,0.9361702127659575,0.04623166737547002,0.2740800162022574,0.9361702127659575,0.022150237045178045,0.10349790288230154
sva,81,10,9,215,0.9361702127659575,0.059683739086364596,0.48357814356414075,0.9795918367346939,0.08972559167634131,0.48267611503187824,0.9583333333333334,0.08558875595818938,0.45684257027303843,0.9361702127659575,0.06187379724764086,0.4199237202992533
svaH,39,15,6,17,0.8372093023255813,0.041200174344571905,0.3025429735127345,0.8372093023255813,0.07568096517956469,0.38979903903999513,0.8372093023255813,0.03622645270268199,0.28185043121402686,0.6842105263157895,0.013296911501997077,0.23409845280579278
svaM,6,47,259,37,0.9583333333333334,0.019471530861919106,0.17993239235791714,0.9130434782608696,0.10159464161099074,0.4159155491946347,0.9130434782608696,0.04593229353191697,0.3842845322313695,0.6842105263157895,0.002977054218761377,0.18970765654274702
svam,41,7,156,32,0.7804878048780488,0.009045207029154456,0.29150755987286003,0.6842105263157895,0.029755117172599155,0.4243334587658594,0.75,0.022389698824183957,0.31726044404515863,0.6111111111111112,0.0026574778661075937,0.16595712169753696
svargaM,81,17,226,6,0.9361702127659575,0.02373428580398229,0.24231845465261626,0.9583333333333334,0.046788552762225155,0.3903010218124535,0.9361702127659575,0.06597044500116389,0.3665068321649776,0.9361702127659575,0.01918855978429823,0.17178118155844835
svayaM,8,49,453,90,0.9130434782608696,0.010986455214222035,0.14249317389298477,0.9130434782608696,0.05296938942999885,0.4016555309653427,0.8636363636363636,0.0620174981347299,0.4145953967878315,0.6842105263157895,0.003028993495759913,0.13855461896238697
svayam,22,7,530,53,0.9130434782608696,0.01235374911411824,0.1950245023173265,0.8888888888888888,0.07244586308970524,0.4162334159461222,0.8095238095238095,0.03405677591988898,0.34357895082653045,0.6486486486486487,0.002647969364247049,0.124844387039733
sve,38,9,82,17,0.9583333333333334,0.01641627758493336,0.22761244813664616,1.0,0.05291127979045507,0.44760216803051467,1.0,0.08755703069432885,0.44737488309968687,0.9361702127659575,0.016700010875353777,0.21830431034793707
svena,43,63,137,24,0.9583333333333334,0.017797337178189432,0.14768602921738383,0.9361702127659575,0.12240618333092323,0.5039522807201098,0.7804878048780488,0.11296649190600838,0.4180459109981528,0.8372093023255813,0.006480566238462715,0.09207002598395109
svid,36,5,89,5,0.9583333333333334,0.005154874632322337,0.062234341993435804,0.9795918367346939,0.048223603923916,0.33118323273975736,1.0,0.043592985377760574,0.305103442068537,0.9361702127659575,0.009645885393046116,0.07047278643627519
syAd,61,42,559,100,0.9361702127659575,0.02407390206609683,0.10656184419178039,0.9583333333333334,0.07487274470524141,0.3969799679234207,1.0,0.08825413264704729,0.42948642984648433,0.9583333333333334,0.006079733683092559,0.1093616236347219
syAt,70,223,456,238,0.9795918367346939,0.0447033126985632,0.19020041387429942,0.9795918367346939,0.10074584136701692,0.392037151494919,0.9795918367346939,0.08966958654240276,0.43370529649687195,0.9795918367346939,0.01938364152414518,0.18721377497995406
syuH,16,6,57,35,0.9130434782608696,0.003639413208401221,0.02349411893329023,1.0,0.0652755661756379,0.43057300096434403,0.9583333333333334,0.08296814587929513,0.43880355035733687,0.8888888888888888,0.003479252069402028,0.059626880809007465
tA,526,68,198,106,1.0,0.00834505266308827,0.1493320372439515,0.9361702127659575,0.10327126630421202,0.5539006374518352,0.9583333333333334,0.13653580502760276,0.5316952155193755,0.9583333333333334,0.013304855763821788,0.1395883467921345
tABir,74,7,13,12,0.8888888888888888,0.020390491537159883,0.3378102309864155,0.9361702127659575,0.07678870049520126,0.4992500977198868,0.9361702127659575,0.0792924641354592,0.48839845638876944,0.9361702127659575,0.019450909958569573,0.33366863332376284
tAByAM,29,7,110,26,0.9795918367346939,0.014835633937725468,0.05672774634881583,0.9130434782608696,0.05740355220673243,0.49102587178936274,0.8095238095238095,0.060776168693556065,0.5445505519674312,0.9130434782608696,0.007933998557673072,0.08888631630999266
tAH,76,18,242,44,0.9361702127659575,0.01684300823700502,0.20957399232336715,0.9361702127659575,0.1598096352230498,0.6128921110703855,0.9583333333333334,0.15817005161419906,0.5591182415212279,0.8636363636363636,0.014816312725514535,0.10732910719513278
tAM,134,59,1572,50,0.8888888888888888,0.024522209144661633,0.1459531324342631,0.8636363636363636,0.10608552224570766,0.6069384373735536,0.8636363636363636,0.1358854441886167,0.6348104836948059,0.8888888888888888,0.020915752135894916,0.1808179040708393
tAm,105,10,619,57,0.9130434782608696,0.024986827124022448,0.18235351555509793,0.9130434782608696,0.10352906953340046,0.569171158901498,0.8636363636363636,0.1758629633479606,0.5014532284286712,0.9130434782608696,0.05989387511970523,0.2598887930237752
tAn,248,31,1964,98,0.9583333333333334,0.04075744382208857,0.25370690820707065,0.9583333333333334,0.16957525673281737,0.6614865101807141,0.9583333333333334,0.17049429864113974,0.580664081328026,0.9583333333333334,0.006112369792625749,0.08627795643508585
tAni,106,62,374,58,0.8636363636363636,0.01625006407079943,0.23906143178267714,0.8636363636363636,0.13992921141101677,0.5134581813662876,0.75,0.14671730109849979,0.4361736264533368,0.6842105263157895,0.005032899549196168,0.10461752038030414
tAny,35,10,169,18,0.9583333333333334,0.00793553896903798,0.09703009457962075,0.9583333333333334,0.09530971172976055,0.4688070308346043,0.8888888888888888,0.11145960332246907,0.4412132375843577,0.9130434782608696,0.005813149721867306,0.05056934035009941
tAsAM,39,18,120,88,0.9361702127659575,0.0067375654906493,0.037919965157180546,0.9583333333333334,0.057297273220251355,0.4177493641480293,0.9130434782608696,0.08817096490167053,0.4340240724019987,0.9583333333333334,0.008800078575471382,0.0962217485260557
tAvad,22,22,207,22,0.9361702127659575,0.016972334179446547,0.0722833523809554,0.9583333333333334,0.06839126955128261,0.4888149275003897,0.9361702127659575,0.0914184792131375,0.5089056062477068,0.9795918367346939,0.01463676836739014,0.15616217981845582
tAvat,6,12,151,18,0.8636363636363636,0.005861911012513987,0.03860098188168459,0.9361702127659575,0.07174807593834853,0.4410074917272664,0.9795918367346939,0.07103980714611835,0.40390682482776963,0.9795918367346939,0.007235379302118372,0.10780658164457213
tO,88,60,1049,42,0.8888888888888888,0.007521312783255296,0.07569732202751944,0.9130434782608696,0.11998788346858824,0.641314128648584,0.9130434782608696,0.14268953386850203,0.6286132360168761,0.8888888888888888,0.004956247991578788,0.051920094515402804
ta,526,116,99,114,0.8636363636363636,0.056134815522301706,0.26781363074519726,0.8372093023255813,0.15152761400655257,0.5003124910677679,0.8372093023255813,0.11379761242653741,0.42445312405305047,0.8372093023255813,0.026409523182095107,0.22530982749249484
taM,446,308,4647,137,0.75,0.007701878822154562,0.0733627299068833,0.9130434782608696,0.07404871627602394,0.4033000852241574,0.8636363636363636,0.07717333945874638,0.4909459145594993,0.4375,0.0015908361972504226,0.13057073003207154
taTA,139,560,7116,538,0.9361702127659575,0.03104157723643075,0.16979645076115335,0.9130434782608696,0.09251543487581448,0.4561500289277862,0.8636363636363636,0.08601670856681831,0.4527850967655075,0.9130434782608696,0.008944454126722179,0.1555277864976352
tac,55,39,1019,42,0.8888888888888888,0.015779643789010533,0.08997262179480936,0.9361702127659575,0.09046992462050563,0.4094900969323352,0.8372093023255813,0.07688399027799442,0.4009720813262079,0.8372093023255813,0.004432593099825355,0.03548380949155172
tad,2006,556,4248,544,0.9361702127659575,0.014374282241712888,0.1335292011368312,0.8888888888888888,0.04756689680459936,0.3442444121782742,0.8888888888888888,0.06397741671566992,0.35210447242252907,0.9361702127659575,0.02288310468776933,0.13149119989032554
tadA,18,110,4917,89,0.9795918367346939,0.015975768971119853,0.13096607523337345,0.8888888888888888,0.08890895224237405,0.4225218891218048,0.9130434782608696,0.0861766658146711,0.4502270767580434,1.0,0.007325370730667746,0.09627026659121851
tam,732,74,2386,286,0.6842105263157895,0.02319348930205889,0.2184109667280696,0.6842105263157895,0.033716856052548705,0.38848719941336063,0.5294117647058824,0.016831191461283868,0.3028075173387328,0.5714285714285714,0.004178272757958235,0.10301799230329811
tamaH,26,13,81,6,0.7804878048780488,0.01044464329280248,0.1767182851432545,0.6842105263157895,0.030679102203574393,0.4228449000970189,0.8372093023255813,0.06559997966221676,0.3986986228256665,0.75,0.009805414613274888,0.1504350046812657
tan,239,84,1031,66,0.8372093023255813,0.013905838842681373,0.15962383489418142,0.9130434782608696,0.07894137622879493,0.3722590776249739,0.8372093023255813,0.07293038032624544,0.3798981174382341,0.8888888888888888,0.011863322255800446,0.15637247271633692
tapaH,12,11,278,13,0.8888888888888888,0.0125329006596675,0.09564734021229992,0.9795918367346939,0.06857142025710483,0.43278441210391305,0.9130434782608696,0.1453726062479398,0.45231080637032395,0.9583333333333334,0.024554649043906918,0.21801269682842572
tapas,7,6,199,53,0.9583333333333334,0.006680475262994645,0.048767298913855006,0.9795918367346939,0.09924773856176017,0.5060639399503161,0.8372093023255813,0.07789014165786756,0.4877294244523869,0.9130434782608696,0.018684886229325626,0.184168294643691
tapasA,42,16,509,13,0.9795918367346939,0.0038555614849420383,0.05493328551999799,0.9361702127659575,0.0909543127155028,0.5049421258080357,0.8888888888888888,0.08452456278802734,0.45456976059085696,0.9361702127659575,0.016595422952774386,0.11947926319642255
tapo,34,24,211,15,0.9583333333333334,0.005617279260846986,0.046986352439033485,0.9361702127659575,0.07883118532680067,0.4116435613885985,0.8372093023255813,0.07764415192978447,0.4003362169181859,0.9361702127659575,0.009627638777108483,0.07048830655706084
tasmA,98,18,5,15,0.9130434782608696,0.013615783284802618,0.10270708364420233,0.9130434782608696,0.0671072677944583,0.35030896940751965,0.8372093023255813,0.06738884467211781,0.3199614834705904,0.8636363636363636,0.008813013023330152,0.10236271952140952
tasmAd,345,158,985,85,0.9361702127659575,0.017908993033205256,0.1036198505531607,0.8888888888888888,0.07339285737517498,0.3559642607683191,0.8636363636363636,0.06400758347827396,0.34706074751997007,0.8636363636363636,0.007526019932988515,0.08522732171778924
tasmAn,71,9,219,20,0.9130434782608696,0.018669616412369527,0.11858161294327574,0.9130434782608696,0.06844641890265013,0.42873098061984005,0.7804878048780488,0.05236374105234087,0.3706016366921745,0.8636363636363636,0.014702842220445822,0.14332333954269671
tasmAt,146,103,845,96,0.9795918367346939,0.017557816766161194,0.09120167080829455,0.9795918367346939,0.08100447529694976,0.375332495102774,0.8636363636363636,0.08273041353556265,0.38784718237596083,0.8888888888888888,0.005804928017316469,0.07151575185437642
tasmE,146,54,455,42,0.9361702127659575,0.015471707966579151,0.12156691265808761,0.9583333333333334,0.07780830969412889,0.43190880646961294,0.8372093023255813,0.05790361940403432,0.3895838922684751,0.8372093023255813,0.005775120680343249,0.09546020278209033
tasmin,86,20,1023,83,0.9130434782608696,0.037678209324308876,0.18892050689756923,0.8888888888888888,0.12597447374611637,0.5657637477655566,0.9130434782608696,0.14367960416990222,0.5414668563676979,0.9361702127659575,0.009787519767128772,0.24431075777664113
tasminn,25,22,183,10,0.9130434782608696,0.024047406642132785,0.1164435016658869,0.9130434782608696,0.10124942027209993,0.48683266852979057,0.8888888888888888,0.12521438352246783,0.5380584214183776,0.9361702127659575,0.006504114724179888,0.10095514283719598
tasyA,67,63,179,62,0.8636363636363636,0.01837850711048139,0.16162491546145674,0.9361702127659575,0.08312199435134948,0.4498383418107007,0.8372093023255813,0.07641256503079774,0.38644519396403065,0.8095238095238095,0.013581731491701388,0.12708738301740974
tasyAH,9,12,154,29,0.9361702127659575,0.013818534457635367,0.09173254030897371,0.9361702127659575,0.07461929548092905,0.4211941547582285,0.9361702127659575,0.09090387953483636,0.43055643142077116,0.8888888888888888,0.011628240040470028,0.1083565750063844
tasyAM,11,15,208,20,0.9361702127659575,0.023278981881426075,0.12256392841040453,0.8888888888888888,0.07664860106149596,0.4604202321255081,0.7804878048780488,0.09913899639245416,0.49434411045291227,0.9130434782608696,0.012310202318046248,0.14261186846668017
tasyAm,19,6,64,17,0.9361702127659575,0.02699749324978984,0.16303791059984762,0.9130434782608696,0.0760654227655243,0.4681741840767283,0.9361702127659575,0.11476874531191905,0.41620794939522576,0.8888888888888888,0.017884472190975775,0.1577394770198577
tasya,507,296,4268,469,0.3870967741935484,0.05631784006538032,0.22461988762198049,0.3870967741935484,0.056330209944140175,0.2713961356120782,0.27586206896551724,0.020015205322164387,0.186175643974259,0.2142857142857143,0.0034742664263134326,0.07481405360430793
tat,756,260,2859,363,0.8888888888888888,0.0200499568967627,0.13426396923219075,0.8888888888888888,0.05862585201451942,0.3329396547509418,0.8888888888888888,0.05941578357659327,0.31042080537192795,0.8888888888888888,0.01022094872351531,0.1326378476999186
tata,81,36,193,84,0.8888888888888888,0.05410596066779305,0.272019450996666,0.8636363636363636,0.13417948306116856,0.5630098132883941,0.8636363636363636,0.11437679448772986,0.4776908794000656,0.8372093023255813,0.008370795634296768,0.14995071395959436
tataH,37,50,4788,195,0.9795918367346939,0.02800450165712709,0.13935518837117988,0.8636363636363636,0.13010199724385763,0.4829963314008432,0.8095238095238095,0.06833075545331813,0.4827504909476874,0.8095238095238095,0.007408412268246067,0.07090866238898164
tatas,19,5,1775,8,0.9361702127659575,0.01887696977469544,0.10314985239661578,0.9795918367346939,0.09345392771908256,0.5267819319044074,0.9795918367346939,0.10775154724226044,0.46660982055224587,1.0,0.011390202569238284,0.06128736973800508
tato,103,139,5199,180,0.9583333333333334,0.01939455921228428,0.14092270103705884,0.8372093023255813,0.11632869184294281,0.5087159825446124,0.9361702127659575,0.1266116780731662,0.5279553327532632,0.8888888888888888,0.005318501854442603,0.10931241260600544
tatra,106,368,4523,624,0.9795918367346939,0.01914506747302336,0.14277365919709406,0.9130434782608696,0.10063692385834311,0.44446455483368386,0.9361702127659575,0.09133293088550232,0.5167252631155503,0.9361702127659575,0.010747121567929008,0.16084430134461514
tava,326,35,3133,29,0.9583333333333334,0.01846607937039013,0.208852216143667,1.0,0.07059850640977183,0.45799113825789517,0.9795918367346939,0.10007875892291973,0.475326742741075,0.9583333333333334,0.009583646116456901,0.23903575561186718
tayA,65,17,215,33,0.9583333333333334,0.015914377971687932,0.22789316916600244,0.9583333333333334,0.09938360079817787,0.5197349899088308,0.8888888888888888,0.13149100866597452,0.5035248513222378,0.9795918367346939,0.02201591530232827,0.29573090865521
tayoH,5,6,197,35,0.9583333333333334,0.007172371290172119,0.0971969078606999,0.9795918367346939,0.09840841874379691,0.5069467317795726,1.0,0.09286839107982314,0.48771955447241067,0.9583333333333334,0.008863625059861602,0.17407433041112585
te,3409,485,11232,597,0.7804878048780488,0.008769041241066367,0.13549008690487008,0.75,0.0755425850757736,0.4453050641826306,0.8372093023255813,0.06911825428076801,0.5344348064002888,0.8636363636363636,0.016864936665960895,0.25288854292969565
teByo,49,21,97,24,0.9795918367346939,0.01747530357216398,0.34830601795907756,0.9795918367346939,0.0387819337657368,0.40757311962751375,0.9130434782608696,0.054488813962556004,0.4095634250865777,0.9130434782608696,0.017471927650929753,0.280266984657234
teja,27,21,23,6,0.9795918367346939,0.03089202305181782,0.12581776612982876,0.9583333333333334,0.04546598548048697,0.38710198940859697,0.9130434782608696,0.09074912137758373,0.41862998226620884,0.9795918367346939,0.01139192848782089,0.13287421795133714
tejaH,7,26,73,9,0.717948717948718,0.008192406104709504,0.12202608021530925,0.7804878048780488,0.03234004244286359,0.3769051155203552,0.9130434782608696,0.0752150453455741,0.3631068042291751,0.7804878048780488,0.014852858004428926,0.09815548577558841
tejasA,27,19,381,5,0.9130434782608696,0.0074037268450288796,0.056030215958833396,1.0,0.09201621481894473,0.5438381925637958,0.9583333333333334,0.07669108054423401,0.5295062758409683,0.9583333333333334,0.011737511519088306,0.10868502927759305
tejo,58,22,114,18,1.0,0.04898335775348128,0.22527049767307306,0.9795918367346939,0.07029775443976649,0.3976592117578237,0.9583333333333334,0.10365728378621797,0.4021709365612657,0.9795918367346939,0.015874690287988047,0.16256721939668117
tenEva,7,12,111,32,0.9583333333333334,0.011271589250505198,0.04645317805357563,0.8372093023255813,0.0462244924244638,0.377312288728921,0.9583333333333334,0.07652409572824959,0.3901701559009306,0.9361702127659575,0.0038914028035882398,0.031179982194029954
tena,406,203,1881,464,0.9130434782608696,0.02539209307238588,0.17203124775562761,0.8888888888888888,0.15180201042995645,0.5242981849905044,0.8636363636363636,0.1361626064434489,0.43412397056188423,0.75,0.005558044966048614,0.07580385035144421
tezAM,72,102,1618,134,0.9130434782608696,0.018322911149767696,0.036013332120225616,0.8888888888888888,0.08765150458104842,0.4465259090702035,0.8372093023255813,0.10289221317737318,0.4886974266340792,0.8888888888888888,0.004033084583490054,0.052150089906530805
tezAm,67,15,438,108,0.8636363636363636,0.009868005155215465,0.040670281074699055,0.9795918367346939,0.07037419508462917,0.4897341380192881,0.9795918367346939,0.12068022859460992,0.4331493495717643,0.8636363636363636,0.00757543813072914,0.06814241209825256
tezu,11,17,348,44,0.9795918367346939,0.006803716083842781,0.07141892637534752,0.9361702127659575,0.1426379397957912,0.5916168924664045,1.0,0.17294388179831466,0.593391912923686,0.9361702127659575,0.009281204644217667,0.07692742071146053
tftIyA,6,7,10,16,0.8636363636363636,0.010556992219823202,0.1378315633699284,0.9361702127659575,0.03298205371498253,0.2056313255355724,0.9361702127659575,0.05412169449430737,0.270470440921986,0.8372093023255813,0.01535871961128854,0.1632130890558272
tftIyaH,12,12,8,14,0.7804878048780488,0.009854499076821344,0.19366980322779437,0.6111111111111112,0.0227083205646339,0.22018849132140295,0.8888888888888888,0.10062897745353783,0.3497138686307778,0.6842105263157895,0.0066497404455081455,0.09133020455650764
tftIyaM,21,16,56,26,0.9130434782608696,0.027791785185325102,0.17941482509499862,0.8636363636363636,0.06439600658903821,0.28043431249319783,0.9583333333333334,0.07525432828335787,0.2975900389246592,0.9583333333333334,0.018409917303348067,0.07319204767128862
tftIye,29,6,10,68,0.8888888888888888,0.00811733932726355,0.16011554110623494,0.8636363636363636,0.040113387688115565,0.22896292376112348,0.8372093023255813,0.03905152412673785,0.34659491680461185,0.9130434782608696,0.02764807961699478,0.16692153015425704
tftIyo,12,13,15,5,0.8888888888888888,0.00585825471624879,0.14530495412088107,0.9795918367346939,0.04123040557091706,0.19159029915232773,0.8372093023255813,0.0548595170587306,0.3428307755527502,0.8095238095238095,0.0105645680564882,0.1314398565856052
tisro,73,8,28,56,0.9130434782608696,0.007274813684679304,0.13531994406235204,0.9583333333333334,0.026358141715768668,0.2860660149999129,0.9361702127659575,0.054172151729172,0.23572327387905467,0.9795918367346939,0.0337888705676237,0.173594904712288
tizWan,18,11,48,19,0.9361702127659575,0.013926877171497098,0.1428971936830039,0.9361702127659575,0.07226406614897962,0.593118330770059,0.8372093023255813,0.080437753212239,0.5867274761530267,0.9130434782608696,0.019425030026210988,0.19789010982510524
tizWann,8,5,10,13,0.9583333333333334,0.010530238577493911,0.10205509220954867,0.9130434782608696,0.04926525754943467,0.47241506936685473,0.9583333333333334,0.06144584328208813,0.4942589989223398,0.9361702127659575,0.013480188972094687,0.13708442933932474
tizWanti,29,6,134,5,1.0,0.03616428443428843,0.212250216304106,1.0,0.1041797620570194,0.500926222435791,0.8095238095238095,0.05801065713976783,0.514603483917048,0.8888888888888888,0.016612335094269626,0.2620177530198762
tizWati,55,20,249,17,0.9361702127659575,0.01346705710506979,0.09649269724990173,0.9361702127659575,0.11263461081724846,0.4778256491043651,0.8888888888888888,0.06916512374683159,0.5276172708318124,0.9583333333333334,0.020604300401154685,0.16246814099149254
trIRi,93,18,87,86,0.9361702127659575,0.014448057107735557,0.21583546623498562,0.9361702127659575,0.0973504431943587,0.38291965568963693,0.8372093023255813,0.05164736047051288,0.26072497714371257,0.7804878048780488,0.005149311300104542,0.06402474708168726
traya,26,12,26,11,0.8095238095238095,0.01945773845297183,0.23414652922471924,0.9361702127659575,0.051221705153039365,0.4224205790302773,0.9583333333333334,0.08640322907162523,0.4651845799456463,0.9130434782608696,0.012694391734506594,0.12601008450086937
trayo,40,19,109,25,0.9361702127659575,0.016884687603190063,0.23858016468037646,0.9130434782608696,0.04561279806694818,0.36525168848084943,0.9130434782608696,0.08098571425964574,0.3838390130545051,0.7804878048780488,0.0060861242166087015,0.09089366674175481
trir,84,5,20,69,0.9361702127659575,0.014821955146552157,0.27783865834316535,0.9361702127659575,0.05392707594218049,0.44289323054005303,0.9795918367346939,0.10333701230533554,0.46052551402880837,0.8636363636363636,0.017292185530587312,0.18624565356561051
trizu,11,6,258,35,0.9361702127659575,0.0076030007232334995,0.11942710443319893,0.9795918367346939,0.09608167018590308,0.46951510033064026,0.9795918367346939,0.10798549347772368,0.5057875910821706,0.8095238095238095,0.00445808562062,0.040324242562661095
tu,67,477,12265,1232,0.9795918367346939,0.04629252411504947,0.32904302734295443,0.9361702127659575,0.06705221833143493,0.4540433574062077,1.0,0.08353602897964718,0.5228212828340433,0.9795918367346939,0.021606987205478156,0.25828351333491417
tv,62,50,1984,218,0.9795918367346939,0.029562897575798996,0.31235578881568293,0.9361702127659575,0.04252190049276827,0.43047939179802075,0.9583333333333334,0.08238173293074968,0.46476491320113755,0.8888888888888888,0.020457246869132972,0.1788278166259223
tvA,1453,37,147,318,0.8888888888888888,0.018184652494661835,0.22649121285135687,0.7804878048780488,0.10696259538145159,0.5543858372201493,0.9130434782608696,0.16599271104143598,0.6015574368400214,0.9130434782608696,0.03566645355452058,0.25029402314828986
tvAM,39,19,1277,6,0.9583333333333334,0.007992529215129052,0.13138584218363492,0.9361702127659575,0.05708266326278566,0.4502449754824185,0.9795918367346939,0.10167657373579575,0.47307998482053937,0.9583333333333334,0.015873200734845216,0.17121334949175326
tvAm,173,7,479,47,0.9361702127659575,0.014843182708419334,0.220036262315624,0.8636363636363636,0.07425604425505106,0.43743809794872823,0.8636363636363636,0.10336471259019675,0.4671539223450305,0.9130434782608696,0.02205942540474548,0.09530157919691251
tvaM,374,91,3514,13,0.6486486486486487,0.004161390053833203,0.18221943266526308,0.8372093023255813,0.039479096705307914,0.3770437221778541,0.9130434782608696,0.09497111146500703,0.41068854582681324,0.5714285714285714,0.0044054162264217656,0.19660362272440768
tvam,483,54,1419,208,0.8095238095238095,0.011480609504744166,0.12010972806179332,0.8095238095238095,0.03191092461347467,0.3906510639770132,0.8095238095238095,0.03792855581326959,0.42496299764405854,0.5714285714285714,0.004524880433132261,0.08649064511647442
tvayA,85,13,1803,15,0.9795918367346939,0.022735944283313603,0.33138767232389554,0.9583333333333334,0.07953373634915206,0.45406659907735425,0.8636363636363636,0.09369358964321106,0.4977535946940228,0.8888888888888888,0.03173902614459634,0.25763668016041874
tvayi,25,9,435,8,0.9795918367346939,0.007654239576595057,0.1626013812910463,0.9583333333333334,0.07978297082135066,0.4299273367218288,0.9361702127659575,0.08623962881823266,0.4611175046347551,0.9795918367346939,0.019411688971281538,0.09253809415631287
u,908,122,56,155,0.9795918367346939,0.015831120603389204,0.13133601442243004,1.0,0.06605693837460991,0.4266466687872905,0.9583333333333334,0.13598394149742365,0.45479020870618436,0.9795918367346939,0.06181522173637355,0.15859187391195717
uBO,25,13,536,26,0.9130434782608696,0.004585901124530278,0.01506054629733311,0.9130434782608696,0.06583151516511143,0.5389216993564201,0.8888888888888888,0.08424245146780507,0.5227076060624058,0.8636363636363636,0.003458269585372098,0.011657546539355357
uBe,155,18,84,23,0.9361702127659575,0.0030361693155158687,0.07693108364427337,0.9795918367346939,0.056612806430207385,0.39126262723167793,0.9583333333333334,0.05325846185809946,0.3887921487888384,0.9130434782608696,0.006253461477373268,0.0385756823179052
ucyate,36,93,501,98,0.7804878048780488,0.018192180984551887,0.11222235238331635,0.717948717948718,0.1007503672389033,0.4338508247468845,0.75,0.08968292504722053,0.40038170478403035,0.75,0.007142131162518606,0.10469513830748
uktam,133,11,35,46,0.9583333333333334,0.04518131778519752,0.3007380676652732,0.9795918367346939,0.10381595378232977,0.4509328483430418,0.6111111111111112,0.018821513562155112,0.2974799492189313,0.6111111111111112,0.0015721803575721172,0.09677786814300515
uta,875,15,416,59,0.9361702127659575,0.016473291701719295,0.3252964456529449,0.9795918367346939,0.06884764489551509,0.41333906173513313,1.0,0.08620748329986638,0.36910336279752987,0.9583333333333334,0.013993832805007766,0.11771966861015426
uttaraH,33,6,20,13,0.8372093023255813,0.009648304745018654,0.0799527887734538,0.8636363636363636,0.0530138514400782,0.41949007290664087,0.9583333333333334,0.10695418117917976,0.5033800847258296,0.9361702127659575,0.015626638028537365,0.16674563259348996
uvAca,26,67,7962,41,0.9583333333333334,0.008985397456725663,0.05861627704920047,0.9130434782608696,0.08784889334630996,0.5335063572924315,0.9795918367346939,0.1055324083762802,0.5235544955565101,0.9795918367346939,0.01446326589386493,0.06222906007236628
vA,2086,1050,4326,3272,1.0,0.01780708636064332,0.18368038849831536,0.9795918367346939,0.07929164229121854,0.5270577002557091,0.9361702127659575,0.11320598698898954,0.5204305972810304,0.9795918367346939,0.018254141352352038,0.21766747754370375
vAcA,100,37,250,30,0.8636363636363636,0.032029308141669266,0.12245612600979983,0.8636363636363636,0.09305663480536286,0.4683239815969279,0.8636363636363636,0.07440059802605592,0.4080341735582209,0.9130434782608696,0.040285420299425945,0.21038529365677028
vAcaH,22,9,88,7,0.8636363636363636,0.007361666304299352,0.12107052296125898,0.8888888888888888,0.07480105577274576,0.45923454215860127,0.9361702127659575,0.07243473129367572,0.42925830684800315,0.9130434782608696,0.010124692824026615,0.11097982397655293
vAcaM,70,27,114,17,0.8636363636363636,0.018371876001768594,0.10610197264784427,0.8636363636363636,0.03419817071370801,0.3979277988104175,0.9130434782608696,0.07150792156045316,0.38432493325426353,0.717948717948718,0.0037975932186591344,0.05908364635779584
vAcam,143,13,50,59,0.8095238095238095,0.011497488338123252,0.11762024068710408,0.8372093023255813,0.03518320376643036,0.3207167078207289,0.8636363636363636,0.023840855297638464,0.29294045379562594,0.8095238095238095,0.005772399922118976,0.1567362200098611
vAci,18,20,10,13,0.9130434782608696,0.016240349988684732,0.06894235308222463,0.8888888888888888,0.04725239790343094,0.3438309004748251,0.9361702127659575,0.05754541955364412,0.33103365222640124,0.8888888888888888,0.02642859329682745,0.14903655982025654
vAco,80,40,59,11,0.9583333333333334,0.023276232857858847,0.0876377054966021,0.9361702127659575,0.060584640788083566,0.38184395401800264,0.9361702127659575,0.06836080572288583,0.39900132020180346,0.9361702127659575,0.0174048632715178,0.1704540346094756
vAg,135,73,96,61,0.8888888888888888,0.028049123275604382,0.11438644801774633,0.9130434782608696,0.051566413007966605,0.36058104728011986,0.8095238095238095,0.05839250559372544,0.3284551944118893,0.9130434782608696,0.02124422294541506,0.20243084322613436
vAk,60,41,33,27,0.9583333333333334,0.011033949884598049,0.09582137696949078,0.9361702127659575,0.058265746080019,0.412624855505782,0.8095238095238095,0.07571162400411757,0.36244287926512886,0.9130434782608696,0.049626852632833396,0.2686502336837414
vAso,20,9,60,14,0.9130434782608696,0.0067347636917343134,0.15160013490362445,0.9361702127659575,0.0649572114360858,0.3827025213077395,0.9583333333333334,0.07203124767412827,0.36963299341404077,0.9583333333333334,0.0041626537694534615,0.08592551737777332
vAyo,32,5,5,17,0.9795918367346939,0.02838720350755264,0.27747862393433176,0.9583333333333334,0.04692238465884746,0.31421956601094336,0.9130434782608696,0.0774665270502527,0.3264423092808282,0.8636363636363636,0.020621599933461354,0.10098238012084582
vAyuH,32,41,91,7,0.9130434782608696,0.0143421127933816,0.1166069286988255,0.8636363636363636,0.05299974469208346,0.36426288770963744,0.9795918367346939,0.08453823604773814,0.38066694496177655,0.9583333333333334,0.009746247590354917,0.07318900887314927
vAyum,23,12,16,5,0.9583333333333334,0.017141771239933434,0.10954608903732688,0.9130434782608696,0.05507876768637976,0.32793495392595085,0.9130434782608696,0.05992531393018308,0.3984966767436139,0.9361702127659575,0.012549036128264746,0.0380734919220892
vAyunA,9,12,68,5,0.9361702127659575,0.012262753486774636,0.1099128725588614,0.8888888888888888,0.0394506763841187,0.39412136887448546,0.8636363636363636,0.03837996006297795,0.34978484920005903,0.9583333333333334,0.009979450607765838,0.04120353536413068
vAyur,64,25,221,13,0.9583333333333334,0.020677902818528437,0.14924816809547847,0.8372093023255813,0.061636877792969,0.31298311730663453,0.8095238095238095,0.06566649614386821,0.3761382067185226,0.9361702127659575,0.02185329172860806,0.12072390230389651
vE,1851,591,4885,203,0.9795918367346939,0.03970799380877399,0.11432143575547782,0.9583333333333334,0.03838148230949934,0.27626889315972025,0.9795918367346939,0.039203496882049604,0.31301440880819187,1.0,0.02102821507299668,0.20141224709043593
vIryam,72,7,61,17,0.7804878048780488,0.01041996437720949,0.179556164033162,0.8095238095238095,0.03886630373277189,0.41118040435469094,0.717948717948718,0.013182712097125737,0.3466478369693593,0.7804878048780488,0.004230078644661961,0.22205507555585657
va,146,7,5,29,0.9795918367346939,0.05652684871383307,0.45108807513185945,0.9795918367346939,0.08602175842901338,0.5736136230173858,0.9795918367346939,0.09332702742155508,0.5143545615400914,0.9361702127659575,0.04029680581373707,0.22437460510390894
vaH,243,12,360,75,0.8372093023255813,0.07020035756620968,0.3135335475166252,0.8372093023255813,0.07374227803899136,0.4186018533234658,0.6486486486486487,0.02086225904473571,0.2585641548396178,0.5714285714285714,0.008802817051554057,0.09738246780242821
vadanti,38,15,119,8,0.8636363636363636,0.022801774719565793,0.20782695689819142,0.8372093023255813,0.0823671578289521,0.4413097855859075,0.8372093023255813,0.0692920790709678,0.4523739828272836,0.8372093023255813,0.011580281790244507,0.2527325967546802
varDate,13,8,111,13,0.9795918367346939,0.013614376601011391,0.15263999594069122,0.8888888888888888,0.10195094345571132,0.4610152146084948,0.8372093023255813,0.07133912798024356,0.45607593929726886,0.9130434782608696,0.011241220520395778,0.13707779562888733
varaM,6,14,324,16,0.6842105263157895,0.002345739778880862,0.11976679425189407,0.9130434782608696,0.039135736648516106,0.524033013424372,0.9583333333333334,0.09591842955074359,0.5589102473226689,0.5294117647058824,0.0010740766376711175,0.17660648945843294
vartate,15,23,355,13,0.9795918367346939,0.016794342860731004,0.14215514849707322,0.717948717948718,0.09300427319047033,0.5223813830616209,0.717948717948718,0.07594887644005577,0.48719627623944484,0.8372093023255813,0.01168291703607438,0.08677290705839313
varuRaH,52,10,26,14,0.8888888888888888,0.023850597865316403,0.3608336833256759,0.9583333333333334,0.0569264673534331,0.41821871728053595,0.9361702127659575,0.10197111450725826,0.3196461866578113,0.8372093023255813,0.0230428666992617,0.2433136101355179
varzati,6,7,32,7,0.9583333333333334,0.007550926903071353,0.15620727336036255,0.6842105263157895,0.04549031515998159,0.4505012902278175,0.9361702127659575,0.08991898456444036,0.45350158966335785,0.8888888888888888,0.011721112796819644,0.15856415617385078
vasati,6,5,75,5,0.9583333333333334,0.009061341139404933,0.08045116000444885,0.8636363636363636,0.08995903620242218,0.4527238723582816,0.9361702127659575,0.09087221338812324,0.4905656898156261,0.9795918367346939,0.012231579967731165,0.1006488633428606
vasu,130,5,103,21,0.9130434782608696,0.025900840458943808,0.3908216246375601,0.9795918367346939,0.060813917877504675,0.5562716235660299,0.9795918367346939,0.09379648101504157,0.49267490565985383,0.9795918367346939,0.03697290104898221,0.23536390478096947
vayAMsi,10,9,19,8,0.9795918367346939,0.0057027832520369914,0.13690975255941207,0.9361702127659575,0.04902752743134975,0.44700388155924053,0.9130434782608696,0.0640965773183031,0.4203638954982918,0.9361702127659575,0.005311572316797575,0.07546707589520785
vayam,190,6,325,75,0.75,0.012106421146130919,0.2530680816633806,0.8888888888888888,0.041269035908017115,0.43700105737254524,0.75,0.024843126998896237,0.41143215631587093,0.6486486486486487,0.004315825163416553,0.1746843158282645
vedA,12,18,59,13,0.9795918367346939,0.005377424878546866,0.03614586993198543,0.9795918367346939,0.06067028927662066,0.31431652360940154,0.8372093023255813,0.06749920665592579,0.30296433009482504,0.9795918367346939,0.012914569311732405,0.04451714785901173
veda,465,353,231,36,0.9795918367346939,0.02849705437768335,0.1532824239869388,0.9795918367346939,0.07337182559135591,0.4197513590121831,0.9130434782608696,0.05450478438174111,0.3781718086519823,0.9795918367346939,0.02538041171124905,0.2027438154973369
vedaH,13,10,7,31,0.8888888888888888,0.011187425534423978,0.12209829172495046,0.9361702127659575,0.06326972751842552,0.3403660727401958,0.9583333333333334,0.08214157964714908,0.3078559939301354,0.8372093023255813,0.011568689699766987,0.0812570591537054
vedo,7,14,12,30,0.9361702127659575,0.006434145752924447,0.04927685890782385,0.9583333333333334,0.07918210623011668,0.3231477819208688,0.9361702127659575,0.06302988279919608,0.2902682212946308,0.9583333333333334,0.018303882981824948,0.0507764273207576
veti,12,25,28,24,0.8636363636363636,0.005059260364702944,0.07514167462886245,0.8095238095238095,0.0543658357423249,0.3032107815101224,0.7804878048780488,0.05411953538820091,0.36659596944926987,0.8636363636363636,0.005068472049892692,0.1173407260211532
vfkzasya,10,9,11,10,0.5714285714285714,0.03463794224426786,0.22408781590050397,0.6111111111111112,0.0864006668307643,0.3201631644820453,0.33333333333333337,0.021232863059924667,0.17017495540265493,0.2142857142857143,0.003227266981088772,0.09416414503703474
viSvam,137,6,40,14,0.8636363636363636,0.011611385396467444,0.2758980530416566,0.9583333333333334,0.06206481220348714,0.39033895118258044,0.8888888888888888,0.03525349924288845,0.4040992807661392,0.9361702127659575,0.016097867714192637,0.1557290218519597
viSve,307,11,37,44,0.9795918367346939,0.04851449091232851,0.5054761071202345,0.9583333333333334,0.10742067098828467,0.5364170437478798,0.8636363636363636,0.08825630128495932,0.403424097413036,0.9130434782608696,0.020301351738610474,0.20230232070393472
viduH,53,13,261,20,0.9795918367346939,0.006526438788298172,0.12772710561033684,0.9795918367346939,0.096556798562773,0.45920173775198747,0.9361702127659575,0.08906595304491771,0.44764728845090973,0.8636363636363636,0.008836220214300528,0.10116877331718588
vidur,22,15,73,7,0.9130434782608696,0.006785554486379186,0.13394371730615995,1.0,0.0856953848513845,0.47668390872816824,0.9583333333333334,0.08932654592873768,0.4742903860531529,0.9583333333333334,0.010497926434662741,0.09102281655203093
vidvAn,174,75,208,53,0.9583333333333334,0.014963621547620543,0.15709615183900316,0.9361702127659575,0.0781091697292342,0.4413604447389484,0.9795918367346939,0.07570255100704315,0.4213228080990228,0.9583333333333334,0.019137270715885113,0.1262452713254254
vidyAt,45,16,42,61,0.9583333333333334,0.01404359617130424,0.1567291213244597,0.9583333333333334,0.07239084497383241,0.37647663825836253,0.9795918367346939,0.0794327573309146,0.3568881762926559,0.9361702127659575,0.004563258546982918,0.15378442998760478
vidyate,9,33,597,26,0.7804878048780488,0.02588601624664033,0.21004796353656774,0.717948717948718,0.08281036486428262,0.37423115527075235,0.6842105263157895,0.07134206299274515,0.3402326949800828,0.717948717948718,0.004657336685877866,0.09046242070948696
vindate,36,20,64,5,0.9795918367346939,0.005901493773934674,0.0756601714647609,0.9130434782608696,0.10541136002191798,0.40994705284426536,0.8636363636363636,0.07124676281847497,0.42555083738962773,0.9130434782608696,0.005953514032521867,0.06337486772328682
virAw,30,6,16,7,1.0,0.013721953028447254,0.1667862806385645,0.9795918367346939,0.07528390691035969,0.5415925724801599,0.9130434782608696,0.06429814496779696,0.5498363077240941,0.8636363636363636,0.007856482171895274,0.10899615675323637
vo,622,7,334,153,0.8636363636363636,0.01371304773783022,0.3444537467418317,0.9583333333333334,0.044472242375683924,0.449794580466074,0.8888888888888888,0.0850846851921504,0.5109071444850704,0.9130434782608696,0.02166154858012237,0.10704533569190144
vrataM,27,6,90,15,0.717948717948718,0.006541163205572742,0.10798147021312055,0.75,0.022487573373224046,0.3337555122194793,0.8095238095238095,0.03442875311833593,0.3441131932130328,0.75,0.003161920714086497,0.08205033288228913
vratam,59,14,102,73,0.8095238095238095,0.01638507001334999,0.14419568020697016,0.8636363636363636,0.06932561242211832,0.39134674518198287,0.5714285714285714,0.02136458642824468,0.3261368473268871,0.5714285714285714,0.0029488908898995803,0.08934838989988536
yA,622,84,519,174,0.9130434782608696,0.033465351310573266,0.42451916182583105,0.9130434782608696,0.10508091126933905,0.46323819239362174,0.8636363636363636,0.11343418089337542,0.46420140558386547,0.8888888888888888,0.05701870141130305,0.33501776351953805
yAH,115,11,51,20,0.9583333333333334,0.009176619400790842,0.2465314869900217,0.9361702127659575,0.1480474596966156,0.5269241753666201,0.9361702127659575,0.12209711627647402,0.4751733384098431,0.8636363636363636,0.01383519110603737,0.15851934161147052
yAM,56,32,138,26,0.9130434782608696,0.011080825812260775,0.0834256456201401,0.8888888888888888,0.10727352465699569,0.5657815180823913,0.8888888888888888,0.1347821073778317,0.6116009634975406,0.9130434782608696,0.01984801087304422,0.19380960094132482
yAm,35,8,45,9,0.9583333333333334,0.012564951678454839,0.1780582449639022,0.9583333333333334,0.13158369375701917,0.5713003734362597,0.8636363636363636,0.14503748744371725,0.560392209669432,0.8636363636363636,0.029279963336059867,0.14326309584852492
yAn,26,5,95,15,0.9361702127659575,0.022866569978627793,0.19159126938216842,0.9361702127659575,0.17625206846411645,0.6324688379000184,0.9130434782608696,0.14696474327833842,0.6041460694974063,0.8888888888888888,0.014987397062668384,0.1344682771220872
yAni,87,17,216,39,0.9130434782608696,0.015189128962505016,0.2819181346087398,0.9130434782608696,0.12773122642828294,0.5089946116969397,0.717948717948718,0.10987539758036391,0.4392655491538564,0.6486486486486487,0.010117086454760726,0.12890562140423323
yAti,72,8,220,12,0.8372093023255813,0.004805390957201894,0.12836032681823617,0.75,0.06493710087860072,0.42077339606557074,0.8095238095238095,0.0656665425575993,0.4701715672123197,0.8372093023255813,0.004198035244483145,0.20644892078043475
yAvad,47,30,230,18,0.9583333333333334,0.0053200871308231035,0.0757468969664401,0.9795918367346939,0.07172447004713323,0.44660809137502944,0.9583333333333334,0.068802207996982,0.4752824957838703,0.9361702127659575,0.024456020218444396,0.17552723175469542
yAvanto,6,5,7,8,0.9361702127659575,0.006846964993761473,0.13804111886495685,0.9130434782608696,0.0674054090768127,0.4468008947789742,0.8372093023255813,0.0473457202201496,0.4540423257900491,0.9361702127659575,0.0036440742420187355,0.1396250175153213
yAvat,27,12,147,29,0.9361702127659575,0.004802537890649106,0.09265907958620234,0.9795918367346939,0.06853384111349503,0.4459147262091261,0.9795918367346939,0.06218993067544065,0.40354239139011383,0.9583333333333334,0.009438862237065693,0.1495675789089801
ya,990,514,311,104,0.8636363636363636,0.08076112960217785,0.3988329532224275,0.8636363636363636,0.12937302733171352,0.5165362676508144,0.6842105263157895,0.06116469174792494,0.49846609461312474,0.3870967741935484,0.02358067861338664,0.28595983846222106
yaH,416,157,1212,133,0.6486486486486487,0.02450234359839043,0.330065712084914,0.5714285714285714,0.02200685386420287,0.35881425659591293,0.7804878048780488,0.049938137241699154,0.33720542546699594,0.6111111111111112,0.014205554478995297,0.1667891687030325
yaM,200,76,401,70,0.6842105263157895,0.0048760925348873,0.08957128197161879,0.7804878048780488,0.04128660035168075,0.32215950421175255,0.8372093023255813,0.04308882148884874,0.39960369937510665,0.48484848484848486,0.0027710666918745464,0.13533104649060657
yaS,110,56,411,33,0.9583333333333334,0.06166889004823073,0.37084420141378227,1.0,0.1355964606993486,0.6071417557928552,0.8636363636363636,0.05533091802325729,0.4713020363788365,0.717948717948718,0.007999484322184225,0.13704428055326145
yaSo,45,21,66,13,1.0,0.024397191725502254,0.1422683141222979,0.9583333333333334,0.047583969457360986,0.3812001236971271,0.9130434782608696,0.06839417365010625,0.38590777618819305,0.8636363636363636,0.015553439259903823,0.10321248112451764
yaTA,712,498,4217,717,0.9130434782608696,0.014155906668867124,0.1756659974329441,0.9130434782608696,0.08246688746814168,0.5534355226605103,0.9583333333333334,0.10150373851068895,0.5604420016488927,0.9583333333333334,0.017756911943339948,0.21287464730346395
yac,245,27,626,41,0.9361702127659575,0.014384364649964287,0.1625260366414748,0.9361702127659575,0.07424791146487941,0.39504750410125933,0.8372093023255813,0.05079916702541876,0.3588862876330776,0.717948717948718,0.00995365471053511,0.10179402067312271
yad,2320,303,2168,276,0.8372093023255813,0.007279749975648064,0.11745087152844325,0.8636363636363636,0.05802644782330435,0.34690905323003474,0.8636363636363636,0.07375818547611868,0.32365855244790964,0.9361702127659575,0.029860867624180387,0.1542125551064808
yadA,101,131,747,66,0.9361702127659575,0.011085314752128816,0.1576444592846974,0.9361702127659575,0.05873529109397346,0.40095031153738203,0.8636363636363636,0.07359042783115344,0.37128847291768885,0.8888888888888888,0.006645507765283276,0.10298028054462749
yadi,215,179,1606,225,0.9361702127659575,0.012860871749727387,0.17076773272724144,0.9130434782608696,0.05204715171353069,0.3544491551318575,0.9130434782608696,0.07810609907626764,0.32936838061435314,0.8888888888888888,0.015734099589034156,0.06773152323801057
yady,70,31,385,48,0.9795918367346939,0.010688046235285409,0.12503429874286232,0.9361702127659575,0.07041521447679255,0.3950967242363108,0.8888888888888888,0.08000323000580678,0.3292995815129952,0.8636363636363636,0.008252395136180257,0.04955961305692835
yaj,42,5,40,9,0.8636363636363636,0.047604217478126265,0.32180804368609595,0.8888888888888888,0.061335947340382835,0.38404849946706976,0.75,0.07598309753130772,0.30698160814049213,0.6111111111111112,0.036362020816022245,0.156571758437708
yajYa,61,15,10,134,0.9130434782608696,0.036035674529128925,0.2628660227856253,0.9130434782608696,0.058966584402803224,0.3249597789769578,0.7804878048780488,0.05578160213350569,0.33741457128879604,0.717948717948718,0.018808868647609334,0.16069474274569218
yajYaH,59,20,86,21,0.9583333333333334,0.025297815551884595,0.1796428190646493,0.8372093023255813,0.023404017673859134,0.33254026279141424,0.9361702127659575,0.10781635946634782,0.40568636793719537,0.75,0.012629598370554329,0.16068031617573408
yajYaM,80,19,105,5,0.9795918367346939,0.021721291743658666,0.18816177456666883,0.9361702127659575,0.051103597876960394,0.3508646048045496,1.0,0.08537759738397632,0.33768804432773236,0.9130434782608696,0.019930393260994106,0.10845320929069557
yajYasya,226,26,75,36,0.6111111111111112,0.042805050167479375,0.22579931790799357,0.6111111111111112,0.05928898527301951,0.27968915669532857,0.8636363636363636,0.08981992689588769,0.24828865701912517,0.8888888888888888,0.04367656730972724,0.1352876364012574
yajYe,101,13,146,27,0.9130434782608696,0.037808486696382815,0.27069068834837795,0.8888888888888888,0.04227148456151408,0.3903228443013773,0.8372093023255813,0.07874535916753223,0.34502003726630237,0.7804878048780488,0.03570585130487802,0.1443187890441896
yajYena,44,12,18,18,1.0,0.017293825115457517,0.19197816568694304,0.9795918367346939,0.06950694758148834,0.4012111959178539,0.9583333333333334,0.07787696830432433,0.32648748810577133,0.8095238095238095,0.012851418011378901,0.08522437813817185
yajYo,127,25,95,22,0.9361702127659575,0.024176984670146284,0.20513448991924688,0.9130434782608696,0.05859480353893243,0.3289787647823328,0.8372093023255813,0.05259940443146249,0.3266759529742256,0.6842105263157895,0.027150577838614853,0.15738037001865535
yajamAnasya,61,23,18,21,0.717948717948718,0.020835380701446193,0.15455257795271016,0.7804878048780488,0.08714934065184532,0.32117983718314214,0.8372093023255813,0.07772113510556777,0.25839783419833307,0.8636363636363636,0.03336102811219066,0.13542983352346882
yajamAno,36,10,8,31,0.9583333333333334,0.0168002413097339,0.1576191224450213,0.9361702127659575,0.05133083965088148,0.4090201962497695,0.8888888888888888,0.03915769335386088,0.3647148774866078,0.9130434782608696,0.020233878907962577,0.17977543097259052
yajate,63,6,30,24,0.9361702127659575,0.01853182084704119,0.20414780883387573,0.9361702127659575,0.06982200527962201,0.3978145566198211,0.9130434782608696,0.08154903606283415,0.33541472767736624,0.6486486486486487,0.007723592399750179,0.08985505018067164
yam,223,24,119,66,0.717948717948718,0.023892100566099028,0.1783057447575156,0.75,0.06485054969740678,0.2524302178171456,0.5714285714285714,0.014278543660707244,0.2358146957784404,0.5714285714285714,0.0037188743009954894,0.10979412774293418
yama,19,5,16,11,0.9795918367346939,0.041043821385848944,0.309245150200836,0.9583333333333334,0.10469911282622923,0.49829842327456175,0.9583333333333334,0.08830069497039494,0.4558119674468666,1.0,0.03670190470719881,0.2543011099643466
yan,254,34,427,27,0.9795918367346939,0.027849571698931208,0.21398634977796838,0.9583333333333334,0.08539013652032335,0.5289813192045258,0.8888888888888888,0.04245808669761775,0.45212794140462353,0.75,0.007903353976420169,0.09796027067353374
yas,257,35,653,68,0.9795918367346939,0.025676762669365583,0.2637338897609023,0.9583333333333334,0.07096497850924821,0.5174676630189186,0.8095238095238095,0.056546722181122444,0.49663309569799285,0.8636363636363636,0.03272482609862093,0.23928917238556124
yasmAd,28,26,90,14,0.9583333333333334,0.010145068618166109,0.051651390742671444,0.9583333333333334,0.0566227421778851,0.3077416517609026,0.9361702127659575,0.062377907092762586,0.28936797506499046,0.9130434782608696,0.010594835538188185,0.07543839364578342
yasmAt,7,25,116,6,0.9583333333333334,0.006355063682049633,0.04433092149800111,0.9583333333333334,0.07617692727397718,0.3359676634859572,0.8888888888888888,0.053484248684904645,0.31567584313098007,0.9583333333333334,0.006484405114328795,0.048961604068667675
yasmin,64,13,142,51,0.9130434782608696,0.031921005254620494,0.17294610090224172,0.9130434782608696,0.09121447410622197,0.42512236455430974,0.9130434782608696,0.08576434484211448,0.4246374886682108,0.9361702127659575,0.012797439087434026,0.17224960526998645
yasminn,35,7,35,5,0.9361702127659575,0.019140916159250954,0.11599679083820447,0.9361702127659575,0.07846544835962221,0.35613330450362923,0.9583333333333334,0.08973809424396328,0.4187936658894762,0.9795918367346939,0.010040979455789634,0.06501909870118772
yasyAM,24,7,35,15,0.9795918367346939,0.024000983899027384,0.11210980342347465,0.9795918367346939,0.05797378608693682,0.40389127872768926,0.9795918367346939,0.07442731031808159,0.3962293085632841,0.9361702127659575,0.01076965390346385,0.08517081547016447
yasya,306,114,816,137,0.3870967741935484,0.04888125033702306,0.20989593855287092,0.3870967741935484,0.06035175757255806,0.23102099751024152,0.2142857142857143,0.01685795981520155,0.11847529235160015,0.2142857142857143,0.012498497869670833,0.07602500960883607
yat,1101,106,1658,180,0.9583333333333334,0.008432993657948917,0.07138750364656965,0.9130434782608696,0.06610107568846557,0.4045375609306484,0.8095238095238095,0.08553246975310358,0.33280682542190754,0.9583333333333334,0.010210117956442444,0.0580467489318085
yata,28,44,13,13,0.9583333333333334,0.0176741868043776,0.12055919470334364,0.8636363636363636,0.10656861741798218,0.5167821210173654,0.9583333333333334,0.09061911234604969,0.44574673200812764,0.9795918367346939,0.005315173812245888,0.04627073422859607
yataH,20,13,122,20,0.9130434782608696,0.018246985441725316,0.07832467128409382,0.8636363636363636,0.12041031144730396,0.4603534119437068,0.8636363636363636,0.09139084717290169,0.46624228510507704,0.7804878048780488,0.008959225694125328,0.07260150583715541
yato,49,46,146,27,0.8636363636363636,0.011348237955363438,0.10584525756845686,0.8888888888888888,0.07980487547284154,0.47775989142651665,0.9583333333333334,0.07207871726807102,0.4804139328165655,0.8372093023255813,0.005962050230003513,0.09825681646772366
yatra,208,111,1385,151,1.0,0.010190574516670048,0.08246988047659354,0.8636363636363636,0.08230761532943487,0.44382132681459374,0.9583333333333334,0.10408101014753113,0.49411756562892917,0.8372093023255813,0.007504521031164613,0.08069006069465257
yayA,36,7,60,9,0.9795918367346939,0.02304910174527408,0.34128854353957094,0.9795918367346939,0.0913341498926663,0.5488143278795375,0.8888888888888888,0.08476768870726248,0.47924332947740067,0.9130434782608696,0.030535749713302418,0.26921199835690657
ye,1020,167,2423,249,0.9795918367346939,0.010884843901126207,0.21140159364280486,1.0,0.09810732646660436,0.49516476549537947,0.9795918367346939,0.08363217854166116,0.48865585875535755,0.9795918367346939,0.018624519061329114,0.22844942317963235
yena,213,103,769,93,0.9361702127659575,0.02192855142503347,0.1908682752830062,0.9361702127659575,0.15181708183138554,0.52375243291835,0.7804878048780488,0.11839011157347157,0.3999579810759808,0.8372093023255813,0.010098738847747368,0.1431980319551882
yezAM,16,25,252,16,0.9130434782608696,0.009120827815876975,0.01375261628052693,0.9361702127659575,0.08522092389704872,0.4318542970353032,0.8636363636363636,0.0907172320266556,0.46376140091200524,0.9130434782608696,0.004193620119545272,0.04652341309035013
yezu,22,5,37,11,0.9361702127659575,0.005666187969296188,0.13335479490982738,0.8888888888888888,0.12043462797759008,0.5571279058718697,0.9361702127659575,0.11996389658790252,0.5569686311384314,0.8888888888888888,0.003043940958372904,0.08532054966202474
yo,1352,450,2026,315,0.9361702127659575,0.01456709040682136,0.3298995665499326,0.9130434782608696,0.06130729775211885,0.4219970950830211,0.9130434782608696,0.09356122435443248,0.4852869673590362,0.9361702127659575,0.03245154008904949,0.31167111853232066
yoniH,6,6,14,12,0.9795918367346939,0.006195562098417429,0.111841645398161,0.9795918367346939,0.0547008938933059,0.30121196103430925,0.9583333333333334,0.07003293360025586,0.28689658084150926,0.8636363636363636,0.0032276067825864896,0.06538204783886825
yonim,73,6,14,21,0.9795918367346939,0.005600523005030333,0.10018651330203476,1.0,0.056490857998444666,0.34227541497588587,0.9583333333333334,0.06372073479241769,0.341636583836603,0.9583333333333334,0.010542629802962056,0.024857018895591998
yonir,15,6,40,8,0.9583333333333334,0.007975380987237601,0.09506561377645373,0.9361702127659575,0.04154235775306092,0.27021101356388444,0.9361702127659575,0.04814540579728299,0.2850922797980666,0.9130434782608696,0.007378096481178931,0.03191266595150366
yujyate,19,5,66,16,0.7804878048780488,0.008849117446656951,0.08822293703782813,0.717948717948718,0.08892790070662693,0.4053959815854734,0.6842105263157895,0.0753645162822425,0.43786989485269956,0.717948717948718,0.0033105951762415486,0.07490143517423042
yuktA,31,13,139,13,0.9583333333333334,0.023171274247033136,0.23151874697817365,0.9583333333333334,0.12594058869199443,0.6414510758299833,0.9795918367346939,0.11258743598701759,0.5936314527664519,0.9130434782608696,0.005281481255611342,0.128242404686987
yukto,7,13,179,23,0.9583333333333334,0.014881943018934973,0.1780432792779708,0.9130434782608696,0.09673076637771538,0.6004939413219951,0.9361702127659575,0.10200739644487011,0.5567134728193661,0.8888888888888888,0.0021684747993201414,0.07294356872811036
yuvA,41,5,103,7,0.9583333333333334,0.005155711285350084,0.17993859811581692,0.9583333333333334,0.04162159436956381,0.49874083574809625,0.9795918367346939,0.06819044948980268,0.4459722156665311,0.9361702127659575,0.014802978085437735,0.09129170120424368
zaq,90,8,73,54,0.9583333333333334,0.0188687039440516,0.25729472283209975,0.9130434782608696,0.04838404397678686,0.37945063776589294,0.8095238095238095,0.049124665875941886,0.2669778303968584,0.8095238095238095,0.006144102644388583,0.09823238483332153
zaw,20,5,73,117,0.9361702127659575,0.011578396920549516,0.12026624234794414,0.9361702127659575,0.05582119026400523,0.38143539916226765,0.75,0.041829298819171745,0.20672603882738771,0.8095238095238095,0.004441813332866862,0.0395798601972468
zazWe,11,6,24,30,0.8636363636363636,0.005928701576936035,0.05242389381472656,0.8888888888888888,0.04558745166364253,0.314551806261686,0.9130434782608696,0.04536028805805725,0.26418324465772314,0.8095238095238095,0.005208413696998648,0.04144993520504503
