word,freq_vedic,freq_upanisadic,freq_epics,freq_sutras,jac_ved_upa,so_ved_upa,proc_ved_upa,jac_upa_epi,so_upa_epi,proc_upa_epi,jac_epi_sut,so_epi_sut,proc_epi_sut,jac_ved_sut,so_ved_sut,proc_ved_sut
A,3990,154,106,658,1.0,0.048380962476123446,0.3154062435112184,1.0,0.0725429783101732,0.44712123617754296,1.0,0.23602323179929896,0.6448135583368706,0.9583333333333334,0.04231307772487858,0.1633853721550519
ADA,117,27,176,129,1.0,0.05178916372909281,0.2583940876911255,0.9583333333333334,0.09053276590701054,0.5115652747940556,0.9130434782608696,0.06035236545449152,0.4089122436054853,0.9795918367346939,0.042724011168646325,0.29265368050456286
ADipatya,24,13,28,15,1.0,0.09965973195586897,0.2826219083875219,0.9795918367346939,0.09583860897707108,0.4389483863589797,0.9795918367346939,0.09737636898376578,0.2592418471641702,0.9361702127659575,0.05310419463704563,0.09779866312019025
AKyA,8,163,536,68,0.9583333333333334,0.024835398715301604,0.24223075718499287,1.0,0.12846013739538809,0.6767957231488312,0.9795918367346939,0.10579424953331196,0.5817854324292219,0.9795918367346939,0.011378510062433844,0.27891683020598546
ANgirasa,52,26,35,31,1.0,0.07639135480448667,0.2930710604046043,0.9361702127659575,0.05656253701434533,0.3548530122664528,1.0,0.10698619076075866,0.2919634233963485,1.0,0.0731224016401405,0.2617043731843772
ASA,62,37,153,19,0.9795918367346939,0.04205638987699556,0.3520296913293772,0.9795918367346939,0.10188945817524031,0.5853927215598547,0.9361702127659575,0.079592557144475,0.49327702269176743,1.0,0.02776060917992762,0.08074781028589118
ASAs,7,7,23,26,1.0,0.015893294868546848,0.02672300041924991,0.9795918367346939,0.05209710702331638,0.24592983123815682,0.9583333333333334,0.09970797702473655,0.3416699120690099,1.0,0.07535869597931344,0.22547375841518025
ASis,45,8,94,32,0.9130434782608696,0.05044269153313996,0.10715224384370292,0.9361702127659575,0.09404716585932626,0.4318911375282086,1.0,0.13061622247777505,0.5089093875332543,1.0,0.02747081703925147,0.27414184782872586
ATarvaRa,18,30,11,5,1.0,0.0673895482316681,0.36080536156302756,1.0,0.07193350357636219,0.3601645520276713,0.9583333333333334,0.07170474189394194,0.16081839665456266,0.9795918367346939,0.028164200793540317,0.06653030405381166
AUM,10,133,25,76,1.0,0.06692597891577101,0.44058347754429716,0.9361702127659575,0.11092860000816407,0.44182182762015676,0.9795918367346939,0.07296660308158387,0.43512369426555786,1.0,0.08007773997011702,0.3380658646829706
AcArya,14,135,432,273,0.9795918367346939,0.05964845421976628,0.35076349302918786,0.9583333333333334,0.10447363340984495,0.6305263216686503,0.9130434782608696,0.12194805789084529,0.6083204875715618,0.9583333333333334,0.01665240780312094,0.32743360063499305
Acakz,9,92,397,75,1.0,0.03363662217413821,0.27696624564911976,1.0,0.10373363857372042,0.5213352911178597,1.0,0.10587311640897523,0.6355762568697993,1.0,0.035545642709832626,0.2318057862848364
Acar,21,8,322,60,1.0,0.02197601319393705,0.05408381634241999,1.0,0.08970992150733237,0.47124510532534836,0.9795918367346939,0.08702629568205145,0.46093022347874957,1.0,0.028714673262384416,0.20465093628130593
Ad,34,35,7,7,0.9583333333333334,0.08550111400592131,0.25394452842418147,0.9361702127659575,0.10305432849503726,0.5321512372554013,0.9361702127659575,0.08857054756906846,0.353984026642185,0.9795918367346939,0.053178129532411966,0.20018133773510582
AdA,82,78,1065,145,0.9795918367346939,0.044309589753867895,0.35253529378421034,1.0,0.10637982912059107,0.5740607474559292,1.0,0.10877037779902221,0.5333071524997748,1.0,0.021759143565595718,0.1948635210025743
Adi,15,2506,1010,1412,0.9583333333333334,0.02033966160407874,0.25689381009622725,0.9795918367346939,0.13638756673631203,0.6614478443263144,0.9795918367346939,0.12466780548414891,0.5351277706116642,0.9795918367346939,0.034176643952264385,0.3136021605562509
AdiS,21,15,99,34,1.0,0.016894489089948284,0.11531747960854499,0.9583333333333334,0.06469851993060338,0.44054693923178545,0.9583333333333334,0.08385382358086668,0.44615495964014107,0.9583333333333334,0.01851606879809775,0.10195706268279747
Aditya,463,403,672,124,0.9361702127659575,0.048209814566376186,0.1611271589011929,0.8095238095238095,0.04645215165742611,0.3579965320225431,0.9361702127659575,0.09373484125708531,0.4203553971994052,0.9361702127659575,0.06914282497916535,0.15809968796361784
Adya,7,21,102,51,1.0,0.019138635536181337,0.10448709430964931,1.0,0.1429667554525198,0.5106944710637074,0.9583333333333334,0.07429299468248696,0.4423374743136439,1.0,0.03853927523765244,0.19982571141799577
AgA,66,41,24,10,1.0,0.06479740400206835,0.427862732785813,1.0,0.10742680425815698,0.526738843159287,0.9795918367346939,0.09137993681899559,0.34808679960845923,0.9583333333333334,0.02640217786593213,0.1651348621091323
Agam,184,134,1945,111,0.9795918367346939,0.044700054918346055,0.31001426819586253,0.9583333333333334,0.09228600637264495,0.5012038813463962,1.0,0.13576636251153396,0.5045267179280404,1.0,0.043722916024583225,0.21361245310048083
Agneya,56,6,72,93,0.9795918367346939,0.06742243447256335,0.23268482978286742,0.9583333333333334,0.12190403243979175,0.43522306772779196,0.9361702127659575,0.08844794425287095,0.5595744437996992,0.9130434782608696,0.04232496810556685,0.2320260657088794
Ahan,10,13,334,15,1.0,0.039939740377455624,0.10231112858765512,0.9130434782608696,0.0869314568755507,0.5863141703373438,0.9583333333333334,0.10766321677964286,0.5603314607804147,1.0,0.02261855412267022,0.11843395171572879
AhavanIya,34,17,15,146,0.9795918367346939,0.07824617435886583,0.20710092731567875,0.9130434782608696,0.08408104528182281,0.15320611408889928,0.9361702127659575,0.08268553890259212,0.2958287745538216,0.9130434782608696,0.051499455412252315,0.2284650981726566
Ahf,55,30,305,100,1.0,0.06603977614208945,0.3151609983533905,0.9583333333333334,0.09192987456429846,0.5483950493129268,0.9795918367346939,0.10141963685130795,0.545542639667045,1.0,0.04816600349345479,0.24974962710342585
Ahuti,122,110,48,200,0.9130434782608696,0.14400546881925758,0.43314604948318836,0.8636363636363636,0.08230752305584876,0.2980032978524716,0.8636363636363636,0.07669435894082677,0.25083773614022853,0.8888888888888888,0.051354835335607474,0.1190342012478054
AhvA,29,6,283,49,0.9795918367346939,0.033969789204859935,0.1854864639171645,0.9795918367346939,0.07209321785833778,0.6262463017695846,0.9795918367346939,0.12659558520476621,0.5979473340555976,0.9583333333333334,0.0922639356782996,0.2333783120445414
Ajya,217,16,62,335,0.9795918367346939,0.06793027685274744,0.2071125163483708,0.8095238095238095,0.07575428988271427,0.22214053637734832,0.8372093023255813,0.06417405826492606,0.20881410573549686,0.9361702127659575,0.0451462616140047,0.16045836003674252
AkASa,21,376,539,31,0.9795918367346939,0.054085565427759996,0.2851709011688237,0.9130434782608696,0.09364370797635835,0.4805478763056563,1.0,0.11605807474206276,0.5354594632119575,0.9583333333333334,0.03412646294936261,0.2190836895682422
Akram,14,17,150,9,0.9361702127659575,0.056680454715861806,0.18112640515353662,0.9583333333333334,0.08104132937233677,0.47506288382962236,0.9583333333333334,0.09878489599579354,0.4703208057089142,1.0,0.04424027254769203,0.1957119803961238
AlaB,38,8,45,32,0.9795918367346939,0.06559749579480012,0.2472727574073066,0.9583333333333334,0.07563689471928614,0.40146700610057495,0.9795918367346939,0.09248808619159543,0.40603917739421225,1.0,0.04364779742606484,0.2795184181505048
Ama,25,11,10,11,0.9130434782608696,0.01995745214352118,0.1049907676059697,0.9583333333333334,0.09875397911118022,0.2781218591067939,0.9583333333333334,0.08455733421956657,0.24675178482965876,0.9795918367346939,0.010976683168094303,0.09042566613943814
AnI,25,20,374,64,0.9795918367346939,0.06056056617287031,0.16496449838854343,0.9361702127659575,0.09707435594752856,0.5242320474014776,1.0,0.15582216008603866,0.6333693426430305,0.9583333333333334,0.04618142738304143,0.24821197958769536
Ap,428,134,607,186,1.0,0.0829811920734026,0.17809909871065888,0.9583333333333334,0.09340371216063448,0.4427168447225145,0.9130434782608696,0.10986174909554591,0.4885436468154707,0.9795918367346939,0.07952763951252384,0.3025786489912594
Apad,5,82,431,75,0.9795918367346939,0.023425048235676482,0.2188572260130851,1.0,0.11023134240161159,0.5918806915405974,1.0,0.08595151796189071,0.5019575130427083,0.9795918367346939,0.02788118065081935,0.25808799613610023
AraB,74,152,128,137,1.0,0.043321599193828386,0.36232113369195407,1.0,0.08921284282475894,0.47031545189487556,1.0,0.1018680870013311,0.500586837292974,0.9795918367346939,0.04312327562758278,0.2356564398320793
AraRya,25,7,33,10,0.9361702127659575,0.035809966667332715,0.12248334198136424,0.9795918367346939,0.10001699413451959,0.3440908628518399,0.9130434782608696,0.08313458141777896,0.30983093305052334,0.9583333333333334,0.029834135419925523,0.11869948779970252
Ardra,13,9,99,19,0.9795918367346939,0.03428651720108844,0.15136073475595357,0.9583333333333334,0.05859178018343658,0.45842700912731904,0.9583333333333334,0.08403231066847949,0.3944620189248529,0.9795918367346939,0.020181277661986408,0.044612675163865134
Arta,7,10,753,61,0.9795918367346939,0.021254250870549662,0.07245767395786962,0.9361702127659575,0.09778347322368675,0.5770512155836964,1.0,0.18293707499984513,0.5880300260938165,0.9583333333333334,0.024904195058486067,0.2226824912284091
Aruh,77,18,438,52,1.0,0.04943283323807823,0.29935100447883867,0.9583333333333334,0.11612797030776001,0.6496884410776992,1.0,0.11180033450975657,0.553196718943417,0.9795918367346939,0.04298492180224045,0.3107017954151021
As,162,41,540,134,1.0,0.06844549254848642,0.20657259747206136,0.9361702127659575,0.09246793236054107,0.48312731528764075,0.9583333333333334,0.1011340777042764,0.5115386016669465,0.9795918367346939,0.04553622892754694,0.3109897641127035
Asan,118,7,287,6,1.0,0.029565046828654906,0.29435563685784516,0.9795918367346939,0.1348427337403021,0.6513816040062423,1.0,0.11488633677356919,0.6113975217784908,1.0,0.048117649531638995,0.13378578383803919
Asura,21,7,80,12,1.0,0.02915422664350653,0.08756179739721937,0.9795918367346939,0.09245492334513095,0.40129511573304155,0.9795918367346939,0.08736199528990163,0.47464104038627397,1.0,0.021648798893411758,0.17611974913312234
Asya,73,10,180,15,1.0,0.032507840202643745,0.119991475904486,0.9795918367346939,0.10559267732955013,0.48795027744504804,0.9361702127659575,0.07892622122356163,0.4421095289488852,0.9795918367346939,0.016498480106590496,0.071284449446126
Atman,451,2916,5484,596,0.9583333333333334,0.07566210156120246,0.2787078635098177,0.9583333333333334,0.07765588109404575,0.4377883988838487,1.0,0.1389002092533037,0.6357025859859506,0.9583333333333334,0.05291632680685443,0.32535501789075383
Avah,24,12,226,43,1.0,0.030155400006397715,0.08990796160331982,0.9795918367346939,0.0959673715678262,0.5819256496623836,0.9795918367346939,0.10215445528014755,0.6274109984528928,1.0,0.0329177641226448,0.1761935118368465
Avf,12,14,114,14,1.0,0.023623643874195355,0.25622624345703837,1.0,0.10996012657000676,0.4440746526929057,0.9795918367346939,0.13785971112977302,0.4896729384329419,0.9795918367346939,0.011210208533879551,0.18776891166180731
Avft,84,55,440,102,0.9795918367346939,0.03673857101323286,0.2503734851547288,1.0,0.08401482273946015,0.5138979686609071,0.9583333333333334,0.10881169564585691,0.4925094750400607,0.9795918367346939,0.039619638400768764,0.23704118469803026
AviS,74,36,547,14,0.9583333333333334,0.043689281423095916,0.21821418629723588,0.9583333333333334,0.08929056097068466,0.5701080541374146,0.9583333333333334,0.0687778265817991,0.5652571392286541,0.9130434782608696,0.032186058859712596,0.22130462505786386
Ayat,5,8,47,16,1.0,0.026124315334159265,0.0770165653130499,0.9795918367346939,0.08296162540740626,0.2862579425646694,1.0,0.11658481014288402,0.3542006414216493,1.0,0.029834887284994394,0.2713118024472896
Ayatana,74,97,88,53,0.9795918367346939,0.13317140650030412,0.5775809941792307,1.0,0.15542964350292066,0.652790382175011,1.0,0.14192654847447284,0.6552163430328407,0.9795918367346939,0.08297150823033617,0.37242929446485373
Ayus,492,68,352,125,0.9361702127659575,0.08553910876393545,0.19528417264207087,0.9361702127659575,0.13422535213931286,0.4019450631806176,0.9795918367346939,0.11397514355375882,0.39112952021209646,0.9130434782608696,0.07967465195696521,0.28091875113261555
Ayuza,6,7,8,5,1.0,0.04034496075938243,0.13539499680667544,0.9583333333333334,0.0606970949082567,0.21488218312228047,0.9583333333333334,0.0516369766375242,0.1743334702329261,0.9795918367346939,0.026068270682871986,0.03609360217993407
BA,76,40,360,7,1.0,0.1018077198421099,0.4113325198230048,0.9361702127659575,0.0806109283744606,0.5553100217368372,0.9795918367346939,0.08531263086996554,0.5312570463403858,0.9583333333333334,0.06156468943408433,0.3663027192342333
BAga,174,11,292,504,0.9795918367346939,0.0382785941089846,0.1894794349489226,1.0,0.10888975290264058,0.46718339208372917,0.9361702127659575,0.12276952637831928,0.41617036842864363,1.0,0.06547107824231857,0.3741663100418041
BAgin,5,6,58,13,1.0,0.019630043381854922,0.016601466564320155,0.9795918367346939,0.10281268022512002,0.35365571216669256,0.9795918367346939,0.057875325771719166,0.27802061735202577,0.9361702127659575,0.013865566916082983,0.08039832607318254
BAj,45,17,95,13,0.9583333333333334,0.03382910672993633,0.18801927178880518,0.9795918367346939,0.12006078226462968,0.4824165849601538,0.9795918367346939,0.0833123778910898,0.3844075187606466,1.0,0.03064915904095611,0.1330230290795016
BAra,13,7,291,23,0.9795918367346939,0.030592690902785824,0.10160471960536777,1.0,0.10920664495339738,0.6657272201554435,1.0,0.10635025043719615,0.6072682739286673,0.9361702127659575,0.01656508059126849,0.19302485891913412
BAradvAja,6,11,278,18,1.0,0.05423718695543778,0.25150155937057106,0.9583333333333334,0.1294756047326573,0.6779486910899881,0.9583333333333334,0.1013092749918294,0.5870946621444122,1.0,0.053967228389396715,0.07900066824132901
BAz,5,9,546,7,0.9583333333333334,0.03737978144594978,0.08958444677348609,0.9795918367346939,0.09229818448002203,0.5133789137346065,0.9795918367346939,0.09334888200464764,0.5876284066663429,0.9795918367346939,0.01750364906857904,0.021111622369427208
BI,126,48,613,23,0.9795918367346939,0.03507413285751171,0.33142442558573193,0.9583333333333334,0.05460138633589584,0.5358783568173205,0.9795918367346939,0.06504227331382784,0.4955808212253707,0.9795918367346939,0.03025721698109307,0.16337241913012335
BU,3171,2451,11181,1604,1.0,0.06808556296811041,0.3242539051834564,1.0,0.08022268053894577,0.4075242839413846,1.0,0.045510709187429055,0.5297505247829062,1.0,0.03817256484049003,0.22935379144156154
BUmi,265,26,1211,305,0.9130434782608696,0.04708372242072845,0.25203406967838726,1.0,0.057694987688588384,0.5885696100926474,1.0,0.17886975115269055,0.6079186511597143,0.9795918367346939,0.052301057724420064,0.2980738522846538
BUta,148,534,2467,172,1.0,0.08131951975564389,0.2563234250013028,0.9130434782608696,0.08374123992146554,0.417868490679854,0.9795918367346939,0.07995160400867862,0.5203441661668213,0.9583333333333334,0.04518296633119867,0.20923685838094097
BUti,49,5,133,15,0.9361702127659575,0.03346826482592535,0.1785340971595526,1.0,0.07662069727877086,0.431773051392507,0.9361702127659575,0.07959781430036994,0.36319768874631086,1.0,0.06928202833475039,0.2644270266042188
BUyas,63,132,921,70,0.9583333333333334,0.04525353684026212,0.3138830890167118,0.9795918367346939,0.09321875563409965,0.4603078869373247,0.9795918367346939,0.09721399748198445,0.5304268196702673,1.0,0.05073857581070129,0.27797323616744973
BUyizWa,19,6,145,9,0.9795918367346939,0.03926347255036855,0.13800534507820128,0.9795918367346939,0.09698580540093238,0.5635096568840938,0.9583333333333334,0.09755066541439072,0.5279300777340752,0.9795918367346939,0.02830359369359492,0.11770199817666593
Baga,321,6,64,15,0.9795918367346939,0.05357177069486718,0.3627032556083378,0.9795918367346939,0.10556379528474069,0.38290519570012727,0.9795918367346939,0.09706592980103956,0.3864125930156542,0.9583333333333334,0.060980685422121095,0.16758447408991806
Bagavat,28,279,2078,19,0.9361702127659575,0.05657774947386285,0.29259886926501044,0.9795918367346939,0.11384351022868766,0.44299380948551015,0.9795918367346939,0.08280066032010902,0.4485566861618585,0.9583333333333334,0.01549805210158317,0.07627533241901585
Baj,106,6,278,32,1.0,0.02649199292641513,0.16046335564525482,1.0,0.08328006832932178,0.496073542306501,0.9795918367346939,0.09997821163879872,0.5828733136564053,0.9583333333333334,0.01452545435460284,0.1872551256253029
Bakta,15,7,414,48,0.9583333333333334,0.02912809899219726,0.11048249668285659,0.9795918367346939,0.09337609238062727,0.5054373092997417,1.0,0.18536484964145605,0.6750091653221458,1.0,0.030416029368613207,0.3692711773988857
Bakti,5,34,314,13,0.9795918367346939,0.05721120327954776,0.31718602837477605,1.0,0.13653877986605323,0.7121100684940451,0.9361702127659575,0.12667729195695976,0.5603588079945176,0.9795918367346939,0.018341419651183077,0.12291260019872663
Bakz,34,5,104,30,0.9795918367346939,0.027606733970746644,0.19500282441831152,0.9795918367346939,0.13012687961596736,0.46854259119406705,1.0,0.12152191897711917,0.498441737145246,1.0,0.0455352934102633,0.13864806078110237
Bakzay,46,42,284,124,1.0,0.0900625089649778,0.4477958645909105,1.0,0.04828825036380324,0.47459890689524165,1.0,0.12963409437429718,0.5489464431817707,0.8888888888888888,0.054302340871896226,0.18943430075896805
Bartf,10,10,864,94,1.0,0.022592448227030548,0.11226591173937384,0.9583333333333334,0.1254116556998448,0.4659394993360779,0.9795918367346939,0.11538855323638109,0.5265154746172257,1.0,0.036646183437837654,0.260493635841051
Basman,5,9,101,35,1.0,0.022166676594374213,0.06529135936197283,1.0,0.07628833284467273,0.4371046606704614,0.9583333333333334,0.07135751393124812,0.4184506357464445,0.9583333333333334,0.027796413165673717,0.22089869508702598
Bava,242,19,563,53,0.9583333333333334,0.049122902925462175,0.33762675543039833,1.0,0.10566488926928153,0.5617749222246137,0.9795918367346939,0.07688857227217827,0.49390586810467985,0.9583333333333334,0.061674648222491024,0.3078118089631453
Bavat,122,82,1814,65,1.0,0.09560609669190223,0.6095289881843041,1.0,0.06533494895011105,0.38028610035265886,0.9361702127659575,0.10095015152791009,0.4116019906190027,1.0,0.05115682987803338,0.34716443714290457
Baya,25,107,1957,114,0.9795918367346939,0.02876102410168413,0.24350951335544435,0.8888888888888888,0.06072840879809127,0.5011021483895279,0.9583333333333334,0.12081810160856954,0.4718754646777037,0.9583333333333334,0.022521640180536706,0.13209889605126923
Beda,8,212,164,174,0.9361702127659575,0.03040414363223476,0.30436427900494667,0.9130434782608696,0.11238266181124357,0.5082606335460368,0.9583333333333334,0.10597928743947649,0.5354111359375964,0.9361702127659575,0.021691810616318752,0.3622769335349785
Bf,727,25,311,81,0.9795918367346939,0.05297727141937203,0.3501870502414153,0.9361702127659575,0.07078780798014139,0.572961149906513,0.9795918367346939,0.1291844505104226,0.5245295995552555,0.9583333333333334,0.0420411038934595,0.12131822380324597
Bfgu,34,10,293,17,0.9583333333333334,0.031868749332453095,0.1703984183549272,0.9795918367346939,0.12128362298428341,0.5078916457482736,0.9795918367346939,0.11236497863740036,0.4728035772426946,1.0,0.028169798011280167,0.11034074770033198
Bid,166,74,756,111,1.0,0.06201722622819417,0.3643225009436034,0.9795918367346939,0.1392306709546678,0.5246593465653928,0.9583333333333334,0.10709555545543814,0.4863996216564561,0.9795918367346939,0.040780513809796304,0.26760808564965843
Bikz,18,7,36,14,0.9583333333333334,0.03033706215061338,0.16810672234571022,1.0,0.05537707286729854,0.3127205773161541,0.9795918367346939,0.08767439532563004,0.32594203537296496,0.9583333333333334,0.017627298393427582,0.13892751895352218
Boga,14,47,399,84,0.9795918367346939,0.02565769919520222,0.2115780316256044,0.9795918367346939,0.06906787212407683,0.535802104161546,0.9795918367346939,0.1420320184403142,0.5877171075716745,0.9583333333333334,0.03747461324419887,0.2936342386707267
Bojana,41,26,296,130,0.9583333333333334,0.028938417996452692,0.16360772309032612,0.9361702127659575,0.12987172776927458,0.4986864819176937,0.9583333333333334,0.09675538719259702,0.42192923365706636,0.9795918367346939,0.06181799275379718,0.44169962022223297
BrAtf,69,13,1975,70,0.9795918367346939,0.028890159605749144,0.12685705511271061,0.9583333333333334,0.0711334690713551,0.4601720412191984,0.8888888888888888,0.12496410290036575,0.43520391136458647,1.0,0.058944835494303516,0.20970587755682457
Buj,70,127,1151,136,1.0,0.0571649982953647,0.2753007279445395,0.9130434782608696,0.055941746684835314,0.47369672652296546,0.9361702127659575,0.08271817727680353,0.4633290364638314,1.0,0.023462616454076435,0.1804064855239611
Buvana,305,14,64,28,0.9795918367346939,0.037286766584257336,0.22769878741892402,0.9583333333333334,0.08230457105871958,0.2815642230738131,0.9583333333333334,0.10856143505728755,0.24075749510243827,0.9795918367346939,0.06997265120068386,0.22975608131641367
CAyA,18,47,115,26,0.9795918367346939,0.04122638689748048,0.2920080005470971,1.0,0.10195214278968845,0.5550912660729346,0.9361702127659575,0.07489689660461585,0.4905639995416544,0.9795918367346939,0.02136753839690586,0.15423957592734971
Candas,404,37,58,88,0.9583333333333334,0.06303426194389228,0.22276645455581523,0.8888888888888888,0.05455377514486903,0.2783528717377164,0.9583333333333334,0.07468930204641133,0.37448719260121077,0.9583333333333334,0.06778107376614573,0.26346808367592744
Cid,68,27,880,73,0.9795918367346939,0.05532260428922131,0.3200386021714785,0.9795918367346939,0.12127103015911178,0.5899000190666338,0.9795918367346939,0.12395083423742359,0.5632610082228563,0.9795918367346939,0.04792327579631417,0.25018557260854246
Cidra,22,24,78,105,0.9583333333333334,0.04634371078854971,0.31443450562925823,0.9795918367346939,0.08644279757030582,0.4202149633285225,1.0,0.12103167250659874,0.4501855869064192,1.0,0.05320732033635167,0.3818641552581741
DA,1929,47,552,184,1.0,0.06109584517657529,0.2736326326952516,1.0,0.16771695060499647,0.6270509353252262,1.0,0.1240870146408859,0.54482421554802,1.0,0.062178871589800844,0.23864350662620892
DAnA,28,10,10,42,0.9795918367346939,0.026209557312241172,0.1794904249129613,0.9583333333333334,0.09240151605425839,0.29162531329284613,1.0,0.06973922319212666,0.43233195022018434,0.9130434782608696,0.03202994853171348,0.16954732803791206
DArA,229,7,181,20,1.0,0.0689998284770198,0.40096348606444,0.9795918367346939,0.09301756102496184,0.47523057669846125,1.0,0.1037600302814411,0.5105866822420404,0.9583333333333334,0.06723068980145497,0.36766266714890605
DAray,154,17,509,35,0.9795918367346939,0.04040351855649238,0.29106425641241995,1.0,0.0828651986551252,0.5309792411675107,0.9795918367346939,0.08613251099696762,0.5246416248274994,1.0,0.039590949731444836,0.16724974537409487
DAtu,49,23,142,26,1.0,0.04870957689245892,0.3181062535308239,0.9583333333333334,0.05102733685140581,0.4131757695334901,0.9583333333333334,0.10846733077086834,0.5127013493702443,1.0,0.023029262940875816,0.31614718706743505
DAv,109,10,177,19,0.9361702127659575,0.04623502694002579,0.2775746501310975,0.9795918367346939,0.0944267905003815,0.5306610483626981,1.0,0.08375969516303539,0.5434828002114689,0.9583333333333334,0.040071876787859284,0.24189599140186235
DI,421,34,103,44,0.9795918367346939,0.07634738764271864,0.38690342103682407,0.9795918367346939,0.14557419154920237,0.49979641953108067,1.0,0.12158704540377618,0.4787555043979814,0.9361702127659575,0.05314880540974276,0.21414579931891908
DUma,44,81,123,36,0.9583333333333334,0.07626194016554877,0.2971497823703281,0.8888888888888888,0.09584609673631361,0.3407184657231921,0.9795918367346939,0.13491145961383666,0.4343531065416637,0.9795918367346939,0.0427961980835424,0.254031420105312
Dam,36,5,81,5,0.9361702127659575,0.025561146055378958,0.09506724981404124,0.9795918367346939,0.1006454027128113,0.5209929711499597,0.9795918367346939,0.1036877108949874,0.49078208403172874,0.9130434782608696,0.01925982042247476,0.06270675585089736
Dana,232,74,1062,137,0.9583333333333334,0.06498551973431099,0.3645842247746316,1.0,0.11242230634585193,0.4176386805871428,0.9583333333333334,0.08652924431725961,0.3941025731345227,0.9361702127659575,0.0643114858474817,0.27070199916899185
Danus,28,6,1490,56,0.9795918367346939,0.020482311549039678,0.09215167561041482,0.9795918367346939,0.09711124025797802,0.6169945921090773,1.0,0.15120732986056773,0.618971840165138,0.9795918367346939,0.049495613614873646,0.4104204400047343
Darma,38,320,8053,563,1.0,0.024849502776527865,0.3576847705983659,0.9361702127659575,0.08909585485094307,0.5672877699772426,0.9361702127659575,0.09260846136473999,0.4680396962894491,0.9583333333333334,0.03464703640144129,0.327384351495832
Denu,217,8,111,37,0.9795918367346939,0.05387494952920502,0.33583543300200924,0.9583333333333334,0.062016873792491656,0.40039294107983703,0.9795918367346939,0.13447329226894,0.4322284979116464,0.9583333333333334,0.04723623511791297,0.20106861659901398
Df,133,29,318,28,0.9795918367346939,0.07143615759598598,0.4074245669039396,0.9583333333333334,0.08326831513937993,0.6414596648311307,0.9361702127659575,0.07912089835100988,0.5424113928122225,1.0,0.04391796314665375,0.15931938035042692
Dfti,39,9,224,9,1.0,0.07421856881033428,0.29214031846648447,0.9795918367346939,0.10466370231932931,0.47271510877383327,1.0,0.09703735660989088,0.47891582980865466,1.0,0.07212424153173502,0.20652654465104447
Dfz,68,5,60,6,0.9795918367346939,0.04101870158602017,0.49451645850262027,1.0,0.08297697425225425,0.4796253459835441,0.9583333333333334,0.08379630479265443,0.5161802199062027,0.9795918367346939,0.055036854064084206,0.3923575709580204
Druva,114,28,567,44,1.0,0.0474171576296627,0.40015917718408944,1.0,0.09015799268918934,0.5013889486029276,1.0,0.0735804468434057,0.43983266478575445,1.0,0.045221227891877436,0.28224009096369285
DyA,34,62,212,29,0.9583333333333334,0.06475402429844013,0.3359971657880243,0.9583333333333334,0.13388891087936705,0.5487965993536296,0.9583333333333334,0.0760408777758731,0.5078663555662116,1.0,0.0660698563106411,0.26213021944478987
Endra,89,5,73,77,0.9795918367346939,0.05789648709207662,0.29651032707613245,0.9795918367346939,0.11820350578586458,0.47926225115573673,0.9361702127659575,0.0978447692605019,0.5245288329802871,0.8888888888888888,0.06939934946969795,0.2909051206417449
Gana,10,52,136,6,0.9361702127659575,0.06108895177054541,0.4106890556327991,1.0,0.20255393674740896,0.6738411114989258,1.0,0.09522078478876683,0.47805073570502576,0.9361702127659575,0.017384915203272455,0.11115641802896059
Gfta,344,15,136,100,0.9795918367346939,0.048632378047141156,0.17661578147623502,0.9130434782608696,0.06524335820344485,0.25074529637835685,0.8372093023255813,0.0835808440790693,0.2442567681706761,0.8888888888888888,0.039480750324471514,0.11437546824501421
Gora,54,8,1785,14,1.0,0.031784851123383695,0.13183421103811122,1.0,0.12711795506078793,0.5785693524339163,0.9795918367346939,0.12167026957362992,0.6086890516904075,0.9795918367346939,0.04370524294941269,0.13894500279583732
Goza,64,13,311,13,1.0,0.02590754715566923,0.1841657327955878,0.9795918367346939,0.10723674827076524,0.5922446856377092,0.9583333333333334,0.11400087320840013,0.6085145723237922,0.9583333333333334,0.022479128933432957,0.17322828256186318
IS,269,45,102,40,1.0,0.0668948668257745,0.3973053833132195,0.9130434782608696,0.11006325152121144,0.36954458816117175,0.9361702127659575,0.06674875135722125,0.3448393455458112,1.0,0.05699877968039058,0.21257967639392295
ISAna,8,5,10,10,1.0,0.020856721814014545,0.0551123631734004,0.9795918367346939,0.05539163508958378,0.10931311532028565,1.0,0.05884830656954765,0.15143444505396397,0.9795918367346939,0.0361301718147512,0.12249469510699629
ISvara,22,94,954,15,0.9795918367346939,0.04888181392814284,0.3818642781578728,0.9583333333333334,0.10890315606206913,0.5732945925873567,0.9795918367346939,0.15577903661067227,0.6405823751929671,0.9583333333333334,0.05918319365010649,0.23697313717561208
Ikz,19,49,76,30,1.0,0.036761345436124526,0.2834988367530864,1.0,0.1057306284733065,0.5408008403715918,0.9795918367346939,0.0938598986103043,0.48433700998338103,1.0,0.058907366762962377,0.21655011674003755
Iq,158,5,21,25,0.9795918367346939,0.06764346726651838,0.3756092358445553,0.9795918367346939,0.08724078206995511,0.27647418057020046,0.9795918367346939,0.09497689400203935,0.3192555879988427,0.8888888888888888,0.045006343713338226,0.2284605276505305
Iray,83,5,105,5,0.9795918367346939,0.031894969885990054,0.27010438758884137,1.0,0.07288006623511412,0.44736856937822245,0.9795918367346939,0.07432004163783934,0.4584876151070756,0.9795918367346939,0.04330416046502983,0.24905375126402962
Ka,21,62,285,21,1.0,0.056717866036612,0.5120695982978567,0.9795918367346939,0.20763047925656208,0.74217898429029,0.9795918367346939,0.08471241058823176,0.5060759878023389,0.9583333333333334,0.014616753920197678,0.09112634976162659
Kalu,32,131,262,14,0.9583333333333334,0.07458126342484994,0.30960046562597743,0.9583333333333334,0.06705880670353837,0.48477120407977115,0.9583333333333334,0.07475316889723549,0.489823885676949,0.9795918367346939,0.053063261428754505,0.16685904903705617
KyA,53,5,240,7,0.9795918367346939,0.02821374220562567,0.13538531357366423,0.9795918367346939,0.11869768687769522,0.5979558865225628,0.9795918367346939,0.10665249897953999,0.5573617644877549,1.0,0.021485441653537385,0.10243623272957081
Odumbara,17,9,14,16,1.0,0.047173239661348565,0.24680095238479383,0.9130434782608696,0.05647504897814659,0.227238105507093,0.9795918367346939,0.10146442868810568,0.2900372469148128,0.9795918367346939,0.01930829417423352,0.14943415511650815
OzaDa,5,8,64,23,0.9795918367346939,0.04417616491895182,0.14397449687295083,0.9130434782608696,0.06851423666858769,0.46380847596458286,0.9583333333333334,0.07761530365342573,0.31685687324590417,1.0,0.028648198079575415,0.2637510214825609
Pala,19,728,2198,273,1.0,0.04082087314097438,0.34494637434871545,1.0,0.1071947124132121,0.5883502961459495,0.9795918367346939,0.14425311525224105,0.5751089923709225,0.9795918367346939,0.030965013962484744,0.3317490600062756
Pena,14,17,58,8,0.9583333333333334,0.032982180556500706,0.2759578608345916,0.9583333333333334,0.1394486668829007,0.5138561540165607,0.9361702127659575,0.09054214815838213,0.3918000379286519,0.9795918367346939,0.013354868386916352,0.04184078404519653
SAKA,26,32,143,17,0.9795918367346939,0.04238718644523676,0.32539929521560085,0.9361702127659575,0.10080733098611816,0.536212733201094,0.9583333333333334,0.08490015452188382,0.45851280280798523,1.0,0.015730407426188475,0.06880539261295315
SAlA,33,6,54,33,0.9583333333333334,0.02824306021078482,0.11243015861212924,1.0,0.10852643792785321,0.560069391517289,0.9130434782608696,0.0929789900251562,0.451116599074048,0.9795918367346939,0.035851621412421375,0.3541082243426268
SAnti,58,59,262,16,0.9795918367346939,0.12162966889440852,0.5423636755183605,1.0,0.12300367586041139,0.5520262785408755,0.9795918367346939,0.08975500894456867,0.3999061782252651,1.0,0.03770731731162058,0.25680724948727374
SAs,71,18,333,83,1.0,0.04620348131514329,0.31244984754472926,0.9795918367346939,0.09597645771651686,0.46612244639069855,1.0,0.106302015522177,0.5122101693654988,0.9583333333333334,0.05554494809383892,0.4094124899832474
SI,119,32,531,52,1.0,0.04320231607561209,0.16666924038401854,1.0,0.09437601922386474,0.5341439807124413,0.9795918367346939,0.17022787937906303,0.6640180940017266,1.0,0.06949868219457023,0.37777899777022705
SIta,15,19,210,27,0.9795918367346939,0.031530544691751206,0.2567421325950604,1.0,0.1597006833538317,0.6421330816304391,0.9795918367346939,0.08973780543154963,0.4134321829350145,0.9583333333333334,0.03202424642144108,0.20513445375056893
SUdra,18,21,500,141,1.0,0.04045507733050435,0.20647928967254003,0.9583333333333334,0.1260744042596027,0.503839484220779,0.9361702127659575,0.09878516628700351,0.5322441024903077,0.9795918367346939,0.02260527321001471,0.20386978731597716
SaMs,427,8,368,215,0.9130434782608696,0.0465574488714805,0.2325313260051156,0.9361702127659575,0.08115893148056175,0.6349747522795395,0.9795918367346939,0.13022898547208683,0.7644688424679502,0.9130434782608696,0.05798869046556765,0.26830825010057135
SaNKa,8,6,526,15,0.9795918367346939,0.014044411458110861,0.10501715746535822,0.9583333333333334,0.12863873323434716,0.6717653263872652,1.0,0.13942832273569283,0.6181925183424211,0.9130434782608696,0.012992095704052797,0.08783937138422193
SaNku,6,11,36,224,1.0,0.03749426145317014,0.09887328149223107,0.9583333333333334,0.10492146229488841,0.4046231471223971,0.9795918367346939,0.15132615649851722,0.5028348401294502,0.9583333333333334,0.07019340846438482,0.40866112884254036
Sabda,19,518,1038,348,1.0,0.08812950886370075,0.39008969545773553,0.9130434782608696,0.13729298749596097,0.5986998976704958,1.0,0.19131098727644968,0.7057361417717893,1.0,0.0722873409199315,0.3358283940806184
Sak,77,105,958,68,1.0,0.037804295612600014,0.24613798368307882,0.9795918367346939,0.1147853516599715,0.5129490186531039,0.9795918367346939,0.0778465124614568,0.47138461118523833,0.9583333333333334,0.023768440668743285,0.16564002426256919
Sakti,24,39,802,85,0.9583333333333334,0.0334094122220423,0.33607242338473053,0.9795918367346939,0.13845386313906494,0.654638089956175,1.0,0.21337506434861064,0.621431926020019,0.9583333333333334,0.032845102526218306,0.3407888678450285
Sakuni,17,6,414,11,0.9795918367346939,0.027934053483088084,0.061499578024734936,1.0,0.09347604374806529,0.644098078528193,0.9795918367346939,0.0918966056124132,0.6354675632928909,0.9795918367346939,0.017132147190679015,0.03100205952043067
Sam,350,63,277,45,0.9795918367346939,0.0753582725908587,0.3611443573886919,0.9795918367346939,0.15264638635119843,0.599582926266001,1.0,0.10628899184582352,0.5928557022979671,0.9361702127659575,0.06115797100691023,0.3277344745793934
Sama,9,12,246,13,0.9795918367346939,0.025223082808900066,0.14909615378956165,0.9361702127659575,0.10691313262184521,0.5281957670742451,1.0,0.10086353768998213,0.5361230634281928,0.9795918367346939,0.01787073839965314,0.102201720730564
SarIra,85,444,829,82,0.9795918367346939,0.09328283587141428,0.3018781461210931,1.0,0.085045132963386,0.4171906886749206,1.0,0.14775767834609577,0.5181437241531743,0.9583333333333334,0.05023558447026322,0.32449620926710854
Sara,15,12,4082,32,1.0,0.03336685507174597,0.15880681324766321,0.9583333333333334,0.12077961334375142,0.59765951804901,0.9583333333333334,0.1409871486102222,0.6456815994902454,0.9795918367346939,0.07026432521853299,0.390584310527456
SaraRa,26,9,425,10,0.9795918367346939,0.026706315326564534,0.15412069779936077,0.9130434782608696,0.08788383467492678,0.5643732184454457,1.0,0.07898645780441571,0.522007121810057,0.9795918367346939,0.02831607131399083,0.11380633635516713
Sarad,74,5,81,16,0.9583333333333334,0.056268448606717536,0.3065706860556876,0.9361702127659575,0.07649441588135386,0.35101523291461123,1.0,0.09883733998509237,0.47098398151325194,0.9795918367346939,0.03692730235911512,0.3259776233214471
Sastra,50,10,824,155,0.9583333333333334,0.0672871202751344,0.1457371463940207,0.9583333333333334,0.10003128553386631,0.7407082055680724,1.0,0.17696008265297047,0.6994267613547849,0.9795918367346939,0.07121877736970772,0.42487955000447686
Sata,542,97,1764,412,0.9583333333333334,0.06796352592611332,0.3277113571639214,0.9130434782608696,0.12024700418354406,0.434948835381993,0.8095238095238095,0.08357921542922675,0.31575584989434513,0.9361702127659575,0.047630708891281404,0.17642418983290842
Satru,204,11,1323,141,0.9583333333333334,0.05925407416097861,0.32834305249787743,1.0,0.09384638534831524,0.5296954170369473,1.0,0.11675055943409063,0.43366493256792926,0.9795918367346939,0.0727943095636171,0.2508926943995866
Sava,7,8,23,10,0.9583333333333334,0.014335574043287225,0.08009584489758881,1.0,0.11478399870744316,0.4488395838305119,0.9583333333333334,0.07276498429155442,0.30533430552217766,0.9130434782608696,0.01425298987393675,0.0646224129027837
Sayana,5,11,279,18,1.0,0.017096035594669323,0.09477859812772671,1.0,0.11783679760706944,0.5968467843821843,0.9795918367346939,0.10611795195146045,0.5467305353722052,0.9583333333333334,0.015791755541698538,0.0768346394853252
Seza,14,48,408,374,1.0,0.02512191246244,0.312701442880678,0.9795918367346939,0.10453318262534028,0.5573401677106106,0.9795918367346939,0.07510744438002259,0.5069574168154414,0.9795918367346939,0.03731699040685943,0.3700079215071501
Sf,63,10,59,5,1.0,0.04191605961467737,0.2069445762085539,0.9795918367346939,0.08362404653638544,0.448167611646733,1.0,0.09316261234758882,0.4000249199596062,0.9795918367346939,0.02390617790356986,0.2103988800998109
SfNga,68,7,316,21,0.9795918367346939,0.041118484911166764,0.3498684557138767,1.0,0.1262432816815804,0.6054392861918632,0.9361702127659575,0.06776839728839024,0.43051551339839667,0.9361702127659575,0.019011833736821138,0.15197294296930663
SiSu,71,11,107,8,0.9583333333333334,0.04853873974235545,0.2721742369529213,0.9583333333333334,0.05552828655609943,0.4550096324744778,0.9795918367346939,0.06852627624658525,0.47285245248627217,0.9583333333333334,0.03446252852834186,0.23765779985475755
Sikz,94,7,12,5,1.0,0.03246803436261414,0.23434937430234126,1.0,0.07326940378984548,0.2068968534398794,0.9795918367346939,0.07472133577801521,0.24706520252448416,0.9795918367346939,0.04976531948609475,0.2664232369931263
Siras,141,85,1092,164,0.9795918367346939,0.062472039267996715,0.38440328757991593,0.9795918367346939,0.08511736281059035,0.41308717777880877,0.9583333333333334,0.06807191155478487,0.42903221633704025,0.9795918367346939,0.036498684117834745,0.17349017203701145
Siva,180,10,444,27,1.0,0.0564726170854859,0.2442402942213575,0.9795918367346939,0.09117847748014263,0.5695175900246434,0.9361702127659575,0.07853215023577831,0.5137808563532145,0.9795918367346939,0.06431580299045014,0.2464614046224337
Sloka,36,67,142,45,1.0,0.029834329864319553,0.31622051183118316,1.0,0.09009808365416627,0.527285004427086,0.9795918367346939,0.0853360439204468,0.37692739944329956,1.0,0.05205683468626854,0.2724835876359607
Soka,18,60,1277,8,0.9583333333333334,0.03801704424054253,0.40383505523026697,0.8636363636363636,0.08610768763055754,0.5732561487490295,0.9795918367346939,0.0729740632533824,0.5471289680252233,0.9583333333333334,0.01887611152411728,0.07566192462406196
SrAvay,8,6,115,9,1.0,0.025256200298644504,0.14020148776483,1.0,0.10370123109510765,0.4058663538525019,0.9583333333333334,0.084804734382662,0.4987472460508213,0.9795918367346939,0.016045189172359087,0.06275585015999174
SrEzWya,24,20,16,21,1.0,0.09263772719654673,0.229506523151362,0.9583333333333334,0.12940936106294876,0.3935711731222207,1.0,0.10958124667797586,0.33739404652762817,0.9795918367346939,0.05293368231834239,0.11110212187236279
SrI,289,36,824,89,1.0,0.06608889938658524,0.31047441578815727,0.9583333333333334,0.10815565149939577,0.5766733119515899,0.9583333333333334,0.10624966655836521,0.464386636397206,0.9583333333333334,0.03709982680724655,0.1940275201259143
SradDA,65,102,306,34,1.0,0.06394201312004211,0.3242042893594703,1.0,0.122587515083461,0.5169983710491239,1.0,0.07696703834268981,0.4603392545042003,1.0,0.026357115372665385,0.17008714039751482
Sram,26,33,215,10,0.9795918367346939,0.053583017846558945,0.3276388902965409,1.0,0.09191837760324939,0.629269152768301,0.9583333333333334,0.09735848373506562,0.48443969475223736,0.9361702127659575,0.011623445985730618,0.07344764791733582
Sreyas,28,46,562,103,1.0,0.03564343097906175,0.3015960833152451,0.9795918367346939,0.0559330285719164,0.5037272253111711,1.0,0.15262784043320876,0.47760430893284367,1.0,0.03509969697497173,0.23683197959554636
SrezWa,87,66,1953,33,0.9361702127659575,0.06233041128580652,0.2443013761291457,0.9795918367346939,0.11185997666567216,0.4740045620413471,1.0,0.11109449011779882,0.567596126364282,1.0,0.06234784478532196,0.23898617501077002
Sri,169,24,57,6,0.9583333333333334,0.04253878853450366,0.26173440058106534,0.9795918367346939,0.08351629874537947,0.3833902795917232,1.0,0.06697749410163856,0.3645791933540137,0.9361702127659575,0.03252974179543244,0.17556347882597623
Srotf,8,52,43,5,0.9795918367346939,0.05179942168732554,0.4370985176108225,0.9795918367346939,0.10939867722943097,0.4126959645199426,0.9130434782608696,0.05873083068169782,0.34476666365029685,1.0,0.01147516688030048,0.082086607327164
Srotra,97,168,119,29,0.8372093023255813,0.06262126493492082,0.11162499132543668,0.8888888888888888,0.10271144877495142,0.2752305379871077,0.9583333333333334,0.1633057288618992,0.46031077236966045,0.8372093023255813,0.08927071674754705,0.2561275317502315
Sru,498,271,6250,192,0.9583333333333334,0.04774027930154623,0.26711069780423435,0.9795918367346939,0.09241660891858883,0.43665931670552216,0.9795918367346939,0.12203630301914414,0.4986972868331464,0.9130434782608696,0.03474405773386735,0.23546773431128343
Sruta,22,5,68,8,1.0,0.015130506726929172,0.0702931795806041,1.0,0.10043886197437879,0.32994925323182667,0.9795918367346939,0.06754501228692356,0.3086545823021122,1.0,0.01846920948764641,0.03704893028244216
Sruti,15,452,279,150,0.9130434782608696,0.024044658123825613,0.2489658921965563,0.9583333333333334,0.10756608931209155,0.5306851116476221,1.0,0.127764235838716,0.4996711741144325,0.9795918367346939,0.057257292916868874,0.4025131403432761
SuBa,34,12,1406,25,0.9795918367346939,0.018023423228634372,0.1460527391346057,0.9795918367346939,0.11032861095227497,0.5720980981444533,1.0,0.10238431925023017,0.5668010303030606,0.9583333333333334,0.040879824538360254,0.11586946160078648
SuD,88,38,356,105,0.9583333333333334,0.07915027041186606,0.458749046908672,0.9583333333333334,0.1225171945049971,0.4507260801038009,1.0,0.20653889901591072,0.5942846439780591,1.0,0.10253020550470071,0.6149316912483518
Suc,91,19,546,16,1.0,0.06739293837053273,0.3249187745688238,0.9583333333333334,0.06095230059511225,0.44589030309160527,0.9361702127659575,0.1166275438995138,0.5780205614342447,0.9361702127659575,0.04255824879267345,0.2635877569866464
Suci,196,5,636,110,0.9795918367346939,0.052329410101015994,0.3782105603453132,0.9583333333333334,0.08540410982520152,0.5856179085197698,1.0,0.12651630162376792,0.5833687985258551,0.9583333333333334,0.06346182016287805,0.24567504378599347
Sukla,9,49,183,20,0.9583333333333334,0.06256264351269092,0.28302755684382697,0.9795918367346939,0.10045616753496478,0.5519854511684132,1.0,0.13395719062255074,0.5497633613316446,1.0,0.0116221345021853,0.08961521326354316
Sukra,224,18,179,30,1.0,0.0470605586821814,0.25868570827964565,0.9795918367346939,0.10467777204287698,0.4397905593469186,0.9361702127659575,0.10972832642250174,0.4006700222780675,0.9795918367346939,0.06194439968783694,0.27698219456030615
Suz,18,14,25,5,1.0,0.04045098679494885,0.1581142198099521,1.0,0.08241719928189262,0.42802190356308456,0.9795918367346939,0.09735453325354826,0.3970943687132973,1.0,0.01765505998899708,0.03012535831702734
Suzka,19,10,85,27,1.0,0.02985560011577726,0.17797834125940892,1.0,0.13739518591102073,0.5300980404186342,0.9583333333333334,0.07890358056622104,0.3519341015657481,0.9361702127659575,0.01791586987026994,0.1791973410000247
Svan,51,17,149,68,1.0,0.040470153418399324,0.1343810168804509,0.9583333333333334,0.12332123170369114,0.466916339801001,1.0,0.11689791376766001,0.6235639167881611,0.9795918367346939,0.03252470606037838,0.21144358935275842
Svas,41,19,254,90,1.0,0.05276147866426506,0.23489766672064527,0.9795918367346939,0.0988166553968457,0.5456694965134652,0.9795918367346939,0.10604780440476957,0.6070012092119242,1.0,0.045679788232518836,0.30098907977926137
Sveta,31,5,327,45,0.9583333333333334,0.027103334522668665,0.09756468690536091,0.9583333333333334,0.09158546528026912,0.5762959645868343,0.9361702127659575,0.08952070700191905,0.537196567094316,0.9361702127659575,0.018690904665632502,0.1761829200208911
SyAma,7,9,122,9,0.9583333333333334,0.03931333708148377,0.1506001996991464,0.9795918367346939,0.10264939990643784,0.49976190960544453,0.9795918367346939,0.12944764697412114,0.506476206890069,0.9795918367346939,0.020068328851991946,0.021460847264355154
Syena,101,5,112,125,0.9583333333333334,0.031166104478771328,0.2791627704006895,0.9583333333333334,0.0919574258925625,0.5282495778675718,0.9795918367346939,0.21087268536301917,0.7458717512903587,1.0,0.12322509070303089,0.7118900870301739
UrDva,193,69,121,94,0.9795918367346939,0.05008532622131734,0.2634976472261519,0.9130434782608696,0.06775881535634054,0.3311394865357771,0.9361702127659575,0.07534942065190231,0.3794260436602108,1.0,0.025247037339533596,0.13944747766774468
UrDvam,41,82,212,174,1.0,0.04170763874846817,0.23377651615283268,0.9583333333333334,0.10038179236561928,0.4573022674856072,0.9795918367346939,0.1028762277814117,0.5812132650913276,1.0,0.038196720579277144,0.22125832325649153
Urmi,104,5,92,9,0.9583333333333334,0.060714892065450776,0.3600639368236487,1.0,0.11950204874304249,0.4520868186130176,0.9795918367346939,0.0910507499580524,0.47703050509583367,0.9583333333333334,0.04961031396491744,0.3163195005761481
Uzman,15,6,29,7,1.0,0.0631473928226991,0.16385412070348182,1.0,0.1054281989524114,0.399547947754765,0.9361702127659575,0.08253589149832175,0.36486696253346707,1.0,0.041998362946334966,0.17849508070674946
a,1247,741,3149,806,0.9583333333333334,0.03630086811446109,0.26565715448181115,0.9583333333333334,0.07892879140270903,0.4893019840903695,1.0,0.07835158178851975,0.43239762081081823,0.9583333333333334,0.017706669516106777,0.08502523792202621
aBaya,61,86,162,43,0.9795918367346939,0.03249735801943998,0.33320746288600356,0.9795918367346939,0.09143202484668134,0.4967463290272761,0.9361702127659575,0.10611065635653505,0.45535087750462755,1.0,0.07438513885046383,0.3124245285348266
aBi,1401,12,37,141,0.9583333333333334,0.030141948628734316,0.23667008012424362,0.9583333333333334,0.06384529129888061,0.29852749424374214,0.9583333333333334,0.0979447193151941,0.48395179529368093,1.0,0.06515533516775418,0.2787481328725312
aBiBU,29,17,190,13,0.9795918367346939,0.024020842851728008,0.1419966111672304,0.9795918367346939,0.05438928323843717,0.40747619285773007,0.9583333333333334,0.0966068238915948,0.5129921295455986,1.0,0.06400387904262883,0.18953548942280452
aBiDA,12,94,124,32,0.9583333333333334,0.02202677263766839,0.24347009447138346,0.9361702127659575,0.10130930632803292,0.43951231472407204,0.9130434782608696,0.057446849004386125,0.33634429333760074,0.9583333333333334,0.01876672569121407,0.09452183013058002
aBigam,7,10,485,15,1.0,0.020995457435751153,0.07221393159415113,0.9583333333333334,0.0688344909972256,0.5036026196360128,1.0,0.13244793815527944,0.5799346604787816,0.9583333333333334,0.020121180955487317,0.1356861401520132
aBimfS,8,8,5,59,1.0,0.030573974879685495,0.0428218443461994,0.9795918367346939,0.05552856955943519,0.20820556075187602,0.9795918367346939,0.08679261288316165,0.35431439074533855,1.0,0.07512535459387748,0.27918994456382373
aBipre,5,41,44,11,0.9795918367346939,0.029047359522042626,0.28439699186393197,0.9795918367346939,0.06205693137817314,0.38254080089297293,0.9795918367346939,0.07751654455297519,0.3253136708980676,0.9583333333333334,0.015374310342982311,0.06402614711959775
aBirakz,11,6,111,12,0.9583333333333334,0.024018304402641855,0.12539997775274092,0.9583333333333334,0.08397219595944971,0.4440201598765149,0.9795918367346939,0.0802247234807254,0.4582441504928412,0.9795918367346939,0.016435759455118215,0.038411906433965526
aBitas,67,10,119,37,0.9583333333333334,0.06885923128203786,0.1893100320674116,0.9361702127659575,0.07095388462963514,0.3860557501741958,0.9795918367346939,0.11501988310267575,0.5085447766234975,0.8095238095238095,0.0329876934475678,0.10617887979820884
aBivad,61,13,44,11,1.0,0.08095278932545313,0.2836603043917829,1.0,0.07816449904977063,0.45730782392853253,0.9795918367346939,0.07298413045680474,0.3912635740329604,0.9795918367346939,0.03413242324164756,0.21604529341217948
aBizic,43,6,246,25,1.0,0.07092128719616309,0.308758987652321,0.9583333333333334,0.08871422067265022,0.5333869559998545,0.9583333333333334,0.0914994028407018,0.5287993852196224,1.0,0.07532660308739769,0.36605967107840565
aDI,32,76,227,81,1.0,0.08131378014263746,0.4092960609268159,0.9795918367346939,0.1511007228875696,0.41764387942660397,0.9130434782608696,0.06737441936542066,0.430440645132252,0.9361702127659575,0.03447457929261044,0.23959260386582293
aDara,59,7,24,11,1.0,0.08985379056860421,0.31941128670311436,0.9795918367346939,0.08561625204994039,0.4226183009117275,0.9583333333333334,0.06680769543982379,0.3219465075927952,1.0,0.027017813566304283,0.21558670488875453
aDas,23,28,108,32,0.9583333333333334,0.028714437492011857,0.17181259360404066,0.9130434782608696,0.0748465011306475,0.3906949078545433,1.0,0.10645172053779095,0.36462470225328125,0.9583333333333334,0.012140726466162377,0.06274821340593917
aDi,760,26,31,30,0.9795918367346939,0.024862571083596796,0.2472907336359743,1.0,0.11492239765619827,0.45989005649261994,1.0,0.09817767835286006,0.4457316113178028,0.9361702127659575,0.031422158625419305,0.26176234934470677
aDidEvata,14,40,99,9,0.9583333333333334,0.07791188927721393,0.24373753934931996,0.9361702127659575,0.0803748161165676,0.40477458490488627,0.9583333333333334,0.08670444935753718,0.5921573089472218,0.9795918367346939,0.03974959017693558,0.18895042453356492
aDipati,106,24,207,25,1.0,0.07308466488718923,0.2081026882410696,0.9795918367346939,0.09116608517495428,0.4956279515005473,0.9361702127659575,0.11015987887779632,0.5009737640820111,1.0,0.10188647868883083,0.20084095170045324
aDizWA,15,33,153,37,0.9583333333333334,0.05262480988874152,0.31083257924967966,0.9795918367346939,0.08555035101658448,0.4974990555022747,0.9795918367346939,0.17879994107509367,0.6274020489551986,0.9795918367346939,0.017313344819213983,0.21888410378813972
aDizWAna,6,18,51,10,0.9583333333333334,0.03413317878186939,0.157231343653224,0.9795918367346939,0.09035790261410537,0.4948545417062714,0.9583333333333334,0.09201509173490396,0.34103662734877815,0.9795918367346939,0.015469031612333928,0.033962599214437894
aDvan,67,8,157,39,1.0,0.03563097685902372,0.20608043478136684,0.9795918367346939,0.09406258112436494,0.5653130964927935,0.9795918367346939,0.0944426063280791,0.526004470256305,0.9795918367346939,0.020495020316720014,0.18743485260935244
aDvaryu,140,13,30,168,0.9583333333333334,0.05619125895705723,0.20369144180252496,0.9130434782608696,0.06832569132142574,0.1807838067242642,0.9583333333333334,0.07062593287394792,0.27030396098533127,0.8636363636363636,0.04608414524942406,0.18209582685039027
aDyAtma,16,123,213,13,0.9583333333333334,0.09079325694622653,0.2813659092437263,0.9795918367346939,0.1370619462101732,0.47156312686570456,0.9361702127659575,0.09292767867271168,0.6030870676755478,0.9795918367346939,0.0438512736772082,0.19991080069475808
aDyAya,17,266,51,38,0.9361702127659575,0.049456386748958026,0.14169304710829755,0.8095238095238095,0.08747096064380422,0.3283163624636637,0.9583333333333334,0.1701553768557006,0.505392049662364,0.9361702127659575,0.05897637188296989,0.3511568130993099
aDyarDa,7,7,18,69,0.9130434782608696,0.05218179240547016,0.1283202643100252,0.9583333333333334,0.0753451473201181,0.291833260509323,0.9130434782608696,0.0559155526417211,0.2278678548677494,1.0,0.062227116899440715,0.21520324262586932
aMSa,19,24,145,123,1.0,0.029967940956617367,0.28434764100908605,0.9583333333333334,0.20947161001539583,0.7084314182287911,0.9583333333333334,0.1263796029709453,0.4770806366537701,0.9795918367346939,0.0530342626228123,0.43522104181193355
aNgAra,11,52,26,30,1.0,0.048016649581701265,0.33068301698167957,0.8888888888888888,0.083666500959384,0.30072852265813554,0.9795918367346939,0.06386088135351187,0.21395947706549256,0.9795918367346939,0.030439411608581324,0.1773009971060927
aNga,261,110,908,191,1.0,0.09326292626664434,0.41079687468696924,0.9795918367346939,0.08156467137285839,0.527418651524173,1.0,0.14419678388589463,0.6206263406775886,0.9795918367346939,0.02677234645908666,0.2066594239404157
aNgiras,150,18,145,32,0.9795918367346939,0.07912636420449104,0.384835066502625,0.9130434782608696,0.07226889159066541,0.3468801554369143,0.9583333333333334,0.09731060263036195,0.33748945255323637,0.9795918367346939,0.06699956759250614,0.2293813803299114
aNka,8,9,130,27,1.0,0.057502060799867194,0.14700690724483834,0.9361702127659575,0.08625370048449754,0.5947796307060819,0.9583333333333334,0.1093102871016659,0.5165970825505575,0.9795918367346939,0.026765509583022262,0.22175008986439315
aRu,14,30,42,19,0.9795918367346939,0.019126857238025652,0.16958439433487082,0.9361702127659575,0.08032420011584274,0.3145837595877998,0.9795918367346939,0.10590523487273362,0.37037561878462966,0.9361702127659575,0.016959116100632388,0.2627095585619339
aS,422,104,346,123,1.0,0.058530751020694494,0.3290038514109317,0.9583333333333334,0.07773787506586838,0.43727490431023697,0.9795918367346939,0.1032473623961262,0.44856800361766,0.9361702127659575,0.05195484710734288,0.2546661081362872
aSana,7,42,135,19,1.0,0.03259071657010637,0.2519913501314106,1.0,0.12468867023895303,0.5985760801431574,0.9795918367346939,0.07709712796607349,0.42170174425999307,1.0,0.016637998687720645,0.0750546986346764
aSman,79,14,122,44,0.9795918367346939,0.03210623914180477,0.2564100595218559,1.0,0.14553291212429087,0.5971895190866894,0.9130434782608696,0.10991850964174976,0.4433124569959792,1.0,0.03710367486536181,0.20641704402983763
aSudDa,6,8,19,5,1.0,0.035821912439487735,0.18958292411612598,0.9361702127659575,0.11377978735081806,0.25829879238272624,0.9583333333333334,0.07304923154097354,0.20511385325044373,0.9795918367346939,0.019078732737912718,0.06648842514674191
aSva,585,88,1579,240,0.9583333333333334,0.04621299421351632,0.298657662798855,0.9795918367346939,0.1007015251631701,0.4436256800510874,0.8888888888888888,0.10877085197823388,0.3613069835061653,0.8888888888888888,0.04859309259115541,0.11872319784413987
aSvameDa,11,45,250,31,0.9795918367346939,0.06288829825109798,0.3529252089456226,0.9583333333333334,0.08457224162770183,0.4295048352462558,0.9130434782608696,0.09289671268441879,0.324133664022886,1.0,0.04178635922875373,0.20487833570903513
aSvin,606,22,189,60,1.0,0.07499652804141554,0.38224064191040363,0.9130434782608696,0.10857873934910567,0.49187390463611,0.9361702127659575,0.09736987929829621,0.3480923344701994,0.9130434782608696,0.03971816045815513,0.21353330144928284
aTa,1427,813,5317,674,1.0,0.0773383246026963,0.1648483832954133,1.0,0.0815000534297865,0.47114408749087033,0.9361702127659575,0.05053153675573785,0.4623692016979979,0.9583333333333334,0.03325865501178593,0.20300985729477516
aTarva,6,9,11,7,0.9795918367346939,0.0396833132305241,0.2656672235268347,0.9130434782608696,0.06649506176588038,0.23930986852281144,0.9795918367346939,0.12094459214199216,0.26999672257033325,1.0,0.02093683690099213,0.03116268782400866
aTo,68,6,161,6,1.0,0.05271477281507864,0.23656910330729508,0.9795918367346939,0.07427390513006848,0.4156212649208516,0.9795918367346939,0.0768705416207579,0.511143778753492,0.9583333333333334,0.057437072486467344,0.15818204021919735
aYjasA,21,8,71,5,0.9583333333333334,0.06388893134646989,0.2467088977170837,0.9361702127659575,0.06496497121180711,0.377105209464093,0.9583333333333334,0.061995333000057995,0.3593378636014172,0.9583333333333334,0.05186273535524577,0.2542481669396468
ad,316,151,130,107,0.8888888888888888,0.052228201554959,0.22540610834351416,0.9795918367346939,0.1345278788172014,0.4431847672629827,1.0,0.1171940907070993,0.4579954851408852,0.9130434782608696,0.07402667236317428,0.33537745550680365
adas,569,498,815,197,0.9795918367346939,0.08117025644294862,0.23890430921811356,0.9795918367346939,0.08347828227449572,0.3941152335527095,1.0,0.11240462255733863,0.4310478200902865,1.0,0.060931334977995855,0.2720283011714708
adfzwa,30,38,50,31,0.9795918367346939,0.03234490266160517,0.24469635885088548,0.9795918367346939,0.07818838691577656,0.35492665756009867,0.9583333333333334,0.09860787970514973,0.4088379452000046,0.9795918367346939,0.0340825699157693,0.35541953144298855
aditi,283,28,71,47,0.9795918367346939,0.08091876573351808,0.4635249186690291,0.9583333333333334,0.1573804147685366,0.5645902532032115,0.9361702127659575,0.10384356787914273,0.3410084859853595,0.8888888888888888,0.061353064215846964,0.19558330110021793
adya,388,47,2462,111,0.9583333333333334,0.044973964943528344,0.34102372837711925,0.9361702127659575,0.0667089976157248,0.5551230835892489,0.9795918367346939,0.17014530422370733,0.6452609356618138,1.0,0.08580136082523748,0.25265131790179085
agni,3631,708,2022,1985,0.9583333333333334,0.056075376495327345,0.2880754629060964,0.8372093023255813,0.06961204929235376,0.33746384971172216,0.8636363636363636,0.07265977438010274,0.3481272136380591,0.8888888888888888,0.04599429878838046,0.17420917204915698
agnihotra,45,101,165,74,0.9583333333333334,0.06021013941058462,0.40089902056826343,0.8636363636363636,0.11330909322300531,0.4223518828077024,0.8888888888888888,0.08350082074286624,0.2869916904943879,0.9583333333333334,0.04536704832389715,0.1429435769509131
agra,289,87,765,309,0.9795918367346939,0.039223831633620976,0.4380548016808009,1.0,0.12431922428311437,0.571120126752353,1.0,0.08509015762764016,0.5067552362250887,0.9795918367346939,0.03560054100173149,0.31034953027932577
ah,616,569,1278,308,0.9583333333333334,0.058679809530353566,0.15655587780723934,0.9583333333333334,0.09064697116132558,0.3731969652203768,0.8888888888888888,0.05044730753496607,0.39037828482640846,0.8888888888888888,0.030136440276302467,0.08203527017189283
aha,153,13,44,105,1.0,0.055059853285546634,0.287867321003193,0.9583333333333334,0.11105356738390881,0.463999229840109,0.9130434782608696,0.08063046135550456,0.3436802961673864,0.9130434782608696,0.038064228628676644,0.274069491739094
ahar,1343,136,480,433,0.9795918367346939,0.1391920367465621,0.4622362175378337,0.8888888888888888,0.1403032330452968,0.5084458073790464,0.9130434782608696,0.1136810292352104,0.4298141876056172,0.9583333333333334,0.031329855567982956,0.1810117145050949
ahi,201,5,41,28,0.9583333333333334,0.039488127605287415,0.21751613899822686,1.0,0.07843912450215729,0.3610864386611713,0.9361702127659575,0.10539506685209332,0.43139603587986897,1.0,0.03363792462051041,0.3178196663564
ajYAta,11,5,93,7,1.0,0.015920033836507197,0.1112501369969674,1.0,0.11161829410680335,0.4761698397757107,1.0,0.09229392918904344,0.4452088071245326,1.0,0.008657014381862727,0.030946341039761238
aja,110,43,132,30,0.9795918367346939,0.05030548013144165,0.26425945823311414,0.9583333333333334,0.10561258633133319,0.466763612771653,0.9583333333333334,0.14813975429091164,0.52545875158675,0.9361702127659575,0.03178895534162762,0.21105568692704457
ajara,103,19,78,6,0.9795918367346939,0.05152735191740054,0.38987037928878343,0.9583333333333334,0.07731114493336011,0.3998558770431957,0.9583333333333334,0.0874678084467857,0.4196706681510495,0.8888888888888888,0.03249408476474558,0.2287394485802644
akAma,16,17,52,20,0.9795918367346939,0.06505512719440598,0.24100198454375155,0.9583333333333334,0.08527402418142993,0.30697680287805107,0.9583333333333334,0.06970199694856571,0.33143328319543475,1.0,0.043179559974299564,0.39644687274646573
akza,137,13,604,77,0.9795918367346939,0.02266677914240456,0.1678758217999552,0.9795918367346939,0.11985497855446958,0.5905935286893993,0.9583333333333334,0.10585174000332254,0.5243102081900485,1.0,0.018466393432782446,0.24231953256880667
akzara,202,253,250,101,0.8888888888888888,0.06152206240976699,0.20096716059910524,0.9361702127659575,0.0902727842490818,0.48232220032767825,0.9583333333333334,0.07749550892524482,0.4112755596044029,0.8636363636363636,0.03597440104765692,0.24122676513381414
akzi,63,50,250,34,0.9795918367346939,0.05958229307572238,0.20496406590456995,0.9583333333333334,0.12895605874349547,0.5352871428794006,0.9583333333333334,0.08834753907619408,0.49915469919801514,0.9583333333333334,0.020779199171005014,0.18832390534757737
alaMkf,8,10,268,8,1.0,0.017279713094841553,0.14653733918116685,0.9361702127659575,0.113769759715182,0.582579703721898,0.9795918367346939,0.1065431853992963,0.5738760566089789,0.9795918367346939,0.013360330706877033,0.0513558557538929
alam,9,12,174,19,0.9583333333333334,0.041513029115593736,0.08841387644971432,1.0,0.10713081414391967,0.4298538314616267,0.9583333333333334,0.05978287697967155,0.38409289123593293,0.9583333333333334,0.016703209190066626,0.05711836071049725
alpa,5,52,425,132,1.0,0.01954817654062524,0.26941154658240907,1.0,0.11331716481635834,0.5851073867595646,0.9795918367346939,0.12099957150191665,0.49933959870656874,0.9130434782608696,0.03407610110550141,0.2967073141189427
amAvAsyA,26,9,30,45,0.9795918367346939,0.052189981861106016,0.12775553722345223,0.9583333333333334,0.057999524135281644,0.19855338085912166,0.9361702127659575,0.07568921551096575,0.3146810189263438,0.9795918367346939,0.04423376635023679,0.2623374804654829
amBas,6,18,170,11,0.9361702127659575,0.031624631588632934,0.20830660361513265,0.9583333333333334,0.05368333531889913,0.38533455640123415,0.9361702127659575,0.08408373163733995,0.43209317661616997,1.0,0.022424958382269544,0.031508858868293466
amfta,521,418,509,43,0.9795918367346939,0.07096708204403834,0.40884859721891575,0.9795918367346939,0.12454686314023022,0.5560536294922998,1.0,0.1004467297722248,0.46604303469430786,0.9361702127659575,0.04662893342927188,0.1386743915820664
amutra,7,10,67,8,1.0,0.01722548336035412,0.11614921620536611,0.9361702127659575,0.06952695042240653,0.3774965254210969,0.9795918367346939,0.0704189423924323,0.3466570381604346,1.0,0.01724426890918551,0.00976075142521704
an,298,183,688,285,0.9583333333333334,0.046096040170046204,0.29722686114853336,1.0,0.11210598889544876,0.5117344402152962,1.0,0.07318914854954961,0.5001913568205645,0.9795918367346939,0.032518267728257166,0.28264358354868113
anDa,76,52,174,30,1.0,0.05086049383942137,0.2704145555117936,0.9583333333333334,0.09937343642004182,0.4989289683190259,1.0,0.0953219884543427,0.5045987184601635,0.9795918367346939,0.030665852115213665,0.08009717743017308
ananta,30,92,223,21,1.0,0.09157762281750492,0.49572420363065894,0.9795918367346939,0.09964024979679242,0.5753770995298841,1.0,0.09789077131187596,0.5009115433983916,1.0,0.08953482337227203,0.3438027091338939
anfta,74,83,370,36,0.9795918367346939,0.04045538283957484,0.22608586765706518,0.8888888888888888,0.0823403839633039,0.5040613523594649,0.9795918367346939,0.07636553943272684,0.4902963977704916,1.0,0.024138850270573498,0.15192504978836618
annAdya,164,38,12,7,1.0,0.07927473232823745,0.25263693327976755,0.9361702127659575,0.09574126574912811,0.3460072834750886,0.9795918367346939,0.07177351564619672,0.15002216897839715,0.9795918367346939,0.04855388511101799,0.3056134982703935
anna,541,865,836,398,0.9361702127659575,0.07002193969737902,0.22689050334627492,0.9361702127659575,0.09283680285967943,0.38428952327124755,0.9130434782608696,0.0957076906114459,0.3196709331985056,0.9361702127659575,0.0641847175781306,0.14510396524675995
anta,292,277,1047,745,1.0,0.08918572390245938,0.28778715056185145,0.9795918367346939,0.11158583899786712,0.4820494988656626,0.9583333333333334,0.09896830117977318,0.5916509990813505,0.9583333333333334,0.05911939957973389,0.4039350227097316
antar,322,212,115,261,0.9795918367346939,0.0626522668265137,0.44422114582252636,0.9795918367346939,0.11979489507716712,0.45998334688666176,0.9795918367346939,0.13492222942856225,0.4975422830408047,0.9795918367346939,0.056356846403573746,0.4506520149167279
antarA,61,22,52,29,0.9795918367346939,0.06243541253458207,0.2513569661280377,0.9583333333333334,0.10918543580571993,0.4230414688554305,0.9361702127659575,0.061606349687434725,0.2871555726258842,0.9795918367346939,0.033528570877493946,0.11654071388369203
antarDA,31,5,267,25,0.9795918367346939,0.03646823618255224,0.14912730957489606,1.0,0.0977063137599673,0.5966966964972286,1.0,0.14604025484365057,0.5957118180990688,1.0,0.038286881547832885,0.2279825295384248
antara,35,543,704,356,0.9795918367346939,0.0354183227185656,0.4570773318069331,1.0,0.12187390325972591,0.6094114508174833,1.0,0.1511446179844269,0.6869915892723716,1.0,0.02518433596058367,0.32496339077150305
antareRa,28,58,34,87,0.9795918367346939,0.05303985750590823,0.3393204127907419,0.9795918367346939,0.11202542506355784,0.338551381604967,0.9130434782608696,0.04433551676353109,0.40393034459131005,0.9795918367346939,0.0283383246006238,0.21964354567702804
antari,13,5,12,12,1.0,0.03803054154147201,0.12713017528743442,0.9583333333333334,0.09379516543423272,0.28326977119470165,0.9795918367346939,0.11644652755180684,0.2702560928338029,1.0,0.03364046776970553,0.12998775451622224
antarikza,374,86,300,29,0.8888888888888888,0.046432966238156514,0.13785952242212562,0.9361702127659575,0.11422670774686638,0.40589946162185175,0.9583333333333334,0.13005042206866846,0.46689944737857136,0.9583333333333334,0.058489169291398135,0.22739425757203002
antatas,80,15,24,11,0.9795918367346939,0.08628795896576869,0.2363854680574512,1.0,0.09581316966422626,0.3057028515134099,1.0,0.0842766141074971,0.26436346705054237,0.9795918367346939,0.06316543530856311,0.24975786079134077
antika,7,6,219,13,0.9795918367346939,0.022941917085891217,0.026470929230421936,0.9130434782608696,0.07430372279113606,0.5324466255123539,1.0,0.11569119399523442,0.5135352759802972,0.9361702127659575,0.012591370679283065,0.038251296836794846
antya,5,18,15,79,0.9361702127659575,0.027466445421795327,0.15874905744440326,0.9795918367346939,0.11792919124244483,0.3317891147101486,1.0,0.10452920628184215,0.5877092231865644,0.9583333333333334,0.050873301981353314,0.3325599126219829
anu,1032,122,138,158,1.0,0.05494011720675751,0.42608424615469975,0.9795918367346939,0.13929985131785927,0.6185706772478509,1.0,0.14503726854348165,0.5543300733599069,1.0,0.06434684799388457,0.4380690311442712
anubrU,28,13,7,17,1.0,0.05475928714650635,0.13536718259975156,0.9795918367346939,0.055421108504622785,0.3468072049286307,0.9583333333333334,0.051984424260240414,0.23694094259962228,1.0,0.03831495611052793,0.0711078353793484
anumati,24,8,75,21,0.9583333333333334,0.03511548797705755,0.1933269109844893,1.0,0.07506863174162515,0.3855497343062011,0.9795918367346939,0.1038047558624896,0.5249749805371068,0.9795918367346939,0.04816252101457974,0.1228283344261778
anuprAp,12,38,188,8,0.9795918367346939,0.027090085559374755,0.5091616597712325,0.9795918367346939,0.09874605504925249,0.6810759804566039,0.9583333333333334,0.06480308829692916,0.5553109478020717,1.0,0.021292437539631837,0.17946381835191128
anupraviS,22,92,19,28,0.9583333333333334,0.09112512732888489,0.32958057538474894,1.0,0.12973616168255453,0.3527052266131674,1.0,0.2161930476075522,0.4017897455026489,1.0,0.09727404045960308,0.4242321402236273
anurUpa,55,48,132,234,1.0,0.08269030528483279,0.43283607463624363,0.9361702127659575,0.05679267733845417,0.3607491922009789,1.0,0.14035798489267837,0.4026438427422323,0.9795918367346939,0.12630059634252844,0.4589194488132049
anuvft,7,24,177,40,0.9583333333333334,0.020345628276019267,0.11327241883579786,1.0,0.11025550619961666,0.44103340040535377,0.9795918367346939,0.07221868653524965,0.4175718565476143,0.9583333333333334,0.027527922716123143,0.18935624543862217
anuzWA,9,56,159,27,0.9583333333333334,0.041840835754575534,0.38796453129771236,0.9795918367346939,0.06710706039235015,0.4484273239147525,0.9583333333333334,0.08349944426139777,0.36176923619559764,0.9795918367346939,0.018219266079435026,0.1684225356028871
anviz,7,33,132,9,0.9795918367346939,0.03637370679270602,0.3044692777700926,1.0,0.09299001994247791,0.5253814953444833,0.9795918367346939,0.07033979835226456,0.4251642784352605,0.9795918367346939,0.02130071166326264,0.017432994685159464
anya,681,1465,3825,977,0.9583333333333334,0.07613790893737071,0.23303804286331908,1.0,0.10057594409000803,0.33861199451622415,1.0,0.07785927871780918,0.25561176823143006,0.9795918367346939,0.04225734532387326,0.1370714261817214
anyatra,58,320,176,253,0.9583333333333334,0.1106594029303839,0.35012289379839323,0.9795918367346939,0.16353365593439317,0.5850661292963497,1.0,0.10249959468005765,0.46660007821065697,1.0,0.05545715839445109,0.3499103612229586
anyonya,9,34,718,32,1.0,0.030856667056413767,0.1077914510780349,0.9795918367346939,0.08591091497072878,0.6046827204472558,0.9795918367346939,0.1186501300018662,0.6160659355635775,0.9795918367346939,0.018134487360193075,0.14084890390942384
ap,1228,344,467,341,0.9361702127659575,0.03272755594881693,0.2536150350652657,0.9361702127659575,0.0893785222212472,0.4114772479128521,1.0,0.0953005934229968,0.31916621199181083,0.9583333333333334,0.036807105560632825,0.20904048826330546
apAkf,5,6,7,6,0.9795918367346939,0.02878307653340806,0.08713461686048185,0.9795918367346939,0.06015942733985602,0.09632266006850321,0.9795918367346939,0.05987908354115523,0.07741065918159884,0.9795918367346939,0.02851932487710407,0.07113388371746998
apAna,147,61,78,11,0.9130434782608696,0.047522390060931174,0.15202962141620446,0.8636363636363636,0.08225235615079962,0.33531926155752423,1.0,0.1260161210407168,0.4024754031469473,0.9361702127659575,0.10150182691923415,0.3345758432581376
apUpa,5,7,22,37,0.9583333333333334,0.04144769287539951,0.1974512947662097,1.0,0.11004344466149252,0.47266162275234025,0.9583333333333334,0.12189715854171612,0.2727323910489563,0.9795918367346939,0.03643064321099987,0.32130964738925893
apUrva,10,35,38,31,1.0,0.06590376105937035,0.3778282663724315,0.9361702127659575,0.13200633842404552,0.4458161167906265,1.0,0.11383962890791821,0.4124969276298982,0.9795918367346939,0.035612172186958335,0.2440157740426947
apa,578,12,5,59,1.0,0.15585483438702585,0.5882119387279289,1.0,0.06048975296793169,0.3155969897199785,0.9361702127659575,0.0656521089426012,0.5000063331287063,1.0,0.09551882451377947,0.5794059758696013
apaciti,14,5,24,20,0.9583333333333334,0.03478840010990858,0.13516911252603414,1.0,0.06815538600686266,0.2760339214479377,1.0,0.1008868001951464,0.33990025591446604,0.9795918367346939,0.06795423293652847,0.20648304849570942
apahan,75,50,13,13,0.9361702127659575,0.0736892479545449,0.19208934968397828,1.0,0.07158546794463327,0.3166712853909325,0.9795918367346939,0.05671851280474516,0.29982057568080034,0.9583333333333334,0.06789625535114052,0.3865138859281452
aparAhRa,7,8,33,9,0.9583333333333334,0.03720588934271751,0.10612315459347488,0.9795918367346939,0.08140754765190505,0.36688546194456495,0.9795918367346939,0.10925092208799259,0.4103357137336774,0.9795918367346939,0.026850696229113513,0.1664701064365317
apara,105,62,1001,370,1.0,0.05400955312478295,0.3468411884066551,0.9795918367346939,0.10255527445109192,0.517379233908809,0.9795918367346939,0.10319214678724686,0.44944643718139954,0.9795918367346939,0.06361821742139417,0.36379096733528293
apatya,28,66,192,27,0.9795918367346939,0.10041517805247535,0.45279321832369734,1.0,0.1581453813546766,0.523404332114141,1.0,0.09766663235571216,0.3878816739061679,0.9361702127659575,0.028547355963696286,0.10689929998319414
ape,45,8,98,15,1.0,0.06334521962121564,0.08643036920526537,0.9795918367346939,0.09899222000201113,0.4220127059973182,0.9795918367346939,0.06853792429668804,0.4346356762015524,1.0,0.03332176961019062,0.19417158445867955
api,333,1825,12699,1666,1.0,0.03486243295163549,0.2625056458238837,0.9583333333333334,0.05667995351357069,0.4514827889068249,0.9361702127659575,0.07915856820166567,0.42881973628561565,0.9361702127659575,0.026024024129465473,0.17358680246394464
apiDA,32,11,22,7,1.0,0.04840246759895983,0.3300351582976121,0.9795918367346939,0.06631417997550892,0.30252470162285405,0.9795918367346939,0.059699741930910544,0.2982976856145746,1.0,0.025478860852185314,0.27149384432375956
apriya,20,34,240,14,1.0,0.044246316069888714,0.2840262776186665,0.9583333333333334,0.09355028762003825,0.4545982040934531,0.9583333333333334,0.08130962734624725,0.4165889549817421,1.0,0.020570806440628364,0.13704909311711266
arDa,125,25,307,616,0.9795918367346939,0.0911874278154644,0.4280835992850881,0.9583333333333334,0.13191671881203393,0.5620123260500774,0.9361702127659575,0.0871458771819753,0.43304854864448505,0.9795918367346939,0.08506245533542078,0.4335918243952648
arTa,45,2019,4964,1896,1.0,0.029689830266100725,0.29630841333110336,0.9795918367346939,0.05121918087427679,0.4465924780117696,0.9583333333333334,0.0928027895271234,0.5137402929413775,0.9361702127659575,0.02693728810411289,0.2783774558289581
arTin,8,44,365,25,1.0,0.03290886929106607,0.23763998271230624,0.9795918367346939,0.08828047924983207,0.5553419812064204,1.0,0.07926107338396104,0.5457880673390819,0.9795918367346939,0.01906487173970639,0.12132917896788564
ara,24,84,7,5,1.0,0.10922110387293593,0.6375935794881382,1.0,0.2571279507906079,0.8367813538887408,1.0,0.1212176192022586,0.2982186787693266,1.0,0.06116851839867887,0.16369819542256692
araRya,13,28,377,63,1.0,0.04170559868368218,0.25245063079792274,0.9361702127659575,0.09256419563103058,0.5683944472062066,0.9130434782608696,0.14108122573861515,0.46328680219144747,1.0,0.04762771246291175,0.29159619351887134
arc,181,8,140,23,1.0,0.05284743689286664,0.39018576189102294,1.0,0.08331388538791751,0.466846993662386,1.0,0.1226819589623801,0.5017233910534038,0.9130434782608696,0.05775955868931071,0.3094689466178804
arcis,52,69,124,7,0.9583333333333334,0.1104089091220648,0.3755276133414207,0.8888888888888888,0.13083199005617152,0.4673709654355628,1.0,0.10770313319762626,0.48044707220126837,0.9583333333333334,0.04980549453929295,0.2984163203990452
arh,54,37,1700,85,0.8888888888888888,0.016333694139159416,0.16981479520913922,0.9795918367346939,0.06659839641483811,0.4233606671798763,0.9795918367346939,0.10060310511369297,0.5316117153494949,1.0,0.022720666782719445,0.1468626187266936
arka,154,25,307,23,0.9795918367346939,0.05525648567650454,0.5036121001504781,0.9795918367346939,0.13202170963322613,0.5948489454495562,0.9795918367346939,0.08755791248652645,0.3882311897090338,0.8888888888888888,0.04325141343070982,0.17813082974660321
arvAk,71,6,9,16,1.0,0.034817200179999896,0.28338366615173927,0.9795918367346939,0.06475947775515833,0.1047864684778157,0.9361702127659575,0.05317295261448607,0.12740121764194978,0.9795918367346939,0.030916423813809213,0.23732574623702107
aryaman,171,6,18,11,0.9795918367346939,0.07955211870426615,0.32770641592829564,0.9795918367346939,0.0896643115992265,0.275131783400167,1.0,0.10016852805143917,0.28928313295971453,1.0,0.09748724562420652,0.44940872330491266
as,3602,2317,11933,1406,0.9583333333333334,0.032884864450437035,0.1862296738779181,0.9795918367346939,0.07113065151379772,0.44782484872179773,1.0,0.042786182683862584,0.47484266613163584,1.0,0.030245730321198927,0.23540449295877708
asTi,50,22,126,62,0.9583333333333334,0.042443662204560306,0.30508948005855396,0.9583333333333334,0.10243744205937089,0.381325420093244,0.9130434782608696,0.09105577695293865,0.3084560747984648,0.9130434782608696,0.05682058228872655,0.1801392546387578
asat,163,167,179,44,0.9583333333333334,0.04868252100220605,0.39530270978878557,0.9361702127659575,0.12787878090962634,0.5758565263577635,1.0,0.05952558587339296,0.40958915137790153,0.9583333333333334,0.01800870867339477,0.15417409271496663
asita,32,11,137,5,1.0,0.02977342075654832,0.10842472413357052,1.0,0.09712011341993299,0.5932237906551054,1.0,0.1028790940888763,0.5654874107527308,0.9795918367346939,0.014445169200773322,0.069803884026296
asta,45,43,150,9,1.0,0.06204354519454491,0.3207586614303217,0.8095238095238095,0.05334529915280872,0.34990620702845665,0.9795918367346939,0.12275643669543979,0.48138618368463404,0.9795918367346939,0.01690066101743215,0.05836259883574679
asu,98,14,45,6,1.0,0.0572813018006858,0.23451393703388768,1.0,0.08517945164571428,0.38834357812678677,1.0,0.07373359742745145,0.41153289322452036,0.9583333333333334,0.036784681269641184,0.1972823820477132
asura,272,69,888,35,1.0,0.06431531237554977,0.2804822509496806,0.9583333333333334,0.11737082880396665,0.4304071580529323,0.9795918367346939,0.0992126258510051,0.5210803755038129,1.0,0.07725035002385461,0.4380601556531978
atI,28,84,226,41,0.9795918367346939,0.06061250206819946,0.4451275037677386,0.9583333333333334,0.0953479751514652,0.4960740372015926,0.9795918367346939,0.08397651998422018,0.5112334978447874,0.9583333333333334,0.021318484679505367,0.2444104778360774
atas,164,749,515,291,0.9795918367346939,0.03357007407668067,0.23153001205298074,1.0,0.05920117872021713,0.44897351592679957,0.9795918367346939,0.06564582959938059,0.4410103506803904,1.0,0.029684993503106827,0.20197510341614178
ati,397,38,917,54,0.9795918367346939,0.045525163849592376,0.36822371203146176,1.0,0.09395076642778644,0.6087125792543092,1.0,0.11613069840467638,0.5269578908365784,0.9795918367346939,0.028849511944042172,0.3006477563934047
atiTi,85,8,317,47,1.0,0.05459235343804192,0.1971431122814189,0.9795918367346939,0.09667405907019688,0.47671637560378644,0.9795918367346939,0.1028292027078207,0.44444652645378535,0.9795918367346939,0.06069740161817683,0.22123842416204975
atikram,18,53,294,30,0.9583333333333334,0.04603190919852518,0.2771307508704628,0.9795918367346939,0.10304758458109875,0.5466461737913596,0.9795918367346939,0.12073003875709909,0.5200689891857626,0.9583333333333334,0.017864700254237587,0.09184492082504936
atiric,70,11,39,60,0.9361702127659575,0.04322772133303765,0.2342386127866034,0.9795918367346939,0.10766205112912008,0.3188445768904262,0.9795918367346939,0.08443505879490854,0.3621364642249778,0.9583333333333334,0.050462918561319126,0.28012233866343783
atisfj,9,6,6,6,0.9795918367346939,0.01742363579595385,0.05613311518533415,1.0,0.05172386309594812,0.08464831536049877,0.9795918367346939,0.05344497281884775,0.13702031418400606,1.0,0.020935726290221113,0.05395456710347979
atra,305,259,1898,529,0.9795918367346939,0.01987777744896435,0.3090543045370423,0.9795918367346939,0.09285117813321941,0.4889913865876675,0.9361702127659575,0.08981088009258298,0.5426409090655843,0.9795918367346939,0.04267945506332105,0.26474688412828584
atri,72,5,91,12,0.9795918367346939,0.02715086638524078,0.21171963139276095,1.0,0.1248872395359727,0.41686477349618856,0.9795918367346939,0.09554042422583531,0.36465386221681007,0.9583333333333334,0.043491971060170886,0.25019590239915246
av,440,46,8,46,1.0,0.09916885535711928,0.5263677766111188,1.0,0.11241129226054758,0.4386941058706315,0.9583333333333334,0.10030667038319885,0.4173118291788911,0.8636363636363636,0.062440831410784936,0.2374356604218889
avaDA,14,6,59,30,0.9795918367346939,0.028946135594815403,0.058258088252837625,1.0,0.0845506892400838,0.44219911500245357,1.0,0.12736111252860705,0.5525335994218428,1.0,0.02845013872030644,0.15693478197776545
avagam,11,111,57,38,1.0,0.05582086739741543,0.2564175874340988,0.9130434782608696,0.08376505696895975,0.32598584733206226,0.9795918367346939,0.07763490384239013,0.35091475035390396,1.0,0.05281299597854516,0.23978664642359881
avanI,12,30,8,11,0.9795918367346939,0.08330907032848356,0.3205936532074164,0.9795918367346939,0.08514368904519776,0.4980743103716805,0.9583333333333334,0.049496753247651015,0.28025194143002685,0.9583333333333334,0.039195261220585476,0.10770925570915857
avara,63,7,90,71,1.0,0.055639520028738065,0.26163024850555616,0.9583333333333334,0.11782749873665854,0.4517010562936008,1.0,0.1636632955193782,0.6055043466906578,1.0,0.08344445112052934,0.6365159815705712
avaruD,132,15,11,19,0.9361702127659575,0.06717488426202267,0.2669681115580289,0.9795918367346939,0.07333146345550667,0.26821709905454405,1.0,0.13396934200107313,0.23016807852390309,1.0,0.06458749710164058,0.42887827076391005
avasAna,15,25,24,23,0.9795918367346939,0.022110181696973208,0.22167756736978217,0.9583333333333334,0.1261704457142172,0.40677293625742794,0.9361702127659575,0.04112700837176275,0.27702240297757696,0.9795918367346939,0.025443669261721702,0.12059413170040623
avasTA,6,100,436,50,0.9795918367346939,0.03291976359947868,0.3429834944876784,1.0,0.1365770095457246,0.5557383678182481,1.0,0.10929065784053515,0.5606697756998785,0.9795918367346939,0.027663582915623763,0.22421670196739973
avi,49,9,16,8,0.9795918367346939,0.04200450603513661,0.21759092613288344,0.9795918367346939,0.07275882383740351,0.37513439958503425,0.9130434782608696,0.07001625318079974,0.2852117594530288,0.9130434782608696,0.02544588450773877,0.11299512083065366
ayana,33,13,33,68,1.0,0.044808511563371844,0.15728128237357786,0.9795918367346939,0.11797919568208615,0.3558088729315845,0.8888888888888888,0.06101717510678062,0.3073931008307522,0.9583333333333334,0.048102571432911634,0.19456437576295638
ayas,42,8,33,15,1.0,0.031642830064978145,0.19267724416904053,1.0,0.13842355571118548,0.5517609322254953,0.9361702127659575,0.14588975544616511,0.3829911314018537,0.9130434782608696,0.01738482070565417,0.12022631066240497
azwama,22,41,73,102,0.9361702127659575,0.0595200436996145,0.19024352176458736,0.6486486486486487,0.04657812656839344,0.2853104719456301,0.8095238095238095,0.06547464041538353,0.2722911861528783,0.9795918367346939,0.04366735350056683,0.2092557692688486
azwan,102,43,343,341,0.9361702127659575,0.06966400074987522,0.13510249206063896,0.9583333333333334,0.08840323095976665,0.28731057877667077,0.7804878048780488,0.04977169066002873,0.31042295170843603,0.8888888888888888,0.05272673209191592,0.16557062565372282
bAD,116,19,119,34,1.0,0.07525537286386785,0.3230728922895234,0.9361702127659575,0.09747097549006267,0.49327888224747696,0.9795918367346939,0.08058510937121977,0.46734671216268076,0.9583333333333334,0.07828136759271354,0.5732471067592684
bAhu,206,13,2475,57,1.0,0.06650987439471734,0.4531827618454265,1.0,0.07511385638219947,0.6463418654618607,0.9583333333333334,0.06809247453363054,0.5011538051372164,0.9795918367346939,0.04185752479428262,0.34273328885897014
bAhya,5,139,85,125,1.0,0.03893334822781047,0.32559115998796184,0.9795918367346939,0.11442689680104856,0.5298027428387875,0.9795918367346939,0.1175310104754802,0.6248723914511343,0.9795918367346939,0.04235657772794166,0.4865759033942483
bAla,7,18,733,59,0.9795918367346939,0.022391632918709048,0.04355739084308041,0.9795918367346939,0.08065276930866805,0.5765500522912714,0.9583333333333334,0.10035616209812015,0.5452818908429884,0.9130434782608696,0.02167085176057526,0.24486443836220062
bIja,17,82,187,79,0.9583333333333334,0.028893788806386822,0.3738183065391816,0.9795918367346939,0.11656952406086485,0.516374958331749,0.9795918367346939,0.12145664880438478,0.4500295939301523,0.9130434782608696,0.01794298794183624,0.20394522754962652
bahis,26,35,83,81,0.9583333333333334,0.034550872693415946,0.2376213081234062,0.9361702127659575,0.08194624178659238,0.47340082514149917,0.9795918367346939,0.1231553542750502,0.4489969827215047,0.9795918367346939,0.02296089315705685,0.20758476405239623
bahu,190,158,2797,152,0.9583333333333334,0.05136441850009499,0.30500038223753767,1.0,0.08529214558077813,0.5550746994701199,0.9795918367346939,0.13487664177062642,0.5180545373138805,1.0,0.032465530958626365,0.25597003821169606
bahula,43,15,184,18,0.9795918367346939,0.024554479248798056,0.11889725317215238,0.9795918367346939,0.0643931112042545,0.5018418963679193,1.0,0.12921139456893238,0.5201072752015158,0.9795918367346939,0.015913565243144356,0.12714674343821675
bala,192,73,4672,257,0.9361702127659575,0.05043921521477224,0.2326180366516133,0.9795918367346939,0.06857856312240163,0.47260143941182653,1.0,0.1504500842208718,0.4666274671229308,0.9583333333333334,0.09808857901259382,0.38064542354787945
balavat,12,7,627,41,0.9795918367346939,0.029128564148270364,0.14090965870975092,0.9795918367346939,0.05213870040964341,0.6150742337784838,1.0,0.17566989348876472,0.5947568062554968,0.9583333333333334,0.02485974502683541,0.20387337475578893
bali,30,23,403,121,1.0,0.0416777260865131,0.13691954462349953,0.9583333333333334,0.09836815892278716,0.606020737177412,0.9795918367346939,0.10574275876803296,0.6873197634446542,0.9361702127659575,0.02859543009028931,0.2606729908817782
banD,107,20,491,60,1.0,0.04357498336896759,0.21698735938063818,0.9583333333333334,0.08962808959254831,0.5853636911834859,0.9583333333333334,0.10913968300633259,0.5456317495564175,0.9583333333333334,0.027119296277691163,0.18315903580271964
banDa,18,18,111,63,0.9795918367346939,0.02825845423265616,0.20265559736076044,0.9130434782608696,0.07023029545707793,0.44061264690484014,0.9583333333333334,0.14915182650862713,0.44510710302743683,0.9361702127659575,0.031128149996461296,0.2782535034635072
banDana,11,50,120,34,0.9795918367346939,0.026200909681246887,0.3002896627888981,0.9130434782608696,0.06226500510616584,0.4414640315264238,0.9583333333333334,0.12857832471876296,0.37862624903798725,0.9583333333333334,0.026742308070232035,0.18100886474077316
banDu,59,16,267,59,1.0,0.025294991231711084,0.18940434732563738,1.0,0.11343986521129856,0.5425228550762109,0.9795918367346939,0.08247332398073803,0.3870818906593939,1.0,0.024501987052147012,0.2307341455710934
barhis,243,5,12,67,0.9583333333333334,0.06796491552302708,0.42750386194719636,0.9583333333333334,0.0655320785889103,0.24962755163410266,0.9795918367346939,0.11667415460917185,0.48724884611433084,0.9583333333333334,0.08909700451688851,0.3757100996060059
bfhaspati,369,19,322,73,0.9795918367346939,0.07080701276657164,0.43072145028050746,0.9130434782608696,0.09467043175022671,0.49878040228060794,0.9361702127659575,0.0845517217404167,0.4129023110064638,0.9583333333333334,0.0779577770424078,0.22878697335664477
bfhat,701,55,165,133,1.0,0.10679250202894075,0.4170427202264313,0.9795918367346939,0.12587369025845607,0.5511009647513421,0.9795918367346939,0.14626742347565624,0.4309943858818095,0.9361702127659575,0.07713783005030195,0.11763974805782051
bila,24,13,100,7,1.0,0.06542244088586446,0.26392463145349265,1.0,0.09230650529847917,0.5845431104237726,0.9795918367346939,0.0963717377500305,0.43067191490620127,0.9795918367346939,0.01417137575116123,0.05815766386858878
boDa,14,7,8,5,0.9795918367346939,0.02226638044387308,0.17300376992299915,1.0,0.09572003844325883,0.18185255779069176,0.9795918367346939,0.05156360930356163,0.12060699868850844,1.0,0.0265358538837156,0.15032090175436374
boDay,38,23,45,5,0.9583333333333334,0.027422820708194795,0.10512149893760925,1.0,0.09913246850162494,0.34010948655134865,0.9795918367346939,0.0670597491512438,0.36702235065274014,1.0,0.020738449887213184,0.13907772510164196
brAhmaRa,367,307,2827,496,1.0,0.06458281620964812,0.251721304730411,0.9583333333333334,0.08665255098475111,0.4440650684184755,0.9795918367346939,0.07551730507070531,0.37000799519599714,1.0,0.064498969523481,0.2946163028050741
brU,564,290,5750,237,0.8888888888888888,0.05056511174474254,0.20083338914320903,0.9130434782608696,0.06511930803587274,0.37833603031878527,1.0,0.12999833950981288,0.45022376925896834,0.9795918367346939,0.04908335939692654,0.22322172588013411
brahmacArin,54,43,177,46,1.0,0.07401790647531792,0.33251066352003156,0.9795918367346939,0.13833761495961294,0.4903710447916877,0.9583333333333334,0.11103885018328119,0.46532148789381467,0.9361702127659575,0.022684529832456835,0.12061717420809082
brahmacarya,12,96,190,33,1.0,0.04526479280725593,0.39724302928382615,0.9361702127659575,0.12692585848425164,0.526410020669852,1.0,0.07899531388784975,0.3991394074764443,0.9795918367346939,0.012772566890900228,0.1163569707430765
brahman,1170,1854,2786,352,1.0,0.049800064797077215,0.3521096899115643,1.0,0.08743763655211179,0.46806973850451705,0.9795918367346939,0.07380165460060006,0.3858216215297299,0.9795918367346939,0.07238149269197436,0.23743763010373986
brahmavarcasa,91,32,7,7,0.9795918367346939,0.08686848609217268,0.3693662208052345,0.9583333333333334,0.09277675846264,0.3238942297175551,0.9795918367346939,0.05721211651728231,0.1058574244877859,0.9795918367346939,0.04641998226257771,0.30584621600221296
buD,138,49,502,20,0.9795918367346939,0.06496810583272883,0.4511247665312754,0.9583333333333334,0.11449864218524552,0.48894116853240843,1.0,0.09188074251249712,0.5646139941833705,0.9361702127659575,0.039461132771385965,0.2219034766489104
ca,4312,4799,73468,7929,0.9130434782608696,0.033661164815555034,0.23240740845479735,1.0,0.060780877694971536,0.3885654216034591,0.9795918367346939,0.062099983578401186,0.3466580957481762,0.9795918367346939,0.019837509333481496,0.19038484572851433
cakra,174,28,832,37,1.0,0.03531105929804601,0.3429907152912476,0.9795918367346939,0.1417179730399285,0.7090705102251557,1.0,0.10637761029156545,0.5742609271359126,1.0,0.03198361530482885,0.24055177421868745
cakzus,331,311,499,95,0.8372093023255813,0.047311668478323576,0.13872121562947703,0.8888888888888888,0.08588119722644938,0.39169700976416666,0.9130434782608696,0.11347855350108027,0.43874101912643315,0.8636363636363636,0.05597600354165244,0.1211715258569841
cal,24,10,170,6,1.0,0.04047679797884729,0.1567242724894391,0.9361702127659575,0.07631017122405181,0.4490388521853196,0.9361702127659575,0.1082328314754949,0.5314854318168747,1.0,0.03015107895245095,0.1422073939425832
cana,184,24,1127,50,0.9795918367346939,0.04448203640995774,0.1501824392695552,0.9795918367346939,0.09633586690581375,0.43157811325281537,0.9795918367346939,0.09520172275090855,0.48996849865334957,0.9583333333333334,0.05509695797060665,0.289533814186671
candra,63,101,518,21,1.0,0.08881637641475149,0.41480101375182765,0.8888888888888888,0.07175729991167845,0.42622777338689355,0.9583333333333334,0.10226509839917497,0.44746044876315627,0.9795918367346939,0.042356388568586145,0.1609817792731092
candramas,79,82,135,12,0.8888888888888888,0.06104230307063818,0.14624178546601097,0.9361702127659575,0.06488322624810328,0.25613376539274635,0.9795918367346939,0.07273013855147092,0.32922874503193533,0.9361702127659575,0.05014926224525362,0.1842748460336846
car,475,65,1431,224,0.9583333333333334,0.047000552851175326,0.35739669579047595,0.9583333333333334,0.08717768141812476,0.5625348535487863,0.9583333333333334,0.09052173985977863,0.5224219057822084,1.0,0.04690338778565872,0.24459133369334596
caraRa,7,24,195,29,0.9795918367346939,0.028716041149349225,0.15613287896580674,1.0,0.18457318094987896,0.7244008275405656,1.0,0.15279329830157895,0.6636102521104694,1.0,0.03417251349154582,0.18159720344106645
carman,46,11,236,55,0.9361702127659575,0.029999076293120264,0.09695160644876566,0.9795918367346939,0.07395225216968593,0.5126839685307407,0.9795918367346939,0.1335995620859357,0.4952787055372987,0.9130434782608696,0.02229403395727636,0.19779973729232259
catur,290,45,829,1005,0.9583333333333334,0.04868166763957371,0.1499460449636285,0.8888888888888888,0.07186135980176267,0.4385698693111304,0.8095238095238095,0.06386756192573251,0.4064867479486076,0.8095238095238095,0.04150009894427631,0.15064220070342815
caturDA,11,5,23,18,1.0,0.0239187568493886,0.02280124816614415,0.9583333333333334,0.08743733518588115,0.245892422173152,0.9795918367346939,0.11473993124153758,0.3916062965646062,1.0,0.05066709696780802,0.24256534142497088
caturTa,104,95,158,372,0.7804878048780488,0.07630825500283611,0.13159694390121768,0.6842105263157895,0.050826698411998605,0.24881178903910228,0.717948717948718,0.02825554750508552,0.2136855391082293,0.7804878048780488,0.045649876071072515,0.0923023238696199
caturdaSa,5,8,156,58,0.9583333333333334,0.05042271773666718,0.28471434068862966,0.8888888888888888,0.11388982039747653,0.5540035347312008,0.75,0.06589818011358617,0.4529765266064427,0.9583333333333334,0.05474663886842468,0.1962983635290001
caturviMSati,41,6,18,51,0.9583333333333334,0.06417394078912264,0.21892824843140046,0.9361702127659575,0.0893167093367706,0.3010573781375335,0.9130434782608696,0.06952533814627893,0.2859796670014225,0.8888888888888888,0.0717143888813071,0.17273986408709097
catuzpada,75,8,14,15,0.9583333333333334,0.0614622712914934,0.442667912823394,0.9361702127659575,0.058567293413723354,0.2040211626521795,0.9795918367346939,0.07962343027181218,0.22945655774197316,1.0,0.046449088813395156,0.4470872835261914
catuzwaya,16,10,18,14,0.9795918367346939,0.02456179075375242,0.15124152730510332,0.9795918367346939,0.09649092092854605,0.22150146969176643,0.9795918367346939,0.052368063250180175,0.20721991706786547,0.9583333333333334,0.01676921351650218,0.0537719805917618
ced,26,441,594,208,0.9795918367346939,0.04958758386184947,0.2676751109640133,0.8888888888888888,0.09366560697084358,0.5248317999614902,0.9583333333333334,0.07399557431750814,0.4795500421882233,1.0,0.017667567774167114,0.1794462788268807
ci,54,5,51,170,0.9795918367346939,0.026792143301121674,0.12748638563486636,1.0,0.11977985309292238,0.4647947863328674,1.0,0.25805663246220556,0.6884716999671661,0.9795918367346939,0.10177044026132276,0.5929189535475541
cit,1086,57,4373,237,1.0,0.06137573286082443,0.3385708839141758,0.9795918367346939,0.14031255923885344,0.5783796807030921,0.8888888888888888,0.08257244965831856,0.43788934007391545,0.9361702127659575,0.03922960350889493,0.22020560568562542
citra,243,5,756,84,0.9795918367346939,0.030447129588489608,0.24042163622653723,0.9795918367346939,0.11776737745732002,0.5964228768980073,0.9795918367346939,0.16307358582116682,0.5867127022579333,1.0,0.03568815786473967,0.11585062412360458
citta,24,16,47,9,1.0,0.019637214085753474,0.17398013427603243,0.9795918367346939,0.08756316412168197,0.3704036413117895,0.9795918367346939,0.050672844047086385,0.31152795335349004,0.9583333333333334,0.010478644616972788,0.058833944054627274
codana,5,7,11,29,0.9795918367346939,0.023088925048874165,0.13654542859878838,0.9130434782608696,0.07609590985311765,0.16304656589211464,1.0,0.06887104635681218,0.21480703681782876,0.9795918367346939,0.03533727786579566,0.24350141986075002
coday,42,21,429,65,0.9795918367346939,0.055802820789246255,0.22838734641191039,0.9795918367346939,0.1064322638214481,0.626538107476093,0.9795918367346939,0.1698820281554626,0.7445636375209724,1.0,0.11216434499628247,0.5922076301549772
dA,869,151,3468,621,1.0,0.06868388421220861,0.2711197895365398,0.9583333333333334,0.08654809372156946,0.38475829803992245,0.9795918367346939,0.07432081884637409,0.44030869466168676,0.9795918367346939,0.03257422889358563,0.1926375827770237
dAna,64,52,1171,196,0.9361702127659575,0.04481319181859211,0.3154105880247222,0.9583333333333334,0.07085469639088371,0.4575756779944674,0.9795918367346939,0.10327141551266217,0.5359629072350042,0.9795918367346939,0.06427181352038813,0.35840029821536046
dAru,13,6,45,19,0.9795918367346939,0.03254609017708221,0.08873056130440915,1.0,0.05891471909304569,0.30618163376909935,0.9583333333333334,0.09239008373524182,0.296917592592999,1.0,0.016711205345496083,0.17576584535746764
dAsI,24,5,137,28,0.9795918367346939,0.022975540368472824,0.10249586060876159,0.9583333333333334,0.10057430357294728,0.49224447071231414,0.9795918367346939,0.12532497997868786,0.46054693129999125,0.9583333333333334,0.019206459432595135,0.2201147417002034
dAtf,85,13,185,60,0.9795918367346939,0.03806698110861506,0.21547291050997608,0.9583333333333334,0.10397098494687285,0.41363686383164655,0.9583333333333334,0.0967031033248349,0.3527933392859548,0.9583333333333334,0.061212047929306124,0.18730698762902187
dEva,68,66,498,121,1.0,0.0597935040498726,0.2690205658797026,0.9583333333333334,0.14810825396395055,0.6511016840040111,0.9130434782608696,0.09112178077876243,0.5438029913054576,0.9583333333333334,0.05109936887654021,0.32847923603824825
dIkz,98,6,69,67,0.9795918367346939,0.04962667871033111,0.25345284330543505,0.9361702127659575,0.07382167836916698,0.3447764895684834,0.9361702127659575,0.06488166833006548,0.46531838624706456,0.9130434782608696,0.03237468764033369,0.23904622793008845
dIkzA,36,10,72,43,0.9795918367346939,0.04292596377613467,0.1615700072796722,0.9583333333333334,0.09442889232200713,0.4530006343684173,0.9361702127659575,0.05271808723953253,0.3679485325213596,0.9795918367346939,0.026959441208696755,0.1029928196566845
dIrGa,116,15,449,184,1.0,0.06413668381162163,0.3227103387642465,1.0,0.0874325152243669,0.6218598867462276,0.9583333333333334,0.16132110372400743,0.6542764061446925,1.0,0.1413095284947422,0.5549409509031873
dUra,62,11,172,28,1.0,0.03688232268288827,0.15958666890582107,0.9583333333333334,0.07903468520164758,0.5143838298483049,1.0,0.09241687502500118,0.5974963946885111,1.0,0.029943062757048833,0.18618216946511823
daDi,28,20,78,86,1.0,0.028616511112672938,0.16081301262891035,0.8636363636363636,0.07770448110253281,0.29547409042272177,0.75,0.04640991351830781,0.1603581326328415,0.9583333333333334,0.053459754816393645,0.33428297762174686
daSama,50,14,61,72,0.8095238095238095,0.04591694328705398,0.22929199822769453,0.6111111111111112,0.05189104673425737,0.2661244860256966,0.8372093023255813,0.05235816663557813,0.22353373695189427,0.9130434782608696,0.026191788459983822,0.13982033524049986
daSan,292,33,1044,345,0.9361702127659575,0.07380101573376763,0.14349779441018218,0.9361702127659575,0.0744221752175036,0.39949109071195055,0.75,0.05313891187317166,0.3752076902054442,0.8372093023255813,0.03544074665341557,0.12802210604478215
dah,130,33,843,49,1.0,0.06471568495024627,0.29401214976154155,0.9795918367346939,0.08788819531319425,0.4892712194863722,1.0,0.1294965195725043,0.4744421359857909,1.0,0.029684296508629582,0.15295556282221856
dakziRA,201,45,304,235,0.9583333333333334,0.07227051689384556,0.21170390335415779,0.8636363636363636,0.08922416639919373,0.38001134169876516,0.8636363636363636,0.09384543368980347,0.47557293760361175,0.9583333333333334,0.051755961035755416,0.28276487493236324
dakziRa,100,56,499,503,1.0,0.044971724071861674,0.3134200624688799,0.9361702127659575,0.10481043681476021,0.42823523601822133,0.8372093023255813,0.08354325638439541,0.5181644863380873,0.9361702127659575,0.035421414688070474,0.2840411250206072
dakziRatas,41,13,13,148,0.9795918367346939,0.055023117006773314,0.2533296444149067,0.9795918367346939,0.06584102091791955,0.32225333513994625,0.9583333333333334,0.10299029159432704,0.5439403321011609,0.9795918367346939,0.05077061158004148,0.3102034529364447
dama,59,14,290,30,0.9795918367346939,0.04953228997290904,0.25926286536766086,0.8888888888888888,0.09594104998824238,0.4163155246527591,0.9795918367346939,0.11851440256621082,0.5660652385579515,1.0,0.06116489770488709,0.42829901279907723
darSay,8,108,427,62,0.9795918367346939,0.015675370360565655,0.14219953500427662,1.0,0.09068807262780998,0.5802390864741862,1.0,0.15494091003533483,0.6437481239420211,1.0,0.013362842865408786,0.240014121115115
das,23,7,175,20,0.9583333333333334,0.03989531584671491,0.28618947783717574,0.9583333333333334,0.1113449823052568,0.53437326890814,0.9583333333333334,0.10583017557621854,0.4198548595609315,0.9361702127659575,0.027710008184874235,0.2018409286728522
deSa,7,173,989,391,0.9583333333333334,0.03032719268742934,0.3451750471380576,0.9795918367346939,0.1220178479323587,0.6561153229918858,1.0,0.11322531909407485,0.7063597567544204,1.0,0.024271797430725384,0.34869182833186074
deva,4110,676,5326,753,0.9583333333333334,0.05373176216015685,0.2223844315193646,0.9583333333333334,0.09386545947869263,0.3661002803128389,0.9361702127659575,0.07223371900508513,0.4293023141393786,1.0,0.05770405492298891,0.1615279168396624
devatA,252,372,532,269,1.0,0.09119975538632585,0.22981467051408222,0.9795918367346939,0.11135243700659414,0.5932829426944761,0.9583333333333334,0.05676220330774506,0.4255070873982759,0.9795918367346939,0.058900339728220286,0.29084107168752416
dfQa,66,9,519,15,0.9795918367346939,0.06020713665601918,0.2867876680800119,0.9795918367346939,0.10278059244373172,0.6562065792215499,0.9795918367346939,0.09861828891566793,0.6244255618890758,0.9583333333333334,0.04635085177754028,0.20915392292573154
dfS,287,530,7406,288,1.0,0.06512223632908154,0.37089440404944474,1.0,0.10121793516974342,0.5081241134992271,0.9795918367346939,0.14114239818807506,0.5435733998084513,0.9795918367346939,0.07128674108314115,0.41345267253741314
dfzwi,6,196,167,10,0.9795918367346939,0.06651065316894089,0.5018049189096522,1.0,0.14419329540345516,0.6667025321893004,1.0,0.06490996505019364,0.5011890994951812,1.0,0.020550152773165076,0.058235924613125545
diS,380,198,1271,159,0.8888888888888888,0.05161472245519361,0.11087611507041673,0.8888888888888888,0.09624621307709791,0.4091614244957811,0.9130434782608696,0.11389185911417887,0.43172466367082873,0.8372093023255813,0.04717894690146618,0.14877012956201885
div,1788,138,820,240,0.8888888888888888,0.05437015682415636,0.2271895069870813,0.8888888888888888,0.07175178490534062,0.3641054840117969,0.9583333333333334,0.10617109788011503,0.47611432614610205,0.9130434782608696,0.05590132837492667,0.11113691824951044
doha,12,12,5,9,1.0,0.06878523822845284,0.13706511737649663,0.9130434782608696,0.07298849152748532,0.3131058503848996,0.9583333333333334,0.08484247970260261,0.25060484520089266,1.0,0.049634674063434914,0.11510813792984509
drava,28,7,5,8,0.9795918367346939,0.028610532172304803,0.17457989380450578,0.9361702127659575,0.03825222482795487,0.09419200443106246,0.9583333333333334,0.05328713067368396,0.0940481493378722,0.9795918367346939,0.02219098201615477,0.08535310867501367
duHKa,9,120,1748,40,0.9795918367346939,0.06718700830129565,0.4620830420319608,0.8888888888888888,0.08556952421449393,0.4930202224657634,0.9361702127659575,0.11736696468401075,0.45762717681985043,0.9583333333333334,0.040357952529052166,0.30761129594121295
duh,336,8,52,38,0.9361702127659575,0.07278081538025505,0.38425013875970515,0.9583333333333334,0.10017384647573091,0.4073795921327492,1.0,0.1296899426159832,0.3824850130130768,0.9361702127659575,0.053659619076877996,0.20840396798022465
duhitf,98,11,202,35,1.0,0.05381451066306475,0.25971814767621904,0.9795918367346939,0.1265839676502971,0.4526471231089948,0.9795918367346939,0.09136317885002665,0.48433272227146296,0.9795918367346939,0.06793275868411441,0.32953401091720724
dunduBi,17,20,150,13,0.9795918367346939,0.019845487202104994,0.27403591798180127,0.9361702127659575,0.16769999117550882,0.5459059216350328,0.9795918367346939,0.100138619152214,0.5264594862729131,0.9130434782608696,0.0195458472100285,0.08467266829407727
durga,34,11,278,149,1.0,0.07927349463509814,0.4876024444157977,1.0,0.07745877546160562,0.671105033114923,0.9795918367346939,0.16445318892153948,0.5180142496606934,0.9583333333333334,0.0493797175774876,0.2489920030985533
duz,6,12,314,36,0.9583333333333334,0.02258132258764667,0.07519995070915764,0.9795918367346939,0.08384538588297297,0.5032920448286512,0.9795918367346939,0.09301436669911944,0.5017970856040106,0.9130434782608696,0.018781154470808525,0.136978357043116
dvAdaSa,22,11,45,61,0.9130434782608696,0.04979108317096703,0.40522808531266463,0.717948717948718,0.06869754200604605,0.36029617210324216,0.717948717948718,0.04547560879624957,0.2645944911893172,0.8636363636363636,0.03805764380012833,0.19145240099077854
dvAdaSan,212,14,302,338,0.9361702127659575,0.06868450750766775,0.1898241027170463,0.9583333333333334,0.10635077139388993,0.41620411287125547,0.8372093023255813,0.0693721763138232,0.40138562572127745,0.8095238095238095,0.035879265310061026,0.11983395261410124
dvAr,69,32,276,68,0.9795918367346939,0.0701107126436652,0.40864109051757835,0.9583333333333334,0.08755079231364238,0.6755919503430894,0.9583333333333334,0.10031526464131701,0.6240534812439456,1.0,0.10905928089283534,0.4769646865465923
dvAtriMSat,8,13,16,32,1.0,0.06173400321615974,0.2768026840416751,0.9795918367346939,0.10875223313122406,0.445940923613495,0.8888888888888888,0.0876415877010357,0.21827153940754318,0.9361702127659575,0.05892790627773625,0.13647333153652097
dvaMdva,9,9,122,20,1.0,0.0445823588761215,0.14446568034221519,1.0,0.07519379129805037,0.3990378100456532,0.9583333333333334,0.06182181966532563,0.4565152561026351,1.0,0.02543097456860599,0.21419335889909985
dvaya,15,53,89,109,1.0,0.026949098882104172,0.2881575411077715,1.0,0.08481136468502382,0.42933935501932985,0.9361702127659575,0.06979556679814791,0.326371871755776,0.9361702127659575,0.05010765772472359,0.3115583088627494
dveza,21,16,100,16,0.9795918367346939,0.037366665423296586,0.19664201726095265,0.9130434782608696,0.07553554383098815,0.42692855750437875,1.0,0.08696888773247702,0.3876543681581861,0.9583333333333334,0.019749607828823734,0.14112392308979815
dvi,282,121,586,1099,0.9795918367346939,0.06874842890241795,0.2955678562319256,0.9361702127659575,0.12605010097977198,0.4832056817812651,0.8888888888888888,0.06592469150677549,0.3323775931694626,0.9130434782608696,0.05629460248405038,0.15786775430807787
dvipad,67,5,48,17,1.0,0.05470773325860023,0.4367485931957886,0.9795918367346939,0.08474362695370796,0.3772814764432717,0.9795918367346939,0.08225888315267926,0.4561366264278248,1.0,0.08124105670899007,0.5270206668052725
dvis,30,28,37,94,0.9583333333333334,0.048905415759592286,0.23080017230973304,0.9361702127659575,0.08232586061809088,0.3415340204493933,0.9130434782608696,0.08814412103814462,0.3240040213257984,0.9795918367346939,0.03454756411489113,0.2920632860664891
dvitIya,93,110,135,328,0.75,0.06256184427123523,0.10582672163291784,0.75,0.05963248515989261,0.31518852125187935,0.75,0.0459935978989261,0.3600932465935621,0.8095238095238095,0.03281179091113473,0.17029516507710363
dvitIyam,47,35,97,91,0.9361702127659575,0.042138849643598264,0.2995397617515221,0.8888888888888888,0.07397258788331929,0.45750768488723814,0.8636363636363636,0.050164091349481854,0.3854478269370809,0.9361702127659575,0.051384916996958685,0.14037831792300293
dviz,350,21,407,67,0.9583333333333334,0.06510293862262218,0.3471449005069225,0.9583333333333334,0.10323220618360507,0.49898582545561565,0.9583333333333334,0.08135816931035134,0.47816460116805637,0.9795918367346939,0.0686782553301003,0.2765299580751024
dyAvApfTivI,193,19,7,5,1.0,0.04947844290899783,0.27024249601984407,0.9583333333333334,0.05460271926772575,0.1583604876405793,1.0,0.054226738471520486,0.12198402119837337,0.9361702127659575,0.02383903820933453,0.19684386548745958
e,700,155,497,153,1.0,0.06117356682926256,0.24488145606719636,0.9361702127659575,0.10557304485510566,0.5974210998590656,1.0,0.0757542760755694,0.583319231124525,0.9583333333333334,0.051479830760980505,0.18323807929592495
ekAdaSa,14,13,24,27,0.9130434782608696,0.05621753793818851,0.3191051134988111,0.8095238095238095,0.0549051567546911,0.3616549251022936,0.8095238095238095,0.027959925054987234,0.23845697291426016,0.9130434782608696,0.03422318905092825,0.14912719503950456
ekAkin,7,10,41,6,1.0,0.03691468890634886,0.12634724294508382,1.0,0.06659998376068088,0.3617162996757306,1.0,0.07167178238383287,0.3142018156221016,0.9795918367346939,0.01785462105487401,0.057408646427560606
ekEka,6,51,142,77,1.0,0.05259499452485339,0.24257249393053348,0.9583333333333334,0.10778143702099352,0.479006941531527,0.8372093023255813,0.07643131058866837,0.4195332146906867,0.9583333333333334,0.04965771611874892,0.28124407590329303
eka,848,684,2802,1342,1.0,0.057639468898038615,0.24938839705962335,1.0,0.0885184468442558,0.41039261001699945,1.0,0.05603527908000372,0.37559616011618435,0.9130434782608696,0.04959705956215987,0.21687750463716715
ekaDA,21,16,15,5,1.0,0.05782593078669984,0.34478583470631274,0.9583333333333334,0.11357796255811492,0.4527261784071239,1.0,0.05238968577350889,0.25867692085987815,0.9583333333333334,0.04330002561769575,0.17249229683585288
enad,881,308,1605,279,1.0,0.09101213570348854,0.30632978180470727,1.0,0.06280083781477763,0.540132115090236,1.0,0.0873786473041317,0.5645820102248457,1.0,0.058521965883592264,0.2994115833975418
enas,97,7,37,52,0.9583333333333334,0.0525404684037829,0.30807916594480333,0.9795918367346939,0.08540583134810165,0.3465461738126836,0.9583333333333334,0.0796075842197903,0.4759940373565691,0.9361702127659575,0.0459898556586914,0.22232292117854857
etAvat,37,91,175,70,1.0,0.05212836168416035,0.290259143140176,1.0,0.09613923499219756,0.5402835204873848,0.9361702127659575,0.07858958617665057,0.41544740412158276,1.0,0.03665463800355051,0.2307516572789734
etad,3766,3208,9842,1919,0.9795918367346939,0.06881088066053653,0.17192866767460946,0.9583333333333334,0.06804392748959576,0.4178998702018675,1.0,0.0655720528984175,0.46261540433303683,0.9795918367346939,0.04249967352346007,0.10140145467785577
eva,3460,4909,18825,3399,0.9795918367346939,0.06521046166479072,0.2529197737841551,1.0,0.059716543296612024,0.3882613099296228,0.9361702127659575,0.06476872931716238,0.43316041881592904,1.0,0.04152720665581777,0.16101068226650872
evam,516,1432,5459,945,0.9795918367346939,0.0935257451458067,0.19195442416784803,1.0,0.0875864668823989,0.35986263700411114,0.9361702127659575,0.05915551010245412,0.5269212126362189,0.9583333333333334,0.052205426832864554,0.21050756647156588
fC,164,13,121,21,0.9583333333333334,0.02017781482215264,0.1788103475716306,0.9795918367346939,0.0786782834116051,0.42382375914116865,1.0,0.1375677629859492,0.6707356077283766,1.0,0.06526249891430047,0.2996086497852515
fRa,24,9,40,35,1.0,0.014977057211432943,0.04751627759287991,0.9795918367346939,0.06623267894176599,0.2767734990019224,1.0,0.09314821488312985,0.33925045507593377,0.9583333333333334,0.014036465257408981,0.10963697851487086
fc,228,180,71,228,0.9583333333333334,0.08447847054718616,0.1972649035362356,0.8636363636363636,0.10009585256960074,0.25523716639811933,0.9795918367346939,0.08428521180597515,0.2797458902053419,0.9583333333333334,0.05590398396814411,0.18609513593286597
fju,27,5,60,16,0.9795918367346939,0.02742666043720854,0.14127712235316248,0.9795918367346939,0.0907271356587891,0.3900698169909218,1.0,0.14498505286347008,0.5935880106236406,0.9795918367346939,0.10072323531133709,0.5069451954746782
fta,585,40,330,60,0.9795918367346939,0.07261115247578187,0.37423579035568977,0.9583333333333334,0.0913757300778616,0.4731643284111783,0.9795918367346939,0.10843589166441536,0.6048828007349967,1.0,0.07446089623989383,0.21603187273243907
ftu,272,22,188,105,0.9130434782608696,0.059926413257166744,0.20853661570265347,0.9130434782608696,0.09051612098500572,0.40145995727986783,0.9361702127659575,0.08086259928523465,0.39892344407288827,0.9130434782608696,0.048678573873160436,0.24208957609715787
ftvij,58,33,149,63,0.9583333333333334,0.06059037183799687,0.1382809907146053,0.8888888888888888,0.07607470960798679,0.332310404551061,0.9795918367346939,0.12426279196899237,0.46915159803165163,1.0,0.05180061590602769,0.3130261956255397
fzaBa,83,26,2282,40,1.0,0.08626687463586691,0.4366402530668484,0.9361702127659575,0.08043829858771412,0.5435653651004191,0.9795918367346939,0.10671737217632515,0.6171471196142477,1.0,0.09827181010241715,0.38297381797981644
fzi,291,67,3002,133,0.9583333333333334,0.05865565507294945,0.18545951714290687,0.9130434782608696,0.0885946084949294,0.4198567473798559,0.9795918367346939,0.09826305502257493,0.36968846054096904,0.9795918367346939,0.06277251493865521,0.250869044465472
gA,285,57,438,80,0.9795918367346939,0.07309778597384742,0.4386664292026947,0.8636363636363636,0.11118253222014263,0.4521537676554963,0.9361702127659575,0.13551732108713277,0.5967656070855225,1.0,0.061047836446329606,0.1886705766825192
gArhapatya,52,13,13,153,0.9361702127659575,0.08586428687791303,0.1492106700258602,0.9361702127659575,0.04964113595207942,0.12596749063325152,0.8636363636363636,0.07164486144040116,0.29301056648349044,0.8636363636363636,0.03480992947665751,0.24068902451546959
gAyatrI,241,112,33,38,0.9795918367346939,0.05737463136637955,0.17922175614348124,0.9130434782608696,0.06290842141784725,0.33918866352534227,0.9361702127659575,0.10750872015460955,0.3302326324656676,0.9130434782608696,0.08776072505778865,0.1913471041064403
gaRa,99,12,1482,67,0.9583333333333334,0.08451876345318354,0.47776575604125215,0.9583333333333334,0.07693864615089518,0.5557589393000587,0.9795918367346939,0.0953944484785082,0.4848797900052322,1.0,0.053857480915407985,0.3488275012006292
gam,1109,460,8185,439,0.9795918367346939,0.03644773449523242,0.339425045981008,0.9130434782608696,0.06910492127692969,0.40268570320061603,0.9795918367346939,0.08688614114681159,0.451712782167629,0.9361702127659575,0.03552358183744775,0.25633398179347
gamay,44,42,64,18,0.9795918367346939,0.07519337444515117,0.4004199471572233,0.9795918367346939,0.08824243840271828,0.5736617920181621,1.0,0.10057600061730843,0.5723920302798831,0.9795918367346939,0.07950881285164513,0.3045244385073975
ganDa,35,53,510,70,1.0,0.05544318830575279,0.3008619444582188,0.9130434782608696,0.10078597737225281,0.5192341466307727,0.8888888888888888,0.11434034538349214,0.5654594398290997,0.9583333333333334,0.057018203484334284,0.4909654590705439
ganDarva,98,43,1003,15,1.0,0.076529783074614,0.3076733797044723,0.9795918367346939,0.10682333521792164,0.3858124203073784,1.0,0.12139833125894295,0.527243417891363,0.9795918367346939,0.06739673356984599,0.2462534940002553
garBa,277,49,407,118,0.9583333333333334,0.02875372027790435,0.15808580749598944,0.9361702127659575,0.07656159921811578,0.42457537131668466,0.9795918367346939,0.1295676747186001,0.4587514449950789,0.9795918367346939,0.03648194592725884,0.2742902035079766
garBin,7,6,13,12,1.0,0.04014916698765192,0.09385251651926019,0.9583333333333334,0.06627704685950275,0.18812955207949078,0.9795918367346939,0.087936316485976,0.2405037186394251,1.0,0.022700811526064513,0.10898291541796534
garta,10,5,20,13,1.0,0.015390185310952154,0.06173092673235958,0.9795918367346939,0.06887932990549639,0.3071753779786397,0.9795918367346939,0.09775051732342455,0.31131027641696896,1.0,0.024309254003985648,0.27803127408994577
gati,12,111,1306,59,1.0,0.03622236329416595,0.2299171479513724,1.0,0.07340162163994945,0.5157171277680583,0.9795918367346939,0.08767959685472737,0.47043509587088495,0.9583333333333334,0.07632274629505442,0.2939285706035035
gfha,235,52,924,252,1.0,0.0550310866665672,0.25893362426837285,0.9795918367346939,0.10558723836288542,0.5066390310782289,0.9795918367346939,0.10750743007777497,0.4836543771675039,1.0,0.026293615134686643,0.23101053351510348
gir,368,7,115,30,0.9795918367346939,0.12448277930606977,0.5261090166961369,0.9795918367346939,0.15387144770965844,0.5806141179174434,0.9795918367346939,0.1506521511825456,0.6151682128305388,0.8636363636363636,0.05679700910711405,0.18346820079658555
giri,189,7,967,14,1.0,0.06396131686247464,0.23686344227048428,0.9361702127659575,0.07918680704825154,0.569123166048469,0.9795918367346939,0.08830744184515338,0.619363235193681,0.9795918367346939,0.036846603292241764,0.15585266462063108
go,1243,107,1916,451,0.9361702127659575,0.029510622714596257,0.38432617747899744,0.9583333333333334,0.09230691531962776,0.5377684724383058,0.9583333333333334,0.0704045959472207,0.48610949789034064,0.9130434782608696,0.025920325410317635,0.1547749546121402
gopAy,32,8,8,7,0.9795918367346939,0.029858804692058927,0.12359061173592312,0.9795918367346939,0.0484281727770709,0.1982434751577551,0.9795918367346939,0.06336470906459413,0.1645052837056401,1.0,0.038123668498162955,0.09080961353604644
gotra,21,22,75,33,1.0,0.06253337580667495,0.3642618410587706,0.9795918367346939,0.1400906728660799,0.42286521699647306,1.0,0.12460525814598011,0.3794839452094171,1.0,0.015617309775674992,0.1951665653722856
grAma,47,54,275,144,1.0,0.03344258755987595,0.29508849030282525,0.9795918367346939,0.14188362114280717,0.5705228696140571,0.9583333333333334,0.1216598208287819,0.5492353709590513,1.0,0.028188051476457532,0.22076060620618598
grAmya,25,8,54,16,0.9795918367346939,0.05644567027019709,0.18364984055416655,0.9795918367346939,0.11105042693159295,0.3882348077859126,0.9361702127659575,0.06892152805410678,0.3260761483510146,0.9795918367346939,0.05087077931295236,0.15194577210792892
grIzma,13,5,35,18,0.9583333333333334,0.04111690777127264,0.09539818264480227,0.9583333333333334,0.08048396545187886,0.3429490491016418,0.9795918367346939,0.09728160292486077,0.37018490677040516,0.9583333333333334,0.020993625803011562,0.06654912606696539
grah,286,229,1282,360,1.0,0.04333525339783395,0.28336418794193796,1.0,0.10980667731045957,0.49356414821476036,1.0,0.09238249382534491,0.40342050894657877,0.9795918367346939,0.025349229020293462,0.18239221666600192
graha,43,73,299,68,0.9795918367346939,0.04472589879225819,0.3473125662005061,0.9795918367346939,0.14105046422631107,0.5731056873604027,1.0,0.09709244475248169,0.4983061057741598,0.9583333333333334,0.07375929078353627,0.2772765685659836
gras,8,21,206,11,1.0,0.016941103996045426,0.08510468939722637,0.9795918367346939,0.08139798994311354,0.44464544628101543,0.9795918367346939,0.14431695799205502,0.537364876204546,0.9583333333333334,0.010334472874327538,0.053615839097512996
guh,20,13,109,82,1.0,0.034011528886570996,0.1874734093712357,0.9795918367346939,0.08633012942969498,0.5266627947766617,0.9795918367346939,0.16395962556974342,0.5545109519857339,1.0,0.025423198407984904,0.16559326502518634
guhya,33,10,199,16,0.9583333333333334,0.031464152480845,0.10210101910515146,0.9795918367346939,0.08443748675489382,0.4106040318688572,1.0,0.13690399238246342,0.48691199018242326,0.9795918367346939,0.0186507449490646,0.13977613162856728
guru,16,37,1355,148,0.9795918367346939,0.025212063033249632,0.15769600510732684,0.9583333333333334,0.05940316621113273,0.5003662727023771,1.0,0.1156024434026891,0.5236344138048596,0.9361702127659575,0.04111037563555342,0.22373660107076832
hA,375,108,1517,211,0.9583333333333334,0.04784922738687314,0.2857537558848582,0.9795918367346939,0.09333414466647538,0.44266756877859836,0.9795918367346939,0.10884052264276634,0.5414539239287317,1.0,0.07027036838229861,0.314026740538377
ha,875,1417,1475,211,0.9361702127659575,0.06722416502061279,0.16675470629890055,0.9583333333333334,0.09040610831101925,0.47536383685034145,1.0,0.1636842357423247,0.6136382214161942,0.9795918367346939,0.10169406520833402,0.45744625788859183
haMsa,20,21,298,11,0.9795918367346939,0.029407361419508726,0.17400083863605864,0.9795918367346939,0.0997177565895857,0.5801234018977761,0.9795918367346939,0.06406550737793426,0.5784979191991416,0.9795918367346939,0.02558480438462185,0.07378786814249239
han,918,79,5198,242,0.9361702127659575,0.07412177684092447,0.3319724162856823,1.0,0.10162243473381338,0.4705472797129836,1.0,0.10817649398019957,0.4234508829584174,1.0,0.04829575742398384,0.29963461636687916
hanta,8,42,110,5,0.9583333333333334,0.04900492056627159,0.214566488663954,0.9583333333333334,0.10699624560990995,0.4813053519964182,1.0,0.10513366349145736,0.4638751122424958,1.0,0.019012103675508096,0.04678642762326901
hantf,28,8,188,10,0.9795918367346939,0.04772147960500617,0.3545346076432352,0.9795918367346939,0.09509400061695672,0.4941086518102774,0.9795918367346939,0.0808820685417645,0.42820537329192754,1.0,0.02877512177484387,0.19449444897232981
hari,429,5,1004,40,0.9361702127659575,0.05227327545983429,0.4151801266770454,0.9795918367346939,0.08532466746097878,0.615313617264807,0.9130434782608696,0.10777813342794662,0.6757273537927007,0.9583333333333334,0.05548993835927685,0.2253726595804859
harita,30,8,71,8,0.9583333333333334,0.018703969257074404,0.10051484046087888,0.9795918367346939,0.08703652955714136,0.5106426111081099,0.9583333333333334,0.06672183821126598,0.45805027536328113,0.9361702127659575,0.012902853614597753,0.05850485048278453
hasta,235,39,612,167,1.0,0.03027399769313721,0.19252457379904975,1.0,0.10280382573310809,0.48538903472384753,0.9583333333333334,0.10490249264484719,0.45483592448604104,0.9583333333333334,0.0237092565629774,0.1996815668845161
hastin,34,26,297,154,1.0,0.03914152321492825,0.2323321073745891,1.0,0.11925838018629675,0.5456479765407948,0.9583333333333334,0.13893986535421987,0.5157348442626648,0.9583333333333334,0.05556467206846005,0.34190968287688106
havis,551,15,199,266,1.0,0.05672775711912492,0.25917872083047244,1.0,0.11793603597161773,0.33707731891292847,0.9361702127659575,0.09010775305888852,0.2726123523451386,0.9130434782608696,0.0371107585768925,0.15904738270213425
haya,13,9,1039,10,0.9583333333333334,0.025500488141963262,0.08566858440213365,0.9795918367346939,0.10403176986398377,0.6029373061245618,0.9361702127659575,0.12517834853074283,0.5386236195917598,1.0,0.020088075713437625,0.040106897694653476
hf,142,24,924,153,0.9583333333333334,0.0855358713958696,0.3379772760028965,0.9795918367346939,0.08655205057699011,0.6712724040431862,0.9795918367346939,0.08207207130266869,0.4596915966732038,0.9795918367346939,0.030924337272860147,0.2701385428821198
hfd,136,57,270,14,1.0,0.07274094284439492,0.49094226475198144,0.9795918367346939,0.14969970525195342,0.4725399755189498,0.9795918367346939,0.09435287517573432,0.549217737599356,1.0,0.03461010711550894,0.14606213732286843
hfdaya,144,277,515,39,0.9583333333333334,0.09453171328930443,0.3379091781780983,0.9583333333333334,0.14460139860534427,0.49257752124213705,0.9795918367346939,0.099655546082836,0.5764497065009165,0.9361702127659575,0.04680676461376798,0.28478485516644936
hi,1830,1746,9686,739,0.9795918367346939,0.033851180616922605,0.20568252216921368,0.9795918367346939,0.0491628943307697,0.3153991161559162,1.0,0.1006415334764964,0.35019120821511984,1.0,0.09435947391549371,0.2844435655350046
hiMs,82,21,142,19,1.0,0.047316163543630996,0.2319729780099805,0.9361702127659575,0.07615483731515593,0.41956313426830083,0.9583333333333334,0.09617055915784023,0.4884472365504029,0.9361702127659575,0.04008436008732741,0.2060403685497788
hiraRya,216,30,162,157,0.9583333333333334,0.031077831081956386,0.163201744504765,1.0,0.08015916474355422,0.37808898555718307,1.0,0.14407176173848868,0.4002337024743081,1.0,0.02680456385716945,0.28229821845171643
hita,137,11,767,47,0.9795918367346939,0.05462947377961502,0.23752322420180472,0.9795918367346939,0.1396464161912927,0.5706422753741562,0.9795918367346939,0.12311419933107359,0.47825532766253376,0.9361702127659575,0.034882005153495155,0.21132243101981707
homa,21,20,83,469,1.0,0.047563282272985896,0.2080573914477234,0.9361702127659575,0.09460308445926369,0.3021275793547873,0.8888888888888888,0.10620904175494317,0.32010584122471775,0.9795918367346939,0.05419541996539534,0.3364956581943723
hotf,512,26,50,372,0.9361702127659575,0.06269670730469001,0.2020026230349382,0.8636363636363636,0.058686694499074155,0.1762035589311135,0.9361702127659575,0.07437764734950847,0.2578258852080406,0.9795918367346939,0.06426118864677843,0.30586357298814204
hu,557,198,466,499,0.8888888888888888,0.05937960076603277,0.18454404343545894,0.8636363636363636,0.08912196468331834,0.3319134458172788,0.8636363636363636,0.06046885915949585,0.28286244534729565,0.8636363636363636,0.03747265629135299,0.08166563210933919
i,1091,89,421,134,1.0,0.05928489594992625,0.27486578927077865,1.0,0.1457910661959272,0.5774962105631913,0.9795918367346939,0.09891342759787725,0.5789193411322188,0.9795918367346939,0.05087502589465531,0.2655962460413923
idAnIm,8,98,202,26,0.9583333333333334,0.023571769883363625,0.2606292497571632,0.9795918367346939,0.08279113535421245,0.5020284109318309,0.9795918367346939,0.08333305440712391,0.41864195504950696,1.0,0.02693524778574019,0.24538377310692683
idam,5951,3673,13844,2546,0.9583333333333334,0.04043411899844629,0.2064850450507817,1.0,0.0704220492365385,0.42161044490206645,0.9795918367346939,0.06449309631996891,0.33917982373086164,1.0,0.036951576411844766,0.15149324820913046
iha,743,336,3098,425,0.9583333333333334,0.03533337136971004,0.2813951097559326,0.9583333333333334,0.06867546184907902,0.3667468791562176,0.9795918367346939,0.07634229455589614,0.43391572116853827,1.0,0.037641183245148646,0.177972850465705
inD,139,12,26,24,0.9795918367346939,0.047201640786250665,0.29918676224363483,1.0,0.09709229736771052,0.30893476570121736,0.9583333333333334,0.12053556539326515,0.38315068769812355,0.9361702127659575,0.043018845449381615,0.2204063820624449
indra,4392,114,3380,725,0.9795918367346939,0.0940437461431719,0.3912394532169756,0.9361702127659575,0.05366421804589394,0.4938439163440965,0.9795918367346939,0.09836644463474131,0.5324279752857769,0.9130434782608696,0.07430356251330938,0.2621267641404724
indriya,144,135,961,93,1.0,0.058860813704863735,0.3340515119140779,0.9795918367346939,0.10307395782790973,0.48673357936274997,1.0,0.12566846823643896,0.5741445032471282,1.0,0.07975428227854164,0.4652529881405836
itTam,11,16,11,11,1.0,0.032506466839757886,0.1153976261097176,0.9795918367346939,0.06760639227218812,0.18002072526686963,1.0,0.06265364423689723,0.11843039792568644,0.9361702127659575,0.016889722778218208,0.06523714624121524
itara,63,206,234,202,1.0,0.09605269714711073,0.47902027134346925,0.9795918367346939,0.0996081256870529,0.5874410334480463,1.0,0.06875438182533533,0.5131762565832295,0.9795918367346939,0.04162908014570532,0.18331831998289194
itas,247,76,312,30,1.0,0.05660630833311986,0.36050197717658405,1.0,0.06226766377188575,0.36894603222258815,0.9795918367346939,0.07512889133402223,0.5265077714071003,1.0,0.05821097538724562,0.412835187657817
iti,3251,9131,8907,9980,1.0,0.05812359010450374,0.11716572726243846,0.9795918367346939,0.06141928720986001,0.3065998224538371,0.9583333333333334,0.04974795303424373,0.39370592327729836,0.9795918367346939,0.05366728413677657,0.11606307186141407
iva,2136,717,9507,255,0.9795918367346939,0.030879922557258355,0.18980237912462017,0.9795918367346939,0.09369730818495003,0.4676363145375714,0.9795918367346939,0.07540115082491905,0.6248146466561595,1.0,0.04931960128918722,0.34398039629463906
iz,433,173,2288,193,1.0,0.05320838243512882,0.24313849502287344,0.9130434782608696,0.0630047866057678,0.40363193941191833,0.9583333333333334,0.07089526043684113,0.38667477527901517,1.0,0.06353843832907624,0.3780162638147879
izu,106,6,399,16,0.9795918367346939,0.02304406142639137,0.12781405020710035,1.0,0.09886203500998847,0.5428405476855829,1.0,0.08619083505794312,0.563423590442656,1.0,0.03123884650497899,0.2479915451466732
izwi,66,7,54,109,0.9795918367346939,0.021968497979304225,0.09540910766725585,0.9795918367346939,0.12052228696469036,0.3016502186480714,0.9583333333333334,0.06580815366428783,0.24008949534899526,1.0,0.04674248535447012,0.194218613836868
jA,98,12,180,31,0.9795918367346939,0.04472965196911627,0.2277846091653446,1.0,0.1334673612631756,0.4295910205310711,1.0,0.13941701028471176,0.5486587206629308,1.0,0.07152812200251868,0.391461309901306
jAgf,90,49,99,6,0.9583333333333334,0.06271480954571307,0.44809796972331317,0.9361702127659575,0.12868201552493408,0.5557362582554692,0.9361702127659575,0.07009500937275537,0.4497698148486242,1.0,0.036460807572578524,0.2522293005539231
jAyA,89,57,14,30,0.9795918367346939,0.04972941988681434,0.27219454016279143,0.9795918367346939,0.11104337609867121,0.3699185108286783,0.9795918367346939,0.07227885385142552,0.210769134982435,1.0,0.023080575971457185,0.13609275441984892
jIv,201,120,1035,83,0.8888888888888888,0.08026253059236843,0.24210247844972654,0.9361702127659575,0.0873953750947255,0.4269386353628879,0.9795918367346939,0.08641996242866057,0.41179929799637316,1.0,0.04107049775242644,0.32309399252131543
jIva,126,83,289,48,1.0,0.07335839272380817,0.34119501183987344,0.9583333333333334,0.11222931971950978,0.38467915773243555,0.9795918367346939,0.11625721218702612,0.5530658778610478,0.9583333333333334,0.041903113850127904,0.3371667548424493
jIvana,13,30,38,16,0.9583333333333334,0.018288935221510094,0.26925364606911184,0.9583333333333334,0.0642186918935812,0.3886862612596278,1.0,0.10386003528722298,0.27966336405541214,0.9130434782608696,0.009829315703198893,0.08026780414628543
jYA,118,227,1798,169,0.9583333333333334,0.039696303362061425,0.26957111176626214,1.0,0.06688536988384575,0.3718977429231958,0.9583333333333334,0.08340848597478823,0.4593635676854999,1.0,0.06138990977521375,0.4236637087226165
jYAti,13,14,351,35,0.9583333333333334,0.023365153542352135,0.16608498080616418,1.0,0.0891820497426008,0.5191483215144721,0.9361702127659575,0.08637383253601116,0.4749477710457899,0.9361702127659575,0.01619049375977155,0.10601127489158813
jYa,24,34,1120,34,1.0,0.02557137115015995,0.18100962774451834,1.0,0.10318726231754027,0.5164476800101895,1.0,0.1522315853073425,0.5454744531763676,0.9795918367346939,0.013205061900664838,0.201100683469989
ja,15,64,560,48,0.9583333333333334,0.037790135468603325,0.4386584921447695,0.8888888888888888,0.11042641946872755,0.5684833181010478,1.0,0.13360030014583535,0.6688853007130144,0.9795918367346939,0.036465932737008155,0.17833277104819856
jaGana,12,11,42,13,0.9795918367346939,0.06395255335954508,0.16888808280746126,0.9795918367346939,0.06767587421284771,0.3981631206092089,0.9795918367346939,0.08452595273228058,0.44338219581358573,1.0,0.026512659029928165,0.1718096015446573
jagant,56,114,503,10,1.0,0.07157966537415794,0.3871808953442275,0.9361702127659575,0.08100280143127436,0.5092971928790808,1.0,0.07595334751877558,0.5176840618887157,1.0,0.052397801182744175,0.22091023486245898
jagat,40,65,192,5,0.9795918367346939,0.042069426732639026,0.4000734314726001,0.9130434782608696,0.0863144306895236,0.5508352936158569,1.0,0.0848452754336464,0.457827638805276,1.0,0.022236365499635036,0.09227027225386641
jagatI,103,7,41,18,0.9795918367346939,0.051659338876655525,0.22169786819376802,0.9795918367346939,0.07674968602235288,0.36151426970215617,0.9795918367346939,0.08457939023628935,0.4652794743851695,0.9583333333333334,0.07678800695485988,0.1880346216604143
jakz,16,15,5,11,1.0,0.033624658833817156,0.07822790043337813,1.0,0.06911692236427114,0.23882458897795056,0.9130434782608696,0.06132831398183569,0.1674258437829047,0.9583333333333334,0.016411498558403737,0.05155725075732087
jan,1167,339,2113,370,0.9583333333333334,0.03751879646540912,0.2937737728590375,0.9583333333333334,0.10188513999361837,0.4462103546430535,0.9795918367346939,0.12282859238773314,0.4712665560587025,0.9795918367346939,0.03973075290985817,0.18652014007978734
jana,525,52,1427,140,0.9795918367346939,0.07995504596823755,0.3583519086509249,1.0,0.11236384081059825,0.5899834235561163,0.9583333333333334,0.10437121208521938,0.5273916699376229,0.9361702127659575,0.02658762537256565,0.22579462213711365
janana,6,13,51,10,0.9795918367346939,0.02675516040725634,0.12748777178081094,1.0,0.11413016314646385,0.5064509127857829,1.0,0.055036239768261885,0.47658670676337334,0.9795918367346939,0.021452438225612158,0.022133987686043577
janay,159,104,264,27,1.0,0.07971844633477099,0.5258095792818696,0.9795918367346939,0.16715274603620756,0.6073465105924809,0.9795918367346939,0.08295465953453618,0.4557130264784026,0.9583333333333334,0.02808069032460958,0.21726120769085244
janman,72,116,447,52,1.0,0.08725098807298792,0.5301083120805694,0.9795918367346939,0.12069569674385872,0.5799002934794961,0.9583333333333334,0.06047541852693972,0.4667444215407912,1.0,0.026117851337198017,0.3482343351074335
jantu,26,22,211,13,0.9795918367346939,0.017658264055225636,0.10689856530674824,0.9795918367346939,0.06879392154969899,0.4273072489395813,1.0,0.10937712648666065,0.4767116235906457,1.0,0.02201731304062504,0.07335840816467432
jap,29,14,194,210,1.0,0.05237763758491776,0.10281242057727535,1.0,0.11037881785086867,0.4185468473727503,1.0,0.10191220556416347,0.4695461923732497,0.9795918367346939,0.08414616592573454,0.26477438237294204
japa,8,26,68,80,1.0,0.029519788574933203,0.21091527104834662,0.9361702127659575,0.09278469421658941,0.3669075277843705,0.9583333333333334,0.0982856255739134,0.45017186418585264,1.0,0.027113133293005798,0.2060924848638661
jarA,30,33,202,10,0.9795918367346939,0.03738921410987839,0.23627050700197305,0.8888888888888888,0.07190040784314655,0.41036066600300336,0.9583333333333334,0.10079390924285914,0.46725311863784913,0.9795918367346939,0.01634738203743835,0.12215367552469591
jarAyu,25,6,24,5,0.9795918367346939,0.01888594569118296,0.05532664333370918,0.9361702127659575,0.07139706737723273,0.2662276489628361,0.9583333333333334,0.08335022814888815,0.3525447021642889,0.9795918367346939,0.020437622550787515,0.04329693956512082
jf,97,22,111,10,1.0,0.04471626175518739,0.24535719045387783,0.9583333333333334,0.09779490536601809,0.40318228779787624,1.0,0.09270631344309677,0.5062575497295151,0.9795918367346939,0.014429487588069723,0.15892818817953525
ji,446,123,2172,191,1.0,0.11757122167258205,0.5558084882494475,0.9361702127659575,0.08962495793862646,0.6270096918414565,0.9583333333333334,0.09488298795558825,0.5762351780606385,1.0,0.08341977759602226,0.5524061796316918
jihvA,151,15,174,17,1.0,0.057603320048394524,0.22236691550475762,0.8888888888888888,0.09437689363458235,0.32883051718162093,1.0,0.0936511826681431,0.4541690925765596,1.0,0.030393108368546473,0.16489730406194258
juz,375,7,133,80,0.9795918367346939,0.05779358005739044,0.3345482863668239,0.9795918367346939,0.06693996052227247,0.5301480896848139,0.9583333333333334,0.11056206971108606,0.6476458234128899,0.9130434782608696,0.041933346189645504,0.10041479267352726
jval,8,8,474,21,1.0,0.045263823454476104,0.07975461856709498,0.9795918367346939,0.08393696427000441,0.4986411295248536,0.9795918367346939,0.09689529140535591,0.5069557007864229,0.9361702127659575,0.025048003299275368,0.178431708560723
jyA,53,9,229,16,0.9795918367346939,0.0454650745338655,0.12378296895608931,0.9795918367346939,0.1184304813243594,0.5728711206346152,0.9795918367346939,0.08627906985182165,0.5330281015076834,0.9795918367346939,0.02910489474313893,0.2220424414061959
jyAyas,40,14,41,61,0.9795918367346939,0.03896946345223529,0.14647902585373207,1.0,0.08903173873841752,0.33937501327937913,1.0,0.117351114078588,0.35211936067006633,1.0,0.0480072012325633,0.3716449440386379
jyezWa,125,47,411,83,0.9583333333333334,0.05447417704963187,0.2581661239436326,0.9795918367346939,0.11044440199980776,0.43903904939843497,0.8636363636363636,0.08040509471808688,0.42057711035125456,0.9795918367346939,0.045593489442235846,0.39104940450626
jyotis,410,276,262,75,1.0,0.09681483076823783,0.3962744979605588,0.9583333333333334,0.16389782999837954,0.46406269925828125,1.0,0.08507514476535749,0.2799725472544137,0.9130434782608696,0.05632090812144319,0.22196803585387181
kARqa,42,18,13,93,1.0,0.03350917126670905,0.20614241619035423,1.0,0.13823225990023547,0.5019564151129683,1.0,0.2015776708306034,0.7319134395740027,1.0,0.10588168161786649,0.5139065513395676
kAla,66,362,3320,504,1.0,0.08180432736494159,0.27468578058777904,1.0,0.0780838796467076,0.5839632022141517,0.9361702127659575,0.08732411539793639,0.5879338909080463,1.0,0.03842980821776276,0.2975554122461975
kAma,559,548,2574,564,0.9130434782608696,0.0804640121371415,0.30853005719182547,0.9583333333333334,0.08995196088692814,0.4424706319722471,0.9795918367346939,0.11840571755306417,0.46623580481993065,0.8888888888888888,0.05828486078352302,0.1711844718604001
kAmay,115,88,150,41,0.9795918367346939,0.07789168585429418,0.2085693005919752,0.9361702127659575,0.07091308128495122,0.25563667689828384,0.9583333333333334,0.07334410582339812,0.2308138690727326,0.9795918367346939,0.07732938735512984,0.23840983121426107
kAmin,14,10,50,6,0.9583333333333334,0.017288412446678558,0.1224456445876474,0.9583333333333334,0.12526905714928493,0.4135418952350862,0.9795918367346939,0.05899778087557794,0.4594504929540374,0.9795918367346939,0.01609324549522928,0.18220669755919117
kAmya,18,33,21,53,0.9795918367346939,0.04387286437219173,0.32588834782669884,0.9361702127659575,0.10112751168992007,0.36807249469641246,0.9583333333333334,0.0914068736240693,0.3396946050184225,1.0,0.053837661839722384,0.4915319804222773
kArin,10,12,176,18,0.9795918367346939,0.027621645847503817,0.1171343442156777,0.9795918367346939,0.10444248895706087,0.43952757525509023,1.0,0.08619296074789706,0.451821500472233,0.9583333333333334,0.01672613387584576,0.149632059826867
kArya,6,74,349,85,1.0,0.07105689711095342,0.3956780703143452,0.9583333333333334,0.1528850299198461,0.595608668961131,0.9583333333333334,0.0841094748026584,0.47284475228656464,0.9583333333333334,0.034575838753968746,0.2810051018085171
kAzWA,19,5,35,5,0.9795918367346939,0.023542211905790644,0.17963707595217526,0.9795918367346939,0.13838365915335182,0.4135328187514842,1.0,0.11471524160825952,0.31646436627849917,0.9130434782608696,0.019920742943569048,0.20392945077463343
kIrti,23,30,368,12,1.0,0.07609090057302881,0.2793026542154081,0.9583333333333334,0.1249193330212981,0.4978692230855204,0.9583333333333334,0.0989867701270205,0.46267016984112863,1.0,0.04168619818620556,0.06471739756362116
kUpa,6,7,111,17,0.9583333333333334,0.018399034079946364,0.05519487836134507,0.9795918367346939,0.07873566578593849,0.4961154082476007,1.0,0.10697082344047515,0.48136376915616785,0.9583333333333334,0.01897794505474426,0.14882859467817233
ka,636,528,4768,247,0.9130434782608696,0.04706690082410736,0.28465879991930576,0.9130434782608696,0.08835948973097563,0.42764640088280315,0.9361702127659575,0.11200867296186612,0.42824167980364247,0.9130434782608696,0.04993587513043907,0.2736143340807262
kaM,117,74,241,25,0.9795918367346939,0.0501726405477515,0.306847277518572,0.9583333333333334,0.09398773094832014,0.3961804489031483,0.9795918367346939,0.13133836946046662,0.6799431124642461,1.0,0.0837550723813687,0.39573854425691823
kaScit,15,348,594,321,0.9795918367346939,0.04177160166001459,0.30777743759432985,0.9795918367346939,0.07223459268644161,0.49686918818960624,0.9795918367346939,0.1149228413310055,0.6295466615264527,0.9795918367346939,0.037774384012623896,0.3666376150760964
kaSyapa,48,10,141,11,0.9795918367346939,0.01864480757112641,0.13113910428574027,0.9795918367346939,0.11422807802440382,0.4137847461883818,1.0,0.13244306226996827,0.48076752193643124,0.9583333333333334,0.02253808564335391,0.18960239985882787
kaTam,26,468,2529,129,0.9795918367346939,0.03636527745188334,0.149337120716302,0.9795918367346939,0.0658364082610915,0.4590691621417793,0.9795918367346939,0.09895449742041673,0.536144929396807,0.9583333333333334,0.046125012981503066,0.1534179240336827
kadA,65,8,525,26,0.9583333333333334,0.07147656299479221,0.25776906649265985,0.9795918367346939,0.09068851642425502,0.5795260971785592,0.9583333333333334,0.11331576439720392,0.6237894573294714,0.9361702127659575,0.053957947438792786,0.2777369054945369
kalA,9,70,97,19,0.9583333333333334,0.05710386284842217,0.34759233839221126,0.9361702127659575,0.14700085125326023,0.584038616966835,0.8095238095238095,0.06247748220171756,0.38258535522936454,0.9130434782608696,0.03487259072489546,0.14455792942426982
kalpa,5,9,374,141,0.9583333333333334,0.025381261057876192,0.02260197779951123,0.9583333333333334,0.0830891085558001,0.6230249639767014,0.9795918367346939,0.18063127250232058,0.7648367064434571,0.9583333333333334,0.030180263137047025,0.32475867511237166
kalpay,71,79,206,78,1.0,0.05524642282907,0.45726664794165595,0.9795918367346939,0.15543184594267279,0.6671593325517697,0.9583333333333334,0.12245875204625967,0.5638585440385141,0.9795918367346939,0.03047903177367317,0.18001428616614934
kalyARa,22,18,244,26,0.9583333333333334,0.049172490962427484,0.184617837371158,0.9795918367346939,0.104788673765011,0.5503332298436046,0.9795918367346939,0.09284151415684128,0.5240059250560856,1.0,0.03407692262308293,0.1563013409467211
kanIyas,21,17,37,6,0.9795918367346939,0.05048055279453667,0.18391800138486203,0.9795918367346939,0.09298161531485571,0.3727738024565431,1.0,0.0841814058381335,0.3213936166573925,1.0,0.021007130112485894,0.0569248549100384
kapAla,51,26,26,27,1.0,0.06690894664719804,0.44080794494419084,0.9583333333333334,0.08916678689970947,0.32170519302500233,0.9130434782608696,0.06470955770247211,0.32756436278490997,0.9795918367346939,0.050356831940233215,0.26548708837940804
karRa,62,24,2676,70,1.0,0.06300813465685184,0.2749091415547418,0.9795918367346939,0.10252197311501943,0.5585097830506423,1.0,0.0906472853273661,0.5718575761953446,0.9795918367346939,0.03703774880234678,0.39130786491674385
kara,27,38,733,124,0.9795918367346939,0.01984005176032111,0.1523995178799611,1.0,0.09649804209177681,0.5941937109647749,0.9795918367346939,0.1950516572983484,0.6693934891658817,0.9361702127659575,0.027725761085943157,0.23671281487599893
karaRa,15,382,126,305,0.9795918367346939,0.032218295528582686,0.34101679498898174,0.9583333333333334,0.08511184307413089,0.4979821228450003,0.9795918367346939,0.12248683285754902,0.489879043742776,1.0,0.05353652951710919,0.39992136548555557
karman,96,574,2334,459,0.9583333333333334,0.04983932054646889,0.30597162613000084,0.9583333333333334,0.08074527526580821,0.5242183615230447,1.0,0.07806253848307232,0.4839240047112805,1.0,0.021141349789524644,0.1851579899205107
kartf,22,145,157,58,1.0,0.037286540147264735,0.39975166100001114,0.9361702127659575,0.09365882115596025,0.5271661675411728,0.9795918367346939,0.08574072916276176,0.4838671614330472,0.9795918367346939,0.01954597181679074,0.23104817568929692
kasmAt,42,88,253,9,1.0,0.05681267499342957,0.40863479241664147,1.0,0.07770864292222601,0.42245198203121037,0.9583333333333334,0.042828602278615624,0.4425181816159405,0.9795918367346939,0.038685460573575026,0.1337605772374506
katara,12,6,22,6,1.0,0.025642722970887544,0.049958803818667574,0.9361702127659575,0.09188105419324177,0.21421392555061503,0.9795918367346939,0.11421593246554529,0.2608478367747151,1.0,0.0487156425724089,0.1261900589581919
kavi,370,6,112,25,1.0,0.06438170989958991,0.3567559644966263,1.0,0.1309298499056536,0.39476748391399163,1.0,0.14276911984778373,0.40316523933892423,0.9361702127659575,0.051933614022442454,0.18694619995048445
keSa,47,19,212,70,0.9361702127659575,0.02465863200459628,0.1533056959691379,0.9130434782608696,0.06766281820858178,0.4312884513601676,0.9795918367346939,0.1574156517716826,0.43802824549122876,0.9795918367346939,0.02825080026737048,0.29012664283935563
kevala,42,141,307,44,0.9583333333333334,0.036103727377931216,0.2185882431005638,0.9583333333333334,0.06531634998841418,0.422117066032881,1.0,0.0723047316612564,0.4801681922669051,0.9795918367346939,0.02741545717326288,0.205363911890448
kf,2832,2156,14072,2737,0.9583333333333334,0.04102496569549241,0.27896993999045616,0.9795918367346939,0.06478910214522837,0.400409755173459,0.9795918367346939,0.0555823332539076,0.41675454396493017,0.9361702127659575,0.023259567893879174,0.32632122942530817
kft,230,148,1937,212,0.9583333333333334,0.0239418157827741,0.18484547851245958,0.9361702127659575,0.07952894246338527,0.5702006362663361,1.0,0.1290299278758812,0.5801430378195017,0.9361702127659575,0.010530837830078799,0.11768526297490545
kfta,134,83,1440,115,0.9361702127659575,0.029842326928248397,0.19741251468191856,1.0,0.07844614144236584,0.40748126476124014,0.9795918367346939,0.06865203090531924,0.39412769111546975,0.9795918367346939,0.02467767630629425,0.27201736744847516
kfte,37,8,447,110,0.9583333333333334,0.026670166628298353,0.14103838249903833,0.9583333333333334,0.08571658607381094,0.5294887218213816,0.9795918367346939,0.13077753592285435,0.6866457018868749,0.9583333333333334,0.05923740028918245,0.5010578096852675
kfti,8,10,30,10,1.0,0.052266505579907974,0.2697400243553334,1.0,0.10355985160938896,0.4844492049886795,1.0,0.05981687599180663,0.2743415840276491,1.0,0.028204781765351572,0.052934063831723166
kftsna,14,39,450,64,0.9795918367346939,0.0400848797878508,0.33180528824288813,1.0,0.10451036300541472,0.5883866200628141,0.9583333333333334,0.129863439356788,0.636794581481837,1.0,0.05339953667744257,0.24758034157465236
kftyA,130,6,69,7,0.9583333333333334,0.03530888350863626,0.26178670688082306,1.0,0.07140278509536624,0.37732991113306413,0.9583333333333334,0.0652911967377875,0.36460010254473096,0.9795918367346939,0.03699973144217095,0.2317779901707432
kfzRa,123,36,2329,40,0.9130434782608696,0.07433847779525471,0.4349954294774532,0.9795918367346939,0.07598921258956481,0.679120274531702,1.0,0.11356592679426625,0.6262189194845759,0.9795918367346939,0.027352715352899737,0.22092848637113505
kila,32,88,313,5,0.9583333333333334,0.04492271756459576,0.31805287322699105,0.9795918367346939,0.09242314470028412,0.5270514136745073,1.0,0.06207722258116666,0.452675833641625,1.0,0.01957271807999106,0.09496413627085776
kim,209,494,4064,178,0.9130434782608696,0.030123821592834665,0.2123885147924751,0.9583333333333334,0.055852854253293005,0.35505697581509255,0.8888888888888888,0.05722018254935446,0.3200040736439933,0.8372093023255813,0.03390164016163222,0.17309729782178407
kiyat,16,7,25,9,1.0,0.03249572417796731,0.04942664163925192,0.9795918367346939,0.08229166955777534,0.24184712313403045,0.9795918367346939,0.08374720495475962,0.3198220549094446,1.0,0.02504594951111938,0.1625302310109309
koSa,65,22,194,129,1.0,0.03585802183135911,0.27760705792827,0.9795918367346939,0.08931153881239695,0.6385982144066844,1.0,0.1352790555067055,0.5932135794999218,1.0,0.14000196261334008,0.5549652257077917
krIq,29,10,177,8,0.9583333333333334,0.036231478020511854,0.2906070467489146,0.9361702127659575,0.10394573665753648,0.5306402985485377,0.9795918367346939,0.0860837722413762,0.5499791025835127,1.0,0.032078035424237594,0.23717916718163412
krUra,14,12,306,15,1.0,0.037318627442751384,0.10182989978883694,1.0,0.10297135427562742,0.5460403415953856,0.9795918367346939,0.08891860437658705,0.5311279826862648,1.0,0.021849388380236978,0.08582061401804864
kram,147,9,49,12,0.9795918367346939,0.02570333801048963,0.2792552026147659,0.9795918367346939,0.06559176738794126,0.3570197663026834,1.0,0.07633408040698098,0.39305970178279603,0.9583333333333334,0.043966079879640074,0.2924129173402479
krama,26,29,72,66,0.9795918367346939,0.016742033199783624,0.19935144320206133,0.9583333333333334,0.09205965193009702,0.32602709762396986,0.9361702127659575,0.1306662407685678,0.3955902853038399,1.0,0.04688658443496296,0.4721326470160938
kratu,369,64,342,144,0.9583333333333334,0.07363327625239846,0.5012476155634719,0.9583333333333334,0.1362254982412262,0.5361122094269458,0.9361702127659575,0.12837041705425367,0.45315968170824306,1.0,0.1718930466248325,0.532942918918461
kruD,18,6,1467,16,0.9795918367346939,0.026102438698931363,0.14299287539790417,0.9583333333333334,0.11664019632713973,0.6045830165617152,1.0,0.10478050843263498,0.5083891495015881,0.9361702127659575,0.012199457434300953,0.030679218827573074
kuSala,6,17,472,17,0.9361702127659575,0.025222543400358455,0.12412080653617685,0.9795918367346939,0.0823962316325405,0.5855432974452565,0.9361702127659575,0.08230428848297233,0.6051839543283151,0.9361702127659575,0.014870549072832584,0.05262371845398506
kula,8,44,1285,120,0.9795918367346939,0.03762359758649003,0.31071463625251483,0.9795918367346939,0.13390050008007603,0.5963214710522944,0.9583333333333334,0.13564329557731103,0.5713115850953867,0.9795918367346939,0.026672504859364343,0.2223066356520369
kumAra,42,29,324,167,1.0,0.03943376075770555,0.16957776722377793,1.0,0.1038391896184645,0.604234585493209,1.0,0.14655092960667349,0.6975596456715816,0.9795918367346939,0.03445806500408677,0.23727806538063834
kutas,33,54,355,50,1.0,0.03172125300615358,0.1820371839482594,1.0,0.059660055743157026,0.3976938625061188,0.9583333333333334,0.09990067980347417,0.584112478830165,0.9361702127659575,0.04408763770176782,0.3284283883634641
kva,85,40,766,44,0.9583333333333334,0.04069503760451776,0.26774280843314724,0.9583333333333334,0.08532331251047198,0.402140850946626,0.9795918367346939,0.11661732718779438,0.5416717201820715,1.0,0.056501573913410263,0.35261314195196125
kzIra,36,9,107,34,0.9795918367346939,0.035428662181379855,0.20641866751148297,0.9795918367346939,0.11959351709588317,0.5777837033259595,0.9583333333333334,0.07802493201784344,0.2935454767512794,1.0,0.0387832880760548,0.21333544694704165
kzar,82,6,61,7,0.9795918367346939,0.048712308572544494,0.30414118743368057,0.9795918367346939,0.06548699282760873,0.41106711459290035,0.9795918367346939,0.10477721578848442,0.425004718411641,0.9583333333333334,0.04144304164544643,0.2575166522970658
kzatra,202,79,542,48,0.9795918367346939,0.06969009768983303,0.2997415377621544,0.9361702127659575,0.11176395666281436,0.4792861299205009,0.9795918367346939,0.1305226825452822,0.5436177824769655,0.9583333333333334,0.08888513942886433,0.30116190814982413
kzatriya,26,23,1028,97,0.9795918367346939,0.038054097603355874,0.2798448282287993,0.9130434782608696,0.11244652262674226,0.5077002611233907,0.9583333333333334,0.08910902414903032,0.5505649067742183,0.9795918367346939,0.03378577163775187,0.23601668864443948
kzaya,104,62,808,120,0.9795918367346939,0.11281516850034456,0.46601312806559003,0.9795918367346939,0.11837987395132143,0.4617349021426149,0.9795918367346939,0.16620335182736123,0.5289667475637267,0.9583333333333334,0.07026644793695491,0.3908262102041966
kzetra,78,11,217,248,0.9795918367346939,0.03689994677855679,0.15513270154145253,0.9795918367346939,0.10937772938565338,0.4813306225117855,0.9795918367346939,0.18669388005353638,0.573954650064316,1.0,0.09035959121897408,0.4849742097339622
kzi,129,60,236,44,0.9795918367346939,0.04417332941487517,0.36926724654788456,0.9583333333333334,0.06217055013056405,0.500110642378855,1.0,0.1058840226048896,0.5016770274162099,0.9583333333333334,0.026249204356731837,0.14830007560449532
kzip,41,9,429,43,1.0,0.0246123234427843,0.18228832673571238,0.9583333333333334,0.0929285338373117,0.5315302573802767,1.0,0.11836030868719971,0.6044182389611203,1.0,0.058217070511942914,0.27374847898105426
kzipram,13,6,644,20,1.0,0.041049143244807684,0.03411353608149614,1.0,0.06314357019091477,0.5802532076388072,1.0,0.11461580604318633,0.5925522476705154,1.0,0.02694331348814294,0.1360747278135025
kzuD,18,6,278,18,0.9583333333333334,0.02612104175583152,0.07511747129425628,0.9361702127659575,0.09613806080076714,0.5222698535591457,0.9361702127659575,0.08778460575462921,0.4767790817710168,0.9361702127659575,0.01765088793087799,0.06509232248500407
kzudra,8,18,180,19,1.0,0.027946006661680567,0.153895575111046,0.9583333333333334,0.09069757853702876,0.5581657198867329,0.9583333333333334,0.10284326825799639,0.6449165354629597,1.0,0.025556807849444807,0.25712041362438065
kzura,13,11,116,19,0.9795918367346939,0.024570519653161704,0.10016358040301743,0.9795918367346939,0.09056110183747734,0.37873315962005527,1.0,0.1233546666642863,0.4786677316664475,0.9795918367346939,0.02773761267128161,0.11007261119865419
kﾱp,50,17,65,23,1.0,0.05671182661295049,0.23031315248698125,0.9795918367346939,0.07956981468932378,0.3592187442525947,0.9361702127659575,0.06332094411951539,0.36408147675675573,1.0,0.04622245299648142,0.17159726669988884
laB,16,113,1423,167,1.0,0.042545429917274946,0.2626949922340853,0.9795918367346939,0.10368824870667981,0.5331640650238815,0.9795918367346939,0.10908374578208957,0.5488175920996674,0.9795918367346939,0.06179039714084844,0.2891207595248395
lip,7,25,88,18,0.9795918367346939,0.021996862876064727,0.164024914008293,0.9795918367346939,0.067883195012988,0.43681337920149943,0.9361702127659575,0.07970125022749308,0.36732379519971936,0.9795918367346939,0.015149828850433478,0.05586457218793095
lohita,35,41,152,20,0.9583333333333334,0.055157725943037805,0.24318996978477747,0.9361702127659575,0.08071309056359821,0.42350922179197614,0.9361702127659575,0.06941670010675605,0.40807286770448026,0.9361702127659575,0.01455732895242623,0.06865240711294851
loka,1086,1358,5742,216,0.9795918367346939,0.09038538478863234,0.2871827438458078,1.0,0.08903957667757667,0.47214446113315744,1.0,0.0775934277871444,0.4054337339418206,0.9583333333333334,0.07794194610173788,0.23826088662539457
loman,37,32,155,21,0.9361702127659575,0.054811206788192846,0.35689390992781345,0.9583333333333334,0.12380853300235017,0.5503246235006405,0.9795918367346939,0.13113962528365986,0.5629263099057848,0.9130434782608696,0.03239477033717353,0.20243206087817056
mA,1918,288,1357,380,0.9795918367346939,0.06738275392530113,0.23726852877923332,0.9795918367346939,0.08084879506044385,0.3911194349863355,0.9583333333333334,0.10062420264458272,0.5405134370714276,0.9583333333333334,0.06933753905803075,0.3455136213602711
mAMsa,57,30,521,121,0.8636363636363636,0.04431902128783838,0.20789746096692063,0.9361702127659575,0.08656728926695079,0.5821317797645021,0.8095238095238095,0.05219723862111525,0.40573658921325806,0.9795918367346939,0.051106328619818786,0.303117238868279
mAna,44,5,319,148,0.9795918367346939,0.06564487338710467,0.43145274904177544,1.0,0.09779755676803836,0.5662853755598705,1.0,0.19997680119998895,0.7013901792456323,1.0,0.13178120624131406,0.514431972925917
mAnava,14,9,339,21,1.0,0.027863560232865625,0.09271161936674943,1.0,0.0791875613624412,0.4617341952785854,0.9795918367346939,0.054104258189245136,0.4611390352004443,0.9583333333333334,0.018567977853709006,0.07195156908295508
mAnuza,166,40,831,52,0.8888888888888888,0.07485866935720142,0.31852332388456106,0.9583333333333334,0.1273260237790963,0.5820595831505184,0.9795918367346939,0.13897339042671797,0.5347684628615974,0.9130434782608696,0.055377321976410876,0.2184310772940503
mAsa,174,47,372,202,0.8372093023255813,0.058192781650056036,0.1413545332828201,0.8888888888888888,0.1281825932588997,0.36891160245032406,0.8372093023255813,0.07167922321560394,0.3144158920304283,0.8636363636363636,0.02428224697651038,0.1673382144507236
mAtf,419,73,1188,213,0.9795918367346939,0.04778477250891455,0.18077574576364364,0.9361702127659575,0.0774366198049321,0.34491966310044697,0.9130434782608696,0.05771216832240711,0.32650352278612793,0.9361702127659575,0.044350866476288386,0.19207438508844854
mAtrA,39,39,171,51,0.9795918367346939,0.08395822423587651,0.287373968990454,0.9795918367346939,0.07820104284847784,0.5393310711792441,1.0,0.09672929105744243,0.5728000572082455,0.9795918367346939,0.04777982117810642,0.17441924132847975
mAtra,13,302,385,240,0.9795918367346939,0.04950558935337934,0.3057863262293766,1.0,0.13658844707184703,0.6958723368226875,0.9361702127659575,0.1040864930047829,0.5564679164449536,0.9795918367346939,0.045938925433987365,0.2801208870985028
mAyA,110,14,458,17,0.9130434782608696,0.03022584461660338,0.1623210390441584,0.9583333333333334,0.10326814150709085,0.5879757284452216,0.9795918367346939,0.11202420488273768,0.5919245592543441,0.9583333333333334,0.02799701324592485,0.16182150844956478
mUla,36,78,674,222,0.9795918367346939,0.04505367526592785,0.38734185007248056,0.8636363636363636,0.13244076888669898,0.5968325949143602,0.9361702127659575,0.1112425239113829,0.5786657163359957,0.9795918367346939,0.020475600294790897,0.22257636533547598
mUrDan,108,60,528,25,1.0,0.09300445777190736,0.35934077841598955,1.0,0.10098461416205862,0.558096739519403,0.9130434782608696,0.08734747376503071,0.6007793031157219,1.0,0.06415589771877606,0.24928719740858885
mUtra,8,10,93,57,0.9795918367346939,0.023278132424360165,0.10220427725486758,0.9361702127659575,0.07655183454858949,0.4044570530116194,0.9361702127659575,0.10042692102681883,0.40723963444429845,0.9583333333333334,0.03005268867870603,0.2956634387697089
maDu,532,123,260,107,0.9795918367346939,0.08087038162424331,0.4272213729944614,0.9795918367346939,0.13698227882783875,0.6390498215971636,0.8372093023255813,0.05922336559294872,0.3492704509795499,0.8372093023255813,0.05051223798045201,0.11699755410112378
maDumat,184,9,7,17,0.9583333333333334,0.07916041287275244,0.3439047379103002,0.9361702127659575,0.05704532925313466,0.2593847343023634,0.9795918367346939,0.0885318367580511,0.2471473218728617,0.9361702127659575,0.059920877991996524,0.1551631451889226
maDya,170,77,1120,390,0.9795918367346939,0.03401027426917225,0.2496045686833558,0.9583333333333334,0.06189942691351469,0.5374769284292762,0.9583333333333334,0.07565505754692214,0.6192720624097037,0.9130434782608696,0.03416807493980911,0.20172804513682263
maDyaMdina,71,7,29,49,0.9795918367346939,0.07804443437560138,0.27960445167482306,0.8888888888888888,0.06115765157303432,0.31519039483335853,0.9795918367346939,0.11737104940772258,0.4314785279933423,0.9583333333333334,0.06202187987230545,0.22694391878539932
maDyama,78,27,166,262,1.0,0.07767148602369811,0.3828054888634942,1.0,0.13584860773094465,0.5545470467830491,0.9795918367346939,0.13486879043591538,0.5850765561196773,0.9795918367346939,0.055477175882966745,0.3327165643255705
maDyatas,87,6,11,5,0.9795918367346939,0.06684583398572363,0.2091466300293099,0.9795918367346939,0.04919207812791093,0.18843290435579818,0.9795918367346939,0.06579614313794302,0.2614025446037974,0.9130434782608696,0.04605750304685252,0.18039254131791604
maGavan,479,16,94,20,0.9795918367346939,0.04943136314777563,0.39796171074235387,1.0,0.07357473060454567,0.46222615646163956,0.9795918367346939,0.09277335902674433,0.4800303961680088,0.9130434782608696,0.08329396445580983,0.4024493069315229
maRi,155,8,384,51,0.9795918367346939,0.06363015746965317,0.3177575834513513,0.9795918367346939,0.10855392788578855,0.5469833496104192,0.9583333333333334,0.14696723766088382,0.5658462643771238,0.9583333333333334,0.04743574280436369,0.3628289319626994
maRqala,10,48,319,160,1.0,0.28563213730467807,0.5809176927737825,0.9583333333333334,0.07499813034007463,0.2830745521938818,0.9795918367346939,0.20029805435005177,0.4491251929444211,0.9583333333333334,0.2714986899979436,0.6285758395846596
maT,43,5,80,27,0.9795918367346939,0.02282874232735721,0.07776931820134048,0.8636363636363636,0.07392016446707106,0.4357890017236101,1.0,0.09245433436886996,0.525091827005154,0.9583333333333334,0.023392922794616466,0.11669486545465035
mad,8706,1558,27341,1552,0.9795918367346939,0.04655114568559138,0.23487595700101116,1.0,0.06946770026940807,0.35897408440102585,0.9795918367346939,0.13880808577310488,0.4280548613974198,0.9583333333333334,0.049766092676458595,0.15120454378981618
mada,420,5,275,58,1.0,0.05253096867405049,0.4143729392407989,0.9795918367346939,0.11575777776058083,0.6005138700446165,0.9795918367346939,0.17783750163768486,0.6391560028821411,0.8888888888888888,0.06715666161191536,0.18865198005725226
mahat,533,209,20030,368,0.9583333333333334,0.08129591992217655,0.40093147656471007,0.9361702127659575,0.12570407590582133,0.586981926979705,1.0,0.1594985138438858,0.5079653733100996,1.0,0.06457660243418162,0.2920964443384654
mahata,30,20,152,15,0.9795918367346939,0.04213763516105684,0.26299029584064715,1.0,0.08593825347476913,0.5855421293234269,1.0,0.06225435840243243,0.45722081100939693,0.9583333333333334,0.03487345883410686,0.2539147163054075
mahiman,123,42,25,7,1.0,0.03730377826088849,0.3590158912942645,0.9583333333333334,0.07006043077031487,0.41916350578909867,0.9795918367346939,0.049819980629085436,0.22171046450331178,0.9795918367346939,0.041090338140547744,0.17231023777525079
majjan,28,20,34,6,0.9795918367346939,0.05179407434583394,0.23001984301258904,0.9583333333333334,0.083017789674525,0.31593959717948406,0.8888888888888888,0.06817404273580718,0.2657534891241744,1.0,0.022773170054652514,0.10585327633441488
mala,16,12,117,17,0.9795918367346939,0.018962876736658973,0.1038727731781588,0.9795918367346939,0.11517976275959818,0.49372649434314364,0.9795918367346939,0.10229747526730348,0.47107923880058944,0.9795918367346939,0.018355033904516538,0.05514559793716556
man,275,252,2297,161,0.9795918367346939,0.03614510955149519,0.19048825896051658,1.0,0.0771128646569691,0.40077875625956283,0.9795918367346939,0.049680668563168884,0.43440942623420487,0.9795918367346939,0.030520538646631512,0.2537638015376179
manIzA,82,5,6,8,0.9795918367346939,0.04371744108132303,0.3120173041053058,1.0,0.07036643767009654,0.09362354710902943,1.0,0.06951152125547166,0.19313517088440058,0.9361702127659575,0.034950284068612336,0.1748137926208333
manas,729,594,2628,162,0.9130434782608696,0.03987074236545296,0.14054890605980752,0.9130434782608696,0.07199932122140729,0.3782424701068887,0.9795918367346939,0.07188677018424694,0.4305936459769104,0.8888888888888888,0.042256773202995035,0.09308495464578248
manda,5,7,342,18,0.9583333333333334,0.01878854639393046,0.13284809818953347,1.0,0.10747315875588881,0.5713557983067792,0.9795918367346939,0.09711477775677446,0.5755785008754158,0.9583333333333334,0.01516038706180145,0.11533767510884263
mantra,48,229,598,594,0.9795918367346939,0.034811754185167576,0.24417347658500188,0.9361702127659575,0.08777905427621513,0.49751550323045024,0.8888888888888888,0.08979783113930662,0.4785415295093337,0.9583333333333334,0.018667423000287675,0.18453610286077538
manu,132,18,198,60,0.9795918367346939,0.05538367046786008,0.21719197777145227,1.0,0.11462554354539589,0.4040676001150345,1.0,0.09959231384162526,0.3965833655097051,0.9583333333333334,0.030160132405020024,0.1763723798453971
manuzya,141,165,605,84,1.0,0.08867224844766197,0.3891838211794647,0.9583333333333334,0.08636342553801146,0.5120418671951337,1.0,0.10701959893210278,0.4919569605374573,0.9795918367346939,0.05560651379158976,0.32799678246617003
martya,271,56,301,6,1.0,0.10587135997135,0.6144935048495843,1.0,0.12277778674485806,0.546728797782523,0.9795918367346939,0.07805498234419261,0.48376030377392953,1.0,0.06858622252444979,0.3559500788197436
marut,641,8,219,67,0.9795918367346939,0.09087324405925101,0.39674914493989455,0.9583333333333334,0.08253203574263779,0.4341018093454484,0.9361702127659575,0.09779087278294885,0.411688559156425,0.9361702127659575,0.051399322967175864,0.18203147883207116
mati,188,28,697,28,1.0,0.06676719454267666,0.5428372569797492,0.9361702127659575,0.0788936695419884,0.5458083143246691,0.9795918367346939,0.11039368625877466,0.5120737122938264,0.9130434782608696,0.05329709957958406,0.11144788250720028
matsya,7,5,332,23,1.0,0.015376929871453449,0.043507604408967504,0.9795918367346939,0.08503675659974652,0.610047333269838,1.0,0.11470560308361755,0.617016076207883,0.9583333333333334,0.017917847446997426,0.08906546394138959
maya,31,188,485,40,1.0,0.10028384401581769,0.3949935698204392,0.9130434782608696,0.12129041737697621,0.600677004351121,0.9583333333333334,0.13225638965587994,0.6087728709401938,0.9583333333333334,0.08950601042181683,0.45655504661962687
mayas,64,261,170,18,0.9361702127659575,0.1038274796596308,0.3742544346143448,0.9583333333333334,0.132550331405914,0.6165632230572902,1.0,0.1094109463370111,0.5347652523620442,0.9795918367346939,0.06991420329818299,0.3508014873155173
meDA,50,32,45,17,0.9130434782608696,0.030003022120554168,0.1821001022755978,0.9130434782608696,0.08059054639059582,0.3046887730217923,0.9583333333333334,0.11137138497750698,0.38136928572694184,1.0,0.0515949053393715,0.09947510067332976
meDya,9,11,51,21,1.0,0.03956717048280778,0.13031188670481497,1.0,0.08236934093463266,0.39781987423738985,0.9583333333333334,0.09337581068516321,0.38607044666819934,0.9795918367346939,0.029662835428995726,0.0780706562886111
medas,12,11,45,7,1.0,0.01768351802764112,0.11421927480395055,0.9583333333333334,0.07838363046940588,0.30039222323954107,0.9795918367346939,0.10033689939569923,0.38626748881467154,1.0,0.018440872935217123,0.021283121987895393
mf,126,94,495,61,0.9795918367346939,0.094537253413154,0.3334086187360984,0.9361702127659575,0.08279478015837038,0.45217725384463314,0.9795918367346939,0.09228128641829925,0.47650941012111137,1.0,0.043340085599193556,0.2992170455819635
mfd,5,80,183,37,1.0,0.07450902391765446,0.5234547410501388,0.9583333333333334,0.19142553942293983,0.5971872866396581,1.0,0.115148473235411,0.4019103684536883,0.9795918367346939,0.037239547862946476,0.31929374629750096
mftyu,203,333,821,23,0.9583333333333334,0.060725414260491495,0.2621507414321378,0.9583333333333334,0.0772468315754602,0.46401921069073127,0.9583333333333334,0.0947468615761029,0.541245892453895,0.9583333333333334,0.05361423486845429,0.3038277035652337
mfzA,6,16,62,5,0.9795918367346939,0.021365488652551168,0.17658658758716483,0.9361702127659575,0.1045214297865853,0.3414623404510799,1.0,0.07839072944213266,0.3548049548507257,0.9583333333333334,0.018942808792221766,0.019435337228936755
miSra,7,7,49,32,1.0,0.03153977367421901,0.049538276909966816,0.9130434782608696,0.06279556081734838,0.3929894795763884,0.8636363636363636,0.05372628671499102,0.4358434712088163,0.9795918367346939,0.02678461274667643,0.3055350819599205
miTuna,89,38,52,9,1.0,0.09427280298547558,0.2943290686828459,0.9795918367346939,0.08614205354831217,0.5914023424065074,0.9361702127659575,0.07145863880851122,0.38816790172869475,0.9795918367346939,0.03664100171458584,0.24439580397148752
mitra,519,13,602,372,0.9795918367346939,0.06443913716789285,0.33718679289812115,0.9583333333333334,0.15768233334386372,0.561939496177045,1.0,0.10871339296127702,0.4936823879887138,0.9361702127659575,0.08010800155204367,0.3456468220632871
muKa,184,109,1066,244,0.9795918367346939,0.06045767008120828,0.3104963943773047,0.9130434782608696,0.08893788010691561,0.5457248342459415,0.8636363636363636,0.0746751879377856,0.5166828268646785,0.9583333333333334,0.044999868008824495,0.37273329332141136
muc,325,71,1273,55,0.9795918367346939,0.047049933047370374,0.19936659468444717,0.9795918367346939,0.07350130150860767,0.41676011146229486,0.9361702127659575,0.07704544028956006,0.4719415755914911,0.9583333333333334,0.061972879138782244,0.21433517285464476
mud,30,10,616,5,0.9583333333333334,0.012847996227096092,0.03712005023029408,0.9583333333333334,0.08817303909142193,0.5706746723172108,0.9795918367346939,0.10330005267315034,0.6102051980515071,1.0,0.019231690101835452,0.03941923745883191
muh,24,31,492,5,1.0,0.021442480197547575,0.20733183296940116,0.8888888888888888,0.0940153826904987,0.4973916667204541,0.9795918367346939,0.06723954073680105,0.5305886078275113,0.9795918367346939,0.01762542830733871,0.01734729719294925
muni,23,11,1891,20,0.9795918367346939,0.01743328496660479,0.14412780450393003,0.9795918367346939,0.1137763818893659,0.5477373592091815,0.9795918367346939,0.07570002096080786,0.5496174147659985,0.9583333333333334,0.02064777882265567,0.07123933142924099
muzwi,11,6,164,39,1.0,0.019792073219015216,0.14416787884404236,1.0,0.11317619264083534,0.5801334298433436,1.0,0.10736825726587307,0.43877115325469607,0.9795918367346939,0.02034559318050766,0.2720262070099798
nABi,115,17,67,33,0.9795918367346939,0.047263957576757276,0.23601159103749247,0.9361702127659575,0.09564116382450583,0.3570385686439467,0.9795918367346939,0.06616754549125947,0.3041441673533387,1.0,0.04603081687398425,0.19660544108765965
nAka,88,8,45,9,0.9583333333333334,0.07573354511581076,0.4860268697328305,1.0,0.08991724678513657,0.5711522761244758,1.0,0.08208058972650256,0.3986024234228419,0.9361702127659575,0.05634961287462903,0.31309890402285867
nAmaDeya,13,28,37,18,1.0,0.036703639935704135,0.41505973757602166,0.9583333333333334,0.14748596816950932,0.4821882583527247,0.9361702127659575,0.07677231548227459,0.29819164209888993,1.0,0.010442457034622099,0.16053461264216007
nAman,438,595,1999,255,0.9795918367346939,0.062346905666020414,0.42716391734565673,0.9795918367346939,0.10211946598883015,0.486237223425497,0.9795918367346939,0.07901458950548979,0.46232818987017343,0.9795918367346939,0.02602223870042064,0.1537346794097474
nAnA,85,35,810,52,0.9795918367346939,0.08764156058297479,0.3966006162791291,1.0,0.10309950340695861,0.5794731630406065,0.9795918367346939,0.11318590690557007,0.5637786479333804,1.0,0.058082256866458626,0.26948977394983764
nArada,10,11,742,7,0.9583333333333334,0.022709138992750733,0.11118640302806237,1.0,0.09483979141640031,0.48142371558249775,0.9795918367346939,0.10030104806674778,0.49515431010054056,0.9795918367346939,0.024885303370898226,0.01788616148292199
nAsikA,13,15,41,9,1.0,0.05418667850132186,0.23819491645333535,0.9130434782608696,0.09434299588436867,0.32392327627910744,0.8888888888888888,0.08295120029539838,0.33225366548353263,0.9795918367346939,0.04839551106234874,0.17831082296265155
nI,353,65,659,94,1.0,0.059398660724939156,0.3001259615794112,0.9583333333333334,0.12413690217367557,0.5104914165606399,1.0,0.10432285026879118,0.41965124198522763,0.9583333333333334,0.027535733143593144,0.17465275805463432
nIla,13,28,282,23,1.0,0.03690752742763226,0.28234031732427733,0.9795918367346939,0.08901549340858816,0.5610813446021938,0.9130434782608696,0.07009389262331656,0.4903814895834344,0.9361702127659575,0.020837151796230025,0.0828811023646503
nUnam,135,17,396,10,0.9795918367346939,0.040968491962105724,0.2559786372494248,0.9583333333333334,0.08051732849142457,0.47972847304612043,0.9795918367346939,0.11218445013332523,0.6218625129436419,0.9583333333333334,0.044666866226499846,0.24939713362289107
na,3964,4180,23886,2881,1.0,0.036657486666606065,0.17885823870407425,0.9361702127659575,0.06120216038020898,0.3130277452066106,0.9795918367346939,0.052314402056622744,0.3058312895918618,1.0,0.0205747215963612,0.15877555713532798
naKa,11,24,115,33,1.0,0.04882461015501671,0.31475348806451653,0.9583333333333334,0.10268362068602466,0.3652023347918585,0.9795918367346939,0.13897722846555882,0.3565588121706713,1.0,0.037530907788870804,0.2684594273824632
naS,192,19,510,66,0.9795918367346939,0.02673190831055572,0.18891134337803384,0.9583333333333334,0.09935125603315986,0.5121782269750007,0.9795918367346939,0.09420780953957542,0.5558648481042892,0.9361702127659575,0.020909170451383297,0.1025331642142916
nadI,114,21,725,60,0.9361702127659575,0.04166323151613038,0.23793379807600012,1.0,0.09076171172412528,0.4366700952365834,0.9583333333333334,0.14343069357167748,0.4852404198604532,1.0,0.0432966465115181,0.19582937265621336
nakzatra,65,39,235,109,0.9361702127659575,0.051963886682248384,0.23843829774186842,0.9583333333333334,0.0874086516844319,0.41435743984306406,0.9583333333333334,0.11068016867270636,0.542980286727641,0.9583333333333334,0.03128474182403429,0.2220724752595229
nam,78,6,170,33,0.9795918367346939,0.022565280272525468,0.3450227239183473,1.0,0.11406397504752286,0.5381453712483512,0.9583333333333334,0.08246613347261922,0.5876034476409593,1.0,0.08990712013463975,0.6451447110413357
namas,567,43,631,154,0.9795918367346939,0.04462872638186244,0.24124611800534723,1.0,0.15044574212477368,0.5654971274404954,1.0,0.13736312172361675,0.5183659676748184,0.9583333333333334,0.061060919461338514,0.22310298767750414
nanu,7,207,83,79,1.0,0.023448462717628904,0.2871443837022867,0.9130434782608696,0.08526972747934936,0.4213147005475748,0.9361702127659575,0.10865531262300221,0.49174890264941906,1.0,0.07050896800924056,0.3994462362865059
nara,116,7,853,15,1.0,0.053283271769084206,0.2635072204545076,1.0,0.08575678024561995,0.5800858914689865,1.0,0.09786161278376782,0.5787766884938597,1.0,0.040280295400157096,0.205990599133284
navama,48,14,23,47,0.8372093023255813,0.047851568437054626,0.0923752650064723,0.6486486486486487,0.05520224137113805,0.2182495855612382,0.6842105263157895,0.02980773467414466,0.1637375785312376,0.8095238095238095,0.04048062053508816,0.12496497739252632
navan,150,8,262,213,0.9795918367346939,0.05840531740964028,0.34265612014395375,0.9795918367346939,0.12621421184420245,0.5250965282072318,0.717948717948718,0.04317001460272474,0.5032493449840423,0.7804878048780488,0.03788540059394674,0.2373145982508691
netra,6,7,305,8,0.9795918367346939,0.018658414587740313,0.18555651916270466,1.0,0.12896693646897595,0.5252948189994339,1.0,0.11221530047333994,0.5678733388937873,0.9583333333333334,0.015257717784236902,0.0463524261823367
nf,578,35,3929,143,0.9583333333333334,0.023116371832407667,0.2196148507412432,0.9583333333333334,0.08648788846531041,0.5268927629665145,1.0,0.1405626345840928,0.5477205358516075,0.9583333333333334,0.057693178446680204,0.21546168698350177
ni,825,7,23,29,1.0,0.046449672647916884,0.35211480357585545,1.0,0.11592577957395978,0.3862664296564924,0.9583333333333334,0.14310992573917347,0.42602379039714033,1.0,0.056228882841073524,0.3444795237754962
niDA,119,31,101,164,0.9795918367346939,0.06265059186570254,0.22488973367646792,1.0,0.0873706263892513,0.43455379356905177,1.0,0.1046418492330966,0.4429285057252941,0.9795918367346939,0.0394787137506285,0.23527089340522034
niDana,115,48,284,10,0.9795918367346939,0.10724161759196082,0.34161045067889384,0.9795918367346939,0.12902125010085452,0.6586959646924979,0.9795918367346939,0.07759129634262152,0.5484160416993387,1.0,0.0718560413661894,0.2554890265336305
niDi,31,14,134,17,0.9361702127659575,0.026907154645512632,0.265220684326406,0.9583333333333334,0.1261536796436139,0.458124703959912,1.0,0.16724934084675003,0.6112587085628959,0.9583333333333334,0.014315683179583538,0.12164241979832968
nigam,9,7,21,6,1.0,0.019420738038139485,0.022759766088728206,1.0,0.07370867823942373,0.18452162255707782,0.9795918367346939,0.05571162344807579,0.20325885557790402,1.0,0.02240667340169411,0.07105744381821355
nind,19,21,110,17,1.0,0.06587566007826373,0.2618033199355648,0.9795918367346939,0.1274036097800626,0.5225304796624723,0.9583333333333334,0.06616661182682482,0.3738658815098934,0.9795918367346939,0.019989190463351014,0.058910222699739334
nirmA,9,13,135,13,1.0,0.029197382735909216,0.17994516014467832,0.9795918367346939,0.12206412550448487,0.6071264172881017,1.0,0.07266836509514096,0.46142625508203716,1.0,0.019777194586681923,0.029290632485995838
niruD,9,8,47,6,1.0,0.01346920203397206,0.08170657575005302,1.0,0.11118119347811006,0.4108336951019498,0.9795918367346939,0.10071474861256347,0.3644993191223159,0.9583333333333334,0.011667569615087081,0.0405785568445689
nirvac,20,12,35,6,0.9795918367346939,0.04873492289332615,0.1709461696442791,1.0,0.13013798040626756,0.2946210000931715,1.0,0.07830630715379772,0.2829976226574351,0.9795918367346939,0.04164816161773899,0.06434377283062176
nitya,41,175,461,198,0.9795918367346939,0.06037031586774422,0.42379670403371816,0.9130434782608696,0.10477976902657538,0.7022496777663696,1.0,0.09644998085794121,0.6597161996277956,1.0,0.04786118491405056,0.4148669248854626
nityam,13,42,1855,165,0.9583333333333334,0.037720396089418906,0.3145608408827416,0.9583333333333334,0.1183728954112161,0.6061323186788758,0.9583333333333334,0.0927543801865367,0.4822414624017036,0.9583333333333334,0.02097059499435905,0.20815214540890503
nivft,6,63,628,33,0.9795918367346939,0.0257753466376599,0.2554990676988709,0.9130434782608696,0.09789306449284052,0.5969830825156561,1.0,0.09340550170295359,0.5264791297438145,0.9795918367346939,0.021590288715646277,0.14295009491227528
nivid,48,10,8,77,0.9361702127659575,0.04274604853804731,0.15264509477913957,0.9583333333333334,0.053480773778924795,0.2682070257664412,0.9795918367346939,0.09471775039644437,0.42524453343098534,0.9583333333333334,0.0838087785499646,0.29505899966890214
niyam,5,34,569,104,1.0,0.028231050361955168,0.239971577748465,0.9583333333333334,0.11480675677944441,0.6485648123754981,1.0,0.1210570505338513,0.6540305865151785,0.9795918367346939,0.06349786731542506,0.4109106043397972
niyuj,6,12,154,40,1.0,0.05795002465479848,0.2882270856614787,0.9583333333333334,0.0872938627377916,0.4703341890954288,1.0,0.09062496277241372,0.3980363758851535,0.9795918367346939,0.05740413835791813,0.24581618516986814
nizWA,17,33,133,12,0.9795918367346939,0.025027979811247048,0.20577210663139955,0.9583333333333334,0.08527272375887407,0.4915334734952971,1.0,0.0757187376373536,0.3384182788056882,1.0,0.021382282062255897,0.11208926611010162
nizka,12,10,87,7,1.0,0.054307974005874615,0.20663811825844824,0.9583333333333334,0.13211502098296013,0.5581576344506571,1.0,0.09229099058348222,0.4355393917515653,0.9795918367346939,0.02549297939452755,0.06134726486053377
no,26,17,44,5,0.9795918367346939,0.0238437427028112,0.14303103229228942,0.9795918367346939,0.08142359489977968,0.2844100772212763,0.9795918367346939,0.09651669950915387,0.3300754157266903,0.9795918367346939,0.02954620991321233,0.20193084050662058
nu,486,136,696,122,0.9583333333333334,0.07481270525622319,0.39640398739962546,0.8888888888888888,0.0980637391966741,0.43584155517152623,0.9583333333333334,0.15019468340593345,0.5153228911897607,0.9795918367346939,0.054541740734979305,0.26679926182553415
odana,154,9,14,82,0.9795918367346939,0.059342256494322454,0.24772870212719078,0.9583333333333334,0.06359539261170832,0.20833381764063985,0.8636363636363636,0.04724446610977184,0.2537074012925602,0.9795918367346939,0.07795482089574435,0.45670449096307797
ojas,412,5,441,57,1.0,0.05212798052655565,0.41349819686973577,0.9361702127659575,0.08875518511066882,0.6283277116692376,0.9583333333333334,0.11048942017437269,0.6428881342526641,0.9130434782608696,0.1050514300851324,0.47074715426374747
ozaDi,343,26,138,53,0.9361702127659575,0.034502471851229566,0.2004393811669587,0.9130434782608696,0.08461977069132331,0.326254021099307,0.9795918367346939,0.10857677267396837,0.3972981331904284,0.9795918367346939,0.035071737094833466,0.15121681385658814
pA,1240,62,792,282,0.9795918367346939,0.09505325511949869,0.43591328899922543,0.9130434782608696,0.06995659763571871,0.4364641343138095,1.0,0.11087022020699311,0.5079714037113197,0.9130434782608696,0.04336726666509605,0.23549320760807313
pARi,52,42,652,106,0.9795918367346939,0.02988099153117163,0.20739952951924012,0.9795918367346939,0.08610480306104884,0.5528381863264061,0.9583333333333334,0.08624761683359483,0.45752563360947773,0.9795918367346939,0.03840474724087817,0.2609002680501862
pASa,132,13,238,96,1.0,0.043902550264272366,0.2529364309058968,0.9795918367346939,0.09329059885741031,0.4963511445178238,0.9795918367346939,0.16430610897887088,0.5689561320821201,1.0,0.10914704811313491,0.3825026170676329
pAd,37,53,65,30,0.9583333333333334,0.06332960123772036,0.33390137088695115,0.9795918367346939,0.08826939470395379,0.5572647140391981,1.0,0.09385739612429311,0.31545713727793534,0.9361702127659575,0.01809052046698434,0.12318590915258965
pAda,60,83,723,393,0.9795918367346939,0.0898031864621045,0.38536234685398896,0.9583333333333334,0.09973097404653553,0.5921532164961835,0.9583333333333334,0.12939098878757616,0.5881575033317568,1.0,0.06886264438683964,0.34991399950562874
pAna,24,24,205,48,0.9583333333333334,0.018675487495003584,0.12499933299556998,0.9583333333333334,0.09093700911549552,0.4691955078637843,0.9130434782608696,0.06578983830236673,0.40910927205100256,0.9795918367346939,0.032822270661181374,0.24435859547693828
pApIyas,20,6,33,9,0.9795918367346939,0.06657744773128671,0.14184415818990503,1.0,0.10779156524640465,0.2973414534136041,1.0,0.090719707182916,0.3093463888012944,0.9795918367346939,0.03279868596832913,0.2377194189510201
pApa,71,105,2101,87,1.0,0.04537086298366444,0.328762608635343,0.9583333333333334,0.0695490322755623,0.49654430604973876,1.0,0.09495769797933173,0.5254738332564426,0.9361702127659575,0.02085626645660721,0.14926094995920614
pApman,123,158,81,37,0.9130434782608696,0.08112809828008305,0.19640061343809978,0.9361702127659575,0.1374780126062044,0.4728612326442245,0.9795918367346939,0.08630179490531531,0.4465998918438935,0.9583333333333334,0.07670369195156101,0.3957513586577919
pArSva,23,10,248,228,0.9795918367346939,0.04324528148660356,0.09932342618921952,0.8636363636363636,0.07300703630396488,0.5020486027658897,0.9583333333333334,0.12156552229176187,0.5378234485826627,0.9583333333333334,0.04921506939979614,0.23530194968500573
pArTiva,101,14,1299,33,1.0,0.03906913385522115,0.3425300572949618,1.0,0.081946179494375,0.4833967358603172,1.0,0.13805627522718922,0.48734775758495674,1.0,0.04526163120007165,0.4239476953939805
pAra,45,14,139,11,0.9795918367346939,0.01911129517112864,0.17718046638820129,0.9583333333333334,0.07941265746653725,0.44431131776918886,0.9795918367346939,0.08120672236325766,0.5582439748599841,0.9795918367346939,0.035441394301442,0.13675393072721753
pAtay,11,7,558,11,0.9583333333333334,0.01520291051838707,0.061652899764612856,1.0,0.08218175400800898,0.5802299508194574,1.0,0.10610682579962694,0.47832257939743095,0.9583333333333334,0.00949261896986231,0.0647915536146284
pAtra,93,19,174,188,0.9583333333333334,0.018431454167770256,0.1759456987341601,0.9361702127659575,0.08979150263379976,0.4575235067152712,0.9130434782608696,0.09791370350915407,0.43270817351852364,0.9795918367346939,0.032805343443693014,0.26623662320366503
pOrRamAsI,30,6,38,107,1.0,0.04178814340371961,0.1236965691372569,1.0,0.09897456737095545,0.29952943014469857,0.9583333333333334,0.12156022617513418,0.4796440802031101,0.9583333333333334,0.07378873893450866,0.34998914917358714
pOtra,9,8,225,15,1.0,0.022713790404409573,0.10958316972530635,0.9795918367346939,0.07327048596525254,0.46698019436643134,1.0,0.08125514254767885,0.5281899959041687,0.9583333333333334,0.014571938801010709,0.06036168269665787
pU,1209,23,189,69,1.0,0.047176129970112446,0.37729635513530213,1.0,0.08957393262240532,0.4127664894886851,0.9795918367346939,0.09573961937913245,0.45160173151319405,1.0,0.10271591338117714,0.2892800360314929
pUray,6,13,163,75,1.0,0.04508264012400465,0.10984535067661305,1.0,0.08528511402474381,0.5059494843414702,1.0,0.13416010860770855,0.7308178165187663,0.9795918367346939,0.05278343076640879,0.43865756593236793
pUrva,426,313,2003,908,1.0,0.06830226824550434,0.2858734196124477,1.0,0.08105172765223279,0.4693289869693137,0.9583333333333334,0.050720100788305356,0.49131452797101227,0.9795918367346939,0.029074987926132168,0.28965190348385506
pUzan,181,13,30,28,1.0,0.05760004604472446,0.3661304993007891,0.9795918367346939,0.09896831601998535,0.3391020455112008,0.9583333333333334,0.10286545782260981,0.34846277811407567,0.9583333333333334,0.05484096661099325,0.13823042403389507
paS,443,375,3148,187,0.9361702127659575,0.07676038919988915,0.2811196150950652,1.0,0.1153320931325148,0.41452804890164807,0.9795918367346939,0.16826374562767965,0.5387208565575377,0.9795918367346939,0.07131711880618874,0.23026859099037167
paScAt,91,45,337,263,0.9583333333333334,0.03319650998093704,0.2077029051493735,0.9795918367346939,0.09421257758801627,0.5399478057475553,0.9795918367346939,0.10952675877559259,0.5325065624389245,0.9361702127659575,0.0442404698889195,0.20546979867657744
paSu,1004,154,358,392,1.0,0.055716573535980585,0.326319032156668,0.9361702127659575,0.1069376334415364,0.43526161206460334,0.9361702127659575,0.09245956033533753,0.365467070618006,0.9795918367346939,0.06538017612324731,0.2781501791205161
paSyata,9,9,230,5,1.0,0.024662810865833107,0.15763246691734356,0.9583333333333334,0.08938413059245609,0.503157133399831,1.0,0.0877425432219111,0.517285010493137,0.9795918367346939,0.025519991473738735,0.030674895825608006
paTin,323,67,574,121,0.9795918367346939,0.0691558678958828,0.3532673278128867,0.9795918367346939,0.10537688547450386,0.5066996641693907,0.9795918367346939,0.17295273031284253,0.5498810008159447,0.9795918367346939,0.05555313195623701,0.32235035982482785
paYcadaSa,190,17,24,179,0.9130434782608696,0.06494593735410625,0.40135444680065857,0.717948717948718,0.0475340618677208,0.29016342820640006,0.75,0.05305387929933447,0.2744257639391725,0.9361702127659575,0.051463533511043935,0.25394721211672266
paYcama,59,93,167,258,0.7804878048780488,0.06643910950645715,0.18182787455660543,0.7804878048780488,0.06777621391954536,0.33351859841693554,0.8888888888888888,0.0749891187510845,0.3948901310676982,0.8095238095238095,0.047695048258041495,0.13865647130182557
paYcan,290,71,1177,492,0.9795918367346939,0.07127535278362207,0.24194070638465826,0.9361702127659575,0.09730472554600433,0.4688601052306547,0.6111111111111112,0.05179673872504542,0.4175902010777941,0.8095238095238095,0.03264416650777846,0.1669958501470964
pac,89,11,92,13,0.9583333333333334,0.036161911400422686,0.21276784400854964,0.9795918367346939,0.08088012609484374,0.3576050871040847,0.9583333333333334,0.06374645473258,0.37191022793872175,1.0,0.029735416804770987,0.2033565932639685
pad,214,38,315,197,1.0,0.05783311500684518,0.2879697237532247,0.9583333333333334,0.12692748069681514,0.6388470149467923,0.9583333333333334,0.10323916774084374,0.4015021549854979,0.9795918367346939,0.02178589623119198,0.1732284143430718
pada,201,69,488,196,0.9583333333333334,0.059169625051421315,0.31101080689005345,0.9130434782608696,0.10539877237353679,0.5148166255959905,0.9583333333333334,0.07918050714142444,0.46004207415862974,0.9583333333333334,0.035920034534335565,0.15910846230965037
pakza,78,80,400,666,0.9361702127659575,0.045522610833025334,0.31230374843283326,0.9795918367346939,0.1522625580494653,0.5341579478786079,0.9361702127659575,0.12974725708333623,0.42291907262462725,0.9795918367346939,0.037904536725116955,0.14778438031415286
pakzin,28,20,393,46,0.9795918367346939,0.05190590742458645,0.3692206658989523,0.9583333333333334,0.07033043173677311,0.535568247975299,0.8888888888888888,0.1318921480933306,0.4321058323636747,0.9795918367346939,0.04076804112932397,0.27076850936491015
palASa,6,11,45,46,1.0,0.02058886618099076,0.13246370671895136,0.9795918367346939,0.1060836209543895,0.4596467406555287,0.9583333333333334,0.08940978904534047,0.4601684201090075,0.9361702127659575,0.030280570739071977,0.39960913465068226
parI,59,13,194,25,1.0,0.04876600534331588,0.11236569541223829,1.0,0.12093171163711003,0.5731929793126339,0.9583333333333334,0.08867148941049519,0.6079529465380913,0.9795918367346939,0.03573335530791322,0.1738658327570941
parRa,44,8,117,51,0.9795918367346939,0.02624688804774644,0.12029068270743748,1.0,0.09362616812393398,0.475455320908422,0.9130434782608696,0.07760548521735988,0.5505811348559354,1.0,0.026491144007431022,0.39689103157090433
para,337,430,4244,588,1.0,0.0618336955765596,0.3087677523996032,1.0,0.07447798158262564,0.438269151998237,0.9795918367346939,0.13576925650191696,0.4620240295538187,0.9795918367346939,0.0641498257326486,0.2636940709021579
parama,171,123,2485,46,0.9795918367346939,0.07045231948618669,0.30200908722025943,1.0,0.09694430689545064,0.36534764504889883,0.9795918367346939,0.10586868184478337,0.5265537803764719,0.9361702127659575,0.06870325844323866,0.4546447893406831
paras,94,38,8,15,1.0,0.09762029893234014,0.590396290496107,1.0,0.09594991854835533,0.4711709328216056,1.0,0.07450703576353923,0.18561996766090272,1.0,0.03906110614704783,0.2775122963843313
pareRa,13,32,64,10,0.9583333333333334,0.03426771561411146,0.16974004131300013,1.0,0.08655507394297801,0.43546816202303096,1.0,0.09190160677988113,0.3480761616352106,0.9795918367346939,0.013263673131650777,0.05841484292959365
pari,1018,6,9,34,0.9583333333333334,0.030533948539615552,0.2895114244395893,0.9795918367346939,0.06584833474449281,0.15776870727451175,1.0,0.1027340300276085,0.36905174928710105,0.9583333333333334,0.04866426254051426,0.2626635621560329
pariDA,64,7,17,115,1.0,0.04040186139234758,0.16318219719443672,0.9795918367346939,0.12084940072875794,0.41595243783068425,1.0,0.1481585584627737,0.536894315066407,0.9583333333333334,0.09041008696540265,0.2956455952408483
pariDAna,8,5,5,6,0.9795918367346939,0.02567071295871759,0.02394102986732305,0.9795918367346939,0.10001573573684686,0.29131874475162267,0.9583333333333334,0.08092803982998253,0.16107831834134223,0.9795918367346939,0.018912096760320463,0.030649990686191342
parigrah,38,15,121,57,0.9795918367346939,0.07378006064836706,0.26082099917846335,1.0,0.0979266003273459,0.5040973560508708,0.9583333333333334,0.11481126479844572,0.5398934714175287,0.9583333333333334,0.04037960040730493,0.09946759962132024
parihf,14,26,28,23,0.9795918367346939,0.02866181276013402,0.1985049329611227,0.9361702127659575,0.082368405255836,0.19800572208161116,1.0,0.06574823839767319,0.18695411909311388,0.9361702127659575,0.015542186639867506,0.09757371337198584
parizad,5,8,33,14,1.0,0.025593059835217646,0.05743419606348821,1.0,0.06482033082595418,0.3647307153292233,1.0,0.12290753804771648,0.44343225519454943,0.9361702127659575,0.020289733532583787,0.10246773493519978
parokza,20,33,46,12,0.9795918367346939,0.06311236531377251,0.3726447905332315,0.9795918367346939,0.10930801820925551,0.3580126543916502,0.9130434782608696,0.06030620624355587,0.2899705216862709,1.0,0.0460222919156823,0.21487395357655958
parvan,69,5,538,71,1.0,0.0442424872544509,0.30870848334927903,1.0,0.1127867180826343,0.6095232911929906,0.9583333333333334,0.209338756025222,0.7803769572931445,0.9795918367346939,0.0862710869734139,0.5235256246915989
parvata,193,16,1033,27,0.9583333333333334,0.050512101198524895,0.16296893375021915,0.9361702127659575,0.08224320985083433,0.48868263994473216,0.9795918367346939,0.14247621968964486,0.5120933281851759,0.9583333333333334,0.031127281046384958,0.09673626353464637
paryAya,11,20,84,30,1.0,0.04669764308544622,0.21753251315169386,1.0,0.09535344619081398,0.4162311281647555,0.9583333333333334,0.0764101716342237,0.3605745820232964,1.0,0.06143748148345485,0.17700075414707894
pat,174,40,1570,57,1.0,0.039018189405162884,0.2878631196880954,0.9583333333333334,0.10324342401231967,0.4931513969740522,0.9795918367346939,0.1340803378646962,0.5488947708878209,1.0,0.03054274894807263,0.20542651903093068
pataMga,23,14,74,10,0.9795918367346939,0.023975897952050906,0.11006076788156594,1.0,0.06510683575074128,0.4631302318685324,0.9795918367346939,0.06969475567801331,0.486157001072018,0.9795918367346939,0.02443594815356609,0.0636997169841449
pati,644,46,1723,251,1.0,0.08780672881742269,0.3355473314804771,0.9583333333333334,0.09152439882103658,0.5688881751622555,0.9795918367346939,0.13593923754193915,0.5722747648122947,1.0,0.07206959386097089,0.20169367730416177
patnI,165,13,306,116,1.0,0.03749098250915073,0.15572429902992457,0.9361702127659575,0.08832131296257906,0.47769213174238345,0.9795918367346939,0.11295088513533658,0.5282824003057753,1.0,0.08669159510212232,0.28585315633335495
pattra,6,5,305,37,0.9795918367346939,0.020322668178423986,0.0182638746229008,0.9795918367346939,0.11241527811504204,0.5816636034744836,0.9795918367346939,0.10287838035391805,0.47783117424006605,0.9583333333333334,0.03321989920543322,0.2516732162822115
pavitra,194,7,197,60,0.9583333333333334,0.049828670999375047,0.343728292472685,1.0,0.12078024272408716,0.4758646104525245,0.9795918367346939,0.1387556703716507,0.5333571323945805,1.0,0.09657769731572385,0.5052801554717499
payas,293,30,121,62,0.9583333333333334,0.058117665993184575,0.3481531391199877,0.8888888888888888,0.06552023939309282,0.3290322228384108,0.8888888888888888,0.07570322484303049,0.18388033387749503,0.7804878048780488,0.04028956996253874,0.13870136690440404
pf,293,96,557,93,1.0,0.07224922934308597,0.3964288921876823,1.0,0.10792449283449757,0.5488792668400415,1.0,0.07322415311668085,0.59200496126202,1.0,0.06636668417981173,0.45959534184002415
pfTak,37,63,418,116,0.9795918367346939,0.02790958231277818,0.2882495621753858,0.9795918367346939,0.11065714815591676,0.6580421835678171,0.9795918367346939,0.10837616802013661,0.6444346574790727,1.0,0.045619956831117636,0.48521920699391563
pfTivI,776,241,1199,174,0.9130434782608696,0.05561673503129805,0.2518791890861132,0.9361702127659575,0.08501841483385808,0.5429480571721358,0.9795918367346939,0.11323615460670089,0.5377414285840749,0.8888888888888888,0.04675068152134332,0.11081045860710903
pfzWa,283,10,287,171,1.0,0.052089661021065825,0.23547280226317902,0.9795918367346939,0.07754263865478728,0.5396313200959308,0.9795918367346939,0.1632233231332645,0.5599227219471204,0.9361702127659575,0.047925296594887645,0.22111442134229176
piRqa,5,106,123,148,0.9795918367346939,0.03801735771169201,0.41638002338146474,1.0,0.17180380967949627,0.6489457496344371,0.9583333333333334,0.11070122061480059,0.4904854503264362,0.9130434782608696,0.026809607324210227,0.3519814640281729
pitAmaha,10,9,994,35,1.0,0.02514434933871479,0.05196988589478457,1.0,0.08364330637281814,0.44758948537077914,1.0,0.1220453966480104,0.49437907791203783,1.0,0.043931862095630714,0.2546825685009493
pitf,781,301,2992,554,0.9361702127659575,0.06025573753062152,0.1542802548120248,0.9361702127659575,0.07501606389904125,0.3007515631509171,0.9130434782608696,0.09454949479203734,0.3347035979247096,0.8888888888888888,0.02658517493733248,0.10630593174115432
pitrya,23,9,71,86,1.0,0.02890644856845004,0.278980909100774,1.0,0.09009133982468587,0.4363444501192243,0.9795918367346939,0.10745615474246173,0.4111290290004884,0.9795918367346939,0.031091809401859294,0.35243374538253835
pitta,5,5,16,7,0.9795918367346939,0.01671166500331811,0.052533644959554815,0.9361702127659575,0.067001575587736,0.24214459042662262,0.8888888888888888,0.08176109992801084,0.2440554678331519,0.9583333333333334,0.01397072624842366,0.09244351827891295
prARa,824,1249,1046,131,0.9361702127659575,0.05493521665996881,0.10104029842474294,0.9583333333333334,0.0747914181332997,0.43482667850595225,0.9583333333333334,0.12276604598002072,0.48240884157150266,0.8888888888888888,0.07533808943475595,0.2583126918771034
prAYc,97,36,145,296,0.9795918367346939,0.04801381041548103,0.22125403076085348,0.8888888888888888,0.08628043201507896,0.3771549149956218,0.8636363636363636,0.06294634097251761,0.34672574075374407,0.9583333333333334,0.03979472085781954,0.19779842423890803
prAcI,29,17,11,50,0.9361702127659575,0.048394424806687986,0.21464556901552845,0.9795918367346939,0.05073694106567417,0.18561303045858701,0.9583333333333334,0.0825038417961308,0.33878974392336725,0.9795918367346939,0.05313629257696406,0.26779489582328975
prAdeSa,5,8,5,195,1.0,0.025410097899851047,0.08014756802294576,0.9583333333333334,0.06104143310726129,0.14853930727961473,1.0,0.10904632771587464,0.3259487813395445,1.0,0.054871386690026336,0.38151005879714894
prAjApatya,41,37,37,56,0.9795918367346939,0.10787581653164002,0.3714235705601914,0.9583333333333334,0.06814252213600591,0.28311347620235805,0.9583333333333334,0.05648229878544664,0.35478684261518123,1.0,0.060051320584713186,0.35939465641389257
prAk,12,116,88,144,0.9583333333333334,0.037930587421191486,0.38175297740569025,1.0,0.17677234423640986,0.587798821646399,0.9361702127659575,0.051480124515707715,0.3616954018865608,1.0,0.024768313923297924,0.23403514088203958
prAp,29,321,3079,231,1.0,0.029030358938365253,0.18756282178931794,1.0,0.08649456233254404,0.4602737206445042,0.9361702127659575,0.07292558500689472,0.4732126748596833,0.9583333333333334,0.013452521268816242,0.13341103464772486
prAtar,142,20,82,110,1.0,0.07607725075904459,0.4054429515086595,1.0,0.12157906946617858,0.35928910264019065,0.8888888888888888,0.049089354203781466,0.31817274427796627,0.9130434782608696,0.0463536700741396,0.32598713292488346
prAyas,5,6,36,13,0.9795918367346939,0.02464101993553869,0.17663565237799406,0.9583333333333334,0.07136844419685395,0.3412701699638735,1.0,0.10690124985048488,0.3115822461054596,0.9361702127659575,0.019814841483973944,0.13514762504148425
prIti,6,5,690,16,1.0,0.016274891565261407,0.0940698342632279,0.9583333333333334,0.08779655925059082,0.5807162871912219,0.9795918367346939,0.08276164629649063,0.561175107775472,0.9795918367346939,0.014569698076438709,0.07673003356123975
praBU,5,7,179,30,0.9795918367346939,0.021410707684305308,0.050023273991716355,0.9795918367346939,0.10281967538725312,0.4897265193300362,0.9795918367346939,0.11684996737431985,0.5268182731460317,0.9795918367346939,0.02761859775232134,0.2981295823074388
praBfti,16,36,293,129,1.0,0.027973285773404633,0.1335594773983042,1.0,0.09692109046160957,0.6840214327960767,1.0,0.06090428289541694,0.634826845259974,1.0,0.05857807647907831,0.3055156050355122
praBu,21,14,1382,21,1.0,0.014227141788864306,0.0747278241922601,1.0,0.09813898719293135,0.4625882365506674,1.0,0.1536253273100049,0.5286255365073467,1.0,0.022740042942537064,0.18429785810738475
praRI,54,5,69,70,0.9795918367346939,0.06551988388369312,0.2633486497536761,0.9795918367346939,0.11276314155580147,0.3983837159099559,1.0,0.1421786359623446,0.42885005589239655,1.0,0.1162682707541397,0.5503398854226907
praRava,10,18,19,59,0.9795918367346939,0.03381642293733966,0.21448247290384304,1.0,0.09509441719225264,0.42033882856058546,0.9130434782608696,0.05523879484055638,0.2652112767830309,0.9583333333333334,0.052082956597646946,0.26592383139983056
praSAs,6,5,133,7,1.0,0.02154498508935976,0.044064843649443186,0.9583333333333334,0.07280577142913203,0.4440896233572358,0.9795918367346939,0.07445289048978476,0.5263862493229292,1.0,0.032213487324358914,0.07442439067616435
praSaMs,48,19,423,36,0.9795918367346939,0.032556237517612385,0.13684326545403158,0.9583333333333334,0.08562375274261991,0.47506546231091673,0.9795918367346939,0.12402234113719157,0.565630602881586,0.9583333333333334,0.024992005607719414,0.22447082688776598
praTama,475,132,112,416,0.8888888888888888,0.04396786600918612,0.17461400808080607,0.8095238095238095,0.07446624040233585,0.34250579736960873,0.8372093023255813,0.05501542181749486,0.38439056174402464,0.8888888888888888,0.03634624828766675,0.12972653023911718
praTamam,91,34,129,109,0.9795918367346939,0.03846323568391241,0.19446917076860704,0.9361702127659575,0.05406357115335436,0.41760351127299367,0.9361702127659575,0.029686085106060744,0.40795281540801653,1.0,0.036061150264937725,0.20260895162739834
prabrU,12,14,132,13,1.0,0.025436589561609102,0.13479857844251364,0.9795918367346939,0.119999022101546,0.39526172050793473,0.9795918367346939,0.11376983132099439,0.36988431002682254,1.0,0.031495017261900515,0.06197921229328385
pracC,114,182,957,85,0.9130434782608696,0.03652798743587904,0.23875215761220314,0.8636363636363636,0.06953652447885206,0.4244759809022177,0.9795918367346939,0.09713658561870075,0.3596955594294615,1.0,0.04666014688407627,0.18603487395648488
pradA,29,8,591,30,1.0,0.03925054175359588,0.12436720574369253,0.9583333333333334,0.08544151664541777,0.5038822125785504,0.9583333333333334,0.08883448813870343,0.5352347762125197,0.9795918367346939,0.019491513002522387,0.19994043890088742
prajA,533,144,1045,148,0.9583333333333334,0.06451246180175485,0.16775188069981406,1.0,0.10950083633466146,0.42326331997091693,0.9795918367346939,0.08605388052218244,0.4145172819495293,0.9795918367346939,0.07117472516141576,0.2045581550868245
prajApati,474,273,381,127,0.9795918367346939,0.09539588115460729,0.33106529277489727,0.9795918367346939,0.08856524789731679,0.44236785423978864,1.0,0.09766890895570957,0.3266791556744517,0.9583333333333334,0.0718506700354502,0.18568340269249928
prajYA,145,91,311,37,0.9795918367346939,0.10905306706228868,0.4986618226114029,1.0,0.13683552977645952,0.47548918996436984,0.9795918367346939,0.08736666861232723,0.5151956601876626,1.0,0.06707930848997967,0.3883090729149288
prajan,112,32,119,41,0.9583333333333334,0.08522619701957956,0.2657777743337695,1.0,0.16450338027436706,0.5615377770682364,0.9795918367346939,0.14709371262794912,0.43226519750465475,0.9583333333333334,0.06927159159114304,0.2013842289183868
prajanana,38,9,6,7,1.0,0.06601240844297496,0.21210513822875732,1.0,0.0783738185525008,0.11095377461645883,1.0,0.06938455324452986,0.12183565735933799,0.9795918367346939,0.05463193410647349,0.23883908901989193
prakASa,12,63,210,35,1.0,0.06141304507077372,0.5023130117977443,0.9795918367346939,0.11712743650236646,0.4990310903323045,1.0,0.23320455977272214,0.591373577443585,1.0,0.03221670753635009,0.34387238005734
pramA,6,12,11,22,1.0,0.04362250375037313,0.28491548633915154,0.9130434782608696,0.12182037420490521,0.3175798799913494,1.0,0.09077648101503033,0.3023936352676704,0.9130434782608696,0.0518879351412751,0.3352056441837077
pramad,5,15,119,14,0.9583333333333334,0.02416816543691014,0.18928078461669728,0.9795918367346939,0.09200393677695795,0.5097057611685778,0.9583333333333334,0.07878500471975514,0.3187484333168662,0.9361702127659575,0.01741207576558179,0.08925689694229488
pramuc,11,13,189,16,0.9583333333333334,0.0202346180548979,0.043205083540824196,0.9795918367346939,0.06480056013493196,0.47353076632924296,1.0,0.11007120834433315,0.48948711184354066,0.9583333333333334,0.015255097338539358,0.03159162635389534
prapad,13,69,331,64,0.9795918367346939,0.06626281464930417,0.44121699887508414,0.9583333333333334,0.14354048025633448,0.7388340730661584,0.9795918367346939,0.10676030642784828,0.5649792994085922,1.0,0.0855754088275098,0.39581762230040685
prasU,97,7,119,51,1.0,0.05538360647442908,0.45935415650494027,0.9795918367346939,0.12841179913676593,0.4032623124942615,0.9795918367346939,0.13157136792774982,0.5727115997722116,0.9130434782608696,0.07243375720850842,0.4103890859134487
prasad,6,14,424,8,0.9795918367346939,0.0164493707896598,0.07872482150671167,0.9795918367346939,0.07095343341851756,0.543867035542509,1.0,0.08875805973297313,0.583573274810639,0.9795918367346939,0.013211580991049576,0.03799025087213148
prasava,41,8,64,32,1.0,0.023921381370530015,0.20335647283107627,0.9795918367346939,0.09757421453483361,0.40519515893927216,1.0,0.12860183103083211,0.45662959754788246,0.9795918367346939,0.09141235320796182,0.28838534813679395
prastu,28,41,9,9,1.0,0.042868625661896975,0.2761485766793168,0.9795918367346939,0.050191247433740926,0.2914241366717778,1.0,0.06839240020065263,0.25774041540422643,0.9583333333333334,0.037741825664454276,0.10144595526210087
pratI,10,11,105,51,0.9795918367346939,0.022515724836157047,0.08273167370545598,0.9795918367346939,0.07821391233110409,0.4436464401236041,0.9795918367346939,0.06909535596961369,0.4259163422308675,1.0,0.03889683329576732,0.24763590771881527
prati,555,147,1129,121,1.0,0.03288368762192573,0.20658327038108493,1.0,0.09138544460753473,0.49397736615466226,0.9795918367346939,0.11152999907670269,0.5062390587069835,0.9795918367346939,0.06467312982722795,0.3150436356602695
pratigrah,34,24,542,95,1.0,0.06612350845548243,0.18143607555043806,0.9795918367346939,0.08720192247965708,0.5646491173204709,1.0,0.13929665710861117,0.597998319318009,0.9795918367346939,0.044256943064020615,0.34126983683796275
pratimA,12,14,96,21,1.0,0.01838064054585542,0.12531894821361866,0.9795918367346939,0.09681150631484203,0.5085734037458293,1.0,0.16855779889622013,0.6803787854921901,1.0,0.027856446929646284,0.17692310001956613
pratipad,108,181,388,169,1.0,0.07425163849983518,0.48207620729007394,0.8888888888888888,0.08688348795925172,0.47288090987071696,0.9795918367346939,0.09032579137447838,0.581326972009563,0.9130434782608696,0.05353195263061916,0.2510075944137298
prativac,7,31,456,9,0.9583333333333334,0.04575330956901058,0.22786707404249507,0.9361702127659575,0.08540849710867138,0.5740000728568251,0.9583333333333334,0.11430968077123815,0.5615985789161025,0.9795918367346939,0.027256220974103074,0.04584829495620557
pratizWA,566,352,391,79,0.9361702127659575,0.08066865235922349,0.2595401925824623,1.0,0.12905304769842285,0.5271688810051716,1.0,0.0938758352035185,0.44520135835935526,0.9361702127659575,0.05034153028611876,0.14536966513097838
pratizWiti,82,6,9,5,1.0,0.07812541106706639,0.23709848662673583,0.9583333333333334,0.05881604967332832,0.19658068679491936,1.0,0.06583161145716865,0.28013463833480234,0.9795918367346939,0.07110284198817807,0.16269977855358486
pratyaYc,164,35,48,116,0.9583333333333334,0.0640099907163123,0.24878422731532068,0.8636363636363636,0.08898514290723347,0.31922484815051133,0.8636363636363636,0.07122507795458,0.33502529884223864,0.8888888888888888,0.0683259437581274,0.2911432757636294
pratyakza,48,129,205,55,0.9795918367346939,0.11657743714107227,0.6962222407740997,0.9583333333333334,0.11841711229004259,0.5295219527713124,0.8888888888888888,0.08343591010854146,0.4216896682016329,1.0,0.07807673917790026,0.3495151922554568
pravac,30,29,870,52,0.9795918367346939,0.05024338525220784,0.2078903599507913,0.9361702127659575,0.1085450760699107,0.4726195229257968,1.0,0.10965333527183263,0.5438141898701759,0.9795918367346939,0.03971762302992132,0.24764012672508873
pravartay,6,5,82,10,1.0,0.019889867799488092,0.09427718154885278,0.9583333333333334,0.09662569169531043,0.4484556891808149,0.9795918367346939,0.09931856391233096,0.44052487587808953,1.0,0.020301803894739345,0.07095103863156105
pravas,15,16,34,24,0.9795918367346939,0.0736063959540808,0.2822935887496254,0.9795918367346939,0.12259124116566811,0.33463307074651516,1.0,0.08541180993109199,0.25113587487043043,0.9795918367346939,0.031788685580607656,0.16962688839686202
pravft,9,97,640,45,0.9795918367346939,0.04815351497485543,0.31230587895027995,0.8888888888888888,0.09595686294704231,0.6178402178651214,0.9130434782608696,0.085842566457761,0.5821952232585705,0.9583333333333334,0.03170545634980759,0.21203950483196476
praviS,87,127,1160,72,0.9583333333333334,0.08083140029853597,0.24413226615423267,0.9583333333333334,0.10893412366590915,0.5983002494834174,1.0,0.15807136108245878,0.48627972047740076,0.9795918367346939,0.04885814286274137,0.3704702790675152
prayam,106,34,542,93,0.9583333333333334,0.09196974966813398,0.26566407842499395,0.9361702127659575,0.06311196932315988,0.42600262644095854,0.9795918367346939,0.10334217740925367,0.5747682231249129,0.9795918367346939,0.02428246106602361,0.3000989255285348
prayoga,6,40,50,138,1.0,0.035798232456419554,0.25897745892973356,0.8888888888888888,0.0844251168908986,0.39955565024374184,0.9361702127659575,0.10161546337081573,0.39053927372024266,0.9583333333333334,0.025371615906161327,0.18581058603440648
prayuj,39,81,229,80,1.0,0.06103975260138428,0.3817766227209737,1.0,0.0986396015471277,0.436600601199876,1.0,0.12727286796813675,0.5505777246466491,1.0,0.07389032155350206,0.3702340842697902
pre,171,99,298,121,1.0,0.08422185276810246,0.48270739081321223,0.9361702127659575,0.09885924438522564,0.42248321083679885,0.9795918367346939,0.09552300518392065,0.47874213670376564,1.0,0.09727888046429689,0.4725235399865193
priya,465,161,2085,95,1.0,0.10110131587771176,0.43073667988178455,0.9361702127659575,0.12519004146839996,0.49441461906517037,0.9361702127659575,0.07548574126672625,0.4970799748461414,0.9361702127659575,0.052173663297851225,0.2328673193627384
puMs,84,14,341,65,0.9795918367346939,0.0427189149748608,0.20592508697144052,1.0,0.13379108038356557,0.48206963564085725,0.9795918367346939,0.11269646185770865,0.4012780832287661,0.9583333333333334,0.027082734055484114,0.16246411547660733
puRya,33,115,1529,57,1.0,0.10071993526599365,0.45987960183155185,0.9795918367346939,0.15198805623199996,0.6132181490183958,1.0,0.19434155474078207,0.5919630610425691,0.9583333333333334,0.0391270581773393,0.27429055486254617
pucCa,33,22,39,351,1.0,0.05580558199857144,0.21140195117962812,0.9583333333333334,0.08831051372210685,0.36974893727648706,0.9795918367346939,0.16098491138734716,0.4454608576647465,0.9795918367346939,0.052277258214930566,0.2095379649532234
punar,445,558,4538,346,1.0,0.04244120300533971,0.27402270134181506,0.9583333333333334,0.06231617976955772,0.5063840699781762,0.9583333333333334,0.07697815329726021,0.4895235042943886,0.9361702127659575,0.022794948408991544,0.19613107202949465
pur,56,20,371,15,1.0,0.032995789751546156,0.23828477088650613,0.9795918367346939,0.10993533289390978,0.6878482970379987,1.0,0.0972613458981696,0.5473327895998024,1.0,0.021333919162729642,0.12086833308356126
purA,153,27,1429,29,0.9583333333333334,0.07027889027025847,0.26165394640569795,1.0,0.09074173743737035,0.5359708628546149,1.0,0.10609513081935151,0.5722203203296876,0.9795918367346939,0.062370121016287805,0.4216832179234583
purARa,29,32,307,29,0.9583333333333334,0.06458179721919033,0.36018920043780356,0.9130434782608696,0.08139805311341486,0.49638371121337765,0.9583333333333334,0.19487059251373984,0.5343366148714209,0.9795918367346939,0.021410121486798328,0.14540685179647905
purIza,14,9,58,67,1.0,0.026345460755046513,0.08892756766098608,0.9361702127659575,0.07997463461418808,0.34158169969564944,0.9795918367346939,0.11206818167349897,0.5104623398254615,1.0,0.01733350714149917,0.41075971120650434
pura,67,13,222,7,1.0,0.04482745310390779,0.3855388360408827,0.9795918367346939,0.10142682037817474,0.540167617712261,1.0,0.11018979535017859,0.5107247393414351,0.9795918367346939,0.04352037258149222,0.340234366263804
puras,123,16,200,27,1.0,0.022138321917572368,0.14751162976144516,0.9583333333333334,0.07884400024421812,0.5711989806833405,0.9795918367346939,0.08954959517368943,0.5364880701084939,0.9361702127659575,0.03070439631123212,0.27241009362668567
purastAt,164,27,141,317,0.9795918367346939,0.04316909148135417,0.20648864312626092,0.9583333333333334,0.06909861285253982,0.4748886174353736,0.9130434782608696,0.0636192200938761,0.4408628305121147,0.9361702127659575,0.03718010401052918,0.15815905275153452
puruza,297,740,2557,641,0.9795918367346939,0.09186560332538884,0.319512869560324,0.9795918367346939,0.12769847310663263,0.5568788452398444,0.9795918367346939,0.14046703823831908,0.6684402290419996,1.0,0.09127213271951073,0.37162145968371696
putra,420,256,6300,364,0.9361702127659575,0.05188458371873794,0.2134424029087244,0.8888888888888888,0.07529722987882992,0.4455890276561112,0.8372093023255813,0.08115471671961905,0.39558624629180783,0.9361702127659575,0.03847299498781587,0.13824532518711252
puz,94,6,61,6,0.9795918367346939,0.03388253960562415,0.2677303415633733,0.9130434782608696,0.07676788739722618,0.4057169096986838,0.9583333333333334,0.10446736964926817,0.39818733687008323,1.0,0.03180156041451343,0.26994915958428656
puzpa,16,24,601,63,1.0,0.04304813184589129,0.2258863655062412,0.9583333333333334,0.09891987829176374,0.5604711617338158,0.9361702127659575,0.09999345237140544,0.5453812366646471,0.9361702127659575,0.045178191727935246,0.3182324537103518
rASi,15,18,109,8,1.0,0.0221145748769086,0.2469330920172108,1.0,0.0852670529045032,0.565310033454894,0.9795918367346939,0.09325352992405211,0.48560065062997726,1.0,0.026038273542901225,0.07324990974696832
rAja,13,10,631,14,0.9795918367346939,0.029205096946110287,0.11668979621373499,1.0,0.0702666723374743,0.6013990979800793,1.0,0.1491745383719384,0.6107629442103516,0.9795918367346939,0.03244174662208188,0.04005610752513489
rAjan,579,202,15127,661,0.9130434782608696,0.06320621961892592,0.2410190510976704,0.9130434782608696,0.08534129922625311,0.45821354177980456,1.0,0.1351372233410817,0.4637262906349937,0.9795918367346939,0.030209189795434077,0.2535644616064887
rAjasUya,15,5,142,6,0.9361702127659575,0.03708795941793486,0.09177844989907569,0.9130434782608696,0.10162726541982359,0.43138209960502727,0.9361702127659575,0.10452003830085388,0.42264334202395215,1.0,0.01808301316253802,0.07638002114483844
rAjya,64,12,1455,81,1.0,0.03314991853793736,0.3369672104253483,1.0,0.10731468880703143,0.5155904853103178,1.0,0.11142297513151478,0.4500901474990282,0.9583333333333334,0.05042822043132378,0.193278527435922
rAtra,76,29,179,179,0.9130434782608696,0.05197091888765404,0.22228144007909578,0.9130434782608696,0.07064206583758958,0.3328543900519676,0.8636363636363636,0.07718599223481315,0.36512221691479496,0.9130434782608696,0.03238848532458993,0.24814675424612287
rAtri,277,50,435,199,0.9583333333333334,0.07060163321813395,0.29116270200492056,0.8888888888888888,0.1150573210826763,0.4479635088183197,0.9361702127659575,0.09585299606247111,0.4106689564006736,0.8888888888888888,0.038986268756508125,0.27343164202154724
rUpa,905,954,2372,242,1.0,0.11143590523647051,0.37573075986384885,1.0,0.10233446722815509,0.5363678507429678,0.9795918367346939,0.09175300514686291,0.5815559514901816,0.9795918367346939,0.05613775968601342,0.39838926547260534
raSmi,161,44,230,16,0.9361702127659575,0.03708885926871697,0.17006338686713718,0.8636363636363636,0.07874771156230442,0.30925009980075435,1.0,0.15174031935718046,0.5463798257817171,1.0,0.038991438429069714,0.2971194758630147
raTa,652,57,5950,227,0.9583333333333334,0.049343120536628815,0.1949429107896934,1.0,0.12863124366487555,0.4563352221931999,0.9361702127659575,0.08380426742672042,0.4086080802198666,0.8636363636363636,0.04189346027654772,0.13777195792866093
raTaMtara,289,6,14,64,1.0,0.07745327700903526,0.3321964726075335,0.9583333333333334,0.07354593041874113,0.25207553921985226,0.9130434782608696,0.09977443993943347,0.4094677495158514,0.8888888888888888,0.0732755284132971,0.18377659818739533
rajas,170,10,363,33,1.0,0.04112260599033135,0.28228965065560385,0.9583333333333334,0.11648839037892778,0.5399102612454868,1.0,0.10387195775291214,0.6195020231985202,0.9583333333333334,0.035698213994890704,0.22195456074797604
rajata,9,19,72,10,0.9795918367346939,0.03480583532277359,0.26813552856749845,0.9795918367346939,0.1347659006110612,0.4216072579977108,0.9583333333333334,0.09212534268918848,0.3902614301707015,0.9795918367346939,0.017718516996775846,0.07275856393051139
rajju,9,24,29,291,0.9795918367346939,0.04662033135287069,0.34752519064552345,1.0,0.12994335897321485,0.3851679260340206,1.0,0.22611693697539015,0.629712191467076,0.9583333333333334,0.08942332423546095,0.47468847099650735
rakz,212,22,899,108,0.9795918367346939,0.02238258727948339,0.1812966765533599,0.9583333333333334,0.07667916978185929,0.4692881241666531,0.9795918367346939,0.13120616167003285,0.5055050350280123,0.8888888888888888,0.03061964687157548,0.20487105751389834
ram,73,47,437,15,0.9583333333333334,0.04639885773582075,0.25907088979897597,0.9795918367346939,0.11540966935083063,0.5348386621916381,1.0,0.10564724514469148,0.565963786741855,0.9795918367346939,0.0370011981794498,0.13874760532058272
rasa,218,244,376,119,0.9795918367346939,0.051931756838640264,0.24115899302694732,0.9130434782608696,0.11461439131410311,0.4519835312999314,0.9361702127659575,0.08968542990333872,0.4969399201928788,1.0,0.07748179353351237,0.45979305322175223
rati,11,14,187,10,1.0,0.0629675123605058,0.23131595124153814,0.9795918367346939,0.0884240421979684,0.4077978744748878,0.9795918367346939,0.08786918953913891,0.4377670191256766,1.0,0.03490236575679795,0.15284619640856467
retas,174,114,52,17,0.8372093023255813,0.03946606840879219,0.10845560926082731,0.9130434782608696,0.08020539836148188,0.28514760596787725,1.0,0.07779949898404537,0.3255389098539214,0.9583333333333334,0.04740237386605928,0.2205339849600949
riz,150,27,14,6,0.9795918367346939,0.08019059585480393,0.49857654526996853,0.9361702127659575,0.11498877660323237,0.44413241044853535,0.9795918367346939,0.07784456291203479,0.24665399149722167,0.9583333333333334,0.04013644812194728,0.32500973113740894
roga,29,17,78,18,0.9795918367346939,0.025195102513472234,0.10712484174545933,0.8888888888888888,0.06642547469269278,0.39899952585425136,0.9583333333333334,0.09844229229847423,0.42507492467200414,0.9795918367346939,0.01949024223389617,0.12042125576146878
rohita,88,17,41,16,0.9130434782608696,0.024618331743274102,0.22199226298348185,0.9795918367346939,0.0801609428571628,0.3667590359827766,1.0,0.10250477908691635,0.3750578425700606,0.9583333333333334,0.02133241129011898,0.17555607830191033
rud,11,14,345,9,1.0,0.017381641772377998,0.08028041972735189,0.9795918367346939,0.07710908197836441,0.551089430498988,1.0,0.092499179933761,0.5175039885241709,0.9583333333333334,0.016327120296282804,0.03191209281663643
rudra,286,34,527,61,0.9583333333333334,0.11068944083876009,0.4894099475881848,0.9583333333333334,0.10348408759597094,0.5291007220423369,0.8888888888888888,0.09533182770040471,0.365388085522225,0.8636363636363636,0.06076614403017744,0.21465138726488586
ruh,197,9,29,20,1.0,0.05170989677522708,0.3916457767211221,0.9361702127659575,0.0783049085778933,0.32388473315889366,1.0,0.11869745016728883,0.504100164019126,0.9130434782608696,0.05313692908516754,0.24751161240427422
sADAraRa,7,18,40,31,0.9795918367346939,0.01956630395292358,0.11853806585481474,1.0,0.0710894531266183,0.22660820644818536,1.0,0.083196699102013,0.2811794758578352,0.9795918367346939,0.03493105732066726,0.26774028778628445
sADana,33,380,101,45,0.9361702127659575,0.07054311493374288,0.527307476888761,0.9583333333333334,0.09633967298914825,0.4665055634604932,0.9795918367346939,0.11988326676582073,0.43543116980455476,1.0,0.10029077639408479,0.7441992832031874
sADay,8,82,137,103,0.9795918367346939,0.04042754437487439,0.3942464133975806,0.9795918367346939,0.11523211800062105,0.46169591981896607,0.9795918367346939,0.16747745721113705,0.5906733235183232,1.0,0.03915888751778307,0.3301931707383545
sADu,60,96,1063,41,1.0,0.044031952791245055,0.4010344538226578,1.0,0.09922120492304254,0.5568117718020082,1.0,0.08310739308588,0.5596223204569348,1.0,0.030862524264290037,0.09575736532638346
sADya,18,12,99,10,0.9795918367346939,0.03658349407828454,0.10841278497086404,1.0,0.11970671049274828,0.41880853759674963,1.0,0.10804922585844634,0.3799862810061153,1.0,0.04008235818272543,0.07818692375207148
sAman,464,373,212,160,0.9130434782608696,0.0819031672341175,0.22350362857487438,0.8636363636363636,0.12046923799105158,0.3819008091641518,0.9361702127659575,0.15865598308525108,0.5802187596364813,0.9583333333333334,0.072256161215283,0.36286213662691325
sAvitrI,10,8,161,29,1.0,0.04924472203740182,0.06330429371333679,0.9583333333333334,0.07845537496605148,0.3445704767495126,0.8888888888888888,0.060477222683999576,0.32692952190827285,0.9583333333333334,0.034049299299609204,0.14195271108080398
sOmya,24,6,295,35,1.0,0.03735636635658213,0.11445433453370502,0.9795918367346939,0.075861449649675,0.5196632343463785,0.9795918367346939,0.06384703627763422,0.5391305049412883,1.0,0.06944931931178033,0.16567102757173346
sTA,736,184,3452,274,0.9795918367346939,0.05266240979077752,0.3294307045008096,0.9795918367346939,0.09383140677298818,0.5740768981491101,0.9795918367346939,0.08064100734707658,0.46303790546938894,1.0,0.02920761517900783,0.2238615205222958
sTARu,12,21,115,7,0.9795918367346939,0.030911346339356438,0.23461497770997053,1.0,0.13507859859361548,0.6192714660220402,0.9583333333333334,0.13522396517767465,0.507869266069673,0.9361702127659575,0.017450645942517995,0.04336223825064045
sTAna,20,111,617,361,1.0,0.03971990739095699,0.3658207738402788,1.0,0.12111285447131792,0.6566687384968413,0.9795918367346939,0.07426043071699973,0.6184419077566048,0.9795918367346939,0.019081981720218688,0.22199438813676287
sTApay,9,12,193,98,0.9361702127659575,0.019174490057816573,0.05926721490056308,1.0,0.0823716037253367,0.4785408537721182,1.0,0.16543294341155967,0.6198310022886665,1.0,0.02640000766351358,0.3611904690643435
sTURA,12,5,9,39,0.9795918367346939,0.01988342004624377,0.034731618433223255,0.9795918367346939,0.09321687177939475,0.32360927761579905,0.9795918367346939,0.13570141930012436,0.360946802490107,0.9583333333333334,0.04976161990531147,0.3048043312402009
sTa,153,107,886,112,1.0,0.07539744834277018,0.5573451847478471,0.9130434782608696,0.08179317527930852,0.5560039404210131,0.9583333333333334,0.08894188912242806,0.5767865692189704,0.9795918367346939,0.032752508894218324,0.17329963261666093
sTira,81,5,179,11,0.9583333333333334,0.046197406446246814,0.39147425871079644,1.0,0.08383706842568739,0.5034828648615066,0.9583333333333334,0.08047014397985575,0.44934317227963816,1.0,0.03277390235580979,0.33517420608774806
sTiti,14,68,101,27,1.0,0.04475839250407121,0.3063004371650786,0.9583333333333334,0.09862368583216319,0.4681411110907532,0.9795918367346939,0.08025862809383433,0.3894915880358656,1.0,0.02874512544078922,0.15399496607878582
sUkara,7,5,16,10,1.0,0.015145890855918664,0.046969096923205944,0.9795918367346939,0.09371080980072288,0.3118392664883499,0.9130434782608696,0.06635562869405098,0.21374141669185498,0.9795918367346939,0.015690599673265027,0.06931680650194583
sUrya,856,48,922,91,0.9583333333333334,0.05807526232109894,0.16452356011539304,0.8095238095238095,0.07623045683490237,0.39510103614244785,0.9583333333333334,0.11770178105182938,0.36548884920401004,0.9361702127659575,0.048836583940968126,0.2153574355440716
sUtra,8,62,58,202,0.9583333333333334,0.040737178839801214,0.49962791572648646,1.0,0.14542883281827734,0.736917920891978,1.0,0.19184390835495446,0.5549510298627093,0.9795918367346939,0.021460033914251442,0.3585467691248816
saBA,27,6,525,16,1.0,0.02604035969586771,0.08715759609482143,0.9583333333333334,0.10697050142537068,0.6496087646513444,1.0,0.1213929358104876,0.6498622839664793,0.9795918367346939,0.013350988930542873,0.12423359063185502
saMDA,116,26,324,111,1.0,0.09440841962099011,0.35585758553069047,1.0,0.11040068526861646,0.579063224653335,0.9795918367346939,0.1141268010693427,0.46293069659237507,1.0,0.09980008828898568,0.3864805622048002
saMDi,55,13,152,186,1.0,0.07429980162274252,0.24619459915085018,1.0,0.12924250721919683,0.6131552821310637,1.0,0.12830140345388763,0.48852912701110807,1.0,0.09149882834178058,0.37123545417243653
saMKyA,5,60,145,173,1.0,0.07034740021346753,0.40957407717541905,0.9795918367346939,0.09166335193376052,0.38544913753438736,0.8888888888888888,0.07942737501888752,0.3381473622047346,1.0,0.07926163110595374,0.4561684254058733
saMcar,16,23,36,5,1.0,0.03526280829861239,0.17983247380778078,0.9583333333333334,0.07176610591462063,0.29705409337557065,0.9795918367346939,0.08182632347023733,0.2511649790831081,0.9795918367346939,0.021180319041562923,0.06746028352060796
saMgam,27,10,253,8,1.0,0.019732120973264267,0.028940523475291857,0.9583333333333334,0.07197817247815785,0.484451470198642,0.9795918367346939,0.10279735790196409,0.490844545152614,1.0,0.01940417819004825,0.07860572900789276
saMhan,5,30,99,42,0.9795918367346939,0.01707483339112925,0.18050931131201542,1.0,0.10581727829036613,0.45929084155797706,1.0,0.19078880105905027,0.40487913381672014,0.9795918367346939,0.049552800913311046,0.2368930742960782
saMjYA,12,19,234,62,0.9795918367346939,0.0262343593530463,0.23306637986147039,0.9583333333333334,0.07969619591313848,0.5733940680383816,1.0,0.0875101717393918,0.5208074175972436,0.9795918367346939,0.027854815888005202,0.29315115216716303
saMkalpa,10,92,178,18,1.0,0.0499891334110516,0.37657531585006565,0.9583333333333334,0.09390531758510035,0.5726212120093012,0.9130434782608696,0.0371242550627886,0.48189257653342477,0.9583333333333334,0.013293339548258398,0.07823689836250058
saMnI,5,5,5,9,0.9795918367346939,0.03273812038784063,0.0707693558575967,0.9583333333333334,0.057955799104518535,0.13459895185087423,0.9795918367346939,0.06280619139942056,0.08132726747157148,1.0,0.018844304138010193,0.014785296366293332
saMsTa,10,25,42,7,0.9583333333333334,0.013615330303616946,0.16037323451529506,0.9795918367346939,0.08291909632909122,0.3844713121005934,0.9130434782608696,0.04666973026309318,0.34505266916797084,1.0,0.021699973277715556,0.1251407357949812
saMsfj,24,14,33,66,0.9583333333333334,0.032245884697463034,0.13493775309176326,0.9795918367346939,0.0768460201052118,0.36107451076983743,1.0,0.09435187904796394,0.4573367684701388,1.0,0.057560091682161585,0.32831159285497247
saMskf,21,36,82,41,0.9795918367346939,0.05208972205689222,0.2657890743637772,0.9583333333333334,0.08367175150910644,0.2859161278807174,0.8888888888888888,0.07683191264553435,0.2618162165756912,0.9795918367346939,0.020769814034594547,0.13946970559967153
saMtan,17,5,23,10,1.0,0.07481485751599548,0.2127846254114132,0.9795918367346939,0.10059226944084076,0.35928039246655863,1.0,0.08510351160294138,0.47301722497503607,1.0,0.08460702382897822,0.16334146426372453
saMtati,28,25,54,11,0.9795918367346939,0.09033622616924775,0.4605001192654279,0.9130434782608696,0.13590604043179333,0.46522992692175746,1.0,0.080107579765066,0.3441478133211473,1.0,0.08752026665311219,0.37130848970752295
saMvatsara,354,83,187,135,0.8636363636363636,0.0701009589780891,0.18223772427165863,0.8636363636363636,0.10058936138713048,0.3105481287602849,0.8636363636363636,0.0790371763031662,0.29629459216909537,0.8636363636363636,0.034289734608061395,0.1745479763688773
saMvid,74,15,53,9,1.0,0.08648617309578643,0.44759624175992285,1.0,0.1337061798428434,0.5500864561133311,0.9583333333333334,0.07966238626843147,0.34655296026250915,0.9795918367346939,0.03350903126783589,0.16789238137332085
saMyuj,10,48,435,72,0.9795918367346939,0.0411865631948799,0.28966739891456883,1.0,0.08525293994595451,0.5732194060780652,0.9795918367346939,0.088789033907681,0.67324119840352,0.9583333333333334,0.028415171949666473,0.30975027820909795
saYj,7,11,178,12,0.9583333333333334,0.025709818482206104,0.06978611895853626,1.0,0.06188641351041746,0.43082489320240036,0.9583333333333334,0.08390667503145,0.4465052557482563,0.9583333333333334,0.018925226639840198,0.06641651461422526
sad,323,8,140,51,1.0,0.04496396923888546,0.5471037308830526,0.9361702127659575,0.09777399233432771,0.45900823918044154,0.9583333333333334,0.07760720817816635,0.6007165921895299,1.0,0.08138980665192674,0.27788003459564903
sadA,155,20,1539,55,1.0,0.06353785810846202,0.44826652266093947,0.9795918367346939,0.08120429503982829,0.4801675428963261,0.9795918367346939,0.0969010842781236,0.45940924690399687,1.0,0.07348232228209706,0.3339065488130779
sadfSa,9,11,527,38,0.9361702127659575,0.01941417443486959,0.17005364051427296,0.9795918367346939,0.13643491923701911,0.6019497331839814,1.0,0.11366489380619815,0.6856068540773784,1.0,0.046919675763382296,0.31119931349140306
saha,479,144,3307,318,1.0,0.05063410356462983,0.2848238750276004,1.0,0.08307651423600271,0.6356680820045042,0.9795918367346939,0.1611204178311435,0.5768206859375415,1.0,0.042209564238829156,0.2188153170008027
sahas,165,7,733,12,1.0,0.04849573873000057,0.3426012754170671,1.0,0.10758089829896078,0.5609943439093046,0.9583333333333334,0.09862268355722092,0.6095011303179233,0.9361702127659575,0.053086150934478105,0.32258498993048557
sahasra,533,72,1858,167,0.9361702127659575,0.05976555134190986,0.329842902435838,0.9583333333333334,0.14699453500373139,0.4443154239367305,0.8372093023255813,0.07044362640154822,0.3354879692875189,0.9361702127659575,0.05392068821451734,0.19398981063274856
sakft,34,19,66,147,0.9795918367346939,0.04528455569727974,0.17519009691821807,1.0,0.10525209832636062,0.41620086474128926,0.9795918367346939,0.15037284063131395,0.48856265401316934,0.9795918367346939,0.039483303726761454,0.29615477547945834
salila,27,18,276,7,0.9583333333333334,0.049381761509519784,0.3683527148453434,0.9583333333333334,0.16310346767865436,0.7330679506112254,0.9795918367346939,0.0934244917095276,0.5340280400145027,0.9795918367346939,0.03023674213277583,0.06954356744019408
samA,23,19,255,24,0.9795918367346939,0.035012104896921636,0.14263923273768042,1.0,0.1103059452788061,0.4820083567951944,0.9583333333333334,0.12227277279926707,0.5321294623336806,0.9795918367346939,0.03454270451158348,0.1823463887575394
samADA,30,18,476,25,1.0,0.043760622807341276,0.14103277580476492,0.9795918367346939,0.11026295703914968,0.5380052746484401,0.9795918367346939,0.10380100288964722,0.5087691506771043,1.0,0.017877184476106978,0.04732872040942371
samAna,194,171,156,151,0.9583333333333334,0.0389768514087524,0.23778625708935286,1.0,0.09021423127555639,0.5071021403806941,0.9583333333333334,0.09033804753459873,0.569277713666398,0.9583333333333334,0.024921288959015464,0.2298562438640812
samAp,25,20,125,76,1.0,0.08642902180602552,0.43161609227278497,1.0,0.10239503909903258,0.5575802582360188,0.9583333333333334,0.07828542437226071,0.4693385831696939,0.9795918367346939,0.039876780183006555,0.27194027879444227
samApay,7,5,11,8,0.9583333333333334,0.030995550508182812,0.038940713726750675,0.9795918367346939,0.09832656705831355,0.15778946797499227,0.9583333333333334,0.08680693950744878,0.18896946430128603,0.9795918367346939,0.01469616040306354,0.015726013395160887
samBU,59,127,476,70,1.0,0.06947613394819341,0.30712932610476096,1.0,0.0973701954560039,0.604875739437556,1.0,0.16627840610775413,0.6529092496337788,1.0,0.041022603606347796,0.3397476264794873
sama,71,107,1712,330,0.9795918367346939,0.06180856822853542,0.30416746050630206,1.0,0.11715243441574907,0.41340113179719096,0.9583333333333334,0.1490250780268838,0.5176460884156179,1.0,0.06861056891632844,0.3545246127877364
samaS,18,18,36,9,0.9795918367346939,0.02823685945089871,0.15286582661757153,1.0,0.09692853385966649,0.3381241654791831,0.9361702127659575,0.08460833823563252,0.28225065882052003,0.9795918367346939,0.021914734662283775,0.11639662283809493
samfD,77,26,203,14,0.9583333333333334,0.09723499664157675,0.34840758815087236,0.9795918367346939,0.13984473361162475,0.5797095052150374,0.9795918367346939,0.07517607554356176,0.5096905657819424,1.0,0.06284589618273995,0.2181913656371972
samfdDi,31,13,37,6,1.0,0.0782190027326336,0.23706240148513857,1.0,0.1033732543942063,0.3485068904280737,0.9795918367346939,0.0718485226510992,0.27803782978995195,1.0,0.06379918173162791,0.21784003947855202
sami,19,9,96,11,0.9795918367346939,0.02723211833421435,0.04017332714071287,0.9583333333333334,0.05854689204757213,0.47928707740231746,0.9795918367346939,0.1014552868464198,0.5003110511790658,1.0,0.07899371135372613,0.15511456258611367
samiD,101,64,29,142,0.9583333333333334,0.08460632296853088,0.3139588890520233,0.9361702127659575,0.07873257892997143,0.3138128751947833,0.9361702127659575,0.06950759332104917,0.2730065237964243,0.9795918367346939,0.057768832242372725,0.19952433350363918
saminD,154,13,66,31,0.9795918367346939,0.08706438215896894,0.34335562482290394,0.9361702127659575,0.07201031486802623,0.24724354404815474,0.9583333333333334,0.1093824931822841,0.29556337723936443,0.8888888888888888,0.05108807652219516,0.20438552742826044
sampAday,10,28,28,41,1.0,0.0421938448821747,0.19614770600322928,0.9795918367346939,0.06855308226253654,0.24957540528172717,0.9583333333333334,0.14964924373670951,0.4294248175017694,1.0,0.06445222115798632,0.21709519251594933
sampAta,9,8,40,16,0.9795918367346939,0.054657341782585744,0.20149585173107054,0.9795918367346939,0.13807553932279715,0.649074686383222,0.9583333333333334,0.07605941920257264,0.3435310625133876,1.0,0.017914137200004898,0.13206464116701433
sampad,131,153,834,159,1.0,0.08145058269668815,0.5575560302670337,1.0,0.11895635732894627,0.7109276173610621,1.0,0.10859819581571684,0.586134314137304,1.0,0.08836460670100876,0.450144128111415
samrAj,71,61,27,19,1.0,0.12127243430065704,0.45092010425924756,1.0,0.13683091095340505,0.48122850394739247,1.0,0.08326295004657247,0.26427686961121366,0.9583333333333334,0.048158103287038956,0.19537732664148932
samudra,348,61,496,46,0.9583333333333334,0.04808234377803089,0.31578786353966115,0.9583333333333334,0.0935444291753521,0.5013108669852859,0.9795918367346939,0.13260785683615817,0.5575106123301005,0.9361702127659575,0.054411107590267016,0.17830553137035765
samyak,11,45,516,54,1.0,0.03136676299257346,0.1723371768858175,0.9795918367346939,0.09157401565495449,0.5985905744521071,0.9795918367346939,0.12473103497696336,0.5099867546569647,1.0,0.03173383288441278,0.20199526192694828
san,169,172,173,35,0.9795918367346939,0.025119046294751035,0.1754681825859673,1.0,0.0817644172620482,0.40579934159450193,0.9795918367346939,0.09148275715257015,0.5515122884918606,1.0,0.05500270634078119,0.3008484381337422
sapatna,169,13,70,8,1.0,0.07138275744324185,0.5491173919311809,0.9795918367346939,0.09382767421255478,0.5632909588310312,1.0,0.0653028625835892,0.35208195734267367,0.9795918367346939,0.05253072111777357,0.39943657782613706
saptadaSa,157,5,10,40,0.8888888888888888,0.06330852676437815,0.4332250258544861,0.8888888888888888,0.06348225301644916,0.2338784632580162,0.8095238095238095,0.03876291130698817,0.26072006780449186,0.8636363636363636,0.041312140579665035,0.2592710497432662
saptama,37,49,51,109,0.8372093023255813,0.062332091553757296,0.18925327222725385,0.6486486486486487,0.051106502895812866,0.2774722984664545,0.717948717948718,0.03768620532657929,0.2482045766164407,0.8636363636363636,0.03746217543029218,0.12110040565460234
saptan,446,31,621,256,1.0,0.07997805797541346,0.26475557935332406,0.9795918367346939,0.08940718389124813,0.5096644736570046,0.717948717948718,0.04807832573286641,0.4242158858795353,0.8372093023255813,0.05484280171459577,0.29732083733025305
saras,22,5,256,9,0.9583333333333334,0.016941767062923052,0.06654539452961306,0.9795918367346939,0.09907453826819712,0.5865282007308243,0.9583333333333334,0.10451105614379153,0.5720958864894534,1.0,0.02497064512620406,0.10309520854170029
sarga,34,16,172,5,0.9795918367346939,0.021457061558456503,0.2228199421017928,1.0,0.13362042416277187,0.4672008982247384,0.9583333333333334,0.09079496317655189,0.4407799387460103,0.9795918367346939,0.026718571861019225,0.1611612627664205
sarpa,39,42,337,78,0.9795918367346939,0.05180822732558743,0.43627612614405686,0.9583333333333334,0.11070756652139513,0.6921680849139579,0.9795918367346939,0.16487965761279855,0.5637261192566168,0.9583333333333334,0.03199467521112187,0.3631580510945236
sarpis,37,7,47,28,0.9361702127659575,0.024418151498736718,0.0787959966331766,0.9130434782608696,0.0842591838129152,0.29672424833264,0.8636363636363636,0.04666394652387351,0.1786257137756353,0.9795918367346939,0.020954429846160916,0.1422399692234272
sarva,1566,2197,16139,1227,0.9795918367346939,0.05285639305880707,0.23560044661911572,0.9583333333333334,0.07156149773436105,0.4095600745510497,1.0,0.06701125975244893,0.5370207756713796,0.9361702127659575,0.03441364889235443,0.16381209971270816
sarvadA,21,26,121,16,1.0,0.01788637435895568,0.09980219791041578,1.0,0.09508013908955526,0.3834091539891433,0.9795918367346939,0.05611005504376121,0.3299129420787045,0.9795918367346939,0.017273430882269958,0.025803380262406028
sarvatas,22,41,648,87,1.0,0.03070127970797243,0.14681482927068745,1.0,0.07693975530436559,0.5716147932106054,0.9795918367346939,0.12366325935317024,0.656894502783907,1.0,0.03488169878603686,0.33457777796859345
sasya,17,5,85,43,0.9795918367346939,0.01889289921492099,0.02765493485108461,0.9795918367346939,0.08031634773859098,0.3951235735126333,0.9795918367346939,0.12375311940673561,0.4338670064973248,0.9795918367346939,0.020924481329683053,0.2575439424886312
sat,38,12,168,13,0.9795918367346939,0.043773596295060835,0.1717605991179203,1.0,0.101022930417631,0.47804382279300095,0.9583333333333334,0.06838799927951289,0.41098370169004284,0.9583333333333334,0.01895438360615842,0.17985254122190675
sata,31,61,58,7,1.0,0.03649897363655785,0.4060359730633689,0.9795918367346939,0.12901435627596913,0.5498706476642936,0.9795918367346939,0.044428981656612576,0.34108311344449693,0.9795918367346939,0.023544770950357674,0.11398546464868642
satyA,9,22,38,7,1.0,0.03674698096939022,0.3453548621833369,0.9130434782608696,0.1248961290168612,0.5196950900882973,0.9583333333333334,0.08417119817411811,0.33092674468243666,0.9795918367346939,0.016295625850732187,0.07012236869577981
satya,416,502,2224,137,1.0,0.05452488134962519,0.24077069430961928,0.9583333333333334,0.08117668534923139,0.45894428639587725,1.0,0.0982069417281739,0.4545658749662691,0.9795918367346939,0.06873142200741977,0.24344862325268646
savana,318,16,7,111,0.9795918367346939,0.09249475041818633,0.48426226764145164,0.9795918367346939,0.05789331810744991,0.14770530958759598,0.9583333333333334,0.050285587900319784,0.294876266412877,0.8636363636363636,0.04477016913029774,0.21496748140094635
savitf,481,76,76,139,1.0,0.07426456356084654,0.3816226079030327,0.9361702127659575,0.07893588318494404,0.2935281627246269,0.9130434782608696,0.10092337695824494,0.28437906536945734,0.8636363636363636,0.06680571422304737,0.1718330619036581
setu,10,25,96,50,1.0,0.035913656163751195,0.2282591633907448,0.9583333333333334,0.1217229496062966,0.5266694047018463,0.9583333333333334,0.15768628014744168,0.4927813004548167,0.9795918367346939,0.027227172268339705,0.242448613097335
sfj,507,168,723,42,0.9130434782608696,0.042429201689753504,0.30692526979830337,0.9361702127659575,0.07073667159721231,0.4724211039708073,1.0,0.09070180129436978,0.5231208607483523,0.9361702127659575,0.04502441540809099,0.26553385572103183
sfp,37,6,14,9,1.0,0.038673091515996405,0.14284898003136526,0.9795918367346939,0.07314697468762676,0.15411536745979704,0.9795918367346939,0.05149894028174029,0.1575223076085428,1.0,0.0260566871324327,0.1411249490024864
sfzwi,5,36,56,6,1.0,0.024108736121728702,0.19936937751404005,0.9583333333333334,0.09409484809384727,0.4110397169296639,0.9583333333333334,0.08323277744059421,0.3788906483666168,0.9795918367346939,0.02083381557148667,0.027395928188255203
siD,51,91,527,271,0.9795918367346939,0.0475739897251275,0.28475020037807686,0.9795918367346939,0.18269009444500994,0.6895763195325022,1.0,0.15463265577677188,0.6562210779788731,1.0,0.08153713917502892,0.46186134822841474
siMha,29,5,823,6,0.9130434782608696,0.016874681086406107,0.07350123166355704,0.9583333333333334,0.08661802291947163,0.604877699896386,0.9361702127659575,0.09059896773499698,0.5813905449308323,0.9583333333333334,0.019989402933283107,0.039787409226588855
sic,205,14,92,24,0.9583333333333334,0.030768893967619837,0.11893540057743102,0.8372093023255813,0.05311010260258786,0.33135457865024764,1.0,0.0915374418788526,0.37315736763247986,0.9130434782608696,0.0347424454902574,0.14905617910995517
skanDa,11,8,188,34,0.9361702127659575,0.024923526287941478,0.10917031632422469,0.9795918367346939,0.12482065070386517,0.6745426674179875,0.9795918367346939,0.1906698721850668,0.5375599193502312,0.9361702127659575,0.04329429931551676,0.21650603448951
skand,13,5,26,11,0.9795918367346939,0.02260320963956275,0.05066539415010929,1.0,0.10987710811516083,0.30760500775769495,1.0,0.05928418416419001,0.26101057647812775,1.0,0.03915257799840288,0.06219394799840672
sma,227,43,1212,10,0.9130434782608696,0.05188207465969008,0.22632099293793817,0.9795918367346939,0.09703129355567575,0.578092514364907,1.0,0.07225159595797714,0.5987882391166872,0.9795918367346939,0.06332872326317407,0.3702804945654177
smf,6,44,1082,106,1.0,0.028719296678350048,0.28184995213574937,1.0,0.13656991341142954,0.5639875210475847,1.0,0.10496636494474176,0.5582694123940113,0.9795918367346939,0.021067483639291895,0.1326301535984188
snA,9,5,357,55,0.9795918367346939,0.02239764221342433,0.022406330786091,1.0,0.11165814042109057,0.5596140923361884,0.9795918367346939,0.11879647935434823,0.5714146415457366,0.9795918367346939,0.04163016454299595,0.25152435152626307
soma,1961,85,504,417,0.9795918367346939,0.07310830307365501,0.35485230793512446,0.9583333333333334,0.0887131324378505,0.43568453573012667,0.9583333333333334,0.07768373043871124,0.3727603561010884,0.9583333333333334,0.06926191746170951,0.22832797495129042
sparSa,7,33,284,17,0.9795918367346939,0.05280808010381899,0.2991217946126232,0.9130434782608696,0.07912413187787826,0.5033178536178797,1.0,0.13299633107583508,0.5587001004643026,1.0,0.056838148488257856,0.33126740686196576
spfS,45,40,383,49,0.9795918367346939,0.0648944071376415,0.4417244114239305,1.0,0.14601505285994554,0.6477123531595582,0.9795918367346939,0.07214213144682124,0.5379771712590629,1.0,0.03701177416148016,0.2578906879402404
sru,45,11,86,12,1.0,0.031452601263577185,0.11542048114307979,0.9361702127659575,0.09040177636238289,0.37768653451732337,0.9795918367346939,0.10673874854957532,0.43405703889746494,1.0,0.0243596490732354,0.09049950434809506
stamB,58,7,39,10,0.9583333333333334,0.029716606183086136,0.21890568839247115,0.9795918367346939,0.10953012550460861,0.5302120933188919,0.9795918367346939,0.09430451666354966,0.5305572588061265,1.0,0.06862224324667998,0.18847213438342303
stamba,5,11,20,11,1.0,0.019002392424853576,0.1209067712915779,0.9583333333333334,0.07598627219548926,0.3693556367068984,0.9583333333333334,0.12764026996249833,0.33311641434341477,0.9583333333333334,0.021796865601013904,0.14332690502169299
stana,31,19,51,11,0.9795918367346939,0.04595726342968942,0.14630653552879314,0.9583333333333334,0.06147391429249682,0.38985117098320554,1.0,0.10771842951453092,0.439200982890978,1.0,0.03669364053460511,0.1263891703697575
stena,33,9,43,46,1.0,0.02902302308709237,0.13161560513259052,0.9795918367346939,0.09699406440787395,0.34322043968932503,0.9795918367346939,0.12864259205279338,0.4029023492781749,0.9583333333333334,0.017627434466936376,0.1107342836998928
stotra,91,8,27,33,1.0,0.053955745664360344,0.354393474922585,1.0,0.12354476130743974,0.32747153594866607,0.9361702127659575,0.11335417832160588,0.4623162968086316,0.9795918367346939,0.09066217406488619,0.3302460877386074
strI,71,80,1408,343,0.9795918367346939,0.04770217584997971,0.2802083073909247,0.9795918367346939,0.08390080204224404,0.4382313080733792,0.9361702127659575,0.10309987742579385,0.4303235755454782,0.9795918367346939,0.04911484515389253,0.22969766805244107
stu,710,69,400,118,0.9795918367346939,0.051321664334286865,0.2043339509028841,0.9130434782608696,0.08355337814800001,0.4210348191259362,0.9583333333333334,0.11090881377555473,0.5212983467987493,1.0,0.08856957753672157,0.3093626219871559
stuti,9,84,58,8,0.9583333333333334,0.03601515251657983,0.302310849562458,1.0,0.12010122148523206,0.48882515201714316,0.9795918367346939,0.13824626196850065,0.5522984491605698,0.9130434782608696,0.028773287132153658,0.2846093153998408
su,2934,84,7376,395,0.9583333333333334,0.06328554786681428,0.2233384778341274,0.9795918367346939,0.07992932988969137,0.4879632922037279,0.9583333333333334,0.10412138201462706,0.5802337837118268,0.9361702127659575,0.051986741985736384,0.13263511889498403
suKa,31,109,1836,79,0.9795918367346939,0.04490034841431412,0.3774796459439349,0.9130434782608696,0.11323449100676419,0.5895405348711369,0.9795918367346939,0.11730458322897597,0.5142766516078431,0.9583333333333334,0.03995689693297533,0.27167007731299764
sukfta,31,14,109,5,1.0,0.02925418780963207,0.09047422218618628,1.0,0.08463367073268668,0.32845627819058776,0.9795918367346939,0.08252709979103012,0.33614834610065314,0.9361702127659575,0.015863137007698813,0.0473770915901226
suparRa,115,8,188,16,0.9795918367346939,0.030274846480439543,0.1987284121630799,0.9361702127659575,0.0875778887667863,0.5402578699672421,0.9795918367346939,0.08485481702587427,0.5443977764505341,0.9361702127659575,0.04434885880004913,0.26215683048889027
suvarRa,11,38,344,76,0.9795918367346939,0.041088865968159305,0.3443313894707076,0.9583333333333334,0.10613210016244923,0.5600107878927636,0.9583333333333334,0.16240671519213246,0.5812858920834171,0.9361702127659575,0.05296326694740616,0.3742292855465842
svAhA,337,81,47,259,0.9583333333333334,0.10616982060975555,0.3783321199759606,0.9361702127659575,0.08710215990197656,0.32122923025906125,0.9130434782608696,0.0525293268320689,0.2274394928377128,0.9130434782608696,0.09451757503903291,0.31677776433087135
sva,461,562,2890,582,1.0,0.04459104666689995,0.31701277413140394,1.0,0.08535337692317324,0.3938760075571801,1.0,0.08973208097033225,0.49124286767711345,0.9583333333333334,0.0455849880362722,0.25240635900209674
svaDA,146,9,36,44,0.9795918367346939,0.05822821406735901,0.21646408844019716,1.0,0.09750430999979509,0.27873544475377754,0.9795918367346939,0.12787350739190884,0.3410429365338219,1.0,0.05278186132926854,0.3570907169309433
svap,52,75,360,48,0.9361702127659575,0.04745597291445958,0.24613638337497412,0.9130434782608696,0.1263560607400216,0.48211769400634763,0.9583333333333334,0.10414717230070503,0.5343286248544479,0.9795918367346939,0.025722117532995026,0.20473608149906675
svapna,50,266,149,17,0.9361702127659575,0.06072745003792501,0.2933636326654506,0.9361702127659575,0.12789905119750355,0.4489154173021521,0.9795918367346939,0.07566629326348073,0.46639286919024214,0.9795918367346939,0.012943988310297305,0.09950562021753218
svar,387,56,54,85,1.0,0.06385555841749202,0.5008995333580376,1.0,0.10644244503460754,0.6066951118628942,1.0,0.11018507357371721,0.45128379114042727,0.9795918367346939,0.0974776844934302,0.44474758147068383
svara,60,54,211,48,0.9795918367346939,0.07472070772101191,0.2689944783242053,0.9583333333333334,0.09299696714564032,0.6099087929002622,1.0,0.16544642586264324,0.7420079597919543,1.0,0.05390284887092567,0.27659473690022995
svarga,354,74,1051,79,0.9795918367346939,0.09109998731457791,0.2829974026079187,0.9795918367346939,0.07960689689326939,0.3713660710853284,0.9583333333333334,0.09667216354862862,0.4003684865943383,0.9361702127659575,0.0904920975155512,0.27320326443890897
svasf,91,7,69,7,1.0,0.038184315811569336,0.3248809724495054,0.9583333333333334,0.07321120355728306,0.41746814602836335,1.0,0.09945890633717724,0.38416576476533626,0.9795918367346939,0.03195151291657872,0.2085166249490885
svayam,52,130,987,175,1.0,0.04638553935741829,0.3172008270490714,0.9795918367346939,0.10867796687192233,0.6082619732606456,1.0,0.13304614366046408,0.5572147268197818,1.0,0.017951045711718794,0.17498796493527946
svid,70,27,144,16,0.9583333333333334,0.03679067023137128,0.22385685105015918,0.9583333333333334,0.08545040373868451,0.4335891964272113,0.9583333333333334,0.08649179549577302,0.3887074762875017,0.9361702127659575,0.0418065881227353,0.2893675919882519
tAvat,65,201,508,206,0.9583333333333334,0.04841383865719706,0.2815607279778638,0.9130434782608696,0.07416874733006129,0.41183342313363536,0.8888888888888888,0.11152729917841786,0.49848591477390347,0.9583333333333334,0.06885530902973747,0.25908578587988873
tIrTa,27,17,765,75,0.9583333333333334,0.023917794965350514,0.25076289772393245,1.0,0.13496827215757712,0.7205522470469085,0.9795918367346939,0.1673788297146377,0.641112642248437,1.0,0.021526216935060294,0.32588612900184755
tUzRIm,12,7,111,138,0.9795918367346939,0.03116926523444641,0.04344667773443922,0.9795918367346939,0.10045027798459805,0.48446902031957717,1.0,0.13543433486616652,0.5962774302392149,0.9795918367346939,0.046437354112823126,0.33104924516820966
taTA,188,938,10803,857,1.0,0.06257535015282878,0.2359638678174052,0.9795918367346939,0.07858095035013002,0.4820954531898993,1.0,0.0903590354482543,0.48176021001716907,0.9361702127659575,0.02857892336876655,0.13289129070762007
tad,13163,10210,65042,8065,1.0,0.05394455837934731,0.16369114982049182,0.9795918367346939,0.06295946360900506,0.28948083746833175,0.9795918367346939,0.06558049070115857,0.33523782538307345,1.0,0.02449928487666142,0.1386089961348801
tadA,25,195,5477,116,0.9795918367346939,0.042602788862322716,0.19487286835695872,0.9795918367346939,0.12426154958350022,0.5714438194986504,0.9583333333333334,0.11951519944315803,0.5753134282845296,0.9795918367346939,0.015276055186228654,0.2588520604627935
tamas,206,74,528,23,0.9795918367346939,0.06799911886500887,0.26041506308527573,0.9130434782608696,0.10846806795537933,0.39454028856487366,0.9795918367346939,0.08463386589811195,0.5230010984680953,0.9583333333333334,0.07813894778350061,0.44764270802902795
tan,241,13,90,28,0.9795918367346939,0.03997680081848942,0.24991706555709947,1.0,0.10200740095430716,0.4561937943519987,1.0,0.11612452933624007,0.48702049115860757,0.9583333333333334,0.032229256160032804,0.10356279696333204
tantra,13,19,55,167,0.9795918367346939,0.06861644153798152,0.3523956515427312,0.9130434782608696,0.11838352037655264,0.46295031185093904,0.9361702127659575,0.10213106194154253,0.5308021848554412,1.0,0.08294273968177013,0.3461981397364522
tantu,55,10,42,22,1.0,0.025719741071547952,0.12142761933565716,0.9795918367346939,0.0827465954947032,0.3313780598173808,1.0,0.11669392960987812,0.48693858330373974,0.9583333333333334,0.04039020210879718,0.1872521927028914
tanu,10,5,156,12,1.0,0.018792818650530174,0.07601223120509215,0.9795918367346939,0.08882432500952131,0.47486460086832105,1.0,0.0973993712143858,0.48709244283914,0.9583333333333334,0.01767365480737504,0.04684819912539773
tap,209,109,684,82,0.9795918367346939,0.09837410830965987,0.3305001487727265,0.9795918367346939,0.07357414163342113,0.4411727050426172,0.9583333333333334,0.1265392980153871,0.6086527711314897,0.9795918367346939,0.0879384793848581,0.3812765041048747
tapas,149,132,2318,145,0.9795918367346939,0.12234426781711283,0.45790703909639696,0.9361702127659575,0.07861475506949744,0.33616225034263725,0.9795918367346939,0.11729195713658758,0.4384045199392016,0.9583333333333334,0.10360728363915261,0.29779056204880416
tarpay,62,6,188,22,1.0,0.06556723329826786,0.3403448418673076,0.9361702127659575,0.07634004839215414,0.3675979141822274,1.0,0.1121403387112897,0.43943238463928047,0.9795918367346939,0.07382410511562776,0.5352023343948225
taskara,13,10,30,14,1.0,0.013409344827600256,0.042262398978969884,0.9795918367346939,0.09305623431413446,0.2694346047240215,1.0,0.07092048175878785,0.28442425803070426,0.9361702127659575,0.012168894246777806,0.035366266047140216
tatas,269,314,12198,622,1.0,0.06631843006790838,0.23443832474907678,1.0,0.11003491648717967,0.5228864458312952,0.9583333333333334,0.08927174074836641,0.537473165785662,0.9583333333333334,0.03824792739534033,0.2200913481746265
tatra,147,621,5796,895,0.9130434782608696,0.03817165912506015,0.15401361175617123,0.9583333333333334,0.0725061311424755,0.45756258380582404,0.9795918367346939,0.11540079999903807,0.5746689007752682,0.9795918367346939,0.029879946374818056,0.2924967650784729
tejas,180,250,2274,68,1.0,0.07932104647126326,0.30170330078307206,1.0,0.11657510484749922,0.4483877336288622,0.9795918367346939,0.08459594725010045,0.45333765377310087,0.9583333333333334,0.07912660812284056,0.29273721203654735
tf,272,33,225,36,0.9795918367346939,0.03714988007000053,0.22334665007928334,0.9583333333333334,0.09583218133970084,0.40166287659825484,0.9795918367346939,0.11082443021419586,0.49695817752749294,0.9583333333333334,0.03721975047663695,0.285335762394314
tfRa,35,29,155,62,1.0,0.04320050143068821,0.16454260163181145,0.9795918367346939,0.06391603962326042,0.3771240368648324,0.9361702127659575,0.09855531368077053,0.4252192176977311,0.9361702127659575,0.026726159696049412,0.23456007703327475
tfp,80,89,164,34,0.9583333333333334,0.07694261233296984,0.3146557075037201,0.9583333333333334,0.12343653694367807,0.47244228008030464,0.9795918367346939,0.1276949272513338,0.50873357510304,0.9795918367346939,0.08086444923270897,0.4081028454903066
tfpti,8,17,65,7,1.0,0.037966123033666754,0.17634160317063063,0.8888888888888888,0.10380564208266907,0.40946193521274044,0.9583333333333334,0.08240143672265143,0.37976999775318643,0.9795918367346939,0.03369985084773297,0.05955338889614803
tftIya,223,91,79,375,0.7804878048780488,0.061743580412038424,0.1385336506588999,0.6842105263157895,0.04549533602029465,0.19072695066422773,0.7804878048780488,0.029310223549170344,0.18260255606520825,0.7804878048780488,0.03627660727518334,0.10495438380001243
tftIyam,97,32,71,95,0.8372093023255813,0.04848704859972586,0.16446257826927857,0.7804878048780488,0.055429019783099,0.23557608440597178,0.8372093023255813,0.057369385263710715,0.2562784899399686,0.8888888888888888,0.054249588729638365,0.2341674260744292
tila,10,6,139,319,1.0,0.0228231084569136,0.040508567847105104,0.9583333333333334,0.06652150713162186,0.36105650919898746,1.0,0.20494521127529197,0.48479872214147246,0.9795918367346939,0.07054541177282359,0.3264944664248436
tiryaYc,27,18,109,216,0.9795918367346939,0.04958503471011466,0.20545347165875494,1.0,0.10105370638638356,0.4122075983414999,1.0,0.1406347237562341,0.4744244399236599,1.0,0.07383740333324351,0.2987236639780382
trA,69,13,176,16,1.0,0.08653688519602076,0.4050000425279081,0.9795918367346939,0.07491560425180499,0.5761388824740534,1.0,0.06535720034130976,0.3970226852124389,0.9795918367346939,0.04691416075401911,0.23331424285020408
trayI,6,27,32,14,0.9795918367346939,0.0473480420896536,0.22966178171162155,0.9361702127659575,0.07623957148934013,0.3721112098149445,0.9583333333333334,0.09606529109503137,0.3257421715655675,0.9361702127659575,0.021797228233249033,0.050587862040778475
traya,9,87,68,43,1.0,0.017060395494103542,0.22206937294778994,0.9583333333333334,0.07295028969271944,0.4298207520083459,0.9795918367346939,0.07604596437081945,0.3894150490198557,0.9795918367346939,0.02937914976177758,0.17789610207653972
trayastriMSat,34,5,20,15,0.9795918367346939,0.06885015078035295,0.15473374484340874,0.9583333333333334,0.050097829054203236,0.22645041569560975,1.0,0.11006598742124607,0.41794864598201564,0.9583333333333334,0.06724188376809359,0.22117296724112134
trayodaSa,18,10,73,39,0.8888888888888888,0.055680718622873715,0.290107041203022,0.7804878048780488,0.08176366773776533,0.4988071236283308,0.8636363636363636,0.07099457410381926,0.45088545614818143,0.9130434782608696,0.04928264623271317,0.22415107245915022
tri,872,231,1862,1175,0.9795918367346939,0.060592125522362594,0.21674335516039434,0.8636363636363636,0.07780089640338539,0.38695709325817584,0.8372093023255813,0.030268524847465006,0.40621620661659974,0.8636363636363636,0.03404689604922362,0.1661315163689463
triDA,6,8,83,11,0.9583333333333334,0.015429907754291206,0.11050692887773628,1.0,0.12175278719176152,0.4600540198348597,0.9583333333333334,0.09243478352882983,0.403517025831597,0.9795918367346939,0.052305923484473604,0.3278855709889317
tris,161,16,51,198,1.0,0.05854120653496486,0.2268294417287413,1.0,0.08250440509375512,0.33435021561001654,0.9361702127659575,0.08435232860986674,0.2503695989471487,0.9583333333333334,0.056238125972109865,0.22180397940911922
trivft,204,24,5,70,0.9795918367346939,0.07249217720213919,0.3904416253671972,0.9795918367346939,0.061419452391845764,0.374603694547479,0.9583333333333334,0.09491072967785963,0.4782812352387795,0.8372093023255813,0.04001243035887925,0.26184090945289173
tu,187,855,14316,1780,0.9583333333333334,0.03673606184428724,0.2785318582391898,0.9795918367346939,0.09810193445469917,0.4608815554898824,0.9583333333333334,0.07213828089642038,0.3383574527165316,0.9583333333333334,0.015205623326987827,0.14493964807336324
tvAzwra,14,14,12,8,1.0,0.06393087877198711,0.2282116178061968,0.9130434782608696,0.07131677107986623,0.3913100690008623,0.9361702127659575,0.06627390890486085,0.2925258657817703,1.0,0.025037384706734778,0.0511754381182461
tva,96,1557,530,735,0.9795918367346939,0.04100924799842898,0.3924339949730039,0.9583333333333334,0.11410487920369405,0.5487132606626223,0.9583333333333334,0.123812777904034,0.6241501731789637,1.0,0.055912110465853315,0.4016880737637394
tvac,92,47,144,27,0.9130434782608696,0.048083943904330906,0.2746603060254128,0.9130434782608696,0.08224032480062449,0.3352099000477189,0.9130434782608696,0.09788930112398653,0.3581116929200132,0.9795918367346939,0.022828079727215345,0.14074432780704893
tvad,10472,2723,28273,2287,0.9795918367346939,0.023400547223882295,0.21081664963458624,0.9795918367346939,0.06240861363156669,0.39451475051325713,0.9795918367346939,0.07161859679525795,0.4052427561807719,1.0,0.052779082095636864,0.17254745720976072
tyaj,5,26,1056,59,0.9795918367346939,0.013646231383854013,0.12163026229102203,0.9795918367346939,0.06738467234280754,0.5510719514056028,0.9795918367346939,0.11885258586636682,0.5287528729343788,1.0,0.022727914019665785,0.30605947151238744
u,1797,185,95,271,1.0,0.05381871194624532,0.27888272999296804,0.9795918367346939,0.07580034200591812,0.4657411203378442,0.9795918367346939,0.11858259261302084,0.5924624019876565,1.0,0.11452686362059872,0.29589620130844607
uB,302,62,837,97,1.0,0.05020533740222277,0.3722606537617963,1.0,0.13002725530116166,0.643818291278033,0.9795918367346939,0.09337944413800314,0.5676806319756128,1.0,0.056451977377436235,0.21553079492190852
uBaya,145,83,269,226,0.9795918367346939,0.0598623215678914,0.49313632446886446,0.9583333333333334,0.09674668804749709,0.4996320058347423,0.9795918367346939,0.06697685642497042,0.4385880417758503,1.0,0.03446499262769109,0.2273181038558354
uBayatas,30,5,31,89,0.9795918367346939,0.05470623167884192,0.18755763450923624,1.0,0.08569156132758782,0.27944010915787276,0.9795918367346939,0.10839401181098218,0.4327772852164291,0.9795918367346939,0.05993258733953222,0.27035205709056687
ucCiz,13,12,67,32,0.9795918367346939,0.03870960856010064,0.10314984113228132,1.0,0.11549954237559956,0.3557430814455409,0.9795918367346939,0.0945020175174286,0.3311820381270735,1.0,0.027794224012577473,0.18529400110633976
uccar,18,7,11,6,0.9583333333333334,0.025068396314647412,0.05198644925271667,0.9583333333333334,0.08076507582934855,0.2586430657273213,1.0,0.09234087593254792,0.3140694067670663,0.9795918367346939,0.018564907821550625,0.05263410196595808
ud,675,24,8,88,1.0,0.09965880139382044,0.4832537487369082,0.9583333333333334,0.05984978122530449,0.28060712987767,0.9361702127659575,0.10609601846017669,0.38737177464338457,1.0,0.0844839922003835,0.34695996878893487
udBid,24,5,14,8,0.9795918367346939,0.038572206448330926,0.1340460422371501,0.9583333333333334,0.07339587356874921,0.26074959297343336,1.0,0.07853256185263313,0.5010319250572004,1.0,0.025714745010123496,0.10029619640168086
udDf,28,11,227,177,0.9795918367346939,0.056387803689648575,0.33351103708030383,0.9583333333333334,0.08687825995235487,0.5131719882611419,1.0,0.07840679645190185,0.5393180423582274,0.9795918367346939,0.053319107271968535,0.17814150981607035
udaYc,47,34,75,249,0.9583333333333334,0.07627067650982944,0.2119063821662458,0.8888888888888888,0.06617193910987185,0.26312519951890345,0.8372093023255813,0.06732924690818498,0.28069840123319867,0.9130434782608696,0.05043538572791073,0.2026300064242783
udaka,66,80,365,220,0.9583333333333334,0.026547034081344734,0.29872636753981185,0.9583333333333334,0.08200336140387199,0.4895429484612914,1.0,0.10835490962976801,0.4621127739871196,0.8636363636363636,0.027843786395725822,0.20071428038296824
udan,54,23,18,62,1.0,0.02600705580563467,0.3111928900077473,0.9583333333333334,0.1378684308336643,0.409659054944123,0.9795918367346939,0.10209802046233107,0.39793446394100274,0.9795918367346939,0.03274219930218769,0.2727466310464115
udara,48,15,125,10,0.9583333333333334,0.03878878417292497,0.14276374568575845,0.9583333333333334,0.07558501353289104,0.4133091318256562,0.9795918367346939,0.09114751426078327,0.4437870591852945,1.0,0.020745841294886547,0.0794104003429652
udgAtf,50,52,10,34,0.9795918367346939,0.07518051105204704,0.29063731557224104,0.9583333333333334,0.09021120308774067,0.3822622190084819,0.9583333333333334,0.05605201840829843,0.22734782283353527,0.9795918367346939,0.09293393962850105,0.26141343318632404
udi,146,72,154,66,0.8372093023255813,0.06404711346546132,0.2568913082121975,0.8372093023255813,0.0790438428200615,0.3612799614774391,1.0,0.10270178538010033,0.4322457996718906,0.9795918367346939,0.0815015185426683,0.3356109167333474
udita,5,7,47,5,0.9795918367346939,0.022220195829302902,0.046615663880672065,1.0,0.09886006378034573,0.3592146093305548,1.0,0.08322071243668205,0.40596389832651214,0.9795918367346939,0.025310253271108363,0.009940065997216196
udyam,38,9,495,11,1.0,0.018510891312148448,0.03565322010596783,1.0,0.11241620914015571,0.6114231596432893,0.9795918367346939,0.08235010583096691,0.5497519494831405,1.0,0.02675801145452883,0.05313024141826317
ugra,407,13,667,38,0.9583333333333334,0.04885820397013252,0.39900584074156986,0.9583333333333334,0.11746178727613887,0.595819071802878,0.9795918367346939,0.10430046280325844,0.5958192329852724,0.9583333333333334,0.09915294421529675,0.5456369905944614
unnI,23,5,10,50,0.9795918367346939,0.0393613773651037,0.16803935041547646,1.0,0.05477846143627496,0.1525105742983236,0.9130434782608696,0.0495961308001317,0.31528556697861054,0.9130434782608696,0.03782724359715095,0.17892864772104677
upAkf,8,5,26,34,0.9583333333333334,0.02093870148358601,0.016128002260312857,0.9795918367346939,0.05731820839002533,0.21264565113027079,0.9795918367346939,0.0787705079648292,0.38338931808192545,1.0,0.05753423234789046,0.2611510909802891
upAs,80,460,363,17,0.9583333333333334,0.09762881700540227,0.21002399220822765,1.0,0.0836318342597634,0.545206004765929,0.9795918367346939,0.08830707215267053,0.5215726584035452,1.0,0.048388633952481275,0.30558776293564316
upa,879,24,5,133,1.0,0.055300539930486114,0.31624204177268567,0.9795918367346939,0.06986185389989152,0.18633858752294485,0.9583333333333334,0.10069503695234383,0.35414549376463555,0.9130434782608696,0.044553837717156264,0.2692296870627702
upagam,10,46,361,30,1.0,0.028166772725442435,0.10320355294691774,0.9795918367346939,0.079710305836316,0.5140107464156499,1.0,0.1581278823965926,0.596880832591392,0.9583333333333334,0.027764823308999875,0.26030541766658744
upajIv,9,37,85,11,1.0,0.07665676133303811,0.1859578353487621,1.0,0.09668579749662376,0.34963250157904124,0.9583333333333334,0.07225037737706552,0.36101591187648685,1.0,0.026194581971352604,0.11726564576317144
upajan,5,12,41,10,0.9795918367346939,0.030748016170846215,0.20159511248186202,0.9583333333333334,0.10184736457813826,0.28067713845457687,0.9795918367346939,0.04634564524101048,0.29084041423549634,0.9795918367346939,0.02508309433564493,0.07824627486423075
upama,30,14,910,10,1.0,0.04280799945785696,0.21698878429227997,1.0,0.08447391599690213,0.6059828489642208,0.9795918367346939,0.1116724749735638,0.5635660838898169,1.0,0.03418334187320626,0.18157768308937383
upanI,9,18,57,34,1.0,0.04594879113824224,0.12943358401615135,1.0,0.06597649625458901,0.3598820082545502,0.9795918367346939,0.12323461786578427,0.42287087645026744,1.0,0.0272007892950209,0.1074436896325407
upanizad,8,341,54,12,1.0,0.10031565331751768,0.48199331746041896,1.0,0.11266313617239065,0.5416283962285338,0.9583333333333334,0.08404383902781287,0.3872211619185548,1.0,0.043632184849926814,0.27412329556444437
upari,31,19,122,75,0.9795918367346939,0.04588002915961409,0.13214019925797083,0.9795918367346939,0.06629117027096687,0.5006210838065828,0.9795918367346939,0.13024402565875448,0.5067580034722343,1.0,0.04784301152076986,0.3431039583613602
uparizwAt,33,10,20,54,0.9795918367346939,0.06585207113634539,0.20170987042121857,1.0,0.050937590597201154,0.17433068894011894,0.9361702127659575,0.0552413333976387,0.3411552398044664,1.0,0.03839865829203004,0.22905968332912485
upasTA,54,19,556,125,1.0,0.06555399532009454,0.2018480516375052,0.9361702127659575,0.08068546355248185,0.5764291011790819,1.0,0.11640490281281013,0.570712639861307,0.9361702127659575,0.08384307512747291,0.24959059874774547
upasTa,111,12,23,33,1.0,0.07261881045009955,0.3205721044148403,0.9361702127659575,0.0908950023170455,0.3683954284194768,0.9795918367346939,0.10121867798113293,0.39087814489694694,1.0,0.06278413153390561,0.18161248962781418
upasad,65,34,6,45,1.0,0.08442838836390254,0.3310264187230283,0.9795918367346939,0.08217516401783975,0.22771370508286903,1.0,0.053039697939435415,0.3357059972474532,0.9130434782608696,0.025886186757129503,0.1846564344191548
upaviS,9,16,238,123,1.0,0.07714688776940948,0.18875237989949267,0.9583333333333334,0.07835489864078571,0.5499442854444136,0.9795918367346939,0.08419142018217562,0.5928708437965126,1.0,0.060164491206292525,0.3415863289915594
upe,316,36,598,110,1.0,0.08471081389596125,0.3608775483915163,1.0,0.085206598067458,0.588167260911097,0.9795918367346939,0.1312540162530783,0.6593591093055582,0.9361702127659575,0.03910022688671477,0.15402715752573193
uras,19,5,239,12,1.0,0.03117397707621139,0.0691702849071818,0.9361702127659575,0.0930760016582779,0.5093503070785224,0.9795918367346939,0.08113208561789043,0.46125214165998507,0.9583333333333334,0.04300145269689226,0.18567327088499175
utTA,60,56,615,73,0.9795918367346939,0.09594269983051873,0.4425357745990638,0.9795918367346939,0.09937767703119094,0.5241438357739852,1.0,0.11143421193691816,0.6256466187664435,1.0,0.1476619264286948,0.45945101185732773
utTAna,8,13,55,16,0.9795918367346939,0.044968458680413104,0.24178906641559106,0.9795918367346939,0.12370970908211953,0.5225493960964166,0.9795918367346939,0.06530132999173888,0.3493595006861183,1.0,0.02243160397099675,0.09590160807425185
uta,1326,70,491,72,0.9583333333333334,0.03612332857100542,0.26150314101590977,0.9795918367346939,0.11244830618768586,0.5892625571477805,1.0,0.1355227864138998,0.6026755318469397,1.0,0.07421575336225594,0.2444014018263363
utkram,22,92,27,9,1.0,0.12016590460044518,0.28557859389941365,1.0,0.09267746741174832,0.49621064602948506,0.9795918367346939,0.0648424988754348,0.26283231238812055,0.9795918367346939,0.046351964493051456,0.15764323076714049
utsfj,44,17,586,98,0.9795918367346939,0.1016998362595497,0.29967762673323795,0.9795918367346939,0.07344858687795819,0.5608291984228202,0.9795918367346939,0.10352321102111217,0.7153051774638748,1.0,0.08228824723482675,0.2673604077920393
uttama,222,27,2119,383,0.9361702127659575,0.04130562985857511,0.20906452395613595,1.0,0.06872957592884987,0.5042792993675577,0.9583333333333334,0.1056010566252501,0.5271962090496776,0.8888888888888888,0.03207778568058828,0.22401818695592035
uttara,265,133,654,1234,0.9130434782608696,0.0573675016967653,0.25815109375423684,0.9583333333333334,0.08930913025954534,0.5154742158238876,0.8636363636363636,0.04419164229617545,0.4986261949790056,0.9583333333333334,0.04680376183328305,0.24268731470038896
uttaratas,13,13,8,100,0.9795918367346939,0.04189604532150992,0.19126424807030262,0.9583333333333334,0.060321317522093465,0.19502712705129166,0.9795918367346939,0.10180334716904182,0.35904632277414816,0.9583333333333334,0.04867844122748699,0.30566090186443495
uttareRa,19,9,39,157,1.0,0.0529083865390505,0.20856872339064836,1.0,0.13053949626287287,0.4413005871269702,0.9583333333333334,0.10457239964475662,0.5327200087604698,0.9583333333333334,0.10493152375575876,0.3939936329005942
uzas,468,6,8,36,1.0,0.06104958684175432,0.34273844132896036,0.9361702127659575,0.05112211768760333,0.11867902723852009,0.9795918367346939,0.07143515099260345,0.28624553764043137,0.9795918367346939,0.07514669293936038,0.3226725126434371
vA,957,934,5625,3616,1.0,0.040802631450509996,0.256189305617772,0.9795918367346939,0.09534822420694289,0.4212642607349162,0.9795918367346939,0.11035634363840996,0.4495420040214171,0.9583333333333334,0.042047933521479175,0.3034445789912201
vAc,790,703,1173,277,0.9583333333333334,0.050941844675814085,0.15368808589856053,0.9795918367346939,0.09055297312164368,0.4333027201415126,1.0,0.10842674391831164,0.5009905049809126,0.9130434782608696,0.08809326616040669,0.2835929599502476
vAdin,28,40,430,23,1.0,0.09583729158662946,0.3936788786803116,0.9583333333333334,0.10617554680084762,0.6130805432659754,0.9795918367346939,0.09333724654862185,0.5347811719645826,1.0,0.046275655643012614,0.183485916986309
vAjapeya,12,5,49,23,1.0,0.04256707015631678,0.13221153265696195,1.0,0.11061769886310213,0.36596932158586903,0.8888888888888888,0.06845300368183393,0.2956615892035592,0.9795918367346939,0.04513300381177876,0.16438796234224196
vAjin,282,5,416,35,1.0,0.03164279531704661,0.2607348463875627,0.9795918367346939,0.11259135137755649,0.5585698264334776,0.9583333333333334,0.17239548433709695,0.679742799197498,0.9795918367346939,0.056757602170037,0.3294823203331221
vAkya,6,232,2309,82,0.9795918367346939,0.04005601599700259,0.41163510533845304,0.9361702127659575,0.1395118024313764,0.6992813936539302,0.9795918367346939,0.14046419358187223,0.5783877567232224,0.9795918367346939,0.041649700474215456,0.337670645595851
vAma,75,14,106,20,1.0,0.05565491645462761,0.3634682281695789,0.9795918367346939,0.10243917242488432,0.5220414158654759,1.0,0.1581883261031244,0.6025859333223277,0.9361702127659575,0.07520073229942137,0.27129904101927904
vAray,29,6,385,35,1.0,0.023873059963292587,0.17660231403919635,1.0,0.11821089761018533,0.5466032764105145,1.0,0.16567863972302066,0.5152047948561356,0.9795918367346939,0.02439033471209151,0.1548998615485484
vAsas,80,46,572,145,1.0,0.029134097937752457,0.2629836501703413,1.0,0.07769423202396375,0.5478912416899897,0.9795918367346939,0.11302827788483116,0.5340919921189623,0.9361702127659575,0.024221461168070335,0.18504130676318042
vAsay,34,12,40,22,1.0,0.02540308479843356,0.2307595336023588,1.0,0.06850494110636618,0.36456406662452046,0.9583333333333334,0.10843327576173456,0.4263587908074352,1.0,0.03450133571220115,0.3664783118599799
vAsin,10,5,249,9,1.0,0.030048752929581424,0.04503783592789368,1.0,0.07541588957451173,0.5497553198152777,1.0,0.12715262219177104,0.5091402446281388,1.0,0.017155367320144332,0.10389149224831062
vAta,357,17,371,42,0.9583333333333334,0.06611798381441414,0.23233854757968264,0.9795918367346939,0.11455208839757436,0.5116933506819628,1.0,0.10488747531477705,0.5251952878162516,0.9795918367346939,0.04015535875861842,0.1698198143713464
vAyu,341,290,798,93,0.9361702127659575,0.05368352837339729,0.22814545206180248,0.8888888888888888,0.08188892408471526,0.36062156349726193,0.9795918367346939,0.1259918962208365,0.49901003828742985,1.0,0.06016511057262053,0.17271833937038916
vE,3200,1098,4896,339,0.9795918367346939,0.0862829655714975,0.2590411436410872,1.0,0.07962547595178082,0.4208803817155681,1.0,0.0737940083275459,0.44867937848567885,1.0,0.06595419979222827,0.2438582915376133
vESvAnara,180,69,64,62,1.0,0.04985027897760408,0.22679563840225403,0.9795918367346939,0.15970988040929268,0.46798870533559667,0.9583333333333334,0.12062490514657342,0.40618678143316767,0.9583333333333334,0.06966245029058316,0.2499414614994806
vESvadeva,103,9,21,166,0.9795918367346939,0.05542959362146105,0.22892356727552676,0.9361702127659575,0.06009939791417207,0.17670457565203113,0.9583333333333334,0.07773310245136367,0.25223010385770894,0.8636363636363636,0.05304690968731507,0.2082060861559113
vESya,12,12,268,112,0.9795918367346939,0.047945155908357684,0.24696137824687792,0.9583333333333334,0.11713804186100496,0.46281838469301784,0.9361702127659575,0.08970345699152393,0.5223763432934988,1.0,0.03302076018071365,0.3100384494340509
vErAja,45,8,5,28,1.0,0.05846517003787055,0.20357599773202018,0.9795918367346939,0.054062550753801175,0.15870070671712333,0.9583333333333334,0.07625896097428486,0.33640347783895275,1.0,0.06266082327075495,0.3061346458217584
vI,213,14,210,106,0.9795918367346939,0.04331164558064848,0.31203777884939865,0.9583333333333334,0.08592941100942175,0.5524590335698406,0.9795918367346939,0.11095044485133698,0.7189134989623505,0.9583333333333334,0.0667505304957603,0.19229739328525208
vIRA,10,10,32,14,0.9795918367346939,0.03743223550047026,0.12831068336530427,0.9795918367346939,0.1319510180617991,0.42760797609876045,0.9795918367346939,0.13248234749078303,0.5108086486690665,1.0,0.09053355866218904,0.21194169975360388
vIra,488,11,2958,57,1.0,0.05132216736633188,0.34255415675955314,0.9583333333333334,0.06735164245339309,0.6336888715733613,1.0,0.12294897754872969,0.6406260211187738,1.0,0.08444729073790136,0.3528529898793298
vIrya,461,44,1274,41,0.9583333333333334,0.0656595636789058,0.3122463308083617,0.9583333333333334,0.1136809352443825,0.49795844624976837,1.0,0.11959693889522705,0.4998729637196496,0.9795918367346939,0.12944207884187642,0.41029975375540195
vaDa,100,10,1163,133,0.9361702127659575,0.04239361379656126,0.24741507841292876,0.9583333333333334,0.08925636161767758,0.5560474739149684,0.9795918367346939,0.2563352390980538,0.5934409486668134,0.9795918367346939,0.06680997069004224,0.20134896175790407
vaMSa,24,29,408,13,1.0,0.18997130030022547,0.7714612292814463,1.0,0.12692633688811805,0.5456841021838412,0.9583333333333334,0.1308675401784094,0.6891038652672099,0.9795918367346939,0.034317392772800215,0.25145442913566285
vaSa,40,29,604,57,1.0,0.019228041553601694,0.20457151671907048,0.9795918367346939,0.12053236868161343,0.6010194279735773,0.9583333333333334,0.08627475156463538,0.6063795029507553,0.9361702127659575,0.013955766547543713,0.13289254978646148
vac,561,2665,14876,1358,0.8636363636363636,0.04240924904474319,0.18548885517901514,0.9130434782608696,0.06531043040924189,0.4097954443626176,0.9130434782608696,0.08392611420536011,0.4444721402421109,0.9361702127659575,0.04779805578801155,0.2455776262284659
vacana,6,139,2058,437,0.9130434782608696,0.03809145902272859,0.21707753366263305,0.9795918367346939,0.10076423812554103,0.5677257374196544,0.9795918367346939,0.16376815323864358,0.6022581231440516,0.9795918367346939,0.05164369068464614,0.3603482220164551
vacas,202,33,1553,5,0.9361702127659575,0.0406830406525619,0.2727794183322826,0.9583333333333334,0.11013525486140519,0.5238580879637516,1.0,0.10666103347481048,0.5708036342910054,0.9795918367346939,0.0350420649480665,0.21311107283526187
vad,379,146,766,91,0.9130434782608696,0.04337798412801719,0.22822220277364846,0.9130434782608696,0.06418561513666443,0.3570757097706809,0.9583333333333334,0.07596443503475758,0.4003507132729641,1.0,0.05514412489669185,0.22247459590113605
vah,543,12,406,51,0.9583333333333334,0.04483663216299261,0.33477448754825256,0.9583333333333334,0.05999776763224707,0.552889844235263,0.9583333333333334,0.07588187270677293,0.5299118363172006,0.9583333333333334,0.03935412181156783,0.26300275699381337
vahni,88,7,206,9,0.9795918367346939,0.04987057307420806,0.3377514145517564,1.0,0.14338416436594092,0.5167044979267859,1.0,0.09759990921215644,0.5216579563069195,1.0,0.051441029235126834,0.3530449245333118
vaktf,15,32,70,8,0.9795918367346939,0.05593002877443787,0.34941601723656057,1.0,0.13396402823259967,0.5168208402375394,0.9130434782608696,0.06726935814642554,0.367418149323103,0.9795918367346939,0.010987051748757137,0.05482641015746614
van,138,6,630,74,0.9795918367346939,0.07277314994380835,0.3828234626483442,1.0,0.08905651615306653,0.6791678406149467,0.9583333333333334,0.153280788821469,0.6180773947597056,0.9795918367346939,0.09336935851899064,0.434848576124912
vanaspati,134,29,88,32,0.9361702127659575,0.028746043712839175,0.15621234690905994,0.9795918367346939,0.07502645716554934,0.34746331444934586,0.9795918367346939,0.09794350858492773,0.5353807621330849,0.9795918367346939,0.07767688472839018,0.31766632785122173
varAha,17,5,117,15,0.9583333333333334,0.017806716310535764,0.06947030545816779,0.9583333333333334,0.1087449869467394,0.540657855004297,0.8888888888888888,0.07663886693902022,0.46197150926775477,0.9361702127659575,0.01474222986457896,0.06391691180777925
varDay,130,8,118,47,1.0,0.050419944415365014,0.2469887636813235,1.0,0.13149849187628848,0.5290111537785327,1.0,0.2126629371500759,0.7481984914003609,1.0,0.09997665913312281,0.5121536774731356
varRa,107,82,873,191,0.9795918367346939,0.028333791837981348,0.22487975014666284,0.9795918367346939,0.06755151224787093,0.49141304660437735,1.0,0.09944647886592162,0.6087957759124423,0.9795918367346939,0.05101108568499346,0.3048802557568817
vara,88,43,3101,176,0.9795918367346939,0.05257929247449,0.28682043645013566,0.9795918367346939,0.11033301099633397,0.5638814781391551,1.0,0.12848534916169418,0.6055201863200471,1.0,0.058072123982686796,0.2874883254824201
vartman,9,10,69,14,0.9795918367346939,0.019294481983314182,0.027445939979758194,1.0,0.08164145104048326,0.36807065177304754,0.9795918367346939,0.07685270561855573,0.3880692104924932,1.0,0.03170992235681691,0.07559871277343788
varuRa,733,38,298,183,0.9795918367346939,0.09004403537190564,0.35210743963711577,0.9795918367346939,0.09138850423890954,0.4087498211990943,0.9583333333333334,0.09962492265790635,0.29307800553950925,0.9130434782608696,0.062173496539515205,0.1499894358916578
varza,49,37,1059,78,0.9795918367346939,0.06839176564962779,0.2881207980110492,0.9583333333333334,0.10480407681076831,0.637066821253846,0.8888888888888888,0.12078089621133314,0.527989795923562,0.9583333333333334,0.034045439699528,0.28003310389727165
vas,234,72,1100,76,0.9583333333333334,0.07786926594737609,0.5068604927060091,1.0,0.10373161841291434,0.4234664884337005,1.0,0.11331418913017699,0.48739572920220464,0.9583333333333334,0.031246785687763734,0.25824226488459123
vasana,6,16,69,9,0.9361702127659575,0.013615972105473717,0.16474922681630966,0.9361702127659575,0.09237474008799984,0.4884246296817426,0.9583333333333334,0.08240768745216032,0.46867301082748347,1.0,0.02008110052699752,0.10266464756611315
vasanta,16,7,59,22,0.9361702127659575,0.04998223173051619,0.12425110904297343,0.9361702127659575,0.06412962574102132,0.4505918186397251,0.9361702127659575,0.15983865775915518,0.45646036191029493,0.9583333333333334,0.032561378578621625,0.1851994873048044
vasizWa,105,45,423,24,0.9583333333333334,0.061348760075603304,0.27991449448998806,1.0,0.129655596711728,0.486923893365638,0.9583333333333334,0.08480285089271589,0.474011635996759,0.9583333333333334,0.05096721758438161,0.18376497109279355
vasu,817,53,484,132,1.0,0.11528304803746847,0.43953029145559697,0.9361702127659575,0.10904506799817759,0.48313402877937994,0.9361702127659575,0.13380970050972008,0.4640219493007075,0.9583333333333334,0.07155953783438451,0.24786530408679208
vat,111,462,1114,436,0.9795918367346939,0.09167987314909065,0.4896649903417022,1.0,0.12718839175614227,0.6168259263565038,1.0,0.142672558140028,0.6253806977015806,1.0,0.1347272603470503,0.5707685271914181
vatsa,177,23,257,42,0.9583333333333334,0.029345336746406048,0.31148295345873034,0.8888888888888888,0.08152307666809211,0.4767697330308185,0.9130434782608696,0.0951536180756134,0.47239499558933296,0.9361702127659575,0.04602795922120906,0.23466149657735458
vayas,213,25,129,67,1.0,0.07578324374605949,0.40270542099639206,0.9795918367346939,0.12695611529368755,0.5758863747525841,1.0,0.0765780618680687,0.5096739316817182,0.9795918367346939,0.053620483544189024,0.31676847579315537
veSman,5,15,298,33,1.0,0.0380868783995556,0.19763924482202044,0.9361702127659575,0.08375604982078111,0.6578915597983943,0.9795918367346939,0.1571533137578779,0.6310337520678481,0.9583333333333334,0.027249475955097413,0.2320799121694619
veda,59,129,653,173,0.9795918367346939,0.05391861282997412,0.465264143013576,0.9130434782608696,0.09380092223529857,0.5044068871418838,0.9130434782608696,0.11623076391289577,0.4886070920219787,0.9795918367346939,0.053873605356874577,0.3027117844224976
vedana,10,12,19,8,0.9795918367346939,0.021911394676130458,0.10944398350446993,1.0,0.09673564150639313,0.41520685062681406,1.0,0.10462028851518579,0.2772095626119653,0.9361702127659575,0.014625435784016982,0.033969715086666685
veday,11,9,53,11,0.9795918367346939,0.01924053975998241,0.07876999951891384,0.9795918367346939,0.06685311488555223,0.32602700895939674,0.9795918367346939,0.08097063621657186,0.36433514639107956,0.9361702127659575,0.012806358773189364,0.05924374082331463
vedi,40,9,124,140,1.0,0.03151415049481254,0.11630162626648399,1.0,0.07635853770243872,0.4614210597581402,0.9361702127659575,0.10374769673485928,0.5413937220906726,1.0,0.052233637915067965,0.42034869219195126
velA,5,6,116,12,1.0,0.02688105449740752,0.0528235938000835,1.0,0.08174544506643178,0.5739099337152737,0.9795918367346939,0.09137773833169449,0.5335874865485963,0.9795918367346939,0.016346682066254448,0.0722659638705958
vf,356,34,754,35,0.9795918367346939,0.05936486209649072,0.30398373128445666,1.0,0.0865109003784641,0.5321315564293538,0.9583333333333334,0.09143642551366693,0.5423218119819099,0.9795918367346939,0.03727485463819247,0.15531315017480174
vfD,525,17,689,106,0.9795918367346939,0.04734832549294632,0.3558939969015057,0.9130434782608696,0.07544247856540909,0.5765663269565469,1.0,0.110110858844369,0.5999656675979319,0.8888888888888888,0.04494331384860695,0.1618206349040976
vfkza,88,58,627,85,1.0,0.019412375574549556,0.23598301138529798,0.9583333333333334,0.0626126817958631,0.47725257833945345,0.9130434782608696,0.09655696283469306,0.4096653854847494,0.8636363636363636,0.0149077874473319,0.14329069593220456
vft,157,162,1660,112,1.0,0.023529179694606994,0.2317161991342136,0.9795918367346939,0.11165433810345338,0.43712757734228025,1.0,0.0775734598401403,0.5141271791974182,0.9583333333333334,0.03781165569218692,0.3324049855169202
vfz,55,40,648,46,1.0,0.0764385761527755,0.3755233492324288,0.9361702127659575,0.07397427983472238,0.44802910612287894,0.9583333333333334,0.09858431599279571,0.45686635568994594,1.0,0.03942001756872948,0.3637432291353855
vfzwi,100,39,260,30,0.9130434782608696,0.04217099535184399,0.3584241470101517,0.9795918367346939,0.12612668452430587,0.49400588151880875,0.9583333333333334,0.15988348129986818,0.5995238166373139,1.0,0.0525108444492699,0.30229102486262815
viBAga,7,36,56,82,0.9583333333333334,0.02334857095399767,0.25872084061151757,0.9361702127659575,0.10831013873674822,0.47150983871972385,0.9583333333333334,0.12174748819257186,0.5160834335927859,0.9583333333333334,0.03646096717533809,0.4180739347359168
viBaj,29,30,102,124,1.0,0.0680679926264921,0.4401046956317243,0.9795918367346939,0.12658934879621775,0.6060857596410183,0.9583333333333334,0.14453611171829017,0.5488091494919802,0.9795918367346939,0.06580085540116065,0.3177388355683386
viDA,47,149,799,227,1.0,0.0711792772329718,0.4482574700739541,0.9583333333333334,0.09556131693516634,0.5850831377536059,0.9795918367346939,0.1140364767053833,0.5687906330312426,1.0,0.059304075105652054,0.27570355733356167
viDAna,5,30,188,203,0.9795918367346939,0.03757234601561388,0.298087863331459,0.9361702127659575,0.11569833457145229,0.47334571577197326,0.8888888888888888,0.13253916955585876,0.5271616157214913,0.9795918367346939,0.037793581363104733,0.3629295595533564
viS,544,18,1120,83,0.9795918367346939,0.032803061653963406,0.15809690999433057,0.9795918367346939,0.08577801342510982,0.5718673573670013,1.0,0.16618830534078466,0.584691158876081,0.9795918367346939,0.05379367243862998,0.3182524940262479
viSva,2111,80,335,212,0.9795918367346939,0.06506742151999745,0.2886696006859307,0.9130434782608696,0.09907282959795094,0.37787320935233604,0.9583333333333334,0.10440126839809849,0.4516891270960497,0.9361702127659575,0.07903390929104381,0.22168618949466157
viSvajit,70,8,10,79,1.0,0.08624898223867461,0.4394501220913356,0.9795918367346939,0.12655195005611164,0.29846480534608766,0.9795918367346939,0.099787156548237,0.41702111036983536,0.9130434782608696,0.04384376035596538,0.3036839345474629
vicCid,19,14,14,6,0.9583333333333334,0.0714703752157847,0.24794077004584913,0.9130434782608696,0.07084753318073855,0.2655534312995572,1.0,0.09290992468022896,0.29065928636130045,1.0,0.059150666618757675,0.27802968863655575
vid,1818,1653,5748,651,0.9583333333333334,0.03414537747082047,0.2099953948769966,1.0,0.09182263573520622,0.3206585462118008,0.9795918367346939,0.077691588624907,0.3478116192821299,0.9795918367346939,0.030507291261701375,0.1469577348383988
vidyA,16,551,531,100,1.0,0.054260612520911855,0.38708078135371116,1.0,0.07841132998982814,0.5674102062880741,0.9583333333333334,0.11727606045122818,0.5994353817203868,0.9795918367346939,0.049167510887469845,0.2971736618837657
vidyut,112,66,215,17,0.9361702127659575,0.06496363927907911,0.32620322437084337,0.9795918367346939,0.06786999641602043,0.3271606100225162,0.9795918367346939,0.12825110078711066,0.5056955713349209,1.0,0.03058030386393784,0.2628503861102245
vihA,6,9,238,6,0.9795918367346939,0.021685220058464738,0.06935362395260636,0.9795918367346939,0.11019706572350041,0.4768951781683828,0.9795918367346939,0.057600161103286696,0.46867289278165414,0.9361702127659575,0.012804723571037568,0.04474742104431406
vihan,21,7,61,5,0.9795918367346939,0.031127598823632363,0.17839732711897083,1.0,0.054999124935806054,0.32568131459626715,1.0,0.07470445860084507,0.3089197138485341,0.9795918367346939,0.02022419705410683,0.1213784230580297
vijYA,39,355,719,156,1.0,0.04932840899284119,0.3801052985143317,0.9583333333333334,0.07628741644088266,0.41851498187851943,0.9583333333333334,0.060743436370736315,0.4518101247190731,0.9361702127659575,0.03556289658100398,0.2742981968360225
vijYAna,16,618,156,7,0.9795918367346939,0.05603717910080985,0.3427333168981421,0.9583333333333334,0.08408699989424473,0.4627428280363136,0.8888888888888888,0.0764618664147152,0.40408500860483354,0.9361702127659575,0.017146848356463962,0.06187416119088929
vikf,15,15,333,37,0.9583333333333334,0.028040542127956702,0.19352063245771278,0.9795918367346939,0.1444988311010067,0.5784278812824406,1.0,0.1351278555976857,0.7211772628020019,0.9583333333333334,0.030801838569275986,0.1467991596176328
vimuc,9,20,542,33,1.0,0.02703510808109466,0.12800387620872744,0.9583333333333334,0.07526592322856551,0.4996829386227677,0.9795918367346939,0.08614333370441574,0.5013593466579418,0.9795918367346939,0.024268529999791788,0.0888433528821404
vipaScit,54,5,50,6,0.9583333333333334,0.03209143986796881,0.23122149899181466,1.0,0.09851517866611192,0.32525056544372233,0.9361702127659575,0.07236829988496585,0.32063297388092893,1.0,0.031484799214985815,0.2919847273540108
virAj,257,33,239,45,0.9583333333333334,0.07283032843533366,0.2509129448471964,0.9583333333333334,0.06934758735646673,0.42007028299878724,0.9795918367346939,0.10490767234536436,0.46431373394355546,1.0,0.08381367249131078,0.3040982680358313
visfj,23,7,480,36,1.0,0.02819888084953792,0.039117104168798766,0.9795918367346939,0.09139326257437463,0.5668012101613997,1.0,0.07885286163454852,0.5644646682853072,1.0,0.025292886123328473,0.09678594663611839
vitan,49,6,91,10,1.0,0.03604053718319111,0.25727907339588196,0.9361702127659575,0.10698780419876774,0.5264303013280687,0.9583333333333334,0.0837333855300818,0.4202437523948719,0.9583333333333334,0.03440198684802176,0.21746069871059004
vizRu,224,20,784,98,1.0,0.029799969308874852,0.19640455555881964,0.9361702127659575,0.0839333893465325,0.4152102956873942,0.9583333333333334,0.09553150366669971,0.4188846597614715,1.0,0.0732686221758877,0.15795715056487314
viza,266,12,264,50,0.9795918367346939,0.05448289556681207,0.28686334353688503,1.0,0.10926989250332053,0.5221646938134376,1.0,0.12453745169773445,0.39637916250454186,0.9583333333333334,0.04368303622604908,0.28670178728198037
vizama,5,9,192,74,0.9795918367346939,0.02185030902085283,0.05208422198112561,0.9795918367346939,0.07390289113095916,0.4902741140608593,0.9795918367346939,0.12469587990405362,0.5758061020826369,1.0,0.049588949049083286,0.43648024736808955
vrIhi,19,25,20,29,0.9583333333333334,0.02236703257506434,0.14732062678394753,0.9361702127659575,0.07610938574417558,0.31873362560559215,0.8888888888888888,0.07397529539273218,0.24012531640900092,0.9583333333333334,0.025119844279000048,0.19130404891008113
vraSc,122,8,5,5,1.0,0.040019548237995806,0.2374540235720597,1.0,0.08088397956752313,0.137863776692575,1.0,0.059374560964989165,0.14942498419724026,1.0,0.05114732197605809,0.26623176229511714
vraj,10,12,308,52,1.0,0.021257164610305357,0.12427954029448851,0.9795918367346939,0.09581447974162005,0.4840703444314811,1.0,0.09854152243051328,0.5100941429288435,0.9130434782608696,0.01136733501515863,0.08733963963834723
vrata,332,62,1112,231,0.9795918367346939,0.06339104641294746,0.2750553456095126,0.9795918367346939,0.11930254965986464,0.5346227047557532,0.9361702127659575,0.08415271847256489,0.5065896361229896,1.0,0.04593685329235253,0.20257085606120884
vyAGra,29,11,1028,5,0.9361702127659575,0.014866603648419852,0.04305091077761958,0.9583333333333334,0.08361932381302806,0.5793323281050895,0.9583333333333334,0.07558692637704012,0.5868272795298242,0.9130434782608696,0.014625930091929917,0.03832519150504754
vyAhfti,10,39,8,42,0.9583333333333334,0.07641803892760601,0.2862190639931157,0.9361702127659575,0.061817392714300645,0.22045119732311358,0.9583333333333334,0.04343831513551277,0.13503514078953927,1.0,0.044717222566809545,0.25701036879280426
vyAp,21,41,141,14,1.0,0.0854425319771055,0.3436044774213963,0.9361702127659575,0.08205928482220493,0.3845765502798104,1.0,0.0841839137800211,0.4858474368844288,0.9583333333333334,0.03878307093986,0.15720418553356252
vyUh,21,6,274,49,0.9795918367346939,0.06011555153005632,0.18884017150099286,0.9795918367346939,0.07029646506508747,0.610141585644469,0.9583333333333334,0.13367411596952572,0.6540764844306362,0.9583333333333334,0.051224425575171595,0.27177108230161795
vyaD,92,37,1231,17,0.9130434782608696,0.062490481036485024,0.23418984317588887,0.9795918367346939,0.18786058983736553,0.5884025740232175,1.0,0.11758692299090112,0.5092848843046967,1.0,0.0326774989063956,0.21429316230221218
vyaT,12,12,271,5,0.9795918367346939,0.022634238135254225,0.1997069747220963,1.0,0.09378329355360038,0.5516448381054897,0.9795918367346939,0.07328696270602297,0.5306915872138848,0.9130434782608696,0.0156745966252696,0.058956096088475185
vyoman,67,22,102,7,0.9795918367346939,0.039832754202951404,0.311396818956279,1.0,0.11135357735901363,0.46903586438882994,1.0,0.1057126137187886,0.43587777847976983,1.0,0.036345958042803606,0.3905694993531501
yA,768,29,1941,209,1.0,0.04787399267768666,0.3348620193391657,0.9583333333333334,0.10362132211390829,0.48074515613172075,1.0,0.1972660017150818,0.5718561882404307,0.9361702127659575,0.04785308942623234,0.224729935578722
yAc,48,5,278,31,1.0,0.03879462444509996,0.1117944034758982,1.0,0.12278613525102244,0.518292344914981,1.0,0.08613126264499305,0.4709485008901493,0.9361702127659575,0.03434368906270813,0.19611484829182502
yAjin,20,24,37,6,1.0,0.05892366273210725,0.38998067597283226,0.9361702127659575,0.09565969516708184,0.32255179275068147,0.9361702127659575,0.09405529979792315,0.29723495300480385,1.0,0.04961569445667513,0.22020545188406193
yAjyA,53,8,6,157,0.9795918367346939,0.07658116515763014,0.1867115499099079,1.0,0.05834590396046957,0.23691062217359893,0.9795918367346939,0.08151130081043778,0.35530886062940303,0.9583333333333334,0.09514604047852349,0.29784170223226714
yAna,60,12,305,68,1.0,0.0625197455236316,0.2965818428212149,0.9795918367346939,0.07139199088287485,0.4574754603863437,1.0,0.15536444807226324,0.5520560821474761,1.0,0.09497125868346112,0.6035983019273605
yAvat,139,139,577,232,0.9361702127659575,0.04291299453687425,0.20413919848354545,0.9130434782608696,0.06398486217189825,0.40879365528619493,0.8636363636363636,0.09990297988337671,0.4487597711739655,0.9361702127659575,0.06566056262572018,0.20959053856851462
yaSas,218,70,868,34,0.9361702127659575,0.06166359627894247,0.279427051317631,0.9130434782608696,0.09325327486238999,0.4390418244849599,0.9583333333333334,0.0997985925904995,0.45614964831607774,0.9795918367346939,0.059171427929338605,0.1978992100836081
yaTA,959,985,5635,896,0.9795918367346939,0.02927859078322248,0.15401587795960547,0.9795918367346939,0.060273601426497514,0.4606052819913067,0.9795918367346939,0.08361129730601358,0.5772406301869861,1.0,0.023111059621118146,0.20877791254792422
yad,11371,4161,17148,2772,1.0,0.040855180246133216,0.13290272593113517,1.0,0.0840256283276577,0.353090459702357,0.9795918367346939,0.0789015687972574,0.3108483025965305,0.9795918367346939,0.033995004540138596,0.18091999255311553
yadA,125,178,930,77,1.0,0.06709582367806033,0.2668527629487526,0.9795918367346939,0.09611130376050958,0.42781661396075,0.9795918367346939,0.0623465901838296,0.460011305044165,0.9795918367346939,0.0461709167303509,0.3329213574883664
yadi,346,356,2043,380,0.9583333333333334,0.03129184117790351,0.2224598283569641,0.9361702127659575,0.062443627779937505,0.3756634975385307,0.9361702127659575,0.0555846183938572,0.42231238508637003,0.9361702127659575,0.028816623896745996,0.21672442926519708
yaj,1041,228,941,776,0.9583333333333334,0.046030827667026486,0.14144638370328755,0.9130434782608696,0.09088288262058819,0.31110958852590387,0.9130434782608696,0.08288287553093543,0.33270699754760835,0.9795918367346939,0.05829221646164129,0.18736210344361526
yajYa,1310,230,1655,462,0.9130434782608696,0.04877476804293446,0.1921227347226695,0.9130434782608696,0.08406581539134572,0.3749649931212785,0.9583333333333334,0.10246565971411148,0.42357296165574465,0.9795918367346939,0.07417828233873536,0.2535383176596284
yajus,51,68,62,152,0.9130434782608696,0.08047847714338596,0.18004428515920123,0.8636363636363636,0.1053606145821171,0.25904067209143133,1.0,0.1495256404874339,0.4001111185448232,0.9583333333333334,0.06486310308450816,0.2867569683474094
yakza,14,10,457,6,1.0,0.034953835143212375,0.243825993339857,1.0,0.11743947565829027,0.6996196643489119,1.0,0.10973003337899001,0.5521847893555621,0.9583333333333334,0.018056820423386077,0.02948497023949581
yam,375,16,175,51,1.0,0.03669167905606707,0.29713318784235754,0.9795918367346939,0.0919742303454344,0.4436830088582697,0.9795918367346939,0.10480338917851784,0.6025586703999268,0.9795918367346939,0.09853519490960305,0.3122967714814733
yama,251,24,970,52,1.0,0.11006887974568602,0.3378632835316475,1.0,0.13121329869459508,0.6378236441118706,0.9795918367346939,0.1408300926125977,0.5495182441049854,1.0,0.06344646338560134,0.16852943214369853
yatas,113,129,340,76,1.0,0.022192028568731925,0.16841292467362723,0.9795918367346939,0.07754460940843044,0.5204882448990089,0.9795918367346939,0.1025457670829012,0.565490167711338,1.0,0.030499573808372427,0.3728126527040412
yatra,310,204,1701,206,0.9795918367346939,0.040277884606669145,0.21250962180878052,0.9795918367346939,0.1144181606885718,0.491333247856267,0.9583333333333334,0.07507718108427597,0.47972986887252567,0.9583333333333334,0.014871501714580626,0.2518921657475739
yava,98,21,29,80,0.9361702127659575,0.045502407012959156,0.21775750059948507,0.8888888888888888,0.06166665530040727,0.24142828229015012,0.8888888888888888,0.07637191266266752,0.14395092578559077,0.9361702127659575,0.03360213932465561,0.25037751979915224
yoga,52,39,1025,266,0.9795918367346939,0.028500539639997213,0.18720279251567185,1.0,0.10676770381309397,0.4904635927852683,0.9795918367346939,0.10906837586669071,0.4944031918239965,0.9583333333333334,0.025309568155466033,0.4211027770539364
yoni,297,78,442,131,1.0,0.055145810039642806,0.3262283398776109,0.9361702127659575,0.1288255502855522,0.5993032563371742,1.0,0.16265034449387894,0.5213426993377124,0.9795918367346939,0.10332359231065935,0.3408219921012353
yozA,49,13,16,7,1.0,0.04847034799268857,0.3205838434048357,0.9795918367346939,0.052121574608050225,0.35948484728126706,0.9795918367346939,0.053373252256456505,0.34541053378653186,0.9795918367346939,0.04554635171790444,0.37190484606133645
yozit,6,5,150,18,0.9795918367346939,0.019697698579963063,0.11169256275740447,0.9795918367346939,0.12746199263884528,0.5680900193173745,0.9795918367346939,0.07880981339801407,0.4639986917548753,1.0,0.015770188557753806,0.06639520270506039
yu,89,5,13,5,1.0,0.05169737522447282,0.32588439592176766,0.9361702127659575,0.08247470163093285,0.36261097439338363,1.0,0.10461881277683194,0.37687303150193774,1.0,0.06466981136468997,0.4142445119297089
yuj,546,283,2200,337,1.0,0.05271332369057968,0.27291858183354756,0.9130434782608696,0.07921839959162369,0.41428925903826785,1.0,0.0982758966029833,0.5028976305337666,1.0,0.04849721467998347,0.352558023111891
yukti,7,8,40,5,1.0,0.023291319898893437,0.1619735353790035,0.9583333333333334,0.08534529944535774,0.2404782404526109,0.9583333333333334,0.051293590635833275,0.22253380135753664,1.0,0.015523934167531062,0.05780623493561243
yuvan,207,14,174,31,0.9795918367346939,0.033300773978583,0.2764940992023389,0.9795918367346939,0.1224009765503622,0.6007878976888974,1.0,0.1751748815436528,0.5531573705999612,0.9361702127659575,0.04449492358414042,0.1377949542357657
zaqviDa,11,5,8,19,1.0,0.036460899424562876,0.06383059358502496,1.0,0.06478093730966805,0.14901100246346644,1.0,0.06754970336150146,0.28755261662902865,0.9583333333333334,0.03266772523806538,0.165513399223725
zaz,196,35,418,414,0.8636363636363636,0.04512534539402835,0.18055132246772354,0.9130434782608696,0.07423456447509813,0.4953270276672952,0.7804878048780488,0.0479251916947262,0.3679739838874372,0.8095238095238095,0.0461338880887705,0.1511500298782158
zazWa,93,68,107,168,0.7804878048780488,0.06394317699345242,0.2174570015024626,0.6111111111111112,0.06031434491627885,0.39767564892650864,0.6842105263157895,0.03351157689676976,0.2993377803555807,0.8095238095238095,0.039047938821408334,0.09394996931536559
zoqaSa,9,17,15,20,0.9583333333333334,0.05247813479308283,0.31267534752514536,0.7804878048780488,0.05128623910137242,0.2615712756078643,0.7804878048780488,0.06163595085403151,0.18390608313405377,0.9361702127659575,0.03370166375730643,0.15026109376497665
zoqaSan,25,13,69,111,0.9583333333333334,0.06456453926448191,0.23429377524966022,0.9583333333333334,0.09033441060723979,0.39585356205662703,0.8372093023255813,0.0592621875022914,0.2594254088412091,0.9130434782608696,0.05552293551946219,0.09439512236950454
