word,freq_vedic,freq_upanisadic,freq_epics,freq_sutras,jac_ved_upa,so_ved_upa,proc_ved_upa,jac_upa_epi,so_upa_epi,proc_upa_epi,jac_epi_sut,so_epi_sut,proc_epi_sut,jac_ved_sut,so_ved_sut,proc_ved_sut
A,3956,145,94,629,1.0,0.02598619322429807,0.24845119464416499,0.9795918367346939,0.059495089413808766,0.4046748853518578,1.0,0.1578040839077287,0.6883636594479114,0.9130434782608696,0.04180069562687938,0.24988478379352097
ADipatyam,21,10,18,10,1.0,0.03179280462374334,0.17138189528544268,0.9361702127659575,0.06657490195128712,0.20749966838788614,0.9795918367346939,0.09177688441009102,0.2533082048858972,0.9130434782608696,0.01601501754742851,0.06876687503925549
ANgirasaH,29,18,5,7,1.0,0.04520500714912934,0.1921357333042396,0.9583333333333334,0.05622492419923886,0.17993187459878868,1.0,0.06771904036144194,0.20515527603836115,1.0,0.026042021111045477,0.18021258424320852
ASA,14,18,62,10,0.9795918367346939,0.010611717821902511,0.05348381531104729,0.9795918367346939,0.07589962087000834,0.36213760914504034,0.9795918367346939,0.06694707355090945,0.37210760731878323,1.0,0.004734544850424127,0.013040413990332178
AUM,9,129,25,72,1.0,0.06494986992556351,0.41069379292188346,0.8888888888888888,0.06958440941987665,0.4582720639671566,0.9361702127659575,0.07130537615280974,0.3758048494583468,1.0,0.0692500139046347,0.377354194523983
AcAryaH,7,37,106,70,1.0,0.0640145877263194,0.24631289386880262,1.0,0.10871002867587753,0.4245736358824115,1.0,0.12237241785254793,0.5588567438678383,0.9583333333333334,0.020397613205716203,0.1723495606630817
Acakzate,9,74,8,53,0.9583333333333334,0.027110085490471114,0.11710196438958398,0.9795918367346939,0.061340752311971225,0.18729051033948818,1.0,0.056774037253440324,0.19233184775265544,0.9583333333333334,0.008689117521239798,0.07802395387256023
AdAya,15,34,627,62,1.0,0.022419758891398356,0.25107452616040726,0.9361702127659575,0.08120762742282595,0.6718982553377151,0.9130434782608696,0.07430180703614608,0.6472166685164353,1.0,0.013031353674834989,0.1404009111403206
AdaH,34,35,7,7,0.9361702127659575,0.06477671943472829,0.2598835512664093,0.9795918367346939,0.08210977891229232,0.5191747176826614,1.0,0.06811548682357638,0.37182046658313983,0.9130434782608696,0.047423381216431304,0.24252003425867374
AdityAH,118,15,60,17,0.8888888888888888,0.025343578330205174,0.22747571266897015,0.8372093023255813,0.04621061536454074,0.2610291102559168,1.0,0.07811357754635018,0.3406158760984148,0.9583333333333334,0.04896799080370895,0.35113473815679597
Aditya,32,96,245,24,1.0,0.037692929515758644,0.2055548771347513,0.8636363636363636,0.08648505366066495,0.4596789434484472,1.0,0.0881063190809912,0.5719868251047739,1.0,0.01865189648180199,0.10840848755834431
AdityaH,74,125,123,10,0.9583333333333334,0.04607861343526776,0.12206174270048942,0.8636363636363636,0.04701061665788708,0.27118780786503394,0.9583333333333334,0.09661397540654881,0.43074833365362586,1.0,0.03642370532107264,0.2595671461525195
Adityam,43,50,103,29,1.0,0.048796364977646944,0.1602728014869309,0.9795918367346939,0.0818376420336302,0.4997187448709822,1.0,0.10677105946630228,0.5540347606687711,1.0,0.03715124461421726,0.16869642261574858
Adityasya,18,34,15,5,0.9795918367346939,0.029644459225115383,0.14697528294586593,0.9583333333333334,0.0487508188649215,0.2638469128670786,0.9583333333333334,0.033871294604193136,0.14779320185031364,1.0,0.012316842301525854,0.08538083292549825
Aditye,11,42,34,5,1.0,0.04020695669647578,0.25195765552894245,1.0,0.0730901650635829,0.4434673855349093,0.9795918367346939,0.05340668556660244,0.37395571291650853,0.9583333333333334,0.005058603983279064,0.03173685497857326
AgacCati,8,20,8,8,0.9583333333333334,0.016590889644893747,0.06484831781558831,1.0,0.048237545808501925,0.1468691304979527,0.9795918367346939,0.04146753808286496,0.11456341639829493,1.0,0.007120316077456557,0.0634761564647418
Aha,244,411,521,234,0.9361702127659575,0.04795870941147318,0.15607546576949338,0.9583333333333334,0.07722989786968515,0.3784498097174902,1.0,0.09192866072269101,0.4979504848804459,0.9795918367346939,0.040657628182661276,0.22328260845764625
AhuH,364,135,683,71,0.9583333333333334,0.037803138999565444,0.18382816183615924,0.9795918367346939,0.10656280760298731,0.5439842973922835,0.9583333333333334,0.08853575792994361,0.46354881085243105,0.9583333333333334,0.023503446737064504,0.1555797527298004
Ahutim,34,5,7,18,0.9795918367346939,0.022011812764274663,0.13454088880199644,0.9795918367346939,0.0554331438064547,0.13904335432830428,0.9361702127659575,0.035003316845253374,0.15956301375097204,0.9583333333333334,0.015782442332057056,0.09674263827889373
AkASe,5,43,131,5,1.0,0.0321801703382355,0.2535046241496828,1.0,0.09503435025973994,0.5169831720102426,0.9583333333333334,0.06579624255854066,0.5119724535925017,1.0,0.004986549098406123,0.05035527353244795
ApaH,452,135,163,73,0.9130434782608696,0.0377757388708283,0.20987951079497136,0.8888888888888888,0.0453891545357652,0.21603206681543907,0.9795918367346939,0.09109486565979741,0.3085103738092545,0.9583333333333334,0.060265720603005724,0.20617948254469343
Apnoti,233,62,168,51,0.8636363636363636,0.023533587929288502,0.08954604153354295,0.9130434782608696,0.07919294571460822,0.3342224656712858,0.9795918367346939,0.11376583467570422,0.38875781960975386,0.8888888888888888,0.025849714551197445,0.13942171752295107
Aptam,9,8,17,5,0.9583333333333334,0.023520129584982508,0.19252106661171076,1.0,0.06885004679450268,0.29348348758347265,0.9795918367346939,0.07131656267306274,0.27103809918052635,1.0,0.009917733200630052,0.03449149765082915
AraBate,7,11,19,6,0.9583333333333334,0.0387645991870148,0.18443432693238093,1.0,0.09020401247061205,0.3196635559704004,1.0,0.08824609283824447,0.19669219654720926,1.0,0.005396125977560895,0.019527405411617682
AraBya,12,20,5,72,1.0,0.02655976069900101,0.1571149885162031,0.9795918367346939,0.04951792169468594,0.21874538093944418,0.9795918367346939,0.12533121750505216,0.4033524814498479,1.0,0.026260896682934853,0.2539981737061614
AsAm,50,19,53,29,0.9795918367346939,0.013093945344263225,0.0761144003243146,1.0,0.09243733448001767,0.2915446732959881,0.9795918367346939,0.045937570418970286,0.2698749736644612,0.9795918367346939,0.00864878128053126,0.09237155697487687
AsIt,152,108,1280,19,1.0,0.05493517089385469,0.3064374875428625,1.0,0.18205812688660417,0.5551025513177359,1.0,0.13200131411924176,0.5974702723518053,0.9795918367346939,0.041752326250898864,0.24371431933520493
Asa,44,25,2474,15,0.9361702127659575,0.022492647611590866,0.06862519861510086,0.9361702127659575,0.07741355973922548,0.6549988657756685,1.0,0.08801820338544841,0.7494641256627421,0.9361702127659575,0.03498197603145092,0.13815481514765005
Asan,92,7,287,5,0.9795918367346939,0.028875753395393833,0.28070259130683883,1.0,0.12769311767497504,0.6081799790113231,1.0,0.11509785031249997,0.5395969562825571,1.0,0.03041939565838314,0.17435988487677723
Aste,11,17,128,10,0.9795918367346939,0.01156402350289254,0.08459863613854068,1.0,0.08061008485954058,0.4486090975840238,1.0,0.07991729074769682,0.48234223658338715,1.0,0.006908189153826294,0.025153579861324937
AtmA,157,793,1757,64,0.9583333333333334,0.04317432510334773,0.20434055565189202,0.9130434782608696,0.10448831592682806,0.4952471200102839,1.0,0.09070273621428193,0.5827509645939685,0.9795918367346939,0.030485177822392684,0.21782370623832936
AtmAnaH,5,29,76,6,0.9795918367346939,0.02501180856892027,0.18583609517293342,0.9583333333333334,0.08089001863526235,0.38318301186994574,0.9583333333333334,0.07560558614844437,0.4672542813733537,1.0,0.005554913208957957,0.01634090742739991
AtmAnam,93,387,990,86,0.9583333333333334,0.04514722756706968,0.22300091643579434,1.0,0.0869615311554588,0.4258544709043093,0.9795918367346939,0.09839545191453558,0.5461558492834826,0.9795918367346939,0.03623526502109642,0.24475239473673294
Atma,16,912,757,141,0.9795918367346939,0.02006986688283341,0.2828478056938384,0.9795918367346939,0.0936325474020806,0.4392311941884758,1.0,0.11091089877472093,0.5710212610398998,0.9583333333333334,0.007298952994631458,0.2796687096343543
AtmanA,33,134,336,15,1.0,0.11782080969887121,0.489541313002813,0.9583333333333334,0.10425976514233193,0.5373663771147339,1.0,0.06903378263159954,0.4661242625045813,1.0,0.037352071819288235,0.1775917097118972
AtmanaH,40,422,922,122,0.9795918367346939,0.08015873604575474,0.4748379038963977,0.9795918367346939,0.09838921998406513,0.4040664133900511,1.0,0.12030179970860388,0.47326882400580517,1.0,0.024594344374465282,0.19640414142651164
Atmani,34,121,232,139,1.0,0.07271963976863516,0.40569501258640495,0.9795918367346939,0.11405403883430276,0.45289955126512194,1.0,0.16805866195229213,0.6394903454470615,0.9795918367346939,0.11697983032155501,0.6197564976469702
AvftaH,14,5,60,17,0.9795918367346939,0.0057087623821563405,0.040387577596861846,0.9795918367346939,0.11080162569928587,0.47935718758704926,0.9361702127659575,0.06799564295169902,0.5210614049285296,1.0,0.009373643709951529,0.09169522029557098
Ayatanam,37,76,33,20,1.0,0.06345171676390993,0.3866978146567557,0.9795918367346939,0.10715621159960276,0.6398650945551475,0.9795918367346939,0.08106500123773863,0.452568016445984,0.9795918367346939,0.025533765379053275,0.21425526499650316
AyuH,375,53,230,80,0.8636363636363636,0.06435269242181951,0.16802744367505085,0.9795918367346939,0.08755113934002967,0.32564876076580274,1.0,0.11621062923108771,0.3998870440922693,0.9583333333333334,0.07697335517475368,0.26911328526718215
AyuzaH,13,10,83,12,1.0,0.024847921761809943,0.11422360093126294,1.0,0.08996009730235854,0.419947907030655,0.9795918367346939,0.07235678976264526,0.37539172753077166,0.9795918367346939,0.008847806160588001,0.10847280951142901
Ayuzam,5,7,8,5,0.9795918367346939,0.013984748313596862,0.125797990048369,0.9795918367346939,0.046269992826848516,0.28211217282878964,1.0,0.04774968168526661,0.2268617986060143,1.0,0.010176833794566797,0.04906442266581512
BAgaH,51,6,58,111,0.9795918367346939,0.016427685047109675,0.0954463114689863,0.9361702127659575,0.04978833854206777,0.331717899777338,1.0,0.11616519023252603,0.4198763812927113,0.9795918367346939,0.058859679399923315,0.4486714392967781
BAj,7,11,81,7,1.0,0.028743829344500038,0.1713150541071662,1.0,0.10020808775595313,0.5559587852002745,0.9795918367346939,0.06415604613318826,0.3860690671046394,0.9795918367346939,0.004444529246799167,0.014278480824979622
BAti,41,25,113,5,1.0,0.03441594873967235,0.2626931156348069,0.9130434782608696,0.051509318195567255,0.49065277280494124,1.0,0.06295414113624542,0.47288819204570576,0.9795918367346939,0.013345237589101333,0.09465363472988864
BUH,39,44,98,64,0.9795918367346939,0.08014240429052633,0.4879543077114785,0.9795918367346939,0.10298784540702799,0.610148692554524,0.9795918367346939,0.11018163821914784,0.5321602820492279,0.9795918367346939,0.07154567858922756,0.4828564479894323
BUmi,9,11,185,95,1.0,0.012639494332053802,0.08343274039754611,0.9795918367346939,0.07147259831169539,0.45239531954307577,1.0,0.18808367294604167,0.5939166881029403,0.9583333333333334,0.03309276005804063,0.28175164259152585
BUt,59,28,82,35,1.0,0.031812994076522494,0.21819372833935724,0.9583333333333334,0.09684161964451377,0.3588530081447505,0.9795918367346939,0.07679388074781301,0.38769617213929763,1.0,0.021494502712054664,0.24160558904292273
BUtA,7,18,22,5,0.9583333333333334,0.013173268659445347,0.1492374855969274,0.9795918367346939,0.10615114483206856,0.2761182137818974,0.9795918367346939,0.08425551541688336,0.32520246931363483,0.9583333333333334,0.004279683725951333,0.041060291904241875
BUtAnAm,15,84,668,31,1.0,0.04253316183921019,0.34036017132037544,0.9583333333333334,0.1102643198894252,0.4656228006990335,1.0,0.08800051578225321,0.5091149569130603,1.0,0.01010962009808214,0.11803843204517805
BUtAni,41,174,567,32,1.0,0.047808219015502584,0.24850349796587512,0.7804878048780488,0.0812263613612213,0.48842312940223775,0.9361702127659575,0.07345960599991297,0.5797735099155572,0.9361702127659575,0.009806245159868832,0.06739926560691778
BUta,37,125,744,48,1.0,0.04162746583737564,0.2378187288076813,0.9361702127659575,0.0832779098366706,0.48601741457994385,1.0,0.11076236299862041,0.5556346460914774,1.0,0.021408399507452658,0.26864128975458823
BUtaH,10,51,172,19,0.9361702127659575,0.026119430409386246,0.13824756851779996,0.9795918367346939,0.09045942905759374,0.4339246017570313,0.9795918367346939,0.09373163835801956,0.48268141562365874,1.0,0.007783900573803182,0.060466201948709
BUtam,66,88,320,46,1.0,0.03410328925219597,0.35058151391844106,1.0,0.07459518064402271,0.4214130988451168,1.0,0.08853072071613977,0.4471834964421696,1.0,0.01832869170910245,0.2181635375342974
BUtasya,24,32,38,10,0.9795918367346939,0.015349794660729055,0.2523777415382096,1.0,0.09058990193931482,0.3266832354488771,1.0,0.051741186010162754,0.29631406825522,0.9795918367346939,0.0064963952840929595,0.07212606630492324
BUte,5,20,26,18,0.9795918367346939,0.02292855195790755,0.1816682761409949,1.0,0.08788925554644311,0.3163461823456628,1.0,0.06623405196906096,0.36764113868133763,1.0,0.024500956630420623,0.2052833459789607
BUtezu,9,36,267,9,0.9795918367346939,0.029229755074283825,0.25100490062721015,0.9583333333333334,0.08787448144660925,0.4604457754341963,0.9583333333333334,0.06047976695896129,0.43748695810517657,0.9583333333333334,0.006877701938736269,0.022341739769052182
BUtvA,93,95,621,19,1.0,0.027325260453915257,0.2152516217663677,0.9583333333333334,0.07717320271094397,0.4989669777945379,0.9795918367346939,0.07125360484022691,0.6126298919409745,0.9583333333333334,0.02181182479288135,0.25858978900702745
BUyaH,15,61,33,12,1.0,0.03333510033249132,0.2807453054877638,1.0,0.08918343264012618,0.3436205222013161,1.0,0.05897866785145478,0.23058829411293602,0.9583333333333334,0.009140995417082132,0.060041342721953495
BUyas,13,50,822,24,1.0,0.04771473123339287,0.2906400289048332,0.9795918367346939,0.06621959713415604,0.5427547948854474,1.0,0.10923084939206695,0.6028775666442817,0.9795918367346939,0.015211380489322912,0.08035466809926328
BagavAn,5,80,1235,6,1.0,0.07293195028312127,0.32706607775760266,1.0,0.13113112574545693,0.538400223024226,0.9795918367346939,0.09636612706788295,0.5021490662215304,0.9361702127659575,0.007527971976291625,0.05014159952354591
Bakzayanti,9,9,18,18,1.0,0.015695147511396224,0.10066482979027869,0.9795918367346939,0.058591128775700385,0.27484117092212135,1.0,0.0799702775321941,0.2965433987453432,1.0,0.010340823192465876,0.02006724474542454
Bakzayati,10,6,5,20,1.0,0.011149754112895205,0.021414432038279863,0.9795918367346939,0.03856246394554774,0.10750503717142412,0.9795918367346939,0.051061194331886384,0.11184810102995657,1.0,0.013385364523553767,0.028795470885121688
Bava,224,10,459,38,1.0,0.04730737987267286,0.28620844962487557,1.0,0.12122493286163039,0.5798310276546151,0.9795918367346939,0.09303844762054003,0.5264951066948785,0.9795918367346939,0.04920735721747149,0.16964316154518022
Bavanti,389,177,425,185,0.9795918367346939,0.06519115675822451,0.30618545142701825,1.0,0.10636273794229445,0.35955574796949086,1.0,0.061724475165625514,0.42108593029804364,0.9795918367346939,0.019528978601715874,0.16948496553838543
Bavat,21,22,180,7,0.9583333333333334,0.027785496318644798,0.23201694607159706,0.9583333333333334,0.09978623789785257,0.5798434146751078,0.9795918367346939,0.09205020360353999,0.544976410039054,1.0,0.00973717111516803,0.10694921851193784
BavataH,98,26,194,39,0.9583333333333334,0.049995943611735094,0.3836534998578667,1.0,0.1092804855645485,0.41947871226592104,0.9795918367346939,0.09777263825107096,0.5838013704562135,0.9583333333333334,0.027218881387357285,0.19414941820532294
Bavati,1236,1276,831,775,0.9795918367346939,0.057235486895086396,0.20352405013958152,0.9795918367346939,0.06328984199228582,0.39008664181018426,0.8888888888888888,0.07280282490339385,0.46791271144847724,1.0,0.030283086553381633,0.2630128528122784
Bavizyati,21,32,899,32,0.9361702127659575,0.013578070349704263,0.04658137812906671,1.0,0.10303898244431153,0.4342532542631409,0.9795918367346939,0.09008515108167292,0.4578039481953813,1.0,0.010547750570696568,0.08844487396796841
Bayam,17,39,747,20,0.9795918367346939,0.01625571641761736,0.20569055756560983,0.9795918367346939,0.07736741845487538,0.5523849841203037,1.0,0.061497781111068406,0.5356250145960197,1.0,0.011354485725954655,0.03235217659645473
BuvaH,53,27,22,56,0.9795918367346939,0.0884953880064826,0.4583084418335611,1.0,0.09416558834550393,0.4254863947096461,1.0,0.08334608824843637,0.38999041143671365,0.9795918367346939,0.07411784438588531,0.44256601699630704
Buvanam,18,6,14,8,0.9583333333333334,0.01498082468782913,0.037617746917582684,0.9795918367346939,0.07333336468453167,0.25279870916298264,0.9583333333333334,0.05666620961487734,0.23237678233685544,0.9795918367346939,0.015663022401947835,0.03730839692702703
CAyA,8,41,53,15,1.0,0.015655286774393207,0.17584643335635464,0.9795918367346939,0.12424260775436569,0.4193440321031766,0.9583333333333334,0.06632327747630595,0.3722001298624378,0.9583333333333334,0.005088270774528558,0.07950937132693259
CandaH,114,16,17,13,1.0,0.03700220346033778,0.227809330527029,0.9795918367346939,0.08323075468128915,0.24850025414855725,1.0,0.0780684583199589,0.2602732821702246,1.0,0.03926824710388821,0.24335724865829156
Cidram,10,7,28,34,0.9795918367346939,0.019452216271267475,0.12090133941204195,0.9583333333333334,0.06450441690370567,0.22976281723010317,0.9583333333333334,0.1292757207851647,0.5091102627556482,0.9795918367346939,0.03797167005908897,0.31466195179284273
DAtu,27,6,45,6,1.0,0.015034829023907847,0.23186367623721593,0.9583333333333334,0.07086404608140995,0.4229241720425825,1.0,0.10939942516553136,0.44547080102399506,0.9795918367346939,0.014511243869223756,0.1942021698880716
DAtuH,14,11,31,11,1.0,0.020776118815624134,0.12524693499196649,0.9583333333333334,0.0513217146856455,0.214292743207796,1.0,0.07115995998207081,0.2598792932339009,0.9583333333333334,0.005732927560932577,0.0551908177389242
DAvati,39,6,8,7,1.0,0.026026219743362278,0.2975680039173625,0.9583333333333334,0.05019864308065958,0.1840625060868748,0.9795918367346939,0.051134650914487656,0.1479446790450576,0.9795918367346939,0.018728123479664793,0.33432936835473015
DUma,13,32,48,12,1.0,0.03904720401901285,0.3751446121858171,0.9130434782608696,0.11204760100676592,0.3354330515038453,0.9795918367346939,0.07197484088872896,0.39701936355543177,1.0,0.004630645500889541,0.12126303933147509
DUmaH,9,36,27,14,1.0,0.07323476441775723,0.393358858604099,0.9130434782608696,0.07357472676257681,0.3466253436433543,0.9795918367346939,0.07893363053087243,0.3828175973598966,0.9795918367346939,0.005061347979923192,0.07293826201538511
Dana,48,18,287,31,0.9583333333333334,0.03581023306354436,0.2613614242230724,0.9795918367346939,0.08266138664891176,0.5614782990042843,1.0,0.07764562999407343,0.5176210329178517,1.0,0.04441229710507444,0.2829293613663443
Danam,43,37,462,73,1.0,0.0375287202103588,0.203255024703622,1.0,0.11319530764245844,0.5676713988434329,0.9795918367346939,0.0889467143778464,0.4769323626039941,1.0,0.02009751262148529,0.22007825502965817
Danena,23,8,51,5,1.0,0.025646563477005224,0.1490054646903478,1.0,0.07589021061022061,0.3738201494688642,0.9795918367346939,0.08381493466734269,0.4393057463985022,0.9795918367346939,0.021192576192096024,0.2450307309593388
Darma,7,194,3820,234,0.9795918367346939,0.015346193782742268,0.31061266685462563,0.9361702127659575,0.12272660136631763,0.6852742285670137,1.0,0.1127351523778688,0.5496692711451694,0.9795918367346939,0.033571754164434475,0.2984370079810522
Darmam,6,14,1111,65,1.0,0.020876905952538216,0.13200839778618856,0.9583333333333334,0.080626573819786,0.44354682182679206,0.9583333333333334,0.07344161642019509,0.4314882477832387,0.9795918367346939,0.021218441500288177,0.1995186093680562
DiyA,109,12,20,9,1.0,0.04372923806849294,0.39945766668553406,0.9795918367346939,0.06691557409607374,0.2063711898296079,0.9795918367346939,0.08153620275811757,0.35940751176906427,0.8888888888888888,0.04526542480100515,0.22091000501105829
DiyaH,106,7,5,13,0.9795918367346939,0.02700960600682034,0.2671016714425666,0.9795918367346939,0.052661613012789044,0.15147316707752,0.9795918367346939,0.0932720170014959,0.35242307755147584,0.9795918367346939,0.08781325888041647,0.3092953974083392
DruvA,17,7,21,5,0.9795918367346939,0.012569459836993424,0.04787986305203229,0.9583333333333334,0.06314106521067975,0.24839302598779478,1.0,0.05527264539702381,0.2355395522924577,0.9795918367346939,0.0077893843139628105,0.05884206077086995
Druvam,30,9,419,15,0.9361702127659575,0.015704731136184313,0.15148372279257072,0.9583333333333334,0.06659211165515888,0.47988327111939977,1.0,0.05270769095483363,0.4826714929846566,1.0,0.015375579198526723,0.11344787466092876
Gfta,99,5,60,37,0.9795918367346939,0.012359367772448726,0.18858838164884473,0.9130434782608696,0.07501060312204932,0.3399129382938413,0.9583333333333334,0.09361723729831484,0.4311918759605624,1.0,0.05775127360283905,0.1910730770689506
Gftam,79,5,57,37,1.0,0.011319002297318081,0.12377678824992266,0.9361702127659575,0.05991593381938032,0.2978760079486983,0.9130434782608696,0.07061074081342644,0.33094628409451077,0.9583333333333334,0.03276588408245096,0.18353117668829788
ISAnam,19,6,47,6,0.9795918367346939,0.012222872993757572,0.09885643866677363,0.9361702127659575,0.069015711277994,0.39562448385933313,0.9583333333333334,0.08811562532787831,0.4507791775570871,1.0,0.02410209248615003,0.09381011490466529
ISvaraH,12,27,365,8,0.9583333333333334,0.020806745065533594,0.13915456839643447,0.9583333333333334,0.11303837641488546,0.5045848273390394,1.0,0.14314839490178288,0.5427528138949167,0.9795918367346939,0.010534252804385025,0.029345453333382343
Kalu,32,131,262,14,0.9795918367346939,0.054793912994475,0.2538286746661995,0.9795918367346939,0.07493449646997574,0.5324571698626529,1.0,0.0607210570424348,0.4962774253687501,1.0,0.014764904853045824,0.13481552336649705
Palam,6,292,1261,81,0.9583333333333334,0.01940242160978123,0.2630599437816876,0.9583333333333334,0.06995673401196112,0.48829543944395915,0.9795918367346939,0.07179534125137166,0.5305750992935221,0.9583333333333334,0.013574289825781904,0.25232896450886444
SIta,6,7,110,10,0.9583333333333334,0.008341602298374995,0.06482309181670409,1.0,0.10014116652850857,0.5007998455278081,1.0,0.06321315854336962,0.49192801570039624,0.9583333333333334,0.006214046571130227,0.0364589229866249
SUdraH,6,7,119,28,1.0,0.014356848351062657,0.01721049037489375,0.9795918367346939,0.05778715386365496,0.3809904652534364,0.9583333333333334,0.06418899140024914,0.34715373738083866,0.9795918367346939,0.00597467419453801,0.0332770676806442
SaktiH,8,10,126,16,0.9795918367346939,0.028538381881427766,0.2104053319425656,1.0,0.10252809387766282,0.5007157637764952,1.0,0.1497051469207018,0.5574246442166821,1.0,0.02136394209182102,0.2675171525374265
SarIram,48,161,258,19,0.9583333333333334,0.03313410353594559,0.24346631202688407,0.9583333333333334,0.0751413436752606,0.44875747100380825,0.9795918367346939,0.05946344493343725,0.450178840817825,0.9583333333333334,0.005765399216042688,0.05666137867050014
SaraRam,6,7,293,7,1.0,0.01969679410025449,0.0734205497960807,0.9795918367346939,0.06418090081998484,0.48809642814386767,0.9795918367346939,0.05954037093445985,0.5115125905543634,1.0,0.018433155431452186,0.05074042317257832
SatAni,37,9,201,51,0.9795918367346939,0.03681670354278921,0.280322351422316,1.0,0.13240414938523803,0.4481986354609382,0.8095238095238095,0.07280235388228629,0.3119099766905027,0.8095238095238095,0.02396951723050944,0.11477598651123311
Sata,224,14,634,115,0.9795918367346939,0.017493980215413485,0.26579164138402733,1.0,0.16870278637347935,0.4784827830625902,0.9583333333333334,0.09831996708635304,0.4503402881755776,1.0,0.06503867092577742,0.45904494072850177
Satam,220,47,525,160,1.0,0.06832675544617772,0.3117543708652325,0.9795918367346939,0.21063827087542086,0.43053862703531576,0.8372093023255813,0.0728255544498696,0.3674734518822196,0.8095238095238095,0.03331136077106911,0.20961397034475393
Satena,9,6,104,7,1.0,0.012533109925167762,0.12302302536751708,1.0,0.15506770058024089,0.5972935599726648,0.9795918367346939,0.1071785026953882,0.5297371221582752,0.9795918367346939,0.021738518928372974,0.07133409053828288
SatruH,22,5,119,21,1.0,0.007891218412278134,0.05254665705901629,0.9795918367346939,0.0727702378253201,0.4362979769268094,0.9795918367346939,0.09228278069073248,0.3708197644087807,0.9795918367346939,0.018792117591459934,0.12620343030656023
SezaH,8,15,38,84,1.0,0.01005039973059585,0.05232903327577376,0.9795918367346939,0.09275617069904529,0.31789682775893313,0.9361702127659575,0.07789214407067846,0.47741840424475,0.9795918367346939,0.03401885983631037,0.24828190596358324
SfRuta,5,5,12,9,1.0,0.009664348606936435,0.03625895944716262,1.0,0.07116054190529064,0.2270381194865615,1.0,0.09048764711601609,0.25836024394414636,1.0,0.014702642180032144,0.02992632110048299
SiraH,126,74,497,65,1.0,0.03595782472822684,0.22805481217591095,0.9361702127659575,0.063233131385662,0.5075194492412387,1.0,0.08908885342494344,0.6116082604094246,0.9583333333333334,0.015709803849322856,0.12442283088659567
Sivam,19,5,120,10,0.9583333333333334,0.01552353645079374,0.08785059970877396,0.9795918367346939,0.07619405084253805,0.42039140896352734,1.0,0.0771471711547046,0.46199023200871336,1.0,0.016751781399445553,0.18735808098895057
SlokaH,15,40,23,14,1.0,0.031089853891790753,0.34354076277805135,0.9795918367346939,0.10366357128207992,0.4327011788799062,1.0,0.0734891357512979,0.28991145210070024,1.0,0.0057058260458153764,0.03890371033767881
SrIH,42,10,177,9,0.9795918367346939,0.025394944007740117,0.17147303063838804,0.9795918367346939,0.09074200588189885,0.45651231021407557,0.9795918367346939,0.08536697826255568,0.4944350037960309,0.9583333333333334,0.025216083273336132,0.16140572485269045
SradDA,25,53,88,12,1.0,0.043088347446615716,0.32142056377362516,1.0,0.13910996328888425,0.5349515370003999,0.9795918367346939,0.061242558306958905,0.3358925174681682,0.9795918367346939,0.005267302787507311,0.031829600040554906
SreyAn,8,9,47,39,0.9795918367346939,0.03148670661881059,0.17859187914488694,0.9795918367346939,0.11218990401501461,0.37439946855372874,1.0,0.12233371860792464,0.28310559024777193,0.9795918367346939,0.01672718051090949,0.23319494052410739
SreyaH,9,31,408,40,0.9583333333333334,0.018655144426311332,0.20469916901266072,0.9795918367346939,0.07926238608457947,0.4962582289812003,0.9795918367346939,0.09556490512111793,0.40181088570026713,0.9361702127659575,0.017376980227422956,0.19881379974310276
SrezWaH,31,36,556,11,0.9795918367346939,0.025966376604748764,0.16285416820333098,0.9583333333333334,0.10547871162316302,0.5719611721618346,0.9583333333333334,0.08622455513464689,0.5571085654997814,0.9795918367346939,0.01388329206534289,0.06663784975078657
SrezWam,15,7,418,11,1.0,0.014186399262357208,0.06048734723564442,0.9583333333333334,0.08304298344839822,0.6183213516788535,0.9795918367346939,0.10124561394434617,0.6395731006710317,0.9583333333333334,0.012864761068901664,0.04059436522513782
Srotra,7,33,30,5,0.9795918367346939,0.029546290441342937,0.18295484281961072,1.0,0.08953747025600445,0.29796879082360894,0.9795918367346939,0.0758338910580525,0.3913602534740407,0.9583333333333334,0.010614201931245293,0.04911879094812477
Srotram,49,90,58,15,0.8636363636363636,0.0300237581974514,0.1450825206548001,0.9130434782608696,0.06745077981869152,0.26061091051632457,0.9795918367346939,0.0937739307481511,0.384639762651388,0.8372093023255813,0.04907010084430463,0.2371874511144636
Sruta,8,16,93,23,0.9583333333333334,0.02257359498829503,0.22461086412187614,0.9361702127659575,0.14015821652432559,0.5129989365113327,0.9795918367346939,0.08918463987021508,0.4787092574381142,0.9795918367346939,0.007760006011370502,0.13771101803845154
SrutaH,34,7,145,7,0.9795918367346939,0.01983845795689898,0.24469925838070483,0.9795918367346939,0.12519225236221165,0.5129041355880398,1.0,0.09189566851808117,0.4378564980407478,1.0,0.023425976496869616,0.09160294057613472
Srutam,35,29,464,6,0.9795918367346939,0.024816067784124596,0.21626607007444298,0.9583333333333334,0.07032191530719556,0.5297963004136312,0.9795918367346939,0.07610160699495394,0.5209894922956395,0.9361702127659575,0.01845157037912526,0.14978133057330834
SudDa,6,19,131,25,0.9795918367346939,0.03228164411291412,0.26167219625180427,1.0,0.10314706753058078,0.43086527236168926,0.9795918367346939,0.08709599962084824,0.48201501473650665,0.9583333333333334,0.010077112006758093,0.18578877275058203
SudDaH,23,6,36,11,0.9795918367346939,0.029775153731812054,0.3075715475889027,0.9583333333333334,0.07445381240087101,0.2683082274711588,1.0,0.08956664505072398,0.28341730607529625,1.0,0.03345185860794864,0.3402062762935564
SudDam,6,8,54,13,0.9795918367346939,0.008974503286960034,0.035914300485282435,0.9583333333333334,0.0836266383929426,0.32651904904701645,1.0,0.10930786852814656,0.3335914303472193,1.0,0.004557544044015649,0.09058268887548548
Sukram,38,13,45,9,1.0,0.01777728600156636,0.1614036537728063,0.9361702127659575,0.05678290980641876,0.26926732384048346,0.9795918367346939,0.09119752523099245,0.3499528267776354,1.0,0.023584182309201784,0.11265908386567125
Svas,29,7,104,21,1.0,0.014778812556725196,0.061389671148796676,1.0,0.05880152988515919,0.4089816098625103,0.9795918367346939,0.07030250186881548,0.39964680154986787,1.0,0.016992589139118386,0.08799346692868393
SyenaH,63,5,26,30,0.9795918367346939,0.021528937546012372,0.24472974121267965,0.9795918367346939,0.047138601679995173,0.22824018682786296,1.0,0.06789128206574879,0.3008325266906291,0.9795918367346939,0.02081354588742179,0.27347719960862427
UcuH,15,56,413,7,0.9795918367346939,0.07062412314090916,0.24102474271539398,0.9583333333333334,0.0831337327165802,0.4221551242841334,0.9795918367346939,0.09399789995571395,0.4802896501109116,1.0,0.02217630615479793,0.04323178836071018
UrDva,20,33,93,60,0.9795918367346939,0.015271460071886955,0.1581240549373233,0.9583333333333334,0.08724524024656055,0.38606181136955064,1.0,0.12377131570867628,0.512835404854953,0.9583333333333334,0.011614768386160268,0.22088379713484363
UrDvam,41,81,212,173,1.0,0.033506975398114425,0.15757926400074607,1.0,0.12003331224166924,0.5520413977253666,0.9795918367346939,0.08717833428084776,0.5255081459980092,0.9795918367346939,0.0167572324258215,0.16282498803596002
a,1198,678,3023,716,0.9795918367346939,0.020151052039756312,0.20996616526392964,1.0,0.06506124022958382,0.5424987961792628,1.0,0.07405895291874365,0.471800728257075,0.9583333333333334,0.0071013260833996394,0.12363290364493151
aBUt,60,60,556,19,0.9583333333333334,0.03745147874714305,0.19761151296221435,1.0,0.19032371872738763,0.5858250494847396,1.0,0.11444860341703744,0.5170426718139969,1.0,0.04330930167421809,0.1680965207508538
aBayam,39,66,97,26,1.0,0.049362431008997065,0.35832907066079533,1.0,0.10840896552775725,0.44215924970909104,0.9795918367346939,0.0825431813504578,0.36844202254433145,0.9795918367346939,0.06800093270454,0.12118616846548069
aBi,1247,7,19,140,1.0,0.024801560270269696,0.2975072064148061,0.9583333333333334,0.05789365579092742,0.2713096172424865,1.0,0.13437592289089917,0.4576806046807895,1.0,0.05240465556527507,0.30835239383673296
aBitas,66,10,119,37,0.9583333333333334,0.02599485873538232,0.19136971116885992,0.9795918367346939,0.0862128111834718,0.522975830659281,1.0,0.11265391387533685,0.4512400243771585,0.8095238095238095,0.01618995138564916,0.08764567379154609
aDas,22,28,108,30,0.9583333333333334,0.018518292057014607,0.10151603891757244,1.0,0.06761022010078954,0.3676803041141158,1.0,0.07639625651174198,0.47383300732990363,0.9795918367346939,0.002944591669597707,0.0967066875921605
aDi,749,24,30,27,1.0,0.032540436789725735,0.3464786458833513,0.9795918367346939,0.08964550796588555,0.46405218376084645,1.0,0.0912364207853158,0.42299601568233614,0.9795918367346939,0.014587492970622895,0.2660595537323953
aDidEvatam,14,26,99,9,0.9583333333333334,0.03173295934888487,0.13389065665607713,0.9361702127659575,0.07210556389578193,0.22007713373093107,0.9583333333333334,0.0781724364993247,0.3881275970365541,0.9583333333333334,0.016870597945352617,0.07107923812905559
aDipatiH,59,22,98,9,0.9795918367346939,0.021753600832183695,0.18575623393532525,1.0,0.11975843155948906,0.5391424448761908,0.9795918367346939,0.10857186185758216,0.47096620589694704,1.0,0.014139001109499949,0.13877739106385167
aDvaryuH,62,11,12,65,1.0,0.024627988943912604,0.10815203279962171,0.9130434782608696,0.048221151389554295,0.15014583259696146,0.9361702127659575,0.0696317729124456,0.23760001556330357,0.9795918367346939,0.043283770307884106,0.2562084717180486
aDyAtmam,16,84,136,10,0.9361702127659575,0.053725562293088114,0.23469333400362613,0.9795918367346939,0.09575943710096313,0.323542356420899,0.9583333333333334,0.08304454184485555,0.4250265387848231,0.9583333333333334,0.01994983746860346,0.0924231645299951
aNgAni,24,11,82,17,0.9795918367346939,0.02959038394393032,0.12245549097311093,0.9130434782608696,0.04599859081347979,0.3762626828479041,0.9583333333333334,0.05571948893330203,0.4113298746970182,1.0,0.00910644148090678,0.01952193629538912
aNgAt,29,5,12,13,0.9795918367346939,0.016139659905080705,0.07284443449033151,0.9795918367346939,0.03534095644666113,0.22462283305489705,0.9795918367346939,0.06031473121655395,0.2084739930733841,0.9795918367346939,0.015050218546711958,0.09300265655025497
aNga,76,50,184,78,1.0,0.05991073964743898,0.32698848124645186,0.9795918367346939,0.07169378291107398,0.4992210835673556,1.0,0.1456971006375336,0.5232854540890947,1.0,0.020498768672968293,0.12647741268941437
aNgam,48,10,137,34,1.0,0.03505492065525795,0.3029283022683701,1.0,0.11197857158010116,0.5388676207236025,0.9795918367346939,0.11596708285396173,0.47688527740955866,1.0,0.024254711138221863,0.29403574984674385
aNgirasaH,71,9,41,9,1.0,0.02801890786666028,0.24179493078016145,0.9583333333333334,0.05065069089136587,0.36208175106703466,1.0,0.07210419241317612,0.39016199887397385,1.0,0.04359642975054956,0.20988186982697177
aSmAnam,14,7,10,8,1.0,0.017136821849570993,0.09412276211222192,0.9795918367346939,0.06208603706635074,0.25608957335984406,0.9583333333333334,0.04850194524744855,0.18295384216015442,0.9795918367346939,0.023156045341481413,0.1708521829160362
aSnIyAt,16,7,25,15,1.0,0.011025995831425384,0.05113901665409082,0.9361702127659575,0.05575430634849221,0.21613906095894775,1.0,0.05852884784479684,0.2159960281820592,1.0,0.00584518839826853,0.05861183127957281
aSnanti,9,5,34,6,0.9583333333333334,0.01366104923456224,0.06498837142343217,1.0,0.09724176599508971,0.3107187407959644,1.0,0.0677440071855655,0.26050585323727393,0.9795918367346939,0.004047390378932647,0.0163712401527234
aSnute,35,21,178,15,1.0,0.027055870676707117,0.11098896728719687,0.9795918367346939,0.05877731128513819,0.3381621326169788,1.0,0.09632387562050715,0.346102559273886,0.9795918367346939,0.01353759016291034,0.05757841291982735
aSvAH,68,8,94,12,0.9795918367346939,0.022628233494148997,0.2774074720737052,1.0,0.07106575013573924,0.5092633748689251,0.9795918367346939,0.0724883761233811,0.41949312329335453,1.0,0.028862444172286783,0.24869215572608694
aSva,92,20,638,124,0.9583333333333334,0.04948391225779725,0.3971858192179394,1.0,0.07876932951654958,0.5914639249579113,0.8888888888888888,0.1141368058553589,0.3973507802817612,0.9583333333333334,0.0842349571993779,0.35120678631526236
aSvaH,110,17,85,20,0.9583333333333334,0.01930247791520423,0.21603579036857634,0.9583333333333334,0.05713745096696721,0.4304337181885297,0.9583333333333334,0.0738449693003399,0.451333600691324,0.9795918367346939,0.015924175670262386,0.2084972720367797
aSvam,68,14,123,47,0.9583333333333334,0.03809204753363249,0.2508636592370843,0.9795918367346939,0.07324148518405993,0.5535616190308679,0.9795918367346939,0.11996979599177904,0.4924061125915852,1.0,0.054893717204505976,0.2544046591866853
aSvasya,46,24,13,5,1.0,0.01494893468148395,0.13970349778111235,0.9361702127659575,0.027418249691718355,0.19713721968209008,1.0,0.0466090507552146,0.1915160766553038,0.9583333333333334,0.00774816529305089,0.09150992981384054
aSvinO,48,8,137,15,1.0,0.02267864747543491,0.17526255656338885,1.0,0.07054546407221152,0.4603059103341465,0.9795918367346939,0.1054468509508284,0.4207089662706598,0.9795918367346939,0.04796680361721961,0.11549133675601109
aSvinoH,38,8,26,8,0.9583333333333334,0.015594895800839503,0.1475844846590093,1.0,0.09054694136782959,0.35392181615275087,1.0,0.04476855110996303,0.22639120987635108,0.9795918367346939,0.022514656954432888,0.07001630303246875
aTa,1322,801,4928,671,1.0,0.036709129382004324,0.17815955338087586,0.9583333333333334,0.05145872102493987,0.5064879904828066,1.0,0.06285391183036015,0.5389267292191477,0.9583333333333334,0.028387651540506043,0.20586834255189612
aTarva,5,9,10,7,1.0,0.027220614935413723,0.08746117752620441,0.9583333333333334,0.038639117084161345,0.20475351510261097,1.0,0.06695646702444447,0.2562747979110339,1.0,0.008530185412486513,0.05133194140724551
aTo,68,6,161,6,0.9583333333333334,0.02922864404272396,0.18805610207970636,0.9130434782608696,0.04362647831649791,0.4716624518861062,1.0,0.05430806525346654,0.47271465237394883,0.9795918367346939,0.014003723315632155,0.11641084144598834
aYjasA,21,8,71,5,0.9795918367346939,0.03793943067650951,0.2313225504155516,0.9795918367346939,0.06629440097539396,0.4960714308020019,1.0,0.06926700479247605,0.4586457179416277,0.9795918367346939,0.036217908190519954,0.23213964067368442
abravIt,134,59,3315,16,0.9361702127659575,0.049841628919146674,0.20512400536860387,0.9130434782608696,0.08467778746446031,0.43775861326082477,1.0,0.08603893246357674,0.5116201092851869,0.9795918367346939,0.024451239915927347,0.28970199957519793
abruvan,53,9,334,6,1.0,0.04595245598918296,0.14679086775023076,0.9130434782608696,0.06662295399595264,0.49232394864245,0.9795918367346939,0.07816590181848926,0.546124180536374,0.9795918367346939,0.028396579142641487,0.14628784336275447
adBiH,36,16,52,57,0.9130434782608696,0.017836291107897972,0.10592294046997508,0.9583333333333334,0.06030176474605953,0.3905286380916194,0.9795918367346939,0.05721388313905362,0.31106948475937035,1.0,0.023442390921355694,0.21517517609300252
adByaH,24,19,16,6,1.0,0.028037142358604772,0.19721538770840819,0.9361702127659575,0.05372907405880423,0.2374838282822047,1.0,0.06610240624150587,0.26914476006950705,0.9583333333333334,0.007579743283242957,0.029204649859156717
adfzwa,8,19,27,26,0.9583333333333334,0.015744953676172124,0.19797389960649459,0.9583333333333334,0.09452625242243651,0.3556942486946735,1.0,0.0770121972039236,0.33115337820325674,0.9795918367346939,0.013768800449127316,0.3157663018331607
adya,310,45,2317,105,0.9795918367346939,0.03834383429226851,0.29781153166214414,0.9583333333333334,0.1024425160174125,0.4602430453998283,1.0,0.16302485427763824,0.6197765600684165,1.0,0.12704193332562963,0.43787667567590904
agnIn,17,13,51,27,0.9583333333333334,0.021795269687413632,0.08773962671895452,0.9583333333333334,0.0788489466742005,0.380523836524852,0.9583333333333334,0.08798433779227688,0.37419428328270743,0.9583333333333334,0.006412115778880012,0.04267033996112801
agnO,65,94,118,137,0.9583333333333334,0.08292193397871839,0.4530660218827963,0.8095238095238095,0.08175180018225858,0.43392751331460255,0.9361702127659575,0.08866303209866366,0.46362047201539736,0.9361702127659575,0.02233584423586943,0.24967304390988554
agnayaH,69,14,86,22,1.0,0.032832845336342564,0.200622766200363,1.0,0.13128531730492332,0.47383313694783813,1.0,0.08849361438785208,0.39660322238909096,0.9583333333333334,0.013563926827440786,0.1705958769595578
agnaye,107,12,13,79,1.0,0.03597952340126298,0.24281373455110578,1.0,0.08601440490456458,0.31272876840452546,0.9795918367346939,0.0918362963227457,0.42631788226224776,0.9795918367346939,0.04043877317430389,0.2371644563233335
agne,1317,18,24,344,0.9795918367346939,0.049819217735241006,0.26543885670334744,1.0,0.11044792500349232,0.4391730097549882,1.0,0.0919187155796043,0.29403830337629444,0.9130434782608696,0.0355921674514863,0.24640775978880813
agneH,175,91,89,188,0.9583333333333334,0.017238383210322672,0.25786319025589377,0.9583333333333334,0.0589987591115414,0.3864197569843515,0.9795918367346939,0.15629100337303137,0.5485416092739639,0.9795918367346939,0.032109607878958224,0.36931155435349305
agni,66,180,588,291,1.0,0.033718288928696105,0.2749837029510924,0.8636363636363636,0.07157700588377736,0.5430581749029433,0.9795918367346939,0.09466361045965199,0.5338426728186363,1.0,0.027940248844084303,0.28406666316170825
agniH,999,206,604,352,0.9583333333333334,0.05204358035491219,0.3116521050702261,0.8888888888888888,0.06159098401779384,0.40120408446638933,0.9130434782608696,0.10026695273468189,0.4457047276537599,0.9583333333333334,0.03691747730875994,0.1678602144478415
agnihotram,36,20,54,35,0.9795918367346939,0.020211582403134587,0.16542773377967268,0.9361702127659575,0.07881701439724575,0.25886332589683025,0.8888888888888888,0.06890065822600788,0.23876773109402238,0.9583333333333334,0.016782049008539968,0.1525516698187538
agnim,365,41,271,360,1.0,0.055774489079735035,0.4285207106409725,0.9583333333333334,0.06748786098637949,0.43621026611496283,0.9583333333333334,0.07096944122892557,0.3466737988722255,0.9130434782608696,0.04349156529996279,0.22145178045521252
agninA,41,23,107,37,1.0,0.020264132040676897,0.09996993101562801,0.9583333333333334,0.05921717019846284,0.5110128976326234,0.9795918367346939,0.07894689661879284,0.5208457155953707,1.0,0.03577364257236859,0.11497086415125302
agra,10,6,160,34,1.0,0.006981356248347836,0.04732344954081924,0.9795918367346939,0.11724430678023678,0.5551362167844586,1.0,0.11218707209697143,0.6021367562810583,1.0,0.019451260507528878,0.24925889563867265
agram,63,8,84,41,0.9795918367346939,0.021928354077934586,0.17148972772187077,0.9795918367346939,0.081439066341358,0.4816868641986719,0.9795918367346939,0.0719043007137865,0.4319399862345441,1.0,0.020773368594981467,0.22911849677594642
agre,174,68,192,105,1.0,0.06220760389486146,0.36071231739560616,1.0,0.1707995878274371,0.5951727435237104,0.9361702127659575,0.06776007890332769,0.6071649408074868,1.0,0.047576998652589575,0.39376259409173653
ahAni,124,7,45,25,0.9795918367346939,0.046698054812715384,0.34758732399187986,0.9795918367346939,0.08608570510241265,0.41917362825665294,0.8636363636363636,0.06666055414900252,0.32402449897712515,0.9361702127659575,0.021468506127977904,0.18684560103339698
aha,74,9,24,29,1.0,0.014263485033690015,0.11756459432380206,0.9795918367346939,0.09920622736681184,0.4733148352135599,0.9361702127659575,0.05131259475675054,0.3053750334688745,1.0,0.015763146781528792,0.09993638890937573
aham,676,581,6115,208,0.9583333333333334,0.051901456733311035,0.1364463631835715,0.9130434782608696,0.045019400821842304,0.39727334627036426,1.0,0.09144023452097938,0.44237481118669564,0.9583333333333334,0.05634779612772145,0.23237022604285418
ahani,40,21,190,75,1.0,0.03709120231010132,0.20775032056525655,0.9795918367346939,0.08445870029324454,0.5921174125992958,0.9361702127659575,0.12619898416265662,0.6358649218924219,0.9795918367346939,0.07964534573936466,0.3101685846552906
ahar,546,94,122,167,0.9583333333333334,0.09276975434121071,0.412119932317505,0.8372093023255813,0.08140826171868942,0.39315756216711817,0.8888888888888888,0.09366219895069217,0.34500674271346543,1.0,0.04054572323056704,0.27218710631505205
ahnaH,253,5,16,68,1.0,0.05622875105342662,0.442687203936172,0.8888888888888888,0.04255515694901857,0.20485867726636453,1.0,0.08898038818832033,0.4215040597713019,0.8888888888888888,0.07074164591981824,0.3458149648292843
aja,29,8,15,15,0.9795918367346939,0.011443033254271762,0.09673989759681256,0.9361702127659575,0.05505681978460275,0.3723563289430677,0.9795918367346939,0.07097263601815951,0.30544072932273125,1.0,0.011517342258976715,0.1812924512317775
ajaH,40,19,44,10,1.0,0.028313867559526362,0.2450295931951233,0.9583333333333334,0.10974150988914455,0.2840560021822315,0.9795918367346939,0.08800060926153164,0.2847111240439477,0.9795918367346939,0.012942201615554039,0.05125858614177803
ajaraH,23,10,11,5,1.0,0.023762203493326695,0.15303855790200083,0.9361702127659575,0.057222547394982115,0.16255670827366897,0.9795918367346939,0.05508419843962631,0.22111587657510656,1.0,0.01965074850728088,0.047468210203896355
akAmayata,30,15,5,6,1.0,0.04465849192961768,0.14827925850332235,0.9795918367346939,0.05090683173918409,0.14266899186789794,1.0,0.05274246041197739,0.20065416063092245,0.9361702127659575,0.016167316589270064,0.09950471446160325
akfta,6,7,18,27,0.9795918367346939,0.009906077651311906,0.11855248525330353,1.0,0.0596410981262081,0.2548442024828057,0.9795918367346939,0.07293514147495295,0.2393087117126702,1.0,0.0076416742053972975,0.07004868838605893
akzaH,35,10,161,18,1.0,0.011081606650923614,0.054487409213167526,0.9795918367346939,0.1315569530486158,0.4986702100470781,0.9795918367346939,0.08780752613549248,0.5373879331781244,0.9583333333333334,0.006416854369487468,0.08264549759721085
akzara,14,28,57,19,1.0,0.026701887983359707,0.12790890634981367,0.9583333333333334,0.0834292474678926,0.31569420303685736,0.9583333333333334,0.09585469376079836,0.4185670666844292,1.0,0.012629978781648843,0.09406025544355123
akzaram,46,121,135,25,0.9361702127659575,0.03609294254059148,0.23354462782804464,0.9583333333333334,0.08914091491653087,0.4145774574699793,0.9583333333333334,0.10603397578630924,0.4043146683014739,0.9795918367346939,0.023660796195778766,0.09192957263503065
akzi,10,9,108,16,1.0,0.010510871745133987,0.022422030670980253,1.0,0.08298733542075654,0.5113511232252212,0.9583333333333334,0.0875381455464137,0.5298350304939091,0.9583333333333334,0.003022899383224975,0.05395385068965464
alam,9,12,174,19,0.9583333333333334,0.02363558196283211,0.0584299543805068,0.9795918367346939,0.08989002021842663,0.47316227721245396,0.9583333333333334,0.06398730198647384,0.4535206172720868,0.9795918367346939,0.005887195818579993,0.03769063295716224
amfta,119,146,183,14,0.9795918367346939,0.053922015142569,0.25288463130274297,1.0,0.11407032200112299,0.43857172944996603,1.0,0.07707071420144496,0.47928263325010456,0.9795918367346939,0.034843675778539196,0.2630721676370431
amftam,93,145,234,13,0.9795918367346939,0.026797977560688357,0.322076873603544,0.9795918367346939,0.08321630480771758,0.4161049528645012,1.0,0.07291163394884692,0.3975986874476982,1.0,0.0115853783581511,0.11540466550535944
amftasya,88,16,39,5,0.9583333333333334,0.017572616320404078,0.2420846765554172,0.9583333333333334,0.05557958983598088,0.23748274877918862,0.9795918367346939,0.06686829707421804,0.24274106158139175,0.9583333333333334,0.01604916430080483,0.16369850634425298
amum,88,38,19,26,1.0,0.027702031053570386,0.2271966104984111,0.9361702127659575,0.0503710897946712,0.2513819252837428,0.9795918367346939,0.06764602547861609,0.37963041081366244,0.9583333333333334,0.020658701549488234,0.17768344216150123
amutra,7,10,67,8,0.9583333333333334,0.00989654647180338,0.08396248775287063,0.9583333333333334,0.0798190255699659,0.3926167687325991,0.9795918367346939,0.05784889392562176,0.32481778666759065,0.9795918367346939,0.007292643413744804,0.027392338267577365
amuzmin,31,22,7,7,0.9795918367346939,0.02993551817289819,0.15680918299255786,0.9795918367346939,0.06304220223433277,0.2521096837465542,1.0,0.053669546199167084,0.15048361488298778,0.9583333333333334,0.019271685325735755,0.1638570584426794
an,284,170,672,256,1.0,0.04812608149932984,0.2950745512073587,0.8888888888888888,0.07483161535683513,0.6161539219203099,1.0,0.08096944145349683,0.6015731290917352,1.0,0.036431828100739194,0.2480851598190339
anDaH,42,18,47,15,0.9361702127659575,0.024260900572629085,0.2726551193204074,1.0,0.06083158372374353,0.2935455994897732,1.0,0.0723404235839542,0.36452711677054495,0.9361702127659575,0.02928672320623016,0.1449894179718043
anantam,9,39,54,11,1.0,0.017824155664806662,0.21751811404910792,0.9583333333333334,0.061985329543608136,0.37372988497270765,0.9795918367346939,0.1107140525191953,0.5081751159018237,1.0,0.03370870717682528,0.16435891766594457
anayA,9,12,59,27,1.0,0.013383560708575826,0.053416224861628336,1.0,0.07023134625090277,0.40954778421481397,0.9361702127659575,0.06474632878779762,0.44686262031390567,0.9795918367346939,0.02256454189336521,0.08665927381331251
anayoH,6,6,31,12,0.9795918367346939,0.01623051717124202,0.053578537046679475,0.9795918367346939,0.06814308214161091,0.2186952695031219,1.0,0.06606619285405801,0.260114182797633,0.9795918367346939,0.007306886093384368,0.05330990923045342
anena,39,131,354,175,1.0,0.013614222398596554,0.10897040579303452,1.0,0.0768220166018656,0.44127987283039316,0.9361702127659575,0.09439132651263904,0.5058036675954234,1.0,0.014871140334979827,0.17162805204100584
anftam,39,34,204,18,0.9795918367346939,0.02781473733132145,0.22452342181220541,0.9361702127659575,0.08929367278303713,0.46437433278801077,1.0,0.07281760043119001,0.4472856695051234,1.0,0.00916395007538695,0.07000520660768372
annAt,5,18,32,11,0.9795918367346939,0.03622631299663415,0.16525231401992801,1.0,0.07914238540616125,0.30060936040859043,0.9795918367346939,0.0422368591787361,0.26062518445982685,1.0,0.006040895002842328,0.05050958763033753
anna,165,333,235,220,0.9361702127659575,0.06633250269868829,0.2610803965689703,0.9361702127659575,0.10306336712151642,0.42200581808963056,0.9583333333333334,0.13173071304833817,0.3980667800847486,0.9130434782608696,0.0941733812867449,0.2978087449066966
annam,272,352,425,120,0.9795918367346939,0.046456336583985514,0.2140957219032893,0.9361702127659575,0.08594639117536063,0.38567595956610146,0.9583333333333334,0.07634075667076523,0.4058955928493255,0.9583333333333334,0.05441729596413725,0.2512432921348944
annasya,19,52,18,14,0.9361702127659575,0.017638561312274925,0.12994550583828213,1.0,0.047081724953622395,0.30167885889356205,0.9583333333333334,0.0315343055456061,0.15706215711797267,0.9583333333333334,0.005614749169482458,0.08758926979789339
annena,13,29,34,9,0.9130434782608696,0.022855326569659717,0.13769286324764252,1.0,0.06277676449396541,0.34054187071626885,0.9795918367346939,0.061736509960229724,0.23634821391444572,1.0,0.008234189287451232,0.027945933252697563
antAn,16,8,8,14,1.0,0.012080094416174636,0.024683262565826425,0.9361702127659575,0.04695168040337294,0.24073759215006818,1.0,0.08066637271632915,0.283666797169043,0.9795918367346939,0.00532335904473058,0.10358474844496712
antAt,7,8,8,23,0.9795918367346939,0.007526329466250203,0.0439892235596413,0.9795918367346939,0.05679962819925832,0.1632900759783814,0.9583333333333334,0.12604200288660894,0.3746077314315025,0.9795918367346939,0.042751404151817884,0.36872936894235564
anta,26,44,197,88,1.0,0.029215544865709764,0.3633071672702226,0.9583333333333334,0.13580891558418906,0.4380761171114238,0.9795918367346939,0.14471394113602154,0.5667319683299583,1.0,0.03495128628692612,0.3659193650853677
antaH,98,39,73,38,0.9361702127659575,0.04216329977317046,0.19932621929608718,0.9795918367346939,0.04397346004154412,0.27111392043272553,0.9583333333333334,0.040680342773088185,0.34001559428692985,0.9795918367346939,0.04469074845550691,0.31202875142074127
antam,68,61,244,163,1.0,0.03437612782792665,0.27093174005950227,0.9795918367346939,0.09084766445025805,0.48226189387158636,1.0,0.15309324804891622,0.5320829457176695,0.9583333333333334,0.054445604517785906,0.34569451809393237
antar,322,212,115,261,0.9361702127659575,0.049490491930672564,0.3543349831162196,0.9795918367346939,0.10929553303920436,0.47092464764922304,1.0,0.1400423973460322,0.48427291609394807,0.9795918367346939,0.04006307907788076,0.42922742079223275
antarA,58,22,50,29,0.9795918367346939,0.02531108121216319,0.1071244637262958,1.0,0.06158562253580857,0.4217046246916002,0.9583333333333334,0.045146699569508786,0.27935075617797356,0.9795918367346939,0.011676867724150997,0.06754699494651928
antaram,15,193,279,92,0.9795918367346939,0.028195022797123603,0.3841959400249868,0.9795918367346939,0.10538765249515702,0.5595019196081787,0.9795918367346939,0.059599428881604966,0.46295862545818767,0.9795918367346939,0.00854663570358194,0.2641099165854245
antare,6,30,236,79,0.9361702127659575,0.03002906508133596,0.26476550469668025,0.9583333333333334,0.13148489458781942,0.6464212357505061,1.0,0.16069938647422155,0.7356664296124387,0.9795918367346939,0.031478270195737346,0.38540199541563624
antareRa,28,58,33,87,1.0,0.05444725630149383,0.3116579163349966,0.9795918367346939,0.10167718024269445,0.42181763958202234,0.9795918367346939,0.05783705872414202,0.35943079385625565,0.9795918367346939,0.020871781766383046,0.2325488139317291
antarikza,33,21,58,7,0.9583333333333334,0.035938933688722585,0.18309477443531652,0.9583333333333334,0.06400080294374566,0.466134776610893,0.9795918367346939,0.10539579619198791,0.5743808282189249,0.9795918367346939,0.025954869752458642,0.11327455057547708
antarikzam,172,48,84,17,0.8636363636363636,0.027859604529723803,0.127391715887897,0.8636363636363636,0.0445782674879055,0.24923817730692432,0.9583333333333334,0.09124392560786998,0.4321342118284337,0.9130434782608696,0.05990060977625011,0.2187032326985726
antatas,80,15,24,11,1.0,0.05354342540264567,0.25451684576775535,1.0,0.07356167607874808,0.2736821427459014,0.9795918367346939,0.0711363237900764,0.26406128245369165,0.9583333333333334,0.019656831394864738,0.23186908442438847
ante,19,49,369,232,1.0,0.025106064134484574,0.12166206880737862,1.0,0.09164282327569573,0.604388878928213,0.9795918367346939,0.14555490765489154,0.6289893236636097,1.0,0.037377622239455954,0.30739882995026546
antena,7,9,6,11,0.9795918367346939,0.018882025787885892,0.12945356134878994,1.0,0.07531518561176775,0.16772566617171414,0.9795918367346939,0.045591507239906015,0.12446947151473176,0.9795918367346939,0.015270913219723181,0.04263746415843905
anu,1025,122,128,156,1.0,0.060380008589407286,0.311184184726504,0.9795918367346939,0.0805082831077305,0.5509590011082882,0.9795918367346939,0.11459238662300397,0.5227983951577464,1.0,0.06616535681474056,0.3792336345683045
anuprApya,10,35,30,7,1.0,0.031028366442847677,0.5107313135286764,0.9795918367346939,0.09189851866899346,0.6010423806872502,0.9795918367346939,0.06769503348522188,0.4058596321783987,1.0,0.004825343324717624,0.17733683777387954
anupraviSya,7,42,9,18,1.0,0.03761391544019155,0.46988825567544623,1.0,0.09339620494689027,0.5431038397092274,1.0,0.07376918515739495,0.38592638440242555,1.0,0.0097652159145879,0.3008280479315244
anurUpaH,15,7,12,30,1.0,0.012405144932582601,0.06964500800129558,1.0,0.0921993332719997,0.20969826589708496,0.9795918367346939,0.09714847239688229,0.29418422929443855,1.0,0.07675003777109568,0.270658637718038
anurUpam,7,26,62,18,1.0,0.008990106979237189,0.08961736304101331,1.0,0.10543502847047792,0.44577579912048804,0.9583333333333334,0.08441863234782188,0.40965707989252775,0.9583333333333334,0.004252617039812612,0.08041495412584598
anyA,53,11,66,17,1.0,0.015872795820577212,0.10505732215702002,1.0,0.09555453803629521,0.3649828443101597,1.0,0.10480855517544696,0.5179188211326279,0.9795918367346939,0.025097923340298034,0.236874126370191
anyAH,33,28,120,21,1.0,0.03754714596422615,0.23251347179483783,0.8636363636363636,0.05919480391013132,0.2988149092119817,1.0,0.07767072517194495,0.3359124254551519,0.9795918367346939,0.018455928924674403,0.15539001371502636
anyAm,14,9,58,14,0.9795918367346939,0.007943135829901804,0.05164023164459286,0.9361702127659575,0.06932035142689486,0.38964208511998255,1.0,0.08672245945732748,0.46261285374602434,0.9795918367346939,0.00383094517795457,0.09396102153425545
anyAn,20,14,325,40,0.9795918367346939,0.011106474853071813,0.0649453762129083,0.9795918367346939,0.10859851668940101,0.6111918079471008,0.9361702127659575,0.13564657931977864,0.4915976955125225,0.9795918367346939,0.011253647520053867,0.3718982875839254
anyAni,14,18,105,26,0.9361702127659575,0.022572138699996858,0.11933420549399343,0.9130434782608696,0.07202427617182194,0.3479646251670945,0.9795918367346939,0.10707146630509679,0.39636504873403666,0.9795918367346939,0.020040976295302437,0.09243595992714049
anya,27,476,139,271,0.9583333333333334,0.03465504112060269,0.44665169633197066,0.9583333333333334,0.125475798355981,0.5998377448274372,0.9795918367346939,0.11701009890895964,0.6592347959840851,0.9583333333333334,0.04001476559220929,0.39206555874656246
anyaH,162,254,556,62,0.8636363636363636,0.05002527452856953,0.12800409391904488,0.9361702127659575,0.11659614005591368,0.24900765127985913,1.0,0.08112786133496719,0.4002319474060734,1.0,0.03561314916422831,0.34642737733151063
anyam,55,22,273,38,0.9795918367346939,0.02740331330494128,0.1977386045012791,0.9583333333333334,0.07591986628269198,0.4217504359969857,1.0,0.09373047542109425,0.5113322955765084,1.0,0.022764835909621306,0.2621880267921295
anyasmin,5,11,18,40,1.0,0.015847596169816458,0.10537521546862327,1.0,0.05947187640936924,0.2017077161863131,1.0,0.06083892246179434,0.25750623728593935,0.9583333333333334,0.015026967248590761,0.17517762231805478
anyasya,18,51,63,21,1.0,0.053593721207507494,0.2875501242871804,0.9795918367346939,0.128904936329165,0.40048600413015323,0.9361702127659575,0.06033169939104799,0.2770115512397343,0.9795918367346939,0.00810154132272456,0.0873752126466133
anyat,92,402,713,144,0.8372093023255813,0.0411367027856917,0.1520545582606072,1.0,0.1302845060620117,0.32481171985980706,0.9795918367346939,0.08740146167946938,0.44440467920388504,1.0,0.02141761514433005,0.18220029595538834
anyatra,56,317,176,250,0.9583333333333334,0.06739026746799903,0.3155916243903947,1.0,0.1296224604800491,0.36860382238020883,0.9795918367346939,0.10130229274133773,0.32037440575568255,0.9361702127659575,0.03508762937373067,0.24522944580646766
anye,71,86,838,143,0.8888888888888888,0.02641266511701157,0.17568893641826633,0.8888888888888888,0.062247704921662095,0.218127443160808,1.0,0.09797097724908188,0.4753654767259139,1.0,0.019662250284743776,0.31307854157369763
anyena,28,24,93,28,1.0,0.021115635073207017,0.15423593945400538,0.9795918367346939,0.10025356745047642,0.3995165626161391,1.0,0.08781368784492594,0.42545595137929937,0.9795918367346939,0.00865885323171367,0.06633237368055667
anyezAm,15,16,94,35,0.9583333333333334,0.011609354326650112,0.04969084434630999,0.9795918367346939,0.057946750968833505,0.33884249425379864,0.9361702127659575,0.07538048292477173,0.39519664799643106,1.0,0.0073828179570886165,0.10459444287304587
ap,21,38,9,14,0.9795918367346939,0.051756000467845675,0.3121274544854058,0.9795918367346939,0.06276759048395797,0.2040273128529282,0.9795918367346939,0.048613188807881014,0.19976379859517324,1.0,0.025857794017676183,0.24055008678613987
apAm,175,33,59,35,1.0,0.04098877445145577,0.37290991137520435,0.8888888888888888,0.05654013909084776,0.28152596984386524,1.0,0.06818126034032357,0.3214761467081786,1.0,0.016496097817443767,0.1962399713730354
apaH,337,54,78,111,1.0,0.03763722442930917,0.3002408776817824,0.8888888888888888,0.05209351827695863,0.2823462897541241,0.9583333333333334,0.06771308477644344,0.22354663515079998,0.9795918367346939,0.06345509089740764,0.2759203858043673
apaSyat,118,6,278,49,0.9795918367346939,0.05506799883600633,0.3250992461268787,0.9795918367346939,0.08213986462068046,0.585063232080347,0.9795918367346939,0.16537852019313182,0.7670224034389873,0.8888888888888888,0.04299663409351784,0.1904499011982027
apara,14,22,27,88,1.0,0.013876947082175684,0.10876342804073702,0.9795918367346939,0.08675937828173441,0.3000201731054877,0.9795918367346939,0.08860073986717365,0.5980524365244521,0.9361702127659575,0.03523707837800827,0.44149224499415196
aparam,20,10,139,41,0.9361702127659575,0.007568523087327028,0.03304629107866275,0.9583333333333334,0.10253626370677849,0.4283681254904359,0.9583333333333334,0.08449084109113802,0.5128138365192715,1.0,0.022841414562734474,0.24394997583675448
apare,7,12,425,37,0.9583333333333334,0.006497513026667678,0.03613799019004993,1.0,0.1366625391519094,0.5720585025408758,1.0,0.11803062201853087,0.5468188208965369,0.9795918367346939,0.011498699232258658,0.051158930644689016
apatyam,9,58,90,11,1.0,0.09303034610944139,0.38695825223011004,1.0,0.14833527731675045,0.6210192009681587,1.0,0.06718048389460873,0.33134520800836254,1.0,0.009839737149805128,0.055829324692518
api,332,1822,12679,1662,0.9795918367346939,0.03505332387043114,0.213917165132111,1.0,0.07591897066972653,0.47301355068895756,0.9130434782608696,0.08522008133663628,0.5168384746018774,0.9130434782608696,0.018388271362262842,0.18283805670946474
apsu,175,39,87,43,0.9361702127659575,0.030281333200862126,0.334166460174941,0.9130434782608696,0.04989242604193156,0.36502353626790085,1.0,0.06920608110540616,0.32476000000781524,0.9795918367346939,0.04053947163943861,0.19436559446392399
arDa,45,8,108,303,0.9361702127659575,0.037951321381065495,0.22666280684335083,0.9795918367346939,0.047744773615887914,0.44552131311729726,0.8888888888888888,0.0870539614194451,0.408818727317535,0.9795918367346939,0.04510104394671166,0.26619547321007075
arDam,21,6,129,92,0.9795918367346939,0.011055123389367871,0.0425418599855667,1.0,0.0808028691532976,0.4490956372865984,0.9795918367346939,0.1021381869847734,0.5611937741384558,0.9795918367346939,0.05947226251210447,0.41115867633102166
arTAH,5,17,129,30,0.9361702127659575,0.010899672309738984,0.11700848060729951,1.0,0.13325517969754708,0.5500844433584573,0.9795918367346939,0.07918800734402753,0.4273513360998136,0.9583333333333334,0.005009377005356197,0.03153648489638483
arTam,28,397,2147,593,1.0,0.02222047857945697,0.24582249980624604,0.9795918367346939,0.09612382822183563,0.5770359201555262,0.9795918367346939,0.12330596369750146,0.6421657395296487,0.9795918367346939,0.013939053364900533,0.2631028659587159
araRye,5,7,149,19,0.9795918367346939,0.013403510601920798,0.03534921413497716,1.0,0.06508798085082612,0.5510369916348431,1.0,0.10706154963876846,0.5734938291376283,0.9795918367346939,0.011412781192719268,0.035727622263736714
arhati,18,29,454,58,0.9583333333333334,0.0319151055733643,0.25501537917045247,1.0,0.08361602475940777,0.5199894510604091,1.0,0.08664599270592288,0.5329395075254102,1.0,0.020129278231457937,0.1574237332093651
arka,9,10,205,10,0.9583333333333334,0.017857807854824714,0.07610800013928776,1.0,0.0858527571093558,0.5436003162642873,1.0,0.10652446882587518,0.5290422987497793,0.9361702127659575,0.009806451243231096,0.03575448206996301
arvAk,71,6,9,16,0.9583333333333334,0.02131281956525466,0.2510811993872568,1.0,0.03822281968844177,0.12134448778384532,0.9583333333333334,0.04262078240592726,0.11037533328687243,1.0,0.024338668492044024,0.23027554043208176
aryamA,114,5,14,5,0.8636363636363636,0.06114562302847837,0.30302429460917246,0.9361702127659575,0.08133413765768727,0.24016950391177005,0.9795918367346939,0.08980869635541722,0.30971395211276365,1.0,0.04298147619788917,0.3493222834760278
asO,198,359,745,113,0.9583333333333334,0.025917640515707552,0.1664797808357381,0.9583333333333334,0.06928891082799271,0.3691772386604426,1.0,0.10817898683635352,0.5132826603687974,1.0,0.04188376680907824,0.34884401373776885
asTIni,8,10,16,5,1.0,0.01509580032347635,0.03162269806812279,0.9583333333333334,0.036152269626775535,0.2568239118450617,0.9795918367346939,0.07068144380229213,0.25614011592780916,1.0,0.0060349606536442835,0.01628445507591314
asTi,34,11,102,51,0.9583333333333334,0.030291665018592706,0.32982845746328726,0.9795918367346939,0.06843128274294008,0.4832959949267053,0.9361702127659575,0.0657671494057579,0.2398438524060682,0.9795918367346939,0.016408836118978476,0.10993746267271798
asat,115,99,81,20,0.9583333333333334,0.049841258187131254,0.36243964618718194,0.9361702127659575,0.11338223696940908,0.393876705061986,1.0,0.07837707872024591,0.2622032941556851,0.9361702127659575,0.00972714892779658,0.13797988305062225
asataH,8,24,18,6,1.0,0.02704770986420202,0.3545144458806091,0.9583333333333334,0.12214598494994766,0.47230877421745865,0.9795918367346939,0.0633488545793206,0.23081044317342658,0.9361702127659575,0.009416076714035104,0.02608577766084541
asati,19,30,13,13,0.9130434782608696,0.03140910779266837,0.30250299237717737,1.0,0.15354928125642842,0.4092880794406357,1.0,0.06041624989463645,0.2039993781906594,0.9795918367346939,0.0045376738710811715,0.09942020567539
asi,1304,209,1351,246,1.0,0.07241161624908354,0.2837178139540172,0.8636363636363636,0.08767025911487414,0.3909515085240183,0.9795918367346939,0.11212087312178232,0.4422517160200441,1.0,0.09098626506558671,0.2028304737167389
asmABiH,12,11,246,5,0.9795918367346939,0.021084930620457798,0.205964618026649,0.9583333333333334,0.07087969174219744,0.55123428186272,1.0,0.06689909877216593,0.49454226348087316,0.9583333333333334,0.004440602467076671,0.038286079148331154
asmAkam,168,23,364,30,1.0,0.02913086329342507,0.2713560658200298,1.0,0.09859838197413495,0.39073314486995503,0.9583333333333334,0.06583445688326894,0.4197403954630532,0.9583333333333334,0.03467774972181514,0.24646823918680894
asmAn,186,21,320,38,0.9795918367346939,0.04640690864099928,0.23929270538768033,0.9583333333333334,0.09352102615721924,0.40281515015893377,0.9795918367346939,0.09689751138062441,0.4037602810611647,0.8888888888888888,0.052770993556533474,0.1919568088193484
asmAt,110,154,148,29,0.9583333333333334,0.035171561043514155,0.3352718231762124,0.9583333333333334,0.06521615165789285,0.331417570643155,0.9795918367346939,0.1013356330566374,0.4285634856229299,0.9795918367346939,0.0385180786295416,0.4416444105941598
asmE,440,96,128,85,1.0,0.06797157887909955,0.22102804394877973,0.9795918367346939,0.08584137276032355,0.42830280514094976,1.0,0.10368563900925132,0.49125832350859544,0.9795918367346939,0.07564358201491905,0.2896992401346252
asmat,155,13,13,10,0.9795918367346939,0.03207103755485341,0.24631971617856463,1.0,0.08403465648384734,0.16624536504620135,0.9795918367346939,0.07625360370150791,0.2797456445047608,1.0,0.0513497071911615,0.2674158223376306
asmi,97,221,1261,23,0.9361702127659575,0.04000104631218093,0.11550972042759056,0.9130434782608696,0.04907246708595081,0.36711493151754115,0.9795918367346939,0.09643412811966101,0.5116146624566544,0.9583333333333334,0.02612355447022785,0.22740293334755968
asmin,325,210,707,143,0.9795918367346939,0.05023121350137738,0.3178453042322198,0.9583333333333334,0.07828482280346993,0.4327843030182147,1.0,0.0665624023131397,0.45338569546614016,0.9795918367346939,0.03916456891870035,0.34530121236846445
astam,39,37,129,8,1.0,0.08683030692323335,0.40167621918751295,0.8636363636363636,0.06371372072905135,0.4115482463791229,0.9583333333333334,0.09971722089154067,0.5046041591454818,0.9795918367346939,0.015761448093131736,0.0634515847043351
asti,251,503,1668,122,0.8888888888888888,0.03766921230109799,0.11984387736609203,0.9583333333333334,0.08937790269502466,0.31384131155674133,0.9583333333333334,0.08232805055951453,0.3459310491044024,0.9361702127659575,0.02650718270659158,0.20890974545080465
astu,564,69,700,61,0.9583333333333334,0.03521747912560025,0.18247906475059084,0.9361702127659575,0.0747790800657111,0.34437703463061475,0.9130434782608696,0.08347824204243282,0.35270010604436897,0.9130434782608696,0.03893989458763647,0.10035301078150005
asurAH,46,40,131,17,1.0,0.0433747881259442,0.23638347435510942,0.8372093023255813,0.04604916885012944,0.2759918752865549,0.9583333333333334,0.09732862408695053,0.41115302786382535,0.9795918367346939,0.030984742986315372,0.12954677490515298
asurAn,45,7,94,5,1.0,0.031294936185846334,0.19902622364018396,0.9795918367346939,0.06539303873389246,0.408737792474098,0.9361702127659575,0.07785137047596702,0.3854875785174148,0.8888888888888888,0.018405255419477795,0.10235986351702953
asyAH,162,41,176,38,1.0,0.053461384712762405,0.3267021373513237,0.9795918367346939,0.0953008350121961,0.4814942575086115,1.0,0.04783244010214427,0.30564072978555334,0.9583333333333334,0.014085706287017108,0.1550906674166691
asyAm,56,32,61,27,0.9583333333333334,0.028846470341897357,0.20772938716349376,0.9795918367346939,0.07837458412757992,0.38974055160397036,1.0,0.09380027472099539,0.41388199222963873,0.9795918367346939,0.10318234533220805,0.41050852403556126
asya,1325,723,2545,629,1.0,0.03605217393807625,0.2524640648838766,0.9795918367346939,0.08246297713410977,0.4998978792922786,0.9795918367346939,0.08662205788282962,0.39690020297418316,1.0,0.020815818432468713,0.12077473355749124
atas,158,745,515,278,0.9795918367346939,0.01755622397290213,0.17677402324117386,0.9795918367346939,0.06083382909147628,0.40908347854952043,0.9795918367346939,0.050420923401977125,0.39636086624597267,0.9795918367346939,0.018486582654381745,0.12438668282925502
ati,394,34,914,53,1.0,0.011124226976284346,0.3308798337940322,1.0,0.05901648894579936,0.6102279342677684,1.0,0.12607219872377717,0.6437734425880813,0.9795918367346939,0.02250061285367977,0.3482100312333163
atra,267,253,1685,527,0.9361702127659575,0.02085252943399718,0.31227860858201106,0.9795918367346939,0.10615939167446264,0.5405683071254477,0.9795918367346939,0.06595436047736014,0.5146102484389252,0.9795918367346939,0.020804914252175677,0.2361727389321142
avasAnam,8,9,9,5,1.0,0.007709474871402722,0.046832061893900656,1.0,0.07067893321726582,0.11491592653040861,1.0,0.051936401386698305,0.11182725201251187,1.0,0.005075748830719484,0.03040965809497642
avocat,6,20,26,7,1.0,0.03704276244711191,0.151204902706779,1.0,0.06173952309780195,0.22632956334587673,1.0,0.06876198635731579,0.3162520210754578,0.9795918367346939,0.00967723942152976,0.06010591965769896
ayaH,34,7,31,12,1.0,0.028378593536099395,0.113934308987647,0.9795918367346939,0.09902925044383426,0.48428827705527056,1.0,0.09353525259282092,0.4021857441871437,0.9795918367346939,0.008883699966960812,0.0760409037113291
ayam,494,834,2425,386,0.9795918367346939,0.037321666851314106,0.16592630607091263,0.9795918367346939,0.09038468816418788,0.31840362961611146,0.9795918367346939,0.10151850452709832,0.3601849177129287,1.0,0.03244831279553395,0.24010057805054918
ayanam,23,9,16,29,0.9795918367346939,0.01644919305910908,0.04979629266013952,0.9795918367346939,0.07788766881628462,0.2427256914139455,0.9583333333333334,0.04281531459156995,0.23297601943019086,1.0,0.00836692903120062,0.03920888919480958
azwO,43,25,181,145,0.9583333333333334,0.04720357131334385,0.17660946872480165,0.9361702127659575,0.054802662362655186,0.24251969045555122,0.8372093023255813,0.06895842343373926,0.2675113684259076,0.8372093023255813,0.02290963165863802,0.0934660251944942
azwa,35,16,100,148,0.9795918367346939,0.03691193531408532,0.16914909483824592,0.9130434782608696,0.06902958420319205,0.41630880711826657,0.9130434782608696,0.08279165426184298,0.320101145536104,1.0,0.04474459413751497,0.26088972915953845
bAhU,59,7,97,8,1.0,0.04449095978055673,0.23118003665038978,0.9583333333333334,0.11898055862310775,0.6019666667015102,0.9583333333333334,0.06508388375513063,0.5315384511799673,0.9795918367346939,0.013800142071535793,0.12930931108746213
bIjam,13,20,74,24,0.9795918367346939,0.011884532889845256,0.1206026379353683,0.9583333333333334,0.0929669280738189,0.3268836660103146,1.0,0.08190330688141734,0.28771104306245354,0.9795918367346939,0.006748957895707619,0.08224837538184826
baBUva,78,47,708,9,0.9795918367346939,0.027530278010127418,0.261947765054208,0.9795918367346939,0.16721994573589505,0.628944741138391,0.9795918367346939,0.08090101739869893,0.6448672638592534,0.9795918367346939,0.018873543585446018,0.12591672797880737
bahUnAm,9,7,61,13,1.0,0.011075194226766283,0.024417162752687682,0.9130434782608696,0.10055156448011304,0.3695887351244663,1.0,0.07487764374272698,0.34576483472970587,0.9795918367346939,0.0075336806398136336,0.05192260718238417
bahavaH,21,18,452,19,1.0,0.03965772495041742,0.14270105937150745,1.0,0.1343053635068031,0.5667514976435032,1.0,0.12524637560748342,0.5608343422710211,0.9795918367346939,0.01154329532667453,0.07153232190109526
bahis,26,35,81,74,0.9583333333333334,0.03534292587999499,0.1675484368984239,1.0,0.07709466323344638,0.44355442011376767,0.9583333333333334,0.10994564784559102,0.4158219792818584,0.9795918367346939,0.007633691326333403,0.18100979938222483
bahu,75,97,1215,94,0.9583333333333334,0.02495663255554237,0.28209040316390754,0.9795918367346939,0.08256719005325452,0.5771847445289398,1.0,0.11028413687495497,0.6754020334336732,1.0,0.03752509087371225,0.23716221077110888
bala,10,10,930,108,0.9361702127659575,0.01561202890855129,0.11158541901200492,1.0,0.08646440442858783,0.6416905738521651,0.9361702127659575,0.145056365505019,0.6163904769449233,0.9130434782608696,0.0318664213368528,0.4396194124193167
balam,103,29,1525,65,0.9795918367346939,0.032979162051314015,0.19389758178574068,0.9795918367346939,0.08648298310266966,0.4433067664362399,0.9583333333333334,0.18747187218917472,0.5118082187235129,1.0,0.07117898996471017,0.4147968877210768
balena,27,13,287,14,0.9795918367346939,0.013482024955795757,0.13451233100114446,1.0,0.0733456477908202,0.6085107510417348,0.9583333333333334,0.08721224619399615,0.5754711675420023,0.9795918367346939,0.006281136891245209,0.13186737516260805
bali,10,9,61,51,1.0,0.017231501992676757,0.07106037163191115,0.9361702127659575,0.05642336429055672,0.4228605376930574,0.9795918367346939,0.08682822814419355,0.4773480246626254,1.0,0.013990259015825957,0.1868626190812006
balim,14,10,97,30,0.9583333333333334,0.025718943597605404,0.05958858400645628,0.9795918367346939,0.06365485353960199,0.3963965786697716,0.9795918367346939,0.05833756439284554,0.40833510344833046,1.0,0.008191036976023414,0.04893004316788696
banDu,10,5,64,21,0.9583333333333334,0.01045461402322767,0.08108360097212952,1.0,0.07696169624712201,0.43790762392318605,0.9583333333333334,0.08082334796901436,0.41238224812821445,0.8888888888888888,0.007514170838995304,0.1755139027961341
banDuH,20,7,54,8,0.9795918367346939,0.019110395004789837,0.11253903662169151,0.9795918367346939,0.11939906818547563,0.40583547545952936,0.9795918367346939,0.07014165964732721,0.32733131594266907,0.9583333333333334,0.007615565114827971,0.07774838805257833
bfhaspatiH,196,13,145,24,0.9583333333333334,0.03755839106156045,0.1663774911316196,0.9361702127659575,0.06225622605989678,0.31126764902215887,0.9583333333333334,0.06938587417148245,0.3188936235995511,0.9583333333333334,0.03291040457004024,0.08452253944901322
bfhat,417,34,91,87,1.0,0.09883009570664092,0.5810648240380661,0.9130434782608696,0.10659292996018666,0.43592804188160494,0.9795918367346939,0.13348837460602891,0.5088081789440961,0.9795918367346939,0.0927062435827255,0.4601729092392467
bfhatI,77,9,16,15,1.0,0.02510221509883126,0.17103081772566375,0.9795918367346939,0.07829551135270985,0.3612539677086368,1.0,0.07114841030534791,0.3581501474581936,1.0,0.033822626353468555,0.15287468148850214
biBarti,62,10,48,7,0.9795918367346939,0.01522655888934088,0.08941008660610694,0.9583333333333334,0.04636162427317847,0.3419244552443863,0.9795918367346939,0.04718612855746862,0.3316599106880609,0.9795918367346939,0.009744988870521665,0.07044775191639296
brAhmaRAH,23,59,447,33,0.9795918367346939,0.04959177061521647,0.19709771716086966,0.9795918367346939,0.0921696378686806,0.48157832404789724,0.9795918367346939,0.08967186476804456,0.45173406673089445,1.0,0.01853195908936811,0.02969026908678629
brAhmaRAn,6,10,208,52,0.9795918367346939,0.015953617856965807,0.06494529155483819,1.0,0.09450835256757817,0.458768647584342,1.0,0.08009044897302808,0.4396818176415147,0.9795918367346939,0.02013182902079269,0.16903270319099906
brAhmaRa,13,54,430,126,1.0,0.015135547201073685,0.17066837098830612,0.9795918367346939,0.07995221020823007,0.5639788437686728,0.9795918367346939,0.1264376822383072,0.581071065431576,0.9583333333333334,0.013504859262118862,0.1971172472364333
brAhmaRaH,34,45,587,88,1.0,0.022719163842245482,0.18224134524335267,0.9795918367346939,0.07066558990389749,0.401529135109852,1.0,0.08933123553133981,0.44424798992107595,1.0,0.01981802779275399,0.09609705005681435
brAhmaRam,223,69,210,44,1.0,0.1198684810206343,0.5672963904636941,0.9795918367346939,0.16214865078865315,0.6445038019884034,1.0,0.11519284926636153,0.4957614210245641,1.0,0.03411252667998732,0.3106740241140411
brAhmaRasya,25,17,190,54,1.0,0.008832119637400604,0.04285524645766525,0.9795918367346939,0.07514934494586412,0.43508365270064464,0.9583333333333334,0.09903559212655577,0.4323605536773306,1.0,0.020054681376728833,0.0687313173400248
brUhi,30,42,565,8,0.9795918367346939,0.038117023496275104,0.1779024439364375,0.9795918367346939,0.10489219145923567,0.4975466213222848,0.9795918367346939,0.08060890450214919,0.47376305230259086,0.9361702127659575,0.022217106655938235,0.14777251875605812
brUyAt,90,51,135,95,0.9795918367346939,0.07284604400188477,0.24762222137528211,0.9795918367346939,0.10243428046595127,0.3418431297267922,0.9795918367346939,0.08023638192798321,0.3316237765128899,0.9795918367346939,0.050989178448954564,0.26322450696682687
brUyuH,5,11,31,50,1.0,0.008142506566317098,0.056357421162329446,0.9583333333333334,0.07251875811843123,0.3122015011488978,1.0,0.09796136097148633,0.33141980272264693,1.0,0.009339401166253092,0.11707794369551916
brahmA,98,49,375,55,1.0,0.03013433729921189,0.13020796549435787,0.9795918367346939,0.08237577761925352,0.4095032951896893,0.9795918367346939,0.09023921239932808,0.4111815478935711,1.0,0.027524378154230367,0.18422682590343498
brahmARam,9,7,135,15,1.0,0.01055212363313307,0.0458253568769581,1.0,0.0678084702952726,0.47442141413459393,0.9795918367346939,0.07682062694494696,0.42197289741639643,1.0,0.014653794707497392,0.026501379950869097
brahma,571,1433,1453,183,1.0,0.042498455092342624,0.29444952840003735,1.0,0.11372664266909849,0.5356454564323886,0.9795918367346939,0.07814043988170305,0.45635826318890027,1.0,0.04386785935954918,0.24901544302908274
brahmaRA,186,35,148,22,1.0,0.02392117610502731,0.09038513459124153,0.9583333333333334,0.09493297648501198,0.42513215987476316,1.0,0.06049703229458825,0.3747686433442856,0.9795918367346939,0.041027394407600615,0.1241535971039539
brahmaRaH,78,224,199,24,1.0,0.022904572731597295,0.17986527183134426,0.9583333333333334,0.07278926566293609,0.44492528203780424,0.9795918367346939,0.0865191176730532,0.41660143855541987,0.9795918367346939,0.01828324552790528,0.12017627585383828
brahmaRe,43,15,15,15,1.0,0.04075459849589591,0.1704574940782987,0.9583333333333334,0.05054475039247874,0.23954729759965698,0.9795918367346939,0.06450664011815954,0.24289476688599354,0.9795918367346939,0.01876402015254497,0.10281724852428975
brahmacArI,21,10,119,25,1.0,0.026731773219910604,0.11344053950080468,1.0,0.1229858200900561,0.44175832344974686,1.0,0.091842932161736,0.4245453741159906,1.0,0.011050317645179275,0.04544153614117641
brahmacAriRaH,18,17,25,6,0.9795918367346939,0.0346901285884893,0.16948859267016148,0.9583333333333334,0.08566648356923279,0.4022895389608282,0.9795918367346939,0.07308736683305028,0.27168662793881027,1.0,0.01046356459761344,0.11986846712936072
ca,4300,4799,73461,7923,0.9583333333333334,0.023870163736489758,0.2974338890862661,0.9795918367346939,0.08528870944975764,0.4114555821933126,1.0,0.10235716780168858,0.4534697801369878,1.0,0.006606020590831929,0.2683455612523695
cakAra,86,24,394,8,1.0,0.050124576747596405,0.3233063006083642,0.9795918367346939,0.14548216465836183,0.6638734493617744,0.9795918367346939,0.1518689108455914,0.6520107709775835,0.9361702127659575,0.03615311389022691,0.2650757000574512
cakre,76,20,532,14,1.0,0.05104098045902017,0.2516742134258326,0.9795918367346939,0.12648333967124514,0.6743345680536231,0.9583333333333334,0.11543899364231625,0.6592572790096551,0.9795918367346939,0.010507769662229993,0.06462128761315089
cakzuH,211,219,202,52,0.8888888888888888,0.0235404345019945,0.17504060557835965,0.8888888888888888,0.06631926936866983,0.3317700040639997,0.9583333333333334,0.09110292030501865,0.3866599813956736,0.8372093023255813,0.02940452777600433,0.17078892784797972
cakzuzA,71,34,163,24,0.8372093023255813,0.03387174501171619,0.12782958517843657,0.9583333333333334,0.11044443657560876,0.36966080836596016,0.9361702127659575,0.0963798292168574,0.42028199241517905,0.9130434782608696,0.02108230034824876,0.14395835387299383
cana,184,24,1127,50,1.0,0.03317596950492818,0.15012782988661,0.9795918367346939,0.08667736755467559,0.41418785025585814,0.9361702127659575,0.0795441066844732,0.4264853668447144,0.9361702127659575,0.029732416919797888,0.16208249942155484
candra,12,61,376,11,1.0,0.05364499062452044,0.41850358872551285,0.9130434782608696,0.09951955023459502,0.5758441400556822,1.0,0.10424388841493593,0.5918544785028281,0.9795918367346939,0.011944794967851946,0.1177244191137955
candramAH,52,44,103,5,0.9130434782608696,0.030269071327034047,0.16131809820706577,0.8372093023255813,0.043729320461290966,0.22873636305031364,1.0,0.08840399506154695,0.3642062446364439,0.9795918367346939,0.008853507882765288,0.14046829857523135
cara,41,5,51,14,0.9795918367346939,0.021369116378032627,0.14629835258983648,0.9795918367346939,0.05227210615760136,0.3534060675705124,0.9795918367346939,0.06353600559494765,0.3540088056320183,0.9795918367346939,0.02175185416156178,0.1145657805512329
caranti,111,14,88,42,1.0,0.015496841050711474,0.15908339846584973,0.9795918367346939,0.11052042532626272,0.5270633883060339,0.9795918367346939,0.06963282688468742,0.4769812658307254,0.9583333333333334,0.021415347251381056,0.16190589528317156
carati,88,12,95,28,0.9795918367346939,0.02332646262887894,0.1299234527655736,0.9130434782608696,0.05819783824962821,0.39561303353523003,0.9795918367346939,0.06475018209733674,0.39690335624048934,0.9583333333333334,0.011809285503803113,0.10714115639609467
caret,5,7,147,42,0.9795918367346939,0.014400211038550048,0.04186748377278959,0.9795918367346939,0.07447543670758705,0.40128368119398394,0.9795918367346939,0.07054919764761458,0.38216937790154526,1.0,0.010801976813736958,0.08528565318962245
caritvA,7,13,13,14,0.9795918367346939,0.014915600110959937,0.061719468297192104,0.9795918367346939,0.045863718037426726,0.2758666151871151,0.9795918367346939,0.05483512417687397,0.2729986674438719,1.0,0.015203320440443813,0.12598377948343864
carma,23,7,167,38,1.0,0.02072186441947843,0.08031613667383342,0.9361702127659575,0.05603257746194301,0.6008585594735801,0.9583333333333334,0.08782704419223686,0.5230783854442245,0.9583333333333334,0.014879901159550624,0.32216968958723635
catasraH,64,11,38,185,0.9795918367346939,0.022359209394578028,0.16980067048805503,0.9130434782608696,0.06210704682839974,0.2324745444400662,0.8636363636363636,0.05833645795841502,0.14897157466519984,0.8888888888888888,0.03338011672144703,0.17095664627975693
catur,73,12,209,321,0.9583333333333334,0.022071272997694402,0.14956595776386938,0.9795918367346939,0.08720408792033985,0.520073215726674,0.9130434782608696,0.12366916884291523,0.4531896309024779,0.9361702127659575,0.028220397687360954,0.14698930430970658
caturBiH,11,6,148,45,0.9795918367346939,0.013444142852752194,0.039285718094439925,1.0,0.08012918547483472,0.5871601549195792,0.9583333333333334,0.12662921906477098,0.6294517698626978,1.0,0.02375988927760675,0.2614583238398296
caturDA,11,5,23,18,0.9795918367346939,0.01739123323229097,0.02369560532088566,0.9795918367346939,0.05170019107268142,0.2324361396201493,1.0,0.11933337911666009,0.41105247793204835,0.9795918367346939,0.019507597170200786,0.27718861195261857
caturTaH,12,30,33,30,0.9130434782608696,0.0472963781902207,0.20977147979989708,0.8095238095238095,0.06784854583444277,0.31827796439232614,0.8095238095238095,0.05236420610671022,0.2393531573976021,0.9361702127659575,0.017313066201061433,0.09482478430469721
caturTam,32,15,57,67,0.9361702127659575,0.04117217122074701,0.23838821338089766,0.9361702127659575,0.0696347058795741,0.3762788219768619,0.8888888888888888,0.09265622620319458,0.3283071389725287,0.9361702127659575,0.06118870316217695,0.19975887587446217
caturTe,17,10,22,49,0.9795918367346939,0.017375646161622682,0.08916783978995158,1.0,0.06966027895568572,0.321517260433391,0.9583333333333334,0.09217704436796814,0.43121905320654375,0.9795918367346939,0.0612704040546721,0.2402036574809565
caturaH,30,5,168,46,1.0,0.020576390182709292,0.10692821160781718,0.9795918367346939,0.06775427502220321,0.48783853880300687,0.9130434782608696,0.08714587272182361,0.4751303193690303,0.9361702127659575,0.022858014831635187,0.17379496948981066
caturviMSati,18,6,12,29,1.0,0.021228187673307142,0.20820653692649504,1.0,0.05922165893106823,0.22201112956836022,0.9361702127659575,0.06974220176261148,0.22792153754967603,0.9361702127659575,0.024979673394553537,0.177639483114019
catvAraH,32,5,123,61,0.9361702127659575,0.025998670596319884,0.19617946852693735,0.9795918367346939,0.07489439017312272,0.3716703000699282,0.9795918367346939,0.07565218312345567,0.36559596945575545,0.8636363636363636,0.012878642216848424,0.07267736238864109
ced,26,441,594,208,1.0,0.040324869678080244,0.39354457777803153,0.9795918367346939,0.10247071666710139,0.538304562918277,1.0,0.05813332693756612,0.51937651732773,1.0,0.012276520264264845,0.07460817899080185
cit,825,8,3887,181,0.9795918367346939,0.050547206212097295,0.29018600668685435,0.9795918367346939,0.11349502433307113,0.539258807169776,0.9130434782608696,0.08310770339213935,0.4848392779744871,0.9583333333333334,0.03398655535388617,0.2271695364036126
citta,6,27,78,18,1.0,0.010262337353161732,0.11628152621563514,0.9795918367346939,0.056737183675524605,0.4127579906884946,0.9795918367346939,0.06948884174721948,0.33910502820546984,0.9583333333333334,0.009146775530899043,0.17641368510509592
cittam,37,15,81,12,0.9795918367346939,0.015741239662161455,0.11982577623693391,1.0,0.08024750851359896,0.36503471552483857,1.0,0.06762259981105223,0.37424293007256293,0.9583333333333334,0.011955583279862125,0.06941601943528641
dAnam,13,15,468,93,0.9583333333333334,0.008712438169324765,0.08854774025605816,1.0,0.10056458132707391,0.44861085647110344,1.0,0.15037846853351988,0.49240794923032394,0.9583333333333334,0.013156315581153155,0.29951150123072945
dAtA,41,5,94,20,0.8888888888888888,0.012787328049570501,0.12841656130385304,0.9795918367346939,0.09027566690009714,0.37273533084244725,0.9361702127659575,0.0850358991338167,0.331958196652565,1.0,0.04240612938498667,0.20273078820894397
dEvaH,11,8,7,15,1.0,0.018920647342367536,0.03991807304545991,1.0,0.07125636607391184,0.14497710048307733,0.9795918367346939,0.07869960718579672,0.21112573750352948,1.0,0.03765713751172506,0.11045983288183514
dIkzA,15,6,24,18,0.9583333333333334,0.020567456818342267,0.06267130074853733,0.9795918367346939,0.054841436354029605,0.3335441017284787,1.0,0.06101855913210519,0.28623670569940485,0.9795918367346939,0.006208139827320824,0.047780331502543016
dIrGa,43,8,247,112,0.9795918367346939,0.012321168633321222,0.17035703756465193,1.0,0.0953609794503939,0.6254060788022572,0.9583333333333334,0.1730761512386778,0.6943705509316227,1.0,0.07573413589688849,0.5574022348902072
dIrGam,53,5,109,25,1.0,0.016030940958283058,0.26136871773481274,0.9795918367346939,0.07949021860093297,0.4912580383595382,1.0,0.11155565198496664,0.5669265294618255,1.0,0.04752853222458597,0.48825682069171306
dUre,26,6,21,6,1.0,0.01673768830519695,0.09297214018247224,1.0,0.046041961362613515,0.28147168404756884,0.9583333333333334,0.055602626167064795,0.28011846883789215,0.9795918367346939,0.007815542265188435,0.07370378315193271
daDAti,190,6,11,15,1.0,0.03943739561715831,0.2703558592222324,0.9795918367346939,0.041842915390147506,0.11439289276762876,0.9795918367346939,0.05027072468035976,0.17404842284051703,0.9795918367346939,0.04313795911224938,0.3653635329069461
daDi,18,15,57,65,0.9583333333333334,0.01429221094487021,0.11036417457198044,0.9795918367346939,0.11260463735219772,0.3755042715368787,0.8888888888888888,0.06467412100795011,0.3258440797985499,1.0,0.022943776529853688,0.2705393738900397
daH,7,7,175,19,0.9795918367346939,0.04491791093571873,0.20184627423311896,1.0,0.13499061818620461,0.5467944988367177,0.9583333333333334,0.07940470758094753,0.41575445108743225,1.0,0.025260084135980354,0.1669683532117976
daSa,237,32,761,303,0.9361702127659575,0.037463955518874936,0.1829143347929203,0.9583333333333334,0.10725235224114016,0.45361313867660025,0.75,0.056990595869407135,0.3475053068000016,0.75,0.017040454068818822,0.0927001137831498
daSamaH,5,10,13,6,0.9795918367346939,0.05839160110483843,0.3326518953618074,0.8372093023255813,0.08014528032006962,0.34996704431102754,0.9361702127659575,0.05942012733635327,0.16927084007802728,0.9583333333333334,0.007025119916668987,0.0326137481661668
dadAti,82,15,151,66,1.0,0.04244600696457301,0.26383500340201826,0.9795918367346939,0.0877164649158626,0.45081220180499204,0.9361702127659575,0.058277863794688245,0.3390812826693441,1.0,0.017233421856993725,0.2419162548137337
dadyAt,7,8,237,199,0.9583333333333334,0.011365205985357063,0.030363653580629757,0.9795918367346939,0.07909473595966643,0.49542827913664833,0.9583333333333334,0.14699616321148512,0.5137395215758094,0.9583333333333334,0.012715645774558082,0.16616164486318075
dakziRA,89,22,75,151,0.9795918367346939,0.05576145462899673,0.28931522626200534,0.9795918367346939,0.07275674986488434,0.3765313849322457,0.9795918367346939,0.12139202079145694,0.40833066827311026,0.9795918367346939,0.029731748262024404,0.2525642770140055
dakziRAH,31,6,55,38,0.9795918367346939,0.018329619799913766,0.13493383808303006,0.9361702127659575,0.04430509364329782,0.36011323694055253,0.9795918367346939,0.09054325912424133,0.3413290483983351,0.9795918367346939,0.02305016269665794,0.1988975618415214
dakziRAm,31,8,153,37,1.0,0.029036636104938562,0.09999068313773007,0.9795918367346939,0.047967270256205174,0.47791861733796936,0.9361702127659575,0.08262496616704684,0.4218933770235169,1.0,0.03425496554716323,0.2704855433131603
dakziRa,10,11,46,169,0.9795918367346939,0.012982195254311213,0.12433601359521584,0.9583333333333334,0.09863524222199682,0.3784280398745832,0.8636363636363636,0.04934218163471993,0.36663761345247736,1.0,0.046984503064294914,0.4058350500714445
dakziRaH,8,15,55,26,0.9795918367346939,0.017779316540786794,0.11179115931319661,0.9361702127659575,0.05940765309768159,0.37667613485314166,1.0,0.07520732081934911,0.47728106796107705,0.9795918367346939,0.010023424755956079,0.0776782238838939
dakziRam,32,7,172,88,1.0,0.015701654984815683,0.046705142090006424,1.0,0.06059150481582931,0.5307467128201332,0.8888888888888888,0.06922178815710034,0.577891787949621,0.9795918367346939,0.03575793815159789,0.3745105341846241
dakziRatas,40,13,12,145,0.9795918367346939,0.03608643863020289,0.17856942356057215,0.9795918367346939,0.04188110091836039,0.3022892336833435,0.9795918367346939,0.08521840315109097,0.47963745242982625,0.9361702127659575,0.026096877313188105,0.34361376100677954
dakziRe,21,15,46,72,1.0,0.03561150458045581,0.21316228958160677,0.9795918367346939,0.057413045791320116,0.4723696137517426,0.9583333333333334,0.04737385563437169,0.5155058180700762,1.0,0.051490116325040414,0.47846801188720833
dakziRena,14,6,44,62,1.0,0.00659651140255324,0.023031210746895847,0.9795918367346939,0.09554153245739827,0.4412189216949721,0.8888888888888888,0.04724441084163178,0.3640469382221969,0.9795918367346939,0.0288854309547254,0.30417971325187754
datta,7,11,68,11,0.9795918367346939,0.01584470471105992,0.053963954634037026,1.0,0.07491197435272956,0.4284099985693307,1.0,0.09993686368637877,0.4959241059189855,0.9795918367346939,0.00380472792522335,0.05448192130034646
dattam,29,6,338,30,0.9795918367346939,0.009679015389187806,0.03860455452600031,0.9583333333333334,0.0864599006811595,0.5053901102039049,0.9795918367346939,0.12984030884435493,0.5400622983855835,0.9795918367346939,0.017037991077407,0.16824281799978769
devAH,1049,200,976,113,0.8636363636363636,0.04093935899593393,0.20626081044472655,0.75,0.047407591049393294,0.3160489098955158,0.9583333333333334,0.0725474910473789,0.35418775109161293,0.9361702127659575,0.042424953118320397,0.14410311242552365
devAn,217,54,324,54,1.0,0.08421891289152972,0.36604770877156445,0.9130434782608696,0.05499983566260003,0.41992270363480366,0.9795918367346939,0.09864779830253823,0.4390879431171485,1.0,0.06780122981069092,0.15130231282549733
devAnAm,390,78,355,69,1.0,0.10394874689364286,0.4872160894684159,0.9583333333333334,0.13708654919010865,0.5421137938594855,0.9795918367346939,0.09922848132277207,0.454877919553347,1.0,0.04562929130122273,0.32668245356620307
devEH,84,17,332,5,1.0,0.02631448247565038,0.2796725829756568,1.0,0.08692365512798716,0.6095750889224583,1.0,0.0640405176773795,0.5853982068652938,0.9583333333333334,0.030377702246219496,0.25601626283204837
deva,740,183,2238,202,0.9583333333333334,0.03428267953737485,0.28240214456786306,0.9583333333333334,0.07488566052212353,0.4482296681471002,0.9583333333333334,0.07874317863374158,0.47943967996317705,0.9795918367346939,0.04768707894457336,0.12648101789628152
devaH,446,56,452,77,0.9795918367346939,0.09678949988817387,0.4796991749822619,0.9795918367346939,0.10769763311503344,0.5006298444370181,0.9361702127659575,0.10435333937611457,0.39948931251224273,0.9130434782608696,0.04209643956176068,0.1670308385260869
devam,107,28,321,49,0.9795918367346939,0.03225907125343985,0.3102353273672238,0.9583333333333334,0.08997667138230436,0.48634717549679785,0.9795918367346939,0.1094953557822228,0.5314149998117164,0.9130434782608696,0.051655437893799006,0.24271595697293058
devasya,115,17,93,40,0.9795918367346939,0.0413896152984351,0.36727451875463435,0.9361702127659575,0.043138831377072195,0.36830443571090044,0.9583333333333334,0.08667066811887414,0.3634216761254174,0.9583333333333334,0.07912005763000651,0.30810303254831894
devatA,37,190,108,108,1.0,0.023776428510004388,0.2170503075501511,0.9795918367346939,0.10304866213921016,0.5768011132800767,0.9795918367346939,0.08748011376102838,0.4593617861100543,0.9795918367346939,0.028345440654670262,0.30656248459086943
devatAH,121,53,275,60,0.9130434782608696,0.05149621136982352,0.26150568977586064,1.0,0.0631154571935395,0.39278197598385645,0.8888888888888888,0.03948062573534705,0.27224491716167865,0.9795918367346939,0.03317114505658325,0.27858759337359906
devatAm,15,42,13,15,1.0,0.0523119561686225,0.3665799584828059,0.9795918367346939,0.05643588797628529,0.33051143408361183,0.9583333333333334,0.053465588041383905,0.27280732440409117,0.9795918367346939,0.010472804117407475,0.1195207170897572
devatAnAm,31,26,111,18,1.0,0.023121249065838012,0.084881695695054,0.9583333333333334,0.09510589739579578,0.3909983833147108,1.0,0.05897273717258755,0.3825565727451522,1.0,0.05401934714757883,0.23674942476472316
deveByaH,188,19,36,55,1.0,0.05205383471253455,0.31579983987770577,0.9795918367346939,0.04758625709366948,0.22803546671459252,0.9130434782608696,0.045811210694349236,0.26370636772906453,0.9795918367346939,0.061384076996234826,0.23926556725491177
devezu,170,12,61,18,1.0,0.03288838939835348,0.2725145959920725,0.9583333333333334,0.054875149174289595,0.33574066345676257,0.9795918367346939,0.07378462750251313,0.41610122271160566,1.0,0.05371980689562483,0.139765144810285
deyam,6,10,88,21,1.0,0.012875362604148788,0.07873207462834708,0.9583333333333334,0.07365325012783608,0.3842276079368201,1.0,0.08603392690264089,0.32480848103186655,0.9795918367346939,0.007035202109958449,0.07645348078141112
dfSyate,12,94,427,37,0.9795918367346939,0.046142222714516956,0.23214538764500414,0.9583333333333334,0.07391685220417643,0.40144694594134167,0.9361702127659575,0.07305364879845189,0.49069641002706776,1.0,0.009327368061273655,0.08250401014901398
dfzwaH,10,44,237,9,0.9795918367346939,0.014360824487046453,0.2861588347014442,0.9795918367346939,0.09684272744299305,0.5480077571742583,0.9795918367346939,0.08384422177496853,0.49295761124629744,1.0,0.007130843038870349,0.07382993660711068
diS,28,56,38,22,1.0,0.03020747116458722,0.30702336726605717,0.9361702127659575,0.07881207030916582,0.28630819541814856,1.0,0.06916297204168054,0.35217839683329366,1.0,0.0067497834583613026,0.09561805500770859
diSAm,38,19,18,16,1.0,0.02295511568326991,0.16406716332923998,0.9795918367346939,0.04141690597736525,0.2787695477512152,1.0,0.0861279584931599,0.316359730406079,1.0,0.043115296037597006,0.23555299085416226
diSaH,165,52,703,34,0.9130434782608696,0.03429893127685213,0.15400563258272926,0.8888888888888888,0.04362546765708453,0.39456312740681887,0.9795918367346939,0.10869679600596505,0.5140888661619194,0.9795918367346939,0.02662579042315849,0.129403142935673
diSam,48,31,270,35,0.9583333333333334,0.04118201955739742,0.2632576890318672,0.9130434782608696,0.07563422138589138,0.4870264798981474,0.8888888888888888,0.05759958779907215,0.40704006670299564,0.9583333333333334,0.02438431832721455,0.1716039012693822
diSi,34,17,44,21,1.0,0.0472968839389617,0.1916651290664193,0.9795918367346939,0.054244915180817754,0.45122136509563593,1.0,0.07665057884982251,0.4303524629076232,1.0,0.031084492229533578,0.1767558034562987
dikzu,8,10,81,16,1.0,0.0341777584803018,0.19893726971560666,0.9583333333333334,0.05817438734408231,0.5055654383248291,0.9795918367346939,0.07948112953925834,0.47131314964016624,1.0,0.011017391957500844,0.17318024627855721
divA,94,8,60,41,1.0,0.022130796486440008,0.2338433949990839,1.0,0.06668686208063246,0.3976586040892731,1.0,0.11431235762454472,0.5343327271827225,0.9583333333333334,0.03792710463031446,0.3074999850862373
divaH,668,12,33,31,0.9583333333333334,0.04690376885870773,0.49297717803835517,0.9361702127659575,0.06005153016465059,0.35975634040851023,0.9795918367346939,0.11822876014442607,0.3761669068919944,0.9795918367346939,0.06193516686887923,0.40474576002143015
divam,111,14,319,12,0.9361702127659575,0.018112009195901835,0.1710857565239018,0.9583333333333334,0.056687362283088794,0.3818869654583946,0.9795918367346939,0.06788616379777657,0.46348018894759746,1.0,0.027240610031935453,0.24140620066033947
divi,233,10,259,23,0.9583333333333334,0.02896470702231624,0.2634582682493307,0.9583333333333334,0.05589075559127943,0.49832124395768473,0.9583333333333334,0.08531413930847354,0.4836893848064826,1.0,0.04387264802511959,0.19723551131230888
duhitA,45,5,97,6,1.0,0.017367083360582458,0.18288183161162075,1.0,0.12819224034704912,0.41750673472022637,1.0,0.11615875247045448,0.5076199779650871,0.9795918367346939,0.01076785676143066,0.17788551079399495
durge,5,8,34,17,0.9795918367346939,0.029759240782966878,0.15975045024338874,0.9583333333333334,0.08455235153637586,0.4886445191115514,1.0,0.07571506723069443,0.4293567106008487,0.9361702127659575,0.006843854724129073,0.15040750572995565
dvAdaSa,204,14,261,305,0.9583333333333334,0.04306143275763119,0.2473162467612362,0.9795918367346939,0.10657174743072773,0.5086378909537077,0.8888888888888888,0.0842324777408654,0.4446717935653124,0.9361702127659575,0.030559725002803018,0.13215931966139216
dvAdaSaH,5,10,6,8,0.9583333333333334,0.06034829280858289,0.3836677743676915,0.8372093023255813,0.08041198518413972,0.369505601838251,0.9130434782608696,0.07173634434249498,0.22693791561350818,0.9795918367346939,0.004648820858341507,0.06379617828921147
dvAram,5,17,182,19,0.9583333333333334,0.008992961284200462,0.040523977027169256,1.0,0.06240142361633105,0.5554967483741988,1.0,0.08136887304969875,0.5202575201038705,0.9361702127659575,0.00341417905637853,0.13079529513655053
dvO,47,32,176,133,0.9583333333333334,0.052528455752608116,0.28941969020634306,0.9795918367346939,0.12743939504780566,0.5542169168733119,1.0,0.12280009437272221,0.4699897214576455,0.9361702127659575,0.026143047725508795,0.09495355828710594
dvayam,7,25,55,59,0.9583333333333334,0.012177435130215297,0.12944089221889898,0.9795918367346939,0.08838820940660763,0.2621318852814495,1.0,0.07711687337117779,0.41797967776553935,0.9795918367346939,0.026357460613878114,0.3069867167855148
dvayoH,7,5,64,65,0.9130434782608696,0.007718421328040348,0.07253863154804452,0.9583333333333334,0.08209133488185483,0.34449748482874154,0.9130434782608696,0.05691184170425545,0.3408527330856064,0.9795918367346939,0.012374667489374214,0.19128914580605572
dve,114,56,126,350,0.9795918367346939,0.07900192482136004,0.3301631047113083,0.9795918367346939,0.10473162408200876,0.42600588292158004,0.8636363636363636,0.06256249704689187,0.3805783297547094,0.8888888888888888,0.03797607532966041,0.26180482574521413
dvi,66,21,100,407,0.9795918367346939,0.025951577562457806,0.17911230530751965,1.0,0.13519428446151205,0.38280195296579345,0.8888888888888888,0.1032004012000921,0.26215542878759734,1.0,0.028365610927059803,0.20956809427759615
dvis,30,28,37,91,1.0,0.02746470706964943,0.20267164404056892,0.9795918367346939,0.05813367134331371,0.3172486249173838,0.9583333333333334,0.09710842223828176,0.3945813020569169,1.0,0.029898562169782816,0.3268165632512421
dvitIyA,6,8,10,30,1.0,0.011107307032927505,0.026869130328968427,0.9583333333333334,0.0718719466341019,0.1870594473370012,0.9361702127659575,0.0512401335245245,0.22595885942788652,0.9795918367346939,0.026892439461831508,0.17842830467859283
dvitIyaH,36,35,68,46,0.9130434782608696,0.058878628413112644,0.12110160873757947,0.8372093023255813,0.09561613260091062,0.38906162461498994,0.9130434782608696,0.07379879112303223,0.3439669857780123,0.9130434782608696,0.03712358820429207,0.18731440046140813
dvitIyam,47,35,97,91,0.9361702127659575,0.06346592366199477,0.3539537867692625,0.9130434782608696,0.0761997533961366,0.4349283993144646,0.8636363636363636,0.07159719802184039,0.45718789296955953,0.9361702127659575,0.054120430492323846,0.2755216446041392
dyOH,234,53,96,39,0.8636363636363636,0.043988669050043394,0.19761466175205378,0.9130434782608696,0.04594478649422873,0.25854599402550427,0.9583333333333334,0.12985913332191779,0.3693291867245261,0.8888888888888888,0.05922591902652996,0.27921402402069373
eBiH,39,10,89,14,1.0,0.0164683448786912,0.1566157671484265,1.0,0.07455884406880209,0.45827500118130304,0.9795918367346939,0.09299217694736894,0.5182262722122237,0.9795918367346939,0.021609815069908445,0.07674582630401272
ekA,81,41,109,122,0.9795918367346939,0.030283325512599713,0.28980140906137886,0.9361702127659575,0.06422714221413128,0.32859387790048045,0.9361702127659575,0.0774646385346851,0.3920705774507507,1.0,0.08490126728255709,0.40557527136851657
ekAm,33,7,85,54,0.9795918367346939,0.025716805299069723,0.15496639287706193,0.9795918367346939,0.06113843357208981,0.4986565052539983,0.9795918367346939,0.10109490274097177,0.5913362911330227,1.0,0.03197352681925836,0.3773469456865576
eka,148,197,824,485,0.9583333333333334,0.051477073522760874,0.45259990397001704,0.9583333333333334,0.1253287372269014,0.5897343276795192,0.9361702127659575,0.07538953368868917,0.5719733376759635,0.9795918367346939,0.021501296844787188,0.11655322787196887
ekaDA,21,12,15,5,1.0,0.04672677943476922,0.3038287679410918,1.0,0.10944667438125966,0.39269199703340674,1.0,0.05894862851503879,0.28770312528467934,0.9583333333333334,0.016746112009963787,0.1708674559691714
ekaH,205,165,787,152,1.0,0.04990924625732063,0.27999729374169713,1.0,0.1313039701153106,0.4236867462631979,0.9361702127659575,0.0941721669139477,0.4522243913243571,0.9795918367346939,0.03108685521425203,0.21553766688742337
ekam,163,166,487,218,0.9795918367346939,0.04698942253450156,0.2457131078633773,1.0,0.12588518812589378,0.5323370919168927,0.8636363636363636,0.07730465323611901,0.38967430674877357,1.0,0.04717862484378277,0.2652700812185974
ekasmin,10,24,22,38,0.9795918367346939,0.026144275694400698,0.17021767104770924,1.0,0.08349391031323117,0.24340310637169615,0.9795918367346939,0.07060482606922791,0.2942054444790494,0.9795918367346939,0.014754124808041058,0.2038606406236697
ekasya,14,29,92,21,0.9795918367346939,0.03840137453915371,0.25875179649318947,0.9795918367346939,0.14534137023535687,0.5489174291507146,0.9583333333333334,0.05816370854306263,0.37625863217025113,0.9583333333333334,0.009829106237235319,0.1237418540498807
ekayA,81,6,8,18,1.0,0.0433555402775313,0.28841428076419473,0.9583333333333334,0.041797985987830355,0.09527650134148657,0.9583333333333334,0.043545059253048524,0.15154756937739355,0.9795918367346939,0.07160250124458534,0.3758230983359061
eke,70,22,67,135,1.0,0.019874768260882636,0.13746912375677844,0.9795918367346939,0.09751433894949624,0.3826097762377987,0.9795918367346939,0.07596327648776002,0.3860270005993005,0.9795918367346939,0.021528137288881255,0.17812539798757465
ekena,9,20,287,61,0.9583333333333334,0.017875751580560872,0.12954289762053972,1.0,0.07443483282492425,0.6559593032261718,0.9583333333333334,0.11981821610087284,0.5406025980449638,1.0,0.03086133143098002,0.372554216053234
enAm,54,16,179,44,1.0,0.019352145860587866,0.05945175876869968,0.9795918367346939,0.07445204166109876,0.49467993234788976,0.9361702127659575,0.10393698736984047,0.4513833671317823,1.0,0.0077307108328041885,0.10432727585262169
enAn,104,9,67,30,1.0,0.04162497945526311,0.2543778633149053,0.9795918367346939,0.04655089012648006,0.364942057322446,0.9583333333333334,0.0772805625830163,0.38050816324451486,1.0,0.027348308827396806,0.19736103709268127
enam,579,227,1357,170,0.9795918367346939,0.05821470281018426,0.1761639841347964,0.9583333333333334,0.07003539873835973,0.46834161151510934,0.9583333333333334,0.10938596960478097,0.5162753850080337,0.9795918367346939,0.02997435621550415,0.16543675498854604
etABiH,94,6,8,29,1.0,0.05881771528277624,0.2880993204705883,0.9795918367346939,0.049014083399556374,0.10686224657952659,0.9583333333333334,0.048877522336978285,0.21769954244303868,1.0,0.06264482834593854,0.3712621602897921
etAH,255,69,164,81,0.8888888888888888,0.04215409574499995,0.2236196824883262,0.8372093023255813,0.07428125304014577,0.293587933604587,0.8636363636363636,0.06884918762347148,0.21709875445498739,0.8636363636363636,0.02489249773089519,0.1392414533662789
etAm,128,36,170,31,1.0,0.050319851064143384,0.21328272438992724,0.9795918367346939,0.08603382841852336,0.4107150375018611,1.0,0.08436800397560373,0.4264658651526618,0.9795918367346939,0.07125707419485772,0.38706578968054084
etAn,38,28,376,57,0.9795918367346939,0.022806106696731887,0.093324353030523,0.8888888888888888,0.0757479921144788,0.44454757064471495,0.9583333333333334,0.17576016461237176,0.5233904660191446,0.9583333333333334,0.05285299273903521,0.17433020333033977
etAni,85,72,328,61,0.9583333333333334,0.03833385189189187,0.1648692416744233,0.6842105263157895,0.0525950345572368,0.26611248430666645,0.9361702127659575,0.09911700689124459,0.4656277481165906,1.0,0.04466658204308094,0.2701293703707762
etAsAm,8,12,14,10,0.9361702127659575,0.01984488085239655,0.05446965615253763,0.9795918367346939,0.054768117266611016,0.1935824036099747,1.0,0.057551688753031294,0.16904563019184726,0.9583333333333334,0.00929135577311202,0.010902437719614078
etAvAn,11,23,14,9,0.9795918367346939,0.02842395284701682,0.2970368207448171,0.9795918367346939,0.06563439303716345,0.2659269040665052,1.0,0.05297245622626878,0.18351421481562125,1.0,0.01698435195360426,0.1163829330045345
etAvat,12,46,137,35,1.0,0.02034218006146904,0.17539820941404627,0.9583333333333334,0.08422350823848523,0.5954715305581478,1.0,0.06733379855679211,0.4678727676250727,1.0,0.008243252358458908,0.07368358353956661
etEH,36,21,134,50,1.0,0.028878340983968465,0.15033414875795992,1.0,0.10421238660661136,0.5542298861585678,0.9583333333333334,0.10622580264171311,0.5608588867095569,1.0,0.027921667955214224,0.2251984146499778
etO,61,29,179,10,1.0,0.04016284237382772,0.1552035032986272,0.9795918367346939,0.10759649173405006,0.4985724346008342,0.9795918367346939,0.09210900822962798,0.5510668714485698,0.9795918367346939,0.020302958824966022,0.13252207557713147
etad,18,52,42,45,0.9583333333333334,0.021290645940786446,0.23086303461380742,1.0,0.08385951876081932,0.35502007195081653,0.9583333333333334,0.08731868152815969,0.34023223526693713,1.0,0.02517963995550687,0.14612626756913738
etam,276,213,138,112,0.9361702127659575,0.052974047320894835,0.12262084458604428,0.9583333333333334,0.07972508557067015,0.4285605329610007,0.9795918367346939,0.13512545549963006,0.42281941915704824,0.9795918367346939,0.05534473960643227,0.2486295341508551
etasmAt,14,51,37,7,1.0,0.03442900325425213,0.2624241345873658,0.9795918367346939,0.09131135972406557,0.4554549095458875,0.9795918367346939,0.07396776626025792,0.27350434540505475,0.9583333333333334,0.006614999206402072,0.0670758583532709
etasmin,42,124,188,30,0.9795918367346939,0.05931621071451687,0.3193868400603367,0.9795918367346939,0.104968570697073,0.484331354742243,1.0,0.0965401750528555,0.5295256292199682,0.9795918367346939,0.03685764127404689,0.3053896707184032
etasya,124,130,94,44,0.9361702127659575,0.0309403333044872,0.17614986522381204,0.9795918367346939,0.0758476138861175,0.35727134833254537,1.0,0.10784355934165402,0.4222923241573888,0.9130434782608696,0.07761013763463509,0.3000681509831622
etat,906,1247,3974,512,1.0,0.03666841644557939,0.13443944004337904,0.9361702127659575,0.0641041502844546,0.34898017541442194,0.9795918367346939,0.059785085177831876,0.3618042077481942,0.9583333333333334,0.02556450027173851,0.14373732619749469
etayA,77,14,12,144,0.9583333333333334,0.061053740987047855,0.2912670313695741,0.9795918367346939,0.04686698604762807,0.1622941373076935,0.9583333333333334,0.08735260235954512,0.3894087561062163,1.0,0.09550913551015239,0.4453003775969683
ete,246,152,999,129,0.9795918367346939,0.033943772901024905,0.21267806531144784,0.8888888888888888,0.05110746953150691,0.32944497677586426,0.9583333333333334,0.0879396440975051,0.4612199845356324,0.9583333333333334,0.012528296190301935,0.1340324399043371
etena,337,38,140,88,1.0,0.04749151452947675,0.34264093077341107,0.9795918367346939,0.07200655663900868,0.436137597358371,0.9361702127659575,0.07431647964734067,0.46424563173961975,0.8888888888888888,0.010822700772231908,0.07815822950093188
etezAm,20,10,100,53,1.0,0.023705680624446113,0.11756443089711177,1.0,0.10137688455321969,0.3370977435903104,0.9795918367346939,0.06762696368313448,0.2673732453441743,1.0,0.011232539921831486,0.09594929893280624
eti,315,93,125,22,0.9130434782608696,0.03455575876182193,0.12395125686130126,0.9583333333333334,0.08617170990841327,0.40462350751111553,0.9795918367346939,0.06822496607398731,0.3538912104815908,1.0,0.02254902879112408,0.31548640075321843
etya,11,11,64,15,1.0,0.031380163990225696,0.07406805732709176,0.9795918367346939,0.06885515498020855,0.4015589503786209,1.0,0.05612035853695152,0.39167265945412466,1.0,0.013072340159637985,0.04759597070715538
eva,3390,4899,18485,3394,1.0,0.044743937892569696,0.2476754984729388,0.9795918367346939,0.09002038898800435,0.4970133163152044,0.9583333333333334,0.062418029885794146,0.4884465016603148,0.9583333333333334,0.023272883475470296,0.16962037418208986
evam,516,1432,5457,942,0.9583333333333334,0.03365530705477726,0.1079894278905813,0.9795918367346939,0.06870886531174503,0.4956772874613895,1.0,0.08986789737118539,0.5946895302360554,1.0,0.05072050653138638,0.35254380634318294
ezA,234,107,516,96,0.9795918367346939,0.026021880125836727,0.13312386141817623,0.8636363636363636,0.05629378431573784,0.3943224979020402,0.9795918367346939,0.10896806573740092,0.48434901164655964,0.9583333333333334,0.038959795396161234,0.1931280474169249
ezAm,228,80,373,132,1.0,0.026479110288502472,0.289913081412532,0.9795918367346939,0.06335329703756565,0.4821871377349334,0.9795918367346939,0.08166765114263685,0.5148438678071127,0.9583333333333334,0.006837743838593036,0.15206856556157144
eza,510,521,1929,154,0.9130434782608696,0.0414511212086649,0.2725788954478632,0.9583333333333334,0.09177879355162133,0.4123353372027414,1.0,0.1328469977195974,0.5109304964438797,1.0,0.026526546879389823,0.32800415960458085
ezaH,145,208,140,43,0.9795918367346939,0.029779546005838986,0.15021386519177093,0.8888888888888888,0.08165815599579562,0.3502145360773452,1.0,0.11123670156119381,0.3382029876441244,1.0,0.032383957532718166,0.17224005245501317
ezu,61,13,23,15,1.0,0.050712779764170324,0.14047519370453287,1.0,0.11687159705076422,0.3308900747288489,1.0,0.06759247084704567,0.2361024174539117,1.0,0.03512034655712959,0.2717326883886433
fc,19,52,5,15,0.9583333333333334,0.05056647638141565,0.29474238943177966,0.9130434782608696,0.07006363298296359,0.3882214015001022,0.9795918367346939,0.047971001235258104,0.17489053140700728,0.9795918367346939,0.013724248492461899,0.09654006493969969
fcaH,62,26,16,31,1.0,0.03923131808535052,0.20855225955421708,0.9795918367346939,0.06242914180717429,0.2512292551887636,0.9795918367346939,0.050545362047930364,0.2543226765919908,1.0,0.03658379841135384,0.2516770076145842
fk,15,39,31,10,0.9795918367346939,0.032132201921916015,0.27022212599542517,0.8888888888888888,0.08623640387358744,0.3937699462673254,1.0,0.10602329840436653,0.3894900407585733,1.0,0.003184224922180845,0.026361166306662742
ftam,96,12,21,14,0.9795918367346939,0.03575490679966142,0.28672763563793957,0.9795918367346939,0.10018196461745688,0.31095743448179647,0.9795918367346939,0.08367892303586999,0.2999543197812007,1.0,0.026412876203674163,0.17409244103255317
ftavaH,85,8,39,13,0.9361702127659575,0.03283090357209517,0.18524838314459258,0.9795918367346939,0.07019491325661509,0.28925333759432015,0.9795918367346939,0.13915183973816092,0.41150359583383955,0.9795918367346939,0.0512705181460541,0.2819592962281734
fte,46,21,284,12,1.0,0.09020312215932602,0.3797380497692029,0.9795918367346939,0.16566778018490913,0.594220899529166,1.0,0.07722171868005245,0.5556380250955324,1.0,0.011876265869293468,0.1719446350350735
ftu,18,5,82,47,1.0,0.017988295648182162,0.032960392218041035,0.9361702127659575,0.08053595451300655,0.48417791120676446,0.9795918367346939,0.10694728491713346,0.48915019085607625,1.0,0.011717057972846279,0.09966607558264062
ftvijaH,31,11,62,21,1.0,0.01674361682029113,0.0699625993927252,1.0,0.0624462773383786,0.36409821586534785,1.0,0.08115633809158729,0.3705800195882828,1.0,0.015546673250915077,0.05108724098038864
fzaBaH,38,12,344,7,1.0,0.044006079951608545,0.21046931777440758,0.9583333333333334,0.09206062041747443,0.596284298734501,0.9583333333333334,0.10067288087014858,0.5987815535027259,1.0,0.020820401967725388,0.11675102667982529
fzaBam,11,8,149,14,1.0,0.05540255683076456,0.16700871697039554,0.9361702127659575,0.0785821590349074,0.5974255462649012,0.9795918367346939,0.11684456366549922,0.6139161912846438,0.9795918367346939,0.021184038417473627,0.11711203007731685
fzayaH,89,7,628,25,1.0,0.018513237736744848,0.16624335650393585,1.0,0.05926815310741074,0.39817702834579605,0.9361702127659575,0.0764205042314684,0.44032003150208165,0.9795918367346939,0.042443958873312426,0.32645486038994087
fzi,12,5,586,25,1.0,0.011923932290408445,0.04136608756686022,1.0,0.08073218981731256,0.5930283257135183,1.0,0.07388359496289754,0.5595794102807448,1.0,0.02628812860507468,0.13000245438643443
fziH,55,25,495,18,0.9795918367346939,0.02740699286859205,0.18194382161748335,0.9583333333333334,0.08375677331225506,0.4503995299691912,0.9583333333333334,0.0728731890780474,0.4787962617440903,0.9361702127659575,0.009315975490599593,0.11933098291004396
gAH,170,21,218,25,1.0,0.05596367434191629,0.27510756899108446,0.9583333333333334,0.054372671608796996,0.42990333668001646,0.9795918367346939,0.07067709092712571,0.467892269180728,0.9795918367346939,0.04511595781373856,0.252924406643679
gArhapatyaH,13,6,7,7,0.9795918367346939,0.017181898686829955,0.07624293784614511,0.9795918367346939,0.05325745198914944,0.11953843073598724,0.9583333333333334,0.06385308571787784,0.1470341577803398,0.9795918367346939,0.012144814558544437,0.014198518430829199
gAvaH,210,13,265,23,0.9795918367346939,0.03674868905668838,0.3804684064001791,1.0,0.06837321394611151,0.4895574111933345,0.9583333333333334,0.09879945287015834,0.5135008767267124,1.0,0.03160554624457723,0.24171654869307257
gAyatrI,117,72,14,17,0.9583333333333334,0.037395211551120466,0.3378108582551911,1.0,0.05390956030443628,0.18583351910048884,1.0,0.06372799015048358,0.22713015384034363,0.9795918367346939,0.03345616713682853,0.29208377509615
gOH,120,11,106,78,1.0,0.04966407695063302,0.3767360515987944,1.0,0.07613770562325384,0.42145304536072326,1.0,0.10030896709148096,0.43957989179428836,0.9795918367346939,0.12361210457289273,0.3502028717558687
gacCan,14,11,52,6,0.9795918367346939,0.01734956918453101,0.12429453855422778,0.9795918367346939,0.07628974126930799,0.4293568830473429,1.0,0.08547104450994292,0.4249991580124224,1.0,0.009836143008421727,0.14248547769198305
gacCanti,35,35,194,7,0.9361702127659575,0.02316896227769194,0.24577497708013385,0.9583333333333334,0.0727820894692982,0.4399561557254724,0.9795918367346939,0.06143908416966826,0.4588059164338415,0.9795918367346939,0.016273653117295006,0.1504660604643826
gacCati,102,80,335,34,0.9795918367346939,0.02897243866914656,0.26233193142238775,0.9361702127659575,0.06976517419867412,0.42152051296066806,0.9795918367346939,0.07537832900256991,0.44482656281768584,1.0,0.018303442791146818,0.18205082408577078
ganDaH,10,14,83,6,0.9361702127659575,0.01856164216217515,0.14796875322318082,1.0,0.16667623917156016,0.4701106754353569,0.9795918367346939,0.07015246359100824,0.3870069481377236,0.9795918367346939,0.009718905013413881,0.0280918470651238
ganDarva,21,15,413,5,1.0,0.04059055183033489,0.16787550945917873,0.9583333333333334,0.07830976867582373,0.550091300390213,1.0,0.06787440745232276,0.5830803727088236,0.9795918367346939,0.010048133676283544,0.0416641234888504
garBa,12,10,123,45,0.9795918367346939,0.006678051414346187,0.03181677553863116,1.0,0.0614818262536484,0.4712778423706432,0.9583333333333334,0.07678786600875598,0.5307570061609194,1.0,0.005429883122134105,0.11219837410753541
garBaH,84,14,78,15,0.9795918367346939,0.02811467642469445,0.1881863342540051,0.9795918367346939,0.07996789472129451,0.38765710963359434,1.0,0.08471523593695485,0.39506121181771614,0.9583333333333334,0.017519851246033502,0.18854983051383822
garBam,113,14,116,22,0.9583333333333334,0.019226542806730196,0.11624909355416191,1.0,0.08201354187575582,0.428480129708231,1.0,0.07391502716801168,0.4892529657260486,0.9361702127659575,0.02007801725632674,0.15771666785032812
gata,22,26,383,32,0.9583333333333334,0.02218539873222225,0.28168880182066713,0.9583333333333334,0.12087939461234365,0.6614293069074677,0.9361702127659575,0.11392688113622973,0.6852117617448932,1.0,0.020370825061890696,0.3778997142470517
gataH,5,31,944,44,1.0,0.02297519850577312,0.174507570950168,0.9361702127659575,0.08514623776959807,0.568449782285284,1.0,0.1744161767179464,0.6200879394100972,0.9130434782608696,0.013417704083125037,0.32589405097248314
gatam,64,38,408,68,1.0,0.08410500284328237,0.49538541928057866,0.9583333333333334,0.07035736294968409,0.4745855094663869,1.0,0.09388698836751797,0.6096443352723124,0.8888888888888888,0.05627283954040985,0.3291616547347366
gatvA,42,32,801,37,1.0,0.02369172580058221,0.27286270731254314,0.9583333333333334,0.04986706586412326,0.5132586302420454,0.9583333333333334,0.055522253418846756,0.5182553239981916,1.0,0.041906894193262656,0.32224853354161764
gavAm,77,13,287,41,1.0,0.05604651493184565,0.2585736938079354,0.9795918367346939,0.11239599744416184,0.5753229191362295,0.9583333333333334,0.05420960565716826,0.41005109724514266,1.0,0.022860087857682676,0.24046667896917595
gfhAn,17,7,110,21,0.9795918367346939,0.011290851396807078,0.03568160675656684,0.9583333333333334,0.06808887070097047,0.45873432768654876,1.0,0.0791474245558591,0.4343987433600619,0.9795918367346939,0.03347681721899154,0.09463397762866932
gfhItam,5,13,31,14,1.0,0.021436243402816357,0.09253716613148688,1.0,0.07238893590584472,0.3874043294986751,1.0,0.09043669820818201,0.3916958676100216,0.9583333333333334,0.007316956626035265,0.04286635132483041
gfhItvA,7,22,242,47,0.9795918367346939,0.013616310552844513,0.057914072130384686,0.9361702127659575,0.05889824068598559,0.49209954394110755,0.9583333333333334,0.05720634204617081,0.5067731626555154,0.9795918367346939,0.011558587010857546,0.15356066264199453
gfhRAti,17,12,15,25,0.9795918367346939,0.010886193822451151,0.140499702724189,1.0,0.08530497308351448,0.2936610212718104,1.0,0.06553031439545876,0.1463909518181461,1.0,0.019802632730702818,0.07231827631613486
gfha,13,9,127,96,1.0,0.01727417165880374,0.16213111990724505,0.9583333333333334,0.08850178423142419,0.4376073569877076,0.9795918367346939,0.08814063845610232,0.4885205658250149,1.0,0.014462854719208607,0.1999605459805711
gfham,40,9,247,42,0.9795918367346939,0.006968717940660452,0.048618276331376165,1.0,0.10884402275633576,0.573766079955675,1.0,0.17856124850704513,0.6508362121533889,0.9361702127659575,0.02013028224825608,0.4029321508631779
gfhe,68,14,258,50,0.9583333333333334,0.009062111212319257,0.042313779950030606,1.0,0.07754385355672233,0.4784437869345768,0.9583333333333334,0.12528861353963627,0.5267788978152399,0.9795918367346939,0.00880191378974049,0.10893369462117741
gfhyate,5,35,22,23,0.9583333333333334,0.028525190921706245,0.33223850910599173,0.9795918367346939,0.09667395685951086,0.3143670550747686,0.9130434782608696,0.05850512548454401,0.23617890267681285,1.0,0.015973290807511864,0.10886772111077425
go,149,22,480,140,0.9795918367346939,0.02515312393278779,0.32704408055334344,1.0,0.11147889052140991,0.6184588178731443,0.9795918367346939,0.0938094083920793,0.4115128202484707,0.9361702127659575,0.036068842499498044,0.20943372239135616
goH,63,7,9,34,1.0,0.014717034494715509,0.09655832714198698,0.9583333333333334,0.04910058421642338,0.1133876497329609,0.9795918367346939,0.05681727702808903,0.18911475922642218,0.9795918367346939,0.008112669117813942,0.11014254047682226
grAma,10,20,64,65,1.0,0.023636308143126117,0.16788004561106462,1.0,0.10254095796980733,0.43173248252214225,1.0,0.10828639785189831,0.39867402496330806,0.9361702127659575,0.0178882285752765,0.19914127779209134
grAmam,13,6,74,24,0.9795918367346939,0.008890302958874385,0.03925878182885989,1.0,0.09418272274292572,0.5035542294209898,0.9583333333333334,0.0777642986494691,0.4597385221277752,1.0,0.012796244411494073,0.09265840888561283
grahaH,14,19,47,11,0.9583333333333334,0.013688002031874813,0.0562597890920884,0.9361702127659575,0.0773166174374521,0.34959926772083727,1.0,0.08998153055839142,0.4126173889208654,0.9795918367346939,0.00733457277776195,0.020622559723429745
guhyam,11,6,143,9,1.0,0.012395105116193017,0.024630932205541134,0.9583333333333334,0.0943437451862228,0.3683937974398759,1.0,0.08182376039972417,0.4081906811125471,0.9583333333333334,0.004256839495103137,0.043111634852884495
guru,8,14,442,65,1.0,0.009953988431311456,0.059788911814430024,0.9583333333333334,0.09816600099355288,0.5518028994035227,0.9361702127659575,0.08863566270502576,0.5786561331167155,0.9795918367346939,0.007784426868368555,0.16160027624740214
hA,182,29,529,11,1.0,0.08552376606371337,0.34388311950710504,0.9795918367346939,0.1186592687446657,0.3977469912239652,0.9795918367346939,0.11543308987734924,0.6374524326452602,0.9795918367346939,0.030374115751095054,0.49926448493973563
hIyate,5,7,45,18,0.9795918367346939,0.011617534972179766,0.029043217687587775,1.0,0.06523099109708419,0.2542826081072598,0.9361702127659575,0.06275742974021858,0.3203071560764952,0.9795918367346939,0.014896913945667278,0.10050501987096705
ha,871,1415,1472,209,0.9361702127659575,0.0623090797258552,0.1732169763172533,0.9583333333333334,0.10244533927454913,0.535305695246208,1.0,0.14551633728574298,0.595458847432933,0.9361702127659575,0.06586113698597174,0.29423085233610646
hantA,22,8,128,5,0.9795918367346939,0.01784493940490528,0.1356231858639394,0.9795918367346939,0.09417281219198215,0.49343192548172565,1.0,0.0649137411315146,0.4897171163108308,1.0,0.025165087557881494,0.1007526852727012
hanta,8,42,110,5,1.0,0.05099846373948069,0.14865241221430348,0.9583333333333334,0.10971361457111772,0.3670200811670057,1.0,0.09475732877290333,0.4097518530151316,0.9795918367346939,0.00880138460314872,0.02629769673071225
hanti,97,8,156,22,1.0,0.041502825204998706,0.34407175264843004,0.9795918367346939,0.06414245189477574,0.5477809694351651,0.9795918367346939,0.06662979502269795,0.4470104367848994,0.9795918367346939,0.010340164887929104,0.26660363858342073
haranti,14,9,23,5,0.9795918367346939,0.02503775858756263,0.08025544044828126,0.9795918367346939,0.08597192940394549,0.34717769813719546,1.0,0.09137997811484055,0.29735717453001675,0.9795918367346939,0.005977377427206609,0.020893594326685028
harayaH,43,5,93,5,1.0,0.03191869700637506,0.3060106297945293,0.9583333333333334,0.0878084165991957,0.5544121556151556,1.0,0.10693155138180055,0.5252461348718879,0.9583333333333334,0.02030928344131211,0.21277367992077922
hastO,13,5,46,6,1.0,0.011257958663849377,0.049163684272790054,0.9795918367346939,0.073705815865856,0.4933737878690143,1.0,0.09421162650900905,0.4725519668454923,0.9795918367346939,0.0032393332951554665,0.013445560497043596
hasta,29,12,144,40,0.9795918367346939,0.011009705926723456,0.11869726056156416,1.0,0.1053552139430981,0.5028550757527046,0.9795918367346939,0.1040153956164881,0.4201018096107064,0.9583333333333334,0.016183110665808798,0.3784478468871728
haste,29,7,30,23,0.9795918367346939,0.013589981035872833,0.10925791614255964,0.9795918367346939,0.06546823584405481,0.3623365156766908,0.9361702127659575,0.057184135636718425,0.3918474370440339,0.9795918367346939,0.020472454328879564,0.22601308704730294
hasti,10,19,196,100,0.9795918367346939,0.02962738857029379,0.26497269524882583,1.0,0.14475794692069277,0.7292018933484533,0.8888888888888888,0.14779911552448743,0.42762979938096957,1.0,0.037214902978292774,0.452696053882529
hata,24,11,639,14,0.9795918367346939,0.018168848523501424,0.20578061742591736,1.0,0.16866904771357416,0.7536771316241673,0.9795918367346939,0.13762088091881153,0.7317417740018584,0.9130434782608696,0.00525289530594486,0.0918096887657811
hataH,23,7,526,14,1.0,0.02302842553459683,0.11112008257871864,1.0,0.07559187819707713,0.5781303439735649,0.9795918367346939,0.1079515532419667,0.5679747870338612,0.9795918367346939,0.008485076096329647,0.09477779027825717
haviH,236,13,119,142,0.9795918367346939,0.037565540433787126,0.2020138351356383,0.9795918367346939,0.04327340481554398,0.33892246640650137,0.9795918367346939,0.1023001257042565,0.42607546917610994,1.0,0.04553257151228607,0.20374591708745005
hayaH,5,8,38,6,0.9795918367346939,0.010848331561712388,0.031103717961725508,1.0,0.08765814527581262,0.4281527325212301,0.9795918367346939,0.08868127421523764,0.41734692240338933,0.9795918367346939,0.010121649733508709,0.020681711226975485
hfdaya,8,70,74,25,0.9795918367346939,0.037923120448213554,0.32737175650967054,0.9795918367346939,0.07964546772328862,0.5952336639763302,0.9583333333333334,0.05641609874202169,0.42520595644984294,1.0,0.00884468762337165,0.06651897652037575
hfdayam,65,63,198,5,0.9583333333333334,0.05394689794665808,0.38828729818898555,0.9583333333333334,0.05040427202937925,0.513195268943007,1.0,0.07284981750050468,0.5053969176360895,1.0,0.025983118156621354,0.28871092900169104
hi,1634,1742,9685,725,0.9361702127659575,0.02770681653669771,0.2297546268176458,0.9583333333333334,0.05736970090296267,0.40750062906818485,1.0,0.06486263246982027,0.35951825078176536,1.0,0.047481735022412264,0.2689195988684905
hiraRya,140,15,76,80,0.9795918367346939,0.020752593730741897,0.2064722625333848,0.9130434782608696,0.04555966013191759,0.4016873377225716,1.0,0.09599020924673518,0.4126494929488854,0.9795918367346939,0.020148199771141795,0.22768687204717453
hitam,58,9,462,18,1.0,0.01931889757670535,0.07713970710883833,0.9583333333333334,0.10916708358617333,0.5129340850568957,0.9795918367346939,0.06769970961798222,0.5349036044957608,0.9795918367346939,0.007039450808834169,0.062145980453278904
hitvA,18,25,197,7,0.9361702127659575,0.024658919853739247,0.11526810898971607,0.9795918367346939,0.12272643721844823,0.6259006144332017,0.9583333333333334,0.06903668769406224,0.5630753744871567,0.9795918367346939,0.003091447520728541,0.04821321929491762
hotA,274,16,21,187,0.9795918367346939,0.0417318741169489,0.2710547412075154,0.9361702127659575,0.07753654133574672,0.273729749607436,0.9583333333333334,0.08717681183742998,0.27541406366673016,0.9130434782608696,0.030739466838518692,0.1981795695140267
huta,14,5,33,11,1.0,0.01158089003934415,0.045741107500768874,0.9795918367346939,0.08255627849730096,0.4198482263293031,0.9583333333333334,0.0705337742887917,0.3722817414695545,0.9795918367346939,0.009427564359571372,0.06027102846519283
hutam,45,13,68,15,0.9795918367346939,0.025547387032126,0.18282613260365022,0.9361702127659575,0.06573122859786462,0.33095632224109495,1.0,0.08925513712707911,0.37369192090336323,0.9583333333333334,0.01754195602796993,0.12618130404464423
hutvA,8,37,45,95,1.0,0.06287942113576273,0.3109956607400861,0.8095238095238095,0.09044938409457792,0.46469281069019686,0.9130434782608696,0.0824492746653519,0.40990794275444253,1.0,0.04230718154159219,0.3333855988274841
icCan,21,27,76,19,1.0,0.03265111499708884,0.21129335217934186,0.9795918367346939,0.07347037347368246,0.34499123682941657,0.9583333333333334,0.11246580113205407,0.5956427805341197,0.9583333333333334,0.02988814998565259,0.31474810206352943
icCanti,11,13,122,44,0.9361702127659575,0.009000300142959605,0.10130530278149741,1.0,0.11738798323556121,0.48325388863142393,1.0,0.06784315522556195,0.4749084739581013,0.9583333333333334,0.013391256530642548,0.11036962454329757
icCati,8,24,208,13,1.0,0.01757773621198544,0.1755898535301883,0.9795918367346939,0.05797115834823474,0.40469417702279664,1.0,0.0842955123372473,0.5554135344495619,0.9795918367346939,0.013442749247794206,0.21005911034303582
icCet,5,23,94,28,0.9795918367346939,0.028471956243716567,0.10761697920740254,1.0,0.0883922731773027,0.3709666996959188,0.9795918367346939,0.0791552033172388,0.31453069577625703,0.9795918367346939,0.005180876014282743,0.0874588147440023
idAnIm,8,98,202,26,1.0,0.009432297134493783,0.14653876252871645,0.9795918367346939,0.04774507939998185,0.4502658060818576,0.9795918367346939,0.0747051261609093,0.5012282615025316,0.9795918367346939,0.007624963731051815,0.18695061312833605
idDaH,8,6,10,8,0.9795918367346939,0.013438337346298845,0.07182943248785412,0.9795918367346939,0.06211780074276663,0.22055679347500634,1.0,0.06627007466889967,0.29399373902133863,1.0,0.026259692627052522,0.051152223504580374
idam,759,799,3809,393,0.9795918367346939,0.05193370047760315,0.19302478283863922,0.9583333333333334,0.07290946969166356,0.3519358696276347,0.9795918367346939,0.09211280516461051,0.4711204082883612,0.9795918367346939,0.043407806176372965,0.14528432341228503
iha,742,335,3098,425,0.9583333333333334,0.03877421746006593,0.28520543395468057,0.9130434782608696,0.06753067295315596,0.42527424373657274,0.9361702127659575,0.0757043015036516,0.4798972884249251,0.9583333333333334,0.0310527626533611,0.16444192614064668
imAH,161,55,108,34,0.9130434782608696,0.032115813442326946,0.16874969807305096,0.8636363636363636,0.037945410423715464,0.25648173111999206,1.0,0.12462889766041141,0.39559469102509204,1.0,0.04777622977410556,0.21533340805461643
imAm,124,13,608,43,1.0,0.0238607368313829,0.163525766928158,1.0,0.0940865985766568,0.5862364529607322,1.0,0.1651560014552932,0.567494037162723,0.9795918367346939,0.048484122901965354,0.14186548336357818
imAn,104,18,142,16,1.0,0.05029262816668523,0.19180683824742895,0.9795918367346939,0.09658602180144393,0.4472184769952008,0.9795918367346939,0.12244874178066123,0.45090196569035257,0.9583333333333334,0.032755785323129616,0.2472983793936958
imAni,18,49,76,11,1.0,0.024774423661637623,0.274741644178242,0.9130434782608696,0.06555672815120317,0.28145526316146885,0.9795918367346939,0.08272386773612228,0.3684282951808113,1.0,0.017172320046143552,0.08308023508923701
imO,31,11,115,6,0.9795918367346939,0.016809814497089626,0.07758884435082303,1.0,0.10443445199219437,0.5195788488563227,1.0,0.10505905799406201,0.5740667622372518,1.0,0.017101014868163733,0.06600187895597509
imam,288,85,692,103,0.9795918367346939,0.030513200218445502,0.1801872285808942,0.9795918367346939,0.08398448945996506,0.4853549816467928,0.9795918367346939,0.1439354372186601,0.5573117016110609,0.9361702127659575,0.07579716998221298,0.25326265154700256
ime,259,66,312,45,0.9130434782608696,0.023325440648578222,0.17443923839159614,0.9583333333333334,0.06944151206928117,0.3329947761857055,0.9795918367346939,0.11279273536747891,0.3794402888003928,1.0,0.09050670056969434,0.28823345127381994
indra,1782,36,1653,316,1.0,0.07357301808629824,0.3804588482881116,0.9583333333333334,0.08758846927345021,0.5421969032972259,0.9583333333333334,0.12815382271139175,0.5020146564517964,0.8372093023255813,0.03718306758847689,0.332833149697758
indraH,1171,49,625,185,0.9361702127659575,0.059605243217215054,0.2557418156646871,0.75,0.06375481769598013,0.41748140947184953,0.9130434782608696,0.0851474318347728,0.42969983999970285,0.9583333333333334,0.03827097988124728,0.20501490039375603
indrasya,308,16,262,23,1.0,0.02517411985550644,0.33609480137123626,1.0,0.1003925700916315,0.6065607048266901,1.0,0.12053095408433268,0.46994006459807325,0.9583333333333334,0.04632883002398569,0.34283041641715584
indriyARi,8,13,158,5,1.0,0.01910003337994648,0.08477412577059651,1.0,0.07247909599174895,0.3735436319735146,0.9795918367346939,0.06195190240289428,0.40321463504970523,1.0,0.01292133393788586,0.03895942494805249
indriyam,68,19,59,8,0.9795918367346939,0.0332366060691478,0.2125364037024382,0.9583333333333334,0.11546752461846455,0.468390652363749,1.0,0.1349372539257111,0.5733692649227121,0.9795918367346939,0.048383663105537766,0.309267970563027
itTam,11,16,11,11,0.9795918367346939,0.015946175836733523,0.08342533679655517,1.0,0.05420411914918677,0.15133514425858452,1.0,0.045469333572140114,0.17784557581334637,1.0,0.0037191787842216772,0.0411846323864371
itarAn,8,6,23,12,1.0,0.008005719428661018,0.021707634868306847,0.9130434782608696,0.0546075159928443,0.4158731101822233,1.0,0.10532895546488352,0.43888930437055906,0.9361702127659575,0.003937532735879157,0.05012742473089393
itaraH,10,73,34,15,1.0,0.06291445128428985,0.5041390488841735,1.0,0.13131386574825776,0.6205043427788766,0.9795918367346939,0.065016012904347,0.25905361270437743,0.9583333333333334,0.005789685511887077,0.032789895823505444
itaram,5,19,8,11,0.9795918367346939,0.035297789942921876,0.4099715661182711,0.9795918367346939,0.08745516427999112,0.41078113357301815,0.9361702127659575,0.08743677824251361,0.3063588743577814,1.0,0.015940296717623426,0.21067625139494195
itare,10,15,58,25,1.0,0.018408418457746434,0.09220921591844577,0.9361702127659575,0.04933450302385389,0.3331366705571521,1.0,0.09950495870939335,0.4547747414031962,1.0,0.00964336417402023,0.09100956599519816
itas,222,65,305,26,0.9795918367346939,0.036074133544723,0.19114235233359467,0.9795918367346939,0.0863418593632913,0.4446062015737652,0.9795918367346939,0.12704823729255355,0.513858687483644,0.9795918367346939,0.03413362367680106,0.21597330095670553
iti,3249,9130,8907,9979,0.9361702127659575,0.05532932755167452,0.19828803963275887,0.9795918367346939,0.07202736449414182,0.3832235442679346,1.0,0.061437952531937734,0.436049608807177,0.9583333333333334,0.042872038498789844,0.21817799929626525
iva,2133,717,9507,254,0.9795918367346939,0.016754705831308114,0.12900108701873636,1.0,0.10874692213298687,0.5355512663814461,1.0,0.10691178551475022,0.6396966221629954,1.0,0.03203386248081541,0.34811869676038554
iyAt,39,13,29,8,1.0,0.020072933158769124,0.26744411710363036,0.9583333333333334,0.06588350232023121,0.32859376625738956,1.0,0.04107436476500248,0.3051966924160583,0.9795918367346939,0.011240381198812543,0.24091561335310185
iyam,173,142,747,66,0.9130434782608696,0.022392506491157982,0.1712205119333563,0.75,0.06923813277792201,0.28591020798882605,1.0,0.12390080751578825,0.4359383163569279,1.0,0.06944494746966534,0.2931196808404962
izwa,6,49,79,15,1.0,0.03384370755508792,0.3067215367416285,0.9795918367346939,0.1172250382962381,0.4513265755044603,1.0,0.0720003306095357,0.3845579095435063,0.9583333333333334,0.006594255818686667,0.04032604836428211
izwam,20,30,165,23,0.9583333333333334,0.011087238843976666,0.09889582482498815,0.9795918367346939,0.07229850215947109,0.373346100946492,0.9795918367346939,0.09859548976334076,0.4123712042233465,1.0,0.01747209283093487,0.03419634537396998
izwvA,25,7,89,94,1.0,0.031069748705276123,0.1460209844269149,1.0,0.09285773978295342,0.4226326802741638,0.9361702127659575,0.12909012764855166,0.34374971355804096,0.9130434782608696,0.04112221970365171,0.14438401931068523
jAH,71,9,121,27,1.0,0.031528237051112185,0.2544951375269411,0.9795918367346939,0.085976371540185,0.484128149500862,0.9795918367346939,0.16008605858920055,0.612687968890495,1.0,0.06708082395541903,0.5251315338068414
jAtAH,50,7,117,10,1.0,0.016291292262681445,0.12002254560131165,0.9795918367346939,0.07337151658173136,0.4113141977982877,1.0,0.09026206880789223,0.4045578222353545,0.9795918367346939,0.012004485907112561,0.11302317514668059
jAtAni,23,23,31,6,1.0,0.034486634368602664,0.22673980143326167,0.9361702127659575,0.0502174663172964,0.2797913238146479,1.0,0.09786474887909169,0.42549070126721555,1.0,0.014710642647871919,0.07514432429519247
jAta,38,10,186,85,0.9795918367346939,0.013545481380841773,0.13607720643154375,1.0,0.09989024525191048,0.5898385656132793,1.0,0.13384531777312902,0.6106629518758371,1.0,0.043245643020509594,0.1723622777121896
jAtaH,127,26,330,46,0.9795918367346939,0.032188579475867396,0.22333052628427408,1.0,0.09650758844050245,0.43879951202974254,0.9795918367346939,0.11774710661325327,0.4669718681272915,0.9795918367346939,0.04310220628056516,0.20130715847556246
jAtam,110,84,135,21,1.0,0.03495434665841202,0.3126837262021922,0.9583333333333334,0.09207924560652503,0.40335030810596606,0.9583333333333334,0.09085093029122959,0.47496927134257083,0.9795918367346939,0.005756897870580313,0.2272351393403398
jAtasya,18,7,33,9,1.0,0.011778253669773475,0.0805173411555935,1.0,0.09794934699837232,0.3099167616729108,1.0,0.07607203011826025,0.30072226920724465,1.0,0.004852401574240273,0.08201443823247045
jAte,26,5,37,9,0.9795918367346939,0.014902146644729997,0.1419271857600538,0.9795918367346939,0.1005545571914831,0.40585350514742013,1.0,0.09144793291986086,0.4148201513024403,0.9795918367346939,0.0215538811787227,0.1857586338116568
jAyA,45,40,6,18,0.9583333333333334,0.0430707497298054,0.31405599734488043,1.0,0.08933387963132211,0.29549783612922653,0.9795918367346939,0.08657881919463395,0.15942644481990143,1.0,0.01765102780923078,0.0733686870629946
jAyamAnaH,36,6,10,6,1.0,0.011999953168647881,0.1393838993176365,0.9795918367346939,0.07257356302066087,0.15781094968162046,0.9795918367346939,0.05036268709947833,0.17142259677228933,0.9583333333333334,0.00801114976405859,0.11457525502694121
jAyante,16,17,101,19,0.9795918367346939,0.033937914510800304,0.11240721855432123,0.9130434782608696,0.05907908194821099,0.35365999571524587,1.0,0.08372895568491112,0.4472350627808752,0.9583333333333334,0.01869614319174273,0.1058808859892465
jAyate,74,65,335,45,1.0,0.03310371423238534,0.16907099783799873,0.9795918367346939,0.06466302998288265,0.41753520969015057,1.0,0.0957621396041175,0.4321473876399975,1.0,0.03431202660065635,0.20817893336867643
jIva,48,28,129,29,0.9795918367346939,0.030397816305427594,0.3792478516272876,0.9795918367346939,0.11120801214508047,0.44764001217262006,1.0,0.06936031167627499,0.47016512729769244,1.0,0.009991353910680623,0.2806073060185703
jIvan,8,18,114,12,1.0,0.00963314541401139,0.10753312508670576,0.9583333333333334,0.05522689260153635,0.411488188280992,0.9361702127659575,0.06211862258592826,0.40836901466664965,0.9583333333333334,0.0062744637636475975,0.0641889041806919
jIvataH,7,7,49,9,1.0,0.01136973650565054,0.02842222028679897,0.9583333333333334,0.0585134369770105,0.3282732617006363,1.0,0.07108037314613547,0.3319060931268789,0.9795918367346939,0.0036182644621574056,0.02368543948667956
jIvati,23,32,178,13,0.9795918367346939,0.04876104525481961,0.18090370953536694,1.0,0.10774073527380035,0.4550706613672211,0.9795918367346939,0.07333740744695705,0.46284127200608993,0.9583333333333334,0.006349615491829441,0.08118922498220515
jYAH,18,6,169,5,0.9795918367346939,0.00808305000311682,0.059094355769895746,1.0,0.10738294519082936,0.491205701412058,0.9361702127659575,0.10605071961013957,0.47947822364836534,1.0,0.006621091991133032,0.1105204917156255
jYAtayaH,7,7,52,9,0.9795918367346939,0.017813883312686518,0.05043856154862936,1.0,0.10651719168738238,0.37493246555073,1.0,0.0958100170219236,0.39627156069936587,0.9795918367346939,0.0039118634607170355,0.04168765278727371
jagat,49,114,494,9,1.0,0.07850335696175148,0.46236243293929036,0.9795918367346939,0.10673216255934648,0.5671400526243667,0.9795918367346939,0.1017716925856127,0.5600739543258443,1.0,0.036887189103720464,0.26530682720477694
jagataH,34,62,167,5,1.0,0.033313642169773616,0.27079859302976406,1.0,0.139519551361461,0.45241522647297006,1.0,0.07423213035738341,0.4174463959078656,0.9583333333333334,0.0068255876997299625,0.10886303812809794
jam,7,29,294,17,1.0,0.03516119840017329,0.327890661674897,0.9130434782608696,0.08631285865664418,0.6574962515973607,1.0,0.08280316086274209,0.5833475190641214,1.0,0.008348647198348047,0.06970963735585767
janAH,45,12,418,12,0.9795918367346939,0.0132748186950018,0.15125018512702937,0.9795918367346939,0.10735336574033982,0.536185299478995,1.0,0.10424533368381772,0.5945350493328783,0.9795918367346939,0.021789375763244356,0.16638413108490013
jana,11,17,320,70,1.0,0.010535771671535632,0.11942033539746633,0.9795918367346939,0.08724072314065301,0.6031315736171715,0.9361702127659575,0.09499672043108065,0.6823525275730316,0.9583333333333334,0.025100337121617744,0.41170383160149826
jane,42,6,56,9,0.9795918367346939,0.012280591856287382,0.0764824182172561,0.9583333333333334,0.08854566123313612,0.40739470625791685,1.0,0.07962915324714204,0.3738617498234038,1.0,0.019964813325684783,0.05370219271663346
janma,14,89,364,22,1.0,0.022988852762318546,0.27743269949787097,0.9583333333333334,0.11017910773756323,0.5962061921737905,1.0,0.07702119132227558,0.5438143094626058,0.9795918367346939,0.017096208674575175,0.1161858000084881
janmanaH,7,7,8,11,0.9795918367346939,0.011878325298811387,0.07086868123008672,0.9795918367346939,0.04988976297118497,0.10672635114479445,1.0,0.043172156093474245,0.10364592197902867,0.9795918367346939,0.010646791848981652,0.035727828266896244
jarA,22,24,134,7,1.0,0.019363598788535996,0.16692930990474508,0.9795918367346939,0.0723408697077138,0.4867292204857131,1.0,0.05256672947681473,0.45150281851964946,0.9583333333333334,0.004466158343366056,0.054822651174541326
jaya,21,7,272,86,0.9583333333333334,0.011891683935534858,0.09248641863762419,0.9795918367346939,0.07424360136534602,0.6722822000639171,0.9795918367346939,0.1862994694774277,0.9228898368680797,1.0,0.05202911083422945,0.4519231953470786
jayati,32,67,45,10,0.9361702127659575,0.03906486074664828,0.15672189657282365,1.0,0.09120942144397293,0.39993400050063177,0.9795918367346939,0.05837739261977548,0.3682864997845088,0.9795918367346939,0.022320636590598686,0.18135904895627752
jihvA,44,11,92,10,0.9795918367346939,0.018270644911679845,0.17677829819023294,0.8888888888888888,0.06066318307368446,0.38040447657292087,0.9795918367346939,0.08806844486572374,0.41742664185104317,1.0,0.004582169368287592,0.0455559767602749
juhoti,60,29,23,162,0.9583333333333334,0.038468093907393364,0.21051193254188016,0.9361702127659575,0.05183682930710609,0.2674294771712805,0.8888888888888888,0.07456498299507741,0.34762817270051294,0.9130434782608696,0.045852371255333924,0.2618186370779878
juhuyAt,32,25,19,85,0.9795918367346939,0.06163493510849305,0.3622237872871834,0.9130434782608696,0.07065953985634421,0.34214411183981097,0.9361702127659575,0.07182370412766537,0.26597668068826485,0.9583333333333334,0.021007069057538685,0.19648420164464864
juhvati,21,29,17,19,0.9795918367346939,0.0466060873921017,0.29188581048080176,0.9583333333333334,0.0969181071064692,0.29288732255176775,0.9795918367346939,0.05122568315253895,0.25019661003403026,0.9795918367346939,0.012486220857946262,0.05119359589458039
jyAyAn,15,5,10,14,1.0,0.015764004864984194,0.07193116654887377,0.9795918367346939,0.07718361112210792,0.20722680543200422,0.9795918367346939,0.07734875807118113,0.1654713718630998,1.0,0.007171798801059448,0.08816928334089036
jyAyaH,8,7,17,15,1.0,0.006925729477689546,0.03665145046986029,0.9361702127659575,0.05938923584368527,0.17264172017179957,0.9583333333333334,0.0963506154336694,0.3589860181599005,1.0,0.035684167547471723,0.11059931791991362
jyezWa,7,9,31,16,1.0,0.011085734109733014,0.03417956350168039,1.0,0.07363200452286245,0.28343830982850227,1.0,0.07911348909459359,0.321198102325041,0.9795918367346939,0.006275939844875733,0.03936099429399009
jyezWaH,22,20,148,31,1.0,0.02279259255687882,0.16337430988235424,0.9583333333333334,0.12293830594683552,0.41788290521409555,0.9795918367346939,0.08135005892220326,0.3710123197434968,1.0,0.013615422224126372,0.06098149640631667
jyezWam,45,9,92,9,0.9795918367346939,0.025133083385263544,0.27468689142209946,1.0,0.1124389303635146,0.5198162679310461,1.0,0.0943106486467411,0.5022852858879663,0.9583333333333334,0.028398629855106994,0.19402058095324515
jyotiH,295,184,156,52,1.0,0.06717142176744484,0.4244733069020764,1.0,0.11732836384269996,0.3874958087156606,0.9795918367346939,0.09593861242750024,0.3688753839217218,0.9361702127659575,0.0883436124509206,0.23693731007580743
kA,32,67,302,18,1.0,0.03774248364008381,0.321807406026245,0.9795918367346939,0.07326153782178912,0.5741901532216775,1.0,0.0785246830402705,0.4054193037410858,1.0,0.02263122299247955,0.0750624098801782
kAH,10,5,57,5,1.0,0.016638510691274422,0.030649306726991732,0.9795918367346939,0.05684220466993106,0.4260860903130923,1.0,0.08318308395859142,0.42380467199228455,1.0,0.009671975675077715,0.040937546970740146
kAlaH,19,25,535,58,1.0,0.025999598033620397,0.08671351982902165,0.9795918367346939,0.08029031926974672,0.5611655521946858,0.9795918367346939,0.11401831753387026,0.6020147733607386,1.0,0.01815289049854507,0.12528030075529528
kAle,23,170,890,120,1.0,0.021968951602423847,0.24225049929176534,1.0,0.11545023295143719,0.6489222179512939,1.0,0.11785075599567507,0.6967220168133867,0.9795918367346939,0.012327938831236396,0.18160327270065468
kAlena,5,14,306,5,0.9583333333333334,0.012711477606148103,0.06724566312608915,0.9795918367346939,0.06372108118627862,0.5433563183963519,0.9583333333333334,0.059645260084295715,0.5653571973023935,0.9795918367346939,0.004862546591405947,0.053725380166054104
kAmAH,65,65,138,45,0.9795918367346939,0.036621264688614374,0.21677829457167863,0.9130434782608696,0.0928615059827066,0.40189437273466666,0.9583333333333334,0.18349401677223165,0.5923527721483439,0.9361702127659575,0.042995918454503124,0.1606127712911637
kAmAn,43,46,166,17,0.8636363636363636,0.021067753919285837,0.10886714587586832,0.9361702127659575,0.06445251353788972,0.27592530355992406,0.9130434782608696,0.0631774498873614,0.34083042224076154,0.9361702127659575,0.017476006205769612,0.07647012366495143
kAmAnAm,12,19,67,15,0.9795918367346939,0.018674473697816496,0.11811579243473669,1.0,0.05202222972383941,0.33885019492780644,1.0,0.07667009527732771,0.2898501241366871,0.9583333333333334,0.011730588746617587,0.042741220059728136
kAmAya,48,55,11,14,0.9795918367346939,0.10493950412224828,0.43418033203756046,0.9795918367346939,0.12186049518426456,0.43243326888596967,1.0,0.06409083291247963,0.1760211588027415,1.0,0.03563631397915723,0.15135698858701563
kAma,44,167,834,73,1.0,0.04789603941762244,0.4622473859278352,0.9583333333333334,0.08647828555967907,0.5717110242157979,0.9795918367346939,0.0894669639585074,0.5517803718469907,1.0,0.022693007245781494,0.2179735353615051
kAmaH,172,111,422,222,0.9583333333333334,0.05409460563011548,0.18927274280693418,0.9361702127659575,0.12118374440615676,0.4471835439466163,0.9583333333333334,0.12759390480837962,0.47831316343898245,0.75,0.02513463157225848,0.12142798253786646
kAmam,96,51,396,46,0.9795918367346939,0.04004364063127375,0.15493560039087306,0.9795918367346939,0.06080227851063358,0.32385374253985566,0.9583333333333334,0.08390091752740725,0.4528810436080668,1.0,0.014987716176560029,0.2106257597487553
kAmasya,23,19,57,71,0.9795918367346939,0.028573514776366826,0.17147379189746914,0.9583333333333334,0.08415752795357734,0.38304631439380876,0.9795918367346939,0.1279597923759318,0.4049908465335734,1.0,0.02898555232926825,0.16461522294584507
kAryaH,11,7,148,60,1.0,0.03447709722915493,0.27005643085116593,0.9795918367346939,0.08389732027049723,0.5026718643048913,0.9795918367346939,0.11811437715652917,0.43534126972212117,1.0,0.040796226414522296,0.3000647987737357
kAryam,46,108,759,74,1.0,0.09773487369072709,0.3336805917263095,0.9795918367346939,0.12457045791827015,0.5827459864639795,1.0,0.08368742686801545,0.47971831239092166,1.0,0.052611176759168266,0.3086636851550981
kaH,348,182,2000,69,0.9361702127659575,0.031543707503028595,0.14983347461722596,1.0,0.0888556354585458,0.3455881722932359,0.9583333333333334,0.11251606152432259,0.38024152777202924,0.9361702127659575,0.03415292962622418,0.11228378128540739
kaTam,24,468,2528,129,1.0,0.027583192299631354,0.19556560048189264,0.9583333333333334,0.07922307799407213,0.48517200242913483,1.0,0.07801788610875204,0.5425228639528353,0.9795918367346939,0.040728476956696236,0.19888741224836792
kadA,65,8,525,26,0.9795918367346939,0.051808229656326144,0.30826236687215947,0.9795918367346939,0.08106428293253887,0.5307906130388768,0.9583333333333334,0.09987891036577323,0.5615986859470413,0.9361702127659575,0.02858349733620491,0.1774662018667168
kalpate,9,6,48,9,1.0,0.012706614448759423,0.06795373132322435,0.9795918367346939,0.07206824125141809,0.308575105322074,1.0,0.05681269661969168,0.30426204862554607,1.0,0.010180501655560281,0.014252983393495344
kam,111,72,239,25,0.9795918367346939,0.05704795637502302,0.3558130978966225,0.9795918367346939,0.09818416010104669,0.40817205900159836,0.9583333333333334,0.13428465986764726,0.569419371731831,0.9795918367346939,0.03546506384826953,0.14595369910757872
karRO,12,9,40,7,1.0,0.012854215970648952,0.08725907266955946,0.9583333333333334,0.059828862527049886,0.4661151614897554,0.9583333333333334,0.09036794916565616,0.49695893733726426,0.9583333333333334,0.0015867041555078787,0.03270268899888673
karaH,12,7,148,24,0.9583333333333334,0.008960789101855937,0.0779335558018277,1.0,0.09880984226992562,0.4358746044213918,0.9795918367346939,0.10728324822792223,0.48097135374671385,0.9130434782608696,0.008559185748834963,0.2338068543546512
karam,5,17,188,35,0.9583333333333334,0.008265033840953118,0.0923303078211759,0.9583333333333334,0.09213115615547607,0.5317616049008227,1.0,0.1281882473490994,0.539505226582224,0.9583333333333334,0.015491186664364553,0.2662553677666707
karmA,5,11,152,10,0.9795918367346939,0.009850454601621594,0.0856971985299706,1.0,0.11703166662753584,0.5520187780541191,0.9583333333333334,0.07027862718181388,0.5257533466457511,1.0,0.010681000392326112,0.016139444879566645
karmARi,21,105,320,95,0.9795918367346939,0.03418050725017885,0.26915610396987133,0.9583333333333334,0.10508060197431057,0.498681738842932,1.0,0.15646909453834823,0.544696726009371,0.9361702127659575,0.01700021841878585,0.21817758646436647
karma,69,835,2011,596,1.0,0.07103910832898519,0.42540984624492384,0.9361702127659575,0.07652295900141526,0.5612496932908285,1.0,0.12675298117174283,0.4949207640042932,1.0,0.030360400549433564,0.21825554341224096
karmaBiH,9,34,231,23,1.0,0.011151797221539916,0.10311270810685347,0.9583333333333334,0.07919033591615676,0.5321141847261881,1.0,0.1033047447708807,0.552022423251769,0.9583333333333334,0.010566328888964582,0.11424223739689277
karmaRA,21,118,631,36,1.0,0.03082868895538382,0.2538348648716502,0.9583333333333334,0.13272254776173953,0.5488640377121964,0.9795918367346939,0.09835176717649019,0.5386268675123377,1.0,0.01943033208545819,0.06495775053952657
karmaRaH,9,89,215,39,1.0,0.02438033977239995,0.26815499581622904,0.9795918367346939,0.12483302129282026,0.5485736691871713,0.9795918367346939,0.06663355140876759,0.4425860063788335,1.0,0.012341154507885643,0.13998745706759586
karmaRi,5,45,182,91,0.9583333333333334,0.017305161765075683,0.1263954974252106,1.0,0.10914957021351512,0.49016409095057223,0.9795918367346939,0.1031409913832968,0.4381523551577229,1.0,0.015193800914055866,0.22060360102915788
karoti,218,58,201,190,0.9795918367346939,0.0826250415169355,0.4428332170391318,0.9795918367346939,0.09078068470788025,0.45441020027045864,0.9795918367346939,0.1384343172026543,0.5485767161371424,1.0,0.09471435309830145,0.3200321566227329
kartA,15,48,219,36,0.9795918367346939,0.025097477560941606,0.20493591989402726,1.0,0.0790665103055791,0.38724085709048783,0.9795918367346939,0.09439591089925503,0.4091191576986021,1.0,0.013005426420838573,0.13552391024767618
kasmAt,42,88,253,9,0.9795918367346939,0.04050270201923989,0.259744049545387,0.8888888888888888,0.050869528891614224,0.44563493735648585,0.9583333333333334,0.04632543599593453,0.45745222598969026,1.0,0.024807197467806907,0.09419656526120246
kasya,48,22,501,25,0.9795918367346939,0.013914978355506702,0.10627782178920997,0.9795918367346939,0.09575385614900822,0.506094294132189,0.9583333333333334,0.0819179709024509,0.4757977537832876,0.9795918367346939,0.0197236552808967,0.09064717685777146
ke,46,40,893,22,0.9583333333333334,0.029323870659745954,0.16441149227331942,0.9361702127659575,0.07356551594151273,0.5460713167683187,1.0,0.11350839128187806,0.6166608170094221,1.0,0.0209565127151099,0.07184953991142384
keSa,7,7,90,40,0.9583333333333334,0.009230447290450083,0.10740456340010585,1.0,0.11064344922483249,0.4130371979218471,0.9583333333333334,0.08851626917521138,0.4523745319916368,0.9583333333333334,0.006592846177636336,0.16196769371814068
kena,53,89,497,15,0.9795918367346939,0.06359121503288068,0.2899014714055349,0.9583333333333334,0.10335633462365479,0.4676649014943688,1.0,0.06480751635293558,0.5355139694161151,1.0,0.007890234363567394,0.11902297590956945
kevalam,13,64,188,22,0.9361702127659575,0.010876341285455338,0.16659231178106348,1.0,0.08022981168818832,0.4661949923425117,0.9795918367346939,0.06741986956219481,0.40439630638389723,0.9361702127659575,0.0057585888770795846,0.09349568942096975
kft,58,27,252,14,0.9795918367346939,0.02724519347843901,0.19275314468689841,0.9583333333333334,0.08284674018747751,0.43296769237928023,0.9583333333333334,0.07270212072076854,0.49263415294093515,0.9795918367346939,0.011332385750582596,0.11015851650353059
kftA,43,9,182,13,0.9583333333333334,0.01741597536827455,0.14912088433112236,0.9795918367346939,0.1392674731900685,0.5910993506536721,0.9583333333333334,0.09882995469642963,0.5179412886345057,0.9795918367346939,0.009164976662533575,0.08357829341692236
kfta,21,82,1042,136,0.9583333333333334,0.035699099476857454,0.2806529472285353,0.8888888888888888,0.128565146378814,0.6039523165941144,1.0,0.20063731049361144,0.7374914558846777,0.9795918367346939,0.03520027220357791,0.24241474767685922
kftaH,99,34,465,45,1.0,0.02143554666583558,0.28416741147565594,0.9361702127659575,0.1200877801849708,0.6282849572494426,1.0,0.08515935927135565,0.536121355300923,0.9583333333333334,0.014829107235962091,0.1568276154134085
kftam,117,66,1357,103,0.9795918367346939,0.021876473270730168,0.16244313008284772,0.9795918367346939,0.08589777465355264,0.4226184359662254,0.9583333333333334,0.08625628759177173,0.4085103108890089,0.9583333333333334,0.024771809982081505,0.20317935488611005
kftasya,13,5,37,21,0.9795918367346939,0.008530005334454915,0.04912530528359371,1.0,0.08394252817032477,0.23981754283739098,1.0,0.08535964656697825,0.3919259467375684,0.9795918367346939,0.022603993819218182,0.15678106196720643
kfte,37,8,447,110,0.9583333333333334,0.013872998826005234,0.11595278946023957,1.0,0.08460242227529102,0.55828967095282,0.9583333333333334,0.08680349834812351,0.7761352298453937,1.0,0.05392588172429347,0.5285720053375356
kftena,7,10,64,6,1.0,0.012451996255000486,0.07550819255067798,0.9795918367346939,0.05104940591199636,0.39581093463631767,1.0,0.06316413917597663,0.526599412677343,1.0,0.01248790539582778,0.12608187229041112
kftsnam,7,10,205,20,1.0,0.011932066632510896,0.05337592882639641,1.0,0.1121564457565769,0.47972081463348715,0.9795918367346939,0.06323543157215639,0.46841774702228633,0.9583333333333334,0.006848057461608992,0.05187985425769859
kftvA,67,104,1891,415,1.0,0.04584142422212378,0.3049211988337507,0.9795918367346939,0.11128805164947875,0.6233824943092549,0.9583333333333334,0.099321199685937,0.5441320635931037,0.9795918367346939,0.051070452273042743,0.29112689690471283
kfzRa,18,5,670,25,0.9795918367346939,0.010320095664215545,0.05739594237712187,0.9795918367346939,0.059850276957889026,0.6337658358116576,0.9795918367346939,0.08204043206191003,0.7304036824757109,0.9795918367346939,0.010743684743525606,0.19000414105089547
kfzRam,18,21,222,7,1.0,0.03210767610028131,0.28888970073245945,1.0,0.11571089258999578,0.7427085406592391,1.0,0.11593839624830837,0.5900942965592723,0.9795918367346939,0.006527257295490196,0.021999070806178467
kiMcid,10,9,19,16,0.9583333333333334,0.014186476930473702,0.08897304902947267,1.0,0.05902942629252805,0.30305972526525105,1.0,0.06390297271038825,0.30211061431142305,1.0,0.010039236095311432,0.06529817019033268
kila,29,88,312,5,1.0,0.04353833143202268,0.2437965036899028,1.0,0.13326036443510736,0.5138381172168254,1.0,0.06720758037903007,0.4595896929839185,1.0,0.014378913542523297,0.05356172662649694
kim,206,492,4061,177,0.9583333333333334,0.029555335350932688,0.12944123098894633,0.9583333333333334,0.06466514848595761,0.33827519450833476,0.9583333333333334,0.05718046463831661,0.3275542718456539,0.9361702127659575,0.029759588338083565,0.14056242471168767
koSaH,10,8,46,13,1.0,0.01153042451437225,0.026840602564753513,0.9795918367346939,0.0652680037271568,0.3680317499097425,0.9795918367346939,0.08336007900448028,0.33126034629361745,1.0,0.008683413155601838,0.1129835502775498
kramaH,8,13,21,13,0.9583333333333334,0.012698286552845106,0.10589934760731823,1.0,0.0895399460254086,0.21054299895007733,1.0,0.07353663640684027,0.24190018105460454,0.9795918367346939,0.00758901133446388,0.2022472203916379
kratu,14,20,84,14,1.0,0.03205789660878933,0.23082822933267533,1.0,0.11507273560816411,0.453656993848534,1.0,0.09420783276854672,0.5012727832644879,1.0,0.020513734576736886,0.228131206825257
kratuH,69,22,60,9,0.9361702127659575,0.030216287660769114,0.2671811148226535,1.0,0.15226070492629173,0.42392048745472577,1.0,0.07437856884989702,0.28990413222877986,1.0,0.03777983359511061,0.2180908300707728
kratum,78,5,50,69,0.9583333333333334,0.016010908538810598,0.13555265774268477,0.9583333333333334,0.05127203978450523,0.3476477571943162,0.9583333333333334,0.0956896954372134,0.3361380589498584,1.0,0.11775363931804006,0.49709977679668016
kriyate,77,31,80,59,1.0,0.08180100946126534,0.3790571775262299,0.9583333333333334,0.09200685475014769,0.41872994772587413,0.9795918367346939,0.07350426123354636,0.34850193456003087,1.0,0.03445744635084835,0.15203740010325117
kumAra,6,6,26,26,1.0,0.00848372132660602,0.0234196924766914,0.9795918367346939,0.041986361493819735,0.2385093390536479,1.0,0.10557173824030641,0.35997161154183765,0.9583333333333334,0.011436496113248817,0.1149323063790485
kumAraH,15,7,75,37,1.0,0.011878378003411738,0.023051316032990266,1.0,0.11269343887903016,0.40400415715869276,1.0,0.1294034973299535,0.5007643172201682,0.9361702127659575,0.02017311478317263,0.14469836964238914
kumAram,8,10,60,44,0.9795918367346939,0.011629776044978168,0.05823020467713347,0.9795918367346939,0.059178269986165155,0.44146608434672197,1.0,0.07274565143957812,0.49090754185311813,0.9361702127659575,0.03115937258311985,0.21106970658707613
kuru,30,17,1561,12,0.9795918367346939,0.026662977984539427,0.0593072669544219,0.9583333333333334,0.07889135997426133,0.626653534952442,1.0,0.07567684080366233,0.6210903772323193,0.9361702127659575,0.008399147203332125,0.05758232913164485
kurute,20,34,289,27,1.0,0.027371064021739278,0.1490427052997909,1.0,0.06816725464347417,0.4417458041510718,1.0,0.062002707860801975,0.48264233765125475,1.0,0.007754587188789297,0.10607015822068022
kurvIta,11,14,103,76,1.0,0.010742010250454959,0.03622118547863451,1.0,0.0716523365831514,0.38336874049146774,1.0,0.08798576588170925,0.32345222498426773,1.0,0.016421367420313193,0.11802140454527144
kurvanti,56,29,145,33,0.9795918367346939,0.035530606431343315,0.23905671611666512,0.9795918367346939,0.07967485200919744,0.42249772195931357,0.9795918367346939,0.07413002469333452,0.519381327389251,1.0,0.032447260152187685,0.20935604828625654
kuryAt,63,35,409,287,0.9795918367346939,0.041767047065033314,0.22739763159794624,0.9361702127659575,0.07295136394708701,0.47948431370256916,1.0,0.13051235157846353,0.48982196087354335,0.9795918367346939,0.056822241374214766,0.2225769525499608
kuryuH,22,6,64,79,0.9795918367346939,0.02413210066921745,0.11460236833596638,0.9795918367346939,0.061595849384942114,0.3387826035293251,1.0,0.08318343656886096,0.43344242354007123,0.9795918367346939,0.02222833116100431,0.17387818184989068
kutas,33,53,355,50,0.9795918367346939,0.015431477785033065,0.1378804549059811,0.9795918367346939,0.08762798380695846,0.46823438731163847,0.9583333333333334,0.07565780234486119,0.5528614022816014,0.9795918367346939,0.026885334104751468,0.26251868852988347
kva,84,40,766,32,1.0,0.035268254332366356,0.2347375569555138,1.0,0.11149653840952978,0.44460420979237714,0.9795918367346939,0.07938081346097192,0.5335600433870289,0.9795918367346939,0.025532981139425703,0.2663928202118162
kzatra,25,15,314,13,1.0,0.015088445167870779,0.18150131543610204,1.0,0.11954320902149806,0.6318801626973329,0.9583333333333334,0.06711008426090648,0.5825879571670401,0.9583333333333334,0.004678281969175191,0.06065947228769253
kzatram,95,26,141,22,1.0,0.06802669879984968,0.43917296066147016,1.0,0.1362369605894279,0.7058423304588061,0.9795918367346939,0.0895619650151237,0.5462743230342777,0.9795918367346939,0.08023008168790613,0.3050378991757565
kzatrasya,13,13,49,9,0.9795918367346939,0.045553427908253896,0.30175714069051096,1.0,0.07767180938582241,0.46566957051673386,1.0,0.06803537288288508,0.3916184862105041,0.9795918367346939,0.02066316375958921,0.06960304794278072
kzayaH,10,6,105,28,0.9795918367346939,0.017233227761915715,0.1501675591244025,0.9795918367346939,0.05908417169890723,0.44554662846057447,0.9583333333333334,0.07963457641052518,0.44549258526503777,0.9361702127659575,0.016170070847691842,0.29414021486024333
kzaye,14,15,178,13,0.9583333333333334,0.01616019554383552,0.1576540761579479,0.9795918367346939,0.09718776260375317,0.5078859632057782,1.0,0.08099946258695578,0.5109747768642714,1.0,0.012431327343011223,0.03195409549588646
kzetram,17,6,80,79,0.9795918367346939,0.008974408503453879,0.04312720863506592,1.0,0.07916679667592297,0.30557723525664904,0.9583333333333334,0.1258347833475525,0.5040851693649129,0.9583333333333334,0.035997380122515854,0.4866338867300064
kzipram,13,6,644,20,0.9795918367346939,0.013396766887924016,0.03627979124848091,0.9795918367346939,0.06970822395032117,0.6259208291872496,0.9795918367346939,0.0983416572937692,0.5973511094439762,1.0,0.012274694238481043,0.03759105583935318
laBante,6,5,49,5,1.0,0.010585281068211772,0.03121363973047475,0.9795918367346939,0.07419520188347295,0.36856699316984165,0.9795918367346939,0.07186005116608374,0.3657685331225944,1.0,0.011824053584110095,0.037345631152138736
lohita,6,16,106,7,0.9583333333333334,0.02934334860157961,0.1398301237075441,0.9795918367346939,0.0678604318782372,0.4706013625830635,0.9583333333333334,0.08639599429420752,0.5227725573648283,0.9361702127659575,0.0033841851979171667,0.038052302369055546
lohitam,15,12,9,5,0.9795918367346939,0.01596501149348184,0.05165695473165277,0.9795918367346939,0.04413471602943719,0.23258759377033167,0.9795918367346939,0.04341431932985773,0.21469916499759967,0.9795918367346939,0.005053662618075827,0.016086899364931684
lokAH,76,114,367,11,0.9583333333333334,0.053916382339397995,0.19715549528617338,0.9583333333333334,0.07776130617328347,0.40090296980511875,1.0,0.07042706706250768,0.4285594119081695,1.0,0.042005642388117326,0.22082673657640806
lokAn,101,76,701,8,0.8372093023255813,0.024445002046765363,0.15505941526404166,0.8095238095238095,0.04960842804676724,0.4432839424966084,1.0,0.09566192431813103,0.5757084902606273,1.0,0.024307093907645072,0.2644223722362127
lokAnAm,16,26,237,5,0.9795918367346939,0.04205541666818069,0.29405060830150964,0.9130434782608696,0.13701592727680467,0.5397549446166972,1.0,0.09469916638113562,0.49571275524676095,1.0,0.015012768803462695,0.09780666415871409
lokAt,57,57,89,7,0.9130434782608696,0.03634804002186098,0.2371608593172232,0.8636363636363636,0.06946058040201664,0.28021437150289596,0.9795918367346939,0.0661494082890215,0.38161052557026875,1.0,0.038009227077599794,0.2760892246203146
loka,25,235,1170,43,0.9795918367346939,0.03009046372885149,0.2842878369134749,1.0,0.13583065534081595,0.563130976718107,1.0,0.07336943284138375,0.5495789856674309,0.9583333333333334,0.01119739284015775,0.09802470678712805
lokaH,103,248,287,14,0.9795918367346939,0.030032719610584624,0.15511012750716424,0.9795918367346939,0.09771791146544595,0.42730022561682,1.0,0.05613359900394166,0.44027661250662886,1.0,0.039743610201835144,0.2226352816142121
lokam,352,184,558,37,0.8372093023255813,0.04185660172656469,0.10428313535852429,0.8888888888888888,0.0654149774771784,0.35359157884689885,0.9361702127659575,0.09047119151590544,0.4594118336781505,0.8095238095238095,0.03798612458778439,0.15658873232311854
lokasya,67,45,319,12,1.0,0.04046155201683843,0.21931126568472137,1.0,0.08944324280020743,0.3865696531629962,0.9583333333333334,0.07520808133509449,0.5113061347242018,0.9795918367346939,0.02906006647322623,0.3005687385615514
loke,152,267,1467,66,0.9795918367346939,0.028395714321279963,0.2521742058803498,0.9795918367346939,0.06714315919300629,0.37502422088117493,0.9795918367346939,0.06683920522026043,0.4617098468411762,0.9795918367346939,0.034085240469456046,0.3051723706140075
lomAni,14,15,10,7,1.0,0.025722911568586082,0.12038259772057225,0.9795918367346939,0.044059902896183556,0.24761325038320758,1.0,0.08666754891828232,0.3194808482967648,1.0,0.016142851329465913,0.054967547004970974
loma,14,13,137,10,1.0,0.028146201881963595,0.1662327496908722,1.0,0.06604740129577413,0.5061977619294543,0.9583333333333334,0.08715589528747336,0.5421735606082635,1.0,0.011692948688854066,0.08598679200451409
mA,1741,277,1320,302,0.9130434782608696,0.03115683894304111,0.12335985907527425,0.9361702127659575,0.08363301037289439,0.38068390692540544,0.9795918367346939,0.08998025832779633,0.43634351657231596,0.9583333333333334,0.04416320590956124,0.20150435712443882
mAMsAni,7,5,68,6,1.0,0.009040891099697856,0.026437630748388785,0.9361702127659575,0.0794373459497445,0.41538917995945834,1.0,0.10292244740146206,0.38869376970365066,0.9795918367346939,0.005358707461150303,0.04096721846727347
mAMsam,26,7,133,40,0.9795918367346939,0.01818532132661077,0.06201920805167127,0.9583333333333334,0.06538614806939513,0.4790939136746777,0.9583333333333334,0.07953817565047572,0.42757350661148386,1.0,0.020606779139510922,0.055475138069301155
mAm,146,111,3111,72,0.9130434782608696,0.042071029508979674,0.1950311562910163,0.8888888888888888,0.06336860990244286,0.3907376437812127,0.9583333333333334,0.09486135118448724,0.47715063356046106,0.9795918367346939,0.04289928803597287,0.19466174216167853
mAnuza,5,10,90,6,0.9795918367346939,0.011137179359239302,0.08672597352083056,0.9583333333333334,0.09685733514393025,0.4437096110714205,0.9795918367346939,0.06959926814337469,0.46692288949420757,1.0,0.006817494462405871,0.11165676510690781
mAsAH,77,11,35,18,0.9130434782608696,0.04851811390545513,0.25707412631692683,0.9583333333333334,0.05257007860145124,0.3688828566844511,0.9130434782608696,0.07904317305441644,0.26933390932538037,0.9130434782608696,0.020901055911359157,0.17170290428055757
mAsAn,17,18,88,26,0.9130434782608696,0.03542449870329467,0.11791265009330443,0.8888888888888888,0.05902365943629073,0.3230794188155206,0.8372093023255813,0.07355533447449192,0.3040645488722824,0.8372093023255813,0.017610763570569787,0.10169509300258639
mAtA,157,22,372,78,0.9583333333333334,0.06486494450689484,0.3417689826016954,0.9583333333333334,0.09930522097732619,0.5045617553866588,0.9583333333333334,0.07448949999438936,0.35556454185703446,0.9130434782608696,0.033692055142284794,0.17630755843518453
mAtaram,54,15,217,18,0.9795918367346939,0.018730404847085214,0.08384948500488942,0.9361702127659575,0.06291884943824555,0.38985877670025837,1.0,0.08397063617230272,0.4649449562639678,0.9795918367346939,0.028396861655993644,0.07223436612836798
mAtf,6,11,140,29,1.0,0.01903807915638067,0.08693947325859441,1.0,0.09559767587860357,0.500579539206549,1.0,0.0884727578370984,0.45828375048718417,1.0,0.01004130147129556,0.08012783993441663
mAtrA,21,10,126,23,0.9795918367346939,0.02550260908390467,0.1634728969125796,0.9795918367346939,0.1027020809594964,0.5493934705229547,0.9795918367346939,0.05325739090456605,0.5520389124204268,0.9795918367346939,0.02165868885194988,0.11724096342034662
mAtram,9,127,147,92,0.9795918367346939,0.02901799257628923,0.2565627626181687,1.0,0.14547067273017544,0.5416146131224504,1.0,0.08175608606625329,0.39087805942572973,0.9795918367346939,0.030696364839720713,0.29752956254801965
mAtuH,39,8,156,38,0.9795918367346939,0.01032255358828571,0.08990338002926812,1.0,0.12766704888356994,0.5106256524629953,0.9795918367346939,0.05416943101526406,0.426303265927631,1.0,0.012059423843975514,0.0868285419895054
mUlam,17,46,240,59,1.0,0.021334461606982158,0.24280819700047662,0.9795918367346939,0.10016859469257056,0.47793460129266196,1.0,0.09977326195874836,0.5151643182801002,0.9583333333333334,0.011616452899475438,0.2391300165182354
mUrDA,38,40,21,8,1.0,0.06853078277075031,0.3431230745669257,1.0,0.1895884915842574,0.5745013657916469,1.0,0.06895171810073442,0.3361609171642075,0.9583333333333334,0.009509257466617238,0.15759161315290227
mUrDAnam,26,8,30,5,0.9795918367346939,0.015548812980596738,0.04304517590298507,0.9795918367346939,0.05276728497194194,0.35507286683731754,0.9583333333333334,0.06186800153323391,0.38961143687357713,1.0,0.021557117378000035,0.06952905453559244
maDu,267,113,195,77,0.9795918367346939,0.06367926962379666,0.4345278637837984,0.9583333333333334,0.11213740423839957,0.5271166401508569,0.8636363636363636,0.08022476271665946,0.3961496798724763,0.9795918367346939,0.04847911231820656,0.2540290931525194
maDyam,32,12,96,31,0.9795918367346939,0.009901816007613307,0.04731372991497251,0.9795918367346939,0.07895243075369163,0.43424165702461714,1.0,0.08500234387132866,0.5345654743516859,0.9795918367346939,0.013881913260617162,0.17623416559423855
maDyamaH,15,20,28,54,0.9795918367346939,0.023903499117475135,0.06276845203511316,1.0,0.10527034485089803,0.29074721881977417,0.9795918367346939,0.15083390426261978,0.39516557047033696,1.0,0.027304518888551343,0.3904261896061162
maDye,115,57,766,276,1.0,0.026048153995065326,0.224527461114707,1.0,0.07950217866562448,0.5583504386350708,0.9130434782608696,0.07883724294258487,0.7086012678761808,0.9583333333333334,0.03323675330527276,0.24830071783118535
maGavan,198,9,11,12,0.9795918367346939,0.06387344072225187,0.46378365116072473,1.0,0.07704826016944855,0.25547142125491384,1.0,0.0907006182489194,0.3623600383901262,0.8372093023255813,0.04310320370284382,0.2166588723535705
maRqala,10,10,67,62,1.0,0.19881937126962335,0.8656994877017401,0.9795918367346939,0.09033800636703926,0.35568839830603527,1.0,0.14497144317508526,0.41336614340443445,0.9795918367346939,0.45344101649159263,0.7243609487676141
mad,5,19,866,6,1.0,0.014258186620858315,0.058756095682851894,0.9361702127659575,0.09074978746728068,0.590270661969559,0.9795918367346939,0.08153400906120423,0.6111942707495559,0.9795918367346939,0.008209716862676908,0.01957983224435389
mahA,97,65,15928,218,1.0,0.037457112279705496,0.2762453020975604,0.9583333333333334,0.10356338702188839,0.5372205670310227,1.0,0.1432383929255655,0.5835398793654334,1.0,0.03779795955873899,0.2973521034676444
mahAn,163,57,1054,57,0.9795918367346939,0.13933148343287205,0.5642582257941533,1.0,0.17763190687360653,0.6384925693899991,0.9795918367346939,0.1530550271212726,0.44910021334691785,0.9583333333333334,0.035283832796979664,0.18718681558278316
mahAntam,16,10,76,9,0.9583333333333334,0.020948136325980027,0.12678053572504278,0.9795918367346939,0.0803419983515572,0.5089754695918263,1.0,0.1054568901157592,0.4584287539276902,0.9795918367346939,0.012110976238517868,0.17838158892515932
mahat,108,53,1916,40,0.9795918367346939,0.030320267997073658,0.2571886486062709,0.9583333333333334,0.07248105263546534,0.41719095043174903,1.0,0.09950395225298536,0.48126435468205264,0.9795918367346939,0.03535037425833709,0.2792583135043538
mahatA,20,9,637,8,1.0,0.006848033515313268,0.06306099142959964,1.0,0.11549086134739239,0.6954923155271806,0.9361702127659575,0.09962881745472185,0.6957917984543924,0.9795918367346939,0.008693050058414142,0.06979016087307699
mahataH,30,20,152,15,0.9583333333333334,0.0156018227575081,0.14671999913714295,1.0,0.0703079263455566,0.4853526775702087,0.9130434782608696,0.06942321128188234,0.48272830045445203,0.9583333333333334,0.020937800153182917,0.13525062036091828
mahati,11,7,100,10,1.0,0.008884373761851805,0.01881204015861848,0.9795918367346939,0.10728784332997698,0.4635506335243601,1.0,0.10091702227658705,0.4910807684772205,0.9583333333333334,0.0068852619885004795,0.06459926767533175
mahyam,117,13,177,22,1.0,0.03210248759792411,0.2723616813491754,0.9795918367346939,0.07836471050563587,0.3660954112015081,0.9795918367346939,0.06735865528272589,0.3407526075079893,0.9361702127659575,0.03876808217995231,0.1615016832841416
mama,260,120,3852,31,0.9795918367346939,0.034286083710060034,0.2246547961459554,0.8888888888888888,0.08962900464455126,0.40568172940119474,0.9795918367346939,0.10556466779876561,0.44520035136814506,1.0,0.03841932438524864,0.18654951529211683
manaH,357,373,1143,72,0.8888888888888888,0.038346304170383316,0.2043129390656775,0.8636363636363636,0.06163930301669618,0.39833636981402964,0.9583333333333334,0.0772987108372003,0.5147880445456992,0.9130434782608696,0.018974935770399548,0.13242387131888966
manasA,258,95,650,60,0.9361702127659575,0.025966198413723385,0.14392471722299316,0.9583333333333334,0.09145366859421966,0.3504314863557696,0.9361702127659575,0.11834323783607992,0.5378724276619172,0.9583333333333334,0.0455834398890651,0.21532547693542836
manasaH,50,65,288,15,1.0,0.017499638992404476,0.20953371427902656,0.9583333333333334,0.10311525127766286,0.6570601669786726,1.0,0.08011835494792863,0.6142772256945496,1.0,0.015069923245334294,0.13863549152100585
mantrAH,6,18,28,41,1.0,0.011862944977605872,0.09638767561548556,0.9795918367346939,0.07873787527612908,0.2832895782027577,0.9361702127659575,0.041761035055270956,0.278214385388196,1.0,0.011740968929924711,0.13307487525666772
mantra,9,90,280,220,1.0,0.013035271609586285,0.2546455209412932,1.0,0.09864363622704708,0.6190193530855042,0.9583333333333334,0.11244137606113203,0.5956586612831348,1.0,0.019979209897341255,0.19821573216798138
mantraH,13,38,47,50,1.0,0.011766059188671574,0.24241827475688904,0.9795918367346939,0.09358531025959649,0.41090697640958973,1.0,0.08184671225942386,0.37756125442790867,0.9795918367346939,0.018451217949383425,0.10586108536891048
mantram,8,6,92,23,1.0,0.0070978832208277165,0.02285956927884847,0.9583333333333334,0.06603758089953227,0.4174734149618975,0.9795918367346939,0.08986192377975522,0.4095086579660312,1.0,0.005303190263428625,0.05104842671756926
manuH,37,8,101,26,0.9795918367346939,0.01913406762847991,0.10267117223517985,0.9795918367346939,0.11281394612846452,0.3563605493336145,1.0,0.08694121367641017,0.4040531107502934,0.9583333333333334,0.030285776345948867,0.08876177082349379
manuzyAH,46,48,91,12,0.9130434782608696,0.029315419497718986,0.1960878633739549,0.8888888888888888,0.04643704500314361,0.35013727104177705,1.0,0.10180839576328193,0.4218808063227074,1.0,0.029210024583339433,0.07733721932510118
manuzyARAm,12,22,133,9,0.9795918367346939,0.027235960474190524,0.15302748065848282,1.0,0.09896834788761566,0.48626769242567636,1.0,0.08231614885762395,0.4176937213693853,0.9795918367346939,0.006523118247774851,0.02497335461996064
manuzyAn,13,7,34,7,0.9795918367346939,0.018105364093198184,0.03684962639082712,0.9795918367346939,0.05569238790633502,0.35610343824206947,0.9795918367346939,0.08172508794652489,0.3627891889187883,1.0,0.01630627467557233,0.024671551743652764
manuzya,15,54,155,37,1.0,0.03364011585986071,0.26344537941043134,0.9583333333333334,0.09933289090878217,0.5137707996069205,0.9795918367346939,0.09385910169688316,0.5338056203166873,0.9795918367346939,0.013568212322010997,0.16092158089506037
manuzyezu,11,6,68,6,0.9795918367346939,0.013887469985681244,0.03340539463129244,0.9583333333333334,0.056532214977982,0.38965231579376836,1.0,0.057762530428607906,0.3819095600297828,1.0,0.027746957566095798,0.036839865434650454
manyamAnaH,19,8,31,5,0.9583333333333334,0.009773101622644664,0.03611656549612563,0.9795918367346939,0.06064658833686132,0.29381387265749415,1.0,0.06462025636372137,0.3358881100522929,0.9583333333333334,0.007025789929686832,0.04639343585695932
manyase,12,8,226,7,0.9795918367346939,0.013184591200152807,0.12235861260194847,1.0,0.07431419685147012,0.4717563628326398,1.0,0.06856122800270303,0.5034788222096855,1.0,0.020996984099119098,0.14072601759195424
manyate,22,47,186,15,0.9583333333333334,0.016727663133460746,0.13841754875490786,0.9795918367346939,0.08300975007906741,0.41816932700926945,0.9583333333333334,0.0662752579033492,0.4414342532055149,0.9795918367346939,0.005286330544992945,0.029267817605606705
manye,39,5,496,13,0.9361702127659575,0.021634284318174934,0.10538421119444263,1.0,0.08568192851278045,0.5605810866812371,0.9795918367346939,0.07878588385008523,0.6480485588133256,0.9795918367346939,0.02767341630196507,0.11325729994628131
mat,47,15,26,5,1.0,0.066023201001426,0.2451938605821169,1.0,0.12456198430456455,0.45662003559371467,0.9795918367346939,0.0516778545903499,0.30750952119696273,0.9795918367346939,0.011860867874405878,0.07444975758037753
matiH,29,10,438,5,0.9795918367346939,0.012230831051539659,0.11885796128634196,0.9795918367346939,0.0642977518630411,0.5423887013192018,1.0,0.08908628380418226,0.5329941731697909,0.9795918367346939,0.01473090977864111,0.08328783462604428
matim,17,6,165,5,0.9795918367346939,0.015844953331593414,0.07648260255958861,0.9583333333333334,0.061195090080635395,0.56255252935698,1.0,0.09110762454980448,0.5827414691884474,1.0,0.03297270506864791,0.09201347938855942
mayA,26,81,2724,17,1.0,0.02085320425762749,0.14102295817435384,0.9361702127659575,0.07340892365771345,0.4196074711828224,1.0,0.09733831415514871,0.49353234912730093,0.9795918367346939,0.019054892717206506,0.03662712267233881
mayaH,59,261,170,17,0.9130434782608696,0.07674531865192813,0.28231974676175375,1.0,0.14475849292798948,0.31836655605567765,0.9795918367346939,0.10234346593733867,0.4657171252897867,0.9361702127659575,0.023984777750837738,0.25085065724379296
mayam,18,55,248,19,1.0,0.05633722149930864,0.3285795821129234,1.0,0.12747564397682698,0.5707981776179392,0.9795918367346939,0.07401563315415582,0.5601976471562187,0.9795918367346939,0.015325823985529508,0.14155796176044633
mayi,156,11,432,35,1.0,0.05987996373605897,0.40186293959706876,1.0,0.09284428463918637,0.4956067211157087,1.0,0.10788080303586789,0.4620588817254523,0.8372093023255813,0.07065404698861877,0.2893154122025028
me,1019,205,5747,266,0.9795918367346939,0.05240625524613596,0.20944155653143315,0.9361702127659575,0.10471697533438717,0.3661119401953651,0.9361702127659575,0.11227991766018641,0.47232987372703317,0.9130434782608696,0.04381699549531526,0.16010067001502049
mftasya,7,6,17,13,0.9795918367346939,0.006284802464008199,0.08527585149577666,0.9583333333333334,0.06424487054467076,0.16049587283745703,1.0,0.06935812122698548,0.16471384766961206,0.9583333333333334,0.006475932265603612,0.10476951037912885
mftyoH,51,76,79,6,1.0,0.023328489861819568,0.3605486789979273,0.9795918367346939,0.08868340355204407,0.6009706455170312,0.9795918367346939,0.0543499035931736,0.43208690171809794,0.9795918367346939,0.010896096235499919,0.09360515643460765
mftyuH,40,100,265,8,0.9795918367346939,0.027801552018624776,0.16709658751507495,0.9795918367346939,0.06671414880173232,0.5529561106327568,0.9795918367346939,0.06777748807516415,0.4861971270411307,0.9583333333333334,0.01210315054939215,0.04281018136260306
mfzA,6,16,62,5,1.0,0.017045097326493397,0.08877445296490272,0.9795918367346939,0.06359026757426822,0.2647607989325851,1.0,0.06841286805333913,0.2883319916428573,1.0,0.004134238256884637,0.01421066291715134
mitraH,223,8,32,23,0.8888888888888888,0.060104344921771746,0.3553327482653933,0.9361702127659575,0.09031677633070534,0.3477320640322107,0.9361702127659575,0.09138961059550688,0.32572503069622183,0.9361702127659575,0.05038744272411355,0.2739467824124652
muKaH,10,8,128,34,1.0,0.025753866936908287,0.13224455618758424,0.9130434782608696,0.06935755354907847,0.5373985083305504,0.8888888888888888,0.05877252337686123,0.5653482113249906,1.0,0.03565441474255193,0.2606926175305796
muKam,78,35,231,88,0.9795918367346939,0.044249736181245725,0.2376442358322126,0.9583333333333334,0.06970921713685607,0.5100928862122661,1.0,0.08932995776387587,0.5173982389540519,1.0,0.07798107050441938,0.46645323876054823
muKe,36,6,130,11,0.9795918367346939,0.02936168673843409,0.17803850828426915,1.0,0.08771975124650999,0.5182717401249952,0.9583333333333334,0.0733942948768086,0.5237254271815897,0.9795918367346939,0.020153486722693903,0.10898240971548678
muKena,18,26,27,9,1.0,0.03881069824771721,0.1787931231923181,0.9795918367346939,0.06795395010445737,0.4987758100431927,1.0,0.08188476574195958,0.40604028588456487,1.0,0.008565836433924945,0.07380503217188372
mucyate,6,18,118,10,0.9795918367346939,0.008517804547234054,0.07680847204135222,0.9583333333333334,0.07083365522213703,0.4046176065739929,0.9795918367346939,0.06314660316755327,0.4051636502731004,0.9795918367346939,0.007884085309546318,0.034514397832937416
muniH,9,8,519,7,1.0,0.010864966848325941,0.13075380936017622,1.0,0.09333836583579569,0.6314114576921782,0.9583333333333334,0.09507312953093028,0.5434387298253384,0.9583333333333334,0.005520758441403428,0.04058004394009673
nA,47,30,1241,20,0.9795918367346939,0.01847021161501594,0.19037845117453145,0.9795918367346939,0.12085109097919,0.4894597597763245,0.9583333333333334,0.0762790367281998,0.4772739400437437,0.9795918367346939,0.012336671600654547,0.19874337109334572
nAmAni,30,14,72,10,1.0,0.012476288638780253,0.05917910440671981,0.9795918367346939,0.064442501428709,0.2861971366635919,0.9795918367346939,0.11500378943656886,0.4168338784147605,1.0,0.013495987136466825,0.04152858120025127
nAma,361,473,1621,185,1.0,0.02590008128192356,0.257632346971982,0.9795918367346939,0.15157474029812035,0.5826387175148344,1.0,0.0892846226437376,0.5155655933673193,1.0,0.013820014648428858,0.13466406908085649
nAmaDeyam,10,22,9,10,1.0,0.04255899515506234,0.40948780700090626,1.0,0.0706864372816457,0.37229571644932125,0.9795918367346939,0.04982800895808237,0.1737820588464365,0.9583333333333334,0.010036721444078411,0.10122270722716331
nAmnA,7,10,133,10,0.9583333333333334,0.009664690832782541,0.036939053315896864,0.9795918367346939,0.09725257996685621,0.45897241286018653,1.0,0.06860127870357413,0.5019730752008165,1.0,0.006694949777274917,0.02373803692077603
nAnA,83,35,810,51,1.0,0.07419018155036916,0.4619627356705168,1.0,0.16643530720938748,0.6673029387155438,0.9795918367346939,0.10134173033650817,0.5572061583588539,0.9795918367346939,0.03203048954703902,0.13282765067461677
nIla,6,6,118,11,0.9795918367346939,0.006797720690755682,0.04408636472044569,1.0,0.12576513089801422,0.45024055740804847,0.9583333333333334,0.09569681979261357,0.5052079376309483,0.9583333333333334,0.0066449755860015225,0.04154400518151102
nO,30,17,61,9,1.0,0.06884571559396702,0.3179834014574958,0.9795918367346939,0.12154660783541138,0.5233613256634982,0.9795918367346939,0.0662410979548691,0.32831377550908614,1.0,0.008217718547598563,0.15061273185637758
nUnam,100,17,396,10,0.9795918367346939,0.019872490139144494,0.27517233966420784,0.9795918367346939,0.08308904352493995,0.5473716991762763,0.9583333333333334,0.0849638056381733,0.5721280191235849,0.9130434782608696,0.028760246564482173,0.22584907657039888
na,3959,4177,23779,2857,0.9583333333333334,0.04562587376529348,0.18852297171749854,0.9795918367346939,0.08711583295707048,0.34572335521713193,0.9361702127659575,0.07298086969032758,0.3733069418696917,0.9795918367346939,0.018610458146577802,0.17092553661099152
naH,4120,147,1406,529,0.9795918367346939,0.06255579434596326,0.25658890125014777,0.9583333333333334,0.09757659956110898,0.4200702589395795,1.0,0.10421638534292788,0.43311823074297107,0.8888888888888888,0.047415096753913866,0.19241226159466684
nadI,6,8,240,43,0.9795918367346939,0.006630511398064143,0.0609522080440712,1.0,0.10460313734124038,0.6011154916886055,1.0,0.1691142774809158,0.699432376273579,0.9795918367346939,0.00625961652239726,0.20420812811645583
nakzatrARi,16,20,45,14,0.9795918367346939,0.057804687735742655,0.16790494673047307,0.8636363636363636,0.029042966793670133,0.1536644266061793,0.9795918367346939,0.09230623102702262,0.42225825693902563,1.0,0.014759209204518342,0.08930653047231574
nakzatra,5,11,82,28,0.9795918367346939,0.030670396236607944,0.22228883961547874,1.0,0.10893552211580049,0.4375078941080769,1.0,0.0896209313438926,0.4843028133678424,0.9795918367346939,0.004896262071375057,0.0919483403587471
namaH,376,42,629,138,0.9361702127659575,0.06546289098125779,0.22921863301328782,0.9130434782608696,0.12268370577095233,0.4219663916176425,0.8372093023255813,0.08422954131965632,0.32717463386230317,0.8372093023255813,0.041877934333174216,0.13702814834925126
nanu,7,207,83,79,0.9795918367346939,0.019204392947426263,0.2473289213873211,0.9583333333333334,0.10121511293970886,0.5510877449150728,1.0,0.10807505104951165,0.508119653869938,0.9795918367346939,0.02193326985248023,0.26112658555688806
nava,113,5,111,195,1.0,0.03295382249603285,0.25569741165010307,1.0,0.06533993336230492,0.4439126311955981,0.7804878048780488,0.06808161102697718,0.27634719771353466,0.717948717948718,0.018223651203868374,0.11373332826897387
naya,42,15,71,14,0.9361702127659575,0.03129839790535571,0.2871004292080451,0.9583333333333334,0.11219425875779143,0.6664417289081519,0.9795918367346939,0.09286661589265832,0.4564731247884013,1.0,0.055427729510769796,0.12057755472569798
nayati,12,12,23,6,1.0,0.011673082377528732,0.09397518381002468,0.9583333333333334,0.05021400021359779,0.3544649327611715,1.0,0.06878800107180105,0.35056985815114383,0.9795918367346939,0.009654582092751829,0.055963637302599456
nazwam,13,5,45,10,1.0,0.007942184809372033,0.042559764960848456,0.9583333333333334,0.07452442368446122,0.3435224807356312,0.9583333333333334,0.07320458310011435,0.39340574890346347,1.0,0.006040012296596009,0.123335570398042
niDim,11,8,51,7,1.0,0.016191768193284495,0.08160370082102952,0.9583333333333334,0.08471503600108865,0.4852382344110796,1.0,0.09595993068230957,0.4664344186426067,0.9583333333333334,0.00605219035011717,0.03305872956719225
nitya,7,90,256,77,0.9583333333333334,0.024105039600273215,0.30240645933535026,0.9583333333333334,0.16332403750942848,0.6199684296487951,0.9583333333333334,0.1276394706114372,0.5991651075098083,0.9130434782608696,0.029462292718052452,0.34601176545299994
nityaH,13,24,83,42,1.0,0.020519797396823414,0.15769210353566587,1.0,0.11247106846673205,0.4314306661432946,1.0,0.10581559058621726,0.35657852520742606,0.9795918367346939,0.01644029668315794,0.1135002909979721
nityam,13,42,1853,165,0.9583333333333334,0.021059418296004884,0.19479752004644402,1.0,0.13368729012784297,0.5774219450909984,1.0,0.0728394599224611,0.48400125054598553,0.9130434782608696,0.013560347013962804,0.1901406892948575
no,26,17,44,5,0.9795918367346939,0.008719538735607157,0.07731873738897499,0.9795918367346939,0.07176651152400337,0.29639034746555437,1.0,0.0747836039452755,0.2946457257201516,1.0,0.017367319532696213,0.06261985909272705
nu,473,136,696,119,1.0,0.09883348896627042,0.3829988459162399,0.9361702127659575,0.13495999528224767,0.4406346924112886,0.9583333333333334,0.14563193514681427,0.5265875491711746,0.9130434782608696,0.039321192782800884,0.24952038821179157
odanam,48,7,7,12,0.9795918367346939,0.010197326980739274,0.10093463627590105,0.9795918367346939,0.055312504913881066,0.07793181028432217,0.9795918367346939,0.03781298477345074,0.0749274384827987,1.0,0.008077067131881277,0.10581620375508027
ozaDIH,124,5,29,11,0.9583333333333334,0.02684323482469675,0.23019355436566935,0.9795918367346939,0.047068964934213975,0.3211824809461936,0.9795918367346939,0.09444876889810205,0.4017234691973959,0.9795918367346939,0.027360134600040165,0.17423404553779998
ozaDayaH,64,10,13,16,1.0,0.03024848133743374,0.0973306042333355,0.9795918367346939,0.05623394333402043,0.21517034203331686,0.9795918367346939,0.07203724577044135,0.3288268072573536,1.0,0.04123977522140054,0.15878785263168282
pARI,12,6,12,8,1.0,0.013614555686355057,0.06786119717083827,0.9795918367346939,0.06968959323595092,0.3948976660819823,1.0,0.05675041837020223,0.3449163947258461,0.9795918367346939,0.015210478187209775,0.05271347821634975
pARiH,19,6,129,12,0.9795918367346939,0.018661681041659883,0.1535287769063649,0.9795918367346939,0.07129120209003159,0.5768669849812786,0.9583333333333334,0.09752905835384285,0.5888221394250196,0.9795918367346939,0.010845561343171273,0.12058413473271135
pAdO,24,9,225,13,1.0,0.020114017269736717,0.12266954218887427,0.9795918367346939,0.08038668599358345,0.629352270098615,1.0,0.08253208916762,0.5765340401098936,0.9795918367346939,0.009657569994469095,0.07706002666874556
pAdaH,10,42,59,28,1.0,0.023920662987560903,0.30032296039764694,0.9795918367346939,0.05979299448293496,0.36841174254586506,0.9795918367346939,0.08323410050968028,0.40192828276568526,1.0,0.014295043391739926,0.17977499253623663
pAdam,12,24,65,47,1.0,0.058508208764164515,0.30851080190625235,1.0,0.14690818933836702,0.5838793342976693,0.9361702127659575,0.07417665107516258,0.47621786495646035,1.0,0.0388421782813867,0.3641838889826805
pApa,13,41,756,38,0.9583333333333334,0.012124361839007558,0.14301625062802403,0.9583333333333334,0.0637372197120929,0.5816642419732792,0.9795918367346939,0.0636017066673722,0.616746769837893,0.9795918367346939,0.008275229487274327,0.07006326673001906
pApam,16,28,521,15,0.9361702127659575,0.011781510416865149,0.09078925494031731,1.0,0.07242891881723701,0.4916749096090858,0.9795918367346939,0.07212660855837372,0.48961251211333257,0.9583333333333334,0.011600325400506262,0.04174361622196343
pApmAnam,60,13,21,24,0.9795918367346939,0.02826688282489853,0.18224263472277435,1.0,0.0545405862461259,0.33443990236726107,1.0,0.08709075427185842,0.41938201246701723,0.9583333333333334,0.026335994436346044,0.1797674811817218
pArTivam,10,6,109,6,0.9795918367346939,0.02436004762559929,0.11852648554383882,1.0,0.09572466304770477,0.505851522777805,0.9583333333333334,0.08802927469888344,0.49612960099919445,0.9583333333333334,0.009469108927367742,0.10007695658910365
pAram,17,12,98,7,0.9795918367346939,0.018581259223504176,0.10633695964804124,1.0,0.08032375068851327,0.49616720888113963,1.0,0.07453560551522753,0.47236425640464963,0.9795918367346939,0.01868992355675858,0.04422753341499597
pAtram,42,6,83,41,1.0,0.02533296217816372,0.14540894431528661,0.9361702127659575,0.05875650400793708,0.3821855568378495,1.0,0.07227409536345553,0.44951518142301394,1.0,0.03242145558485776,0.1735209185912976
pAtreRa,5,7,5,12,1.0,0.009938029072617316,0.026511949521866307,0.9795918367346939,0.048463285851748195,0.09744984014204516,0.9583333333333334,0.04906499124014385,0.08528500640026937,1.0,0.012584981780760507,0.03710309925554922
pUrRA,8,7,21,5,0.9583333333333334,0.019252544629219215,0.07402009829256251,1.0,0.12888784216625193,0.43404103547000916,0.9795918367346939,0.09648471436055694,0.3655985751109734,0.9583333333333334,0.010867640520052846,0.05671128546456572
pUrRAH,7,6,22,5,1.0,0.007394376099784994,0.008708843643438602,0.9795918367346939,0.06559543432236403,0.37313690751753537,1.0,0.07925003469333625,0.3659858768448947,1.0,0.0027787217848075363,0.023048841217208293
pUrRa,13,12,209,42,1.0,0.01021913844960376,0.1499275757864904,0.9795918367346939,0.1360373149420292,0.5410210245763369,1.0,0.11727242191012643,0.7033717991279166,0.9583333333333334,0.010338657385687955,0.19253350118665147
pUrRam,19,43,88,12,1.0,0.01927338448791338,0.4013722994744726,1.0,0.1478910148449446,0.6206761270823951,1.0,0.12160972999666275,0.4729450936057127,1.0,0.011988619462625194,0.07751893152398637
pUrva,88,123,358,276,1.0,0.049265164918018245,0.249865525668433,0.9795918367346939,0.11501238480519971,0.49340969962261094,1.0,0.11527190027997913,0.5250175789901158,0.9361702127659575,0.05814764970817399,0.309417934526907
pUrvaH,54,15,75,100,1.0,0.015567337137613713,0.10778492345475854,1.0,0.07659698393814829,0.3816308828320397,0.9795918367346939,0.154080883020418,0.5467765469584545,0.9361702127659575,0.03130488817365851,0.4224012150059019
pUrvam,75,102,1239,175,1.0,0.047033180146680564,0.3200812377385758,1.0,0.06894415052549874,0.5157750242652674,1.0,0.08671437537949611,0.5337597529137315,1.0,0.03722147621754002,0.23185625205412919
pUrvasya,9,15,5,30,1.0,0.02805784905861841,0.19873925555435834,1.0,0.06059710800952833,0.24556340638743757,0.9361702127659575,0.05471176128215949,0.22012924280434853,1.0,0.01293437940982256,0.060108998360207555
pUrve,70,16,60,51,0.9795918367346939,0.01711506795389317,0.1463345685309413,1.0,0.09772088471692031,0.37676158038037644,1.0,0.08477182242600823,0.3544340681133964,0.9583333333333334,0.027691384478984227,0.19172438844947426
pUrveRa,9,9,23,35,0.9795918367346939,0.012392678910342458,0.029839695867639904,0.9795918367346939,0.06797023365423993,0.30393782651538703,1.0,0.10586564586297165,0.41946441761831554,1.0,0.007892620099275938,0.16133970647215223
pUzA,110,5,15,16,1.0,0.033288472458163576,0.32138975893646227,1.0,0.08699713058940883,0.3006153771130389,1.0,0.09538288137222195,0.2552737396869721,1.0,0.04896334296785165,0.1316408373772937
paSUn,150,24,77,27,1.0,0.03879620710486398,0.27712110005448176,0.9361702127659575,0.053984736586473514,0.400905654032063,0.9361702127659575,0.10601372784544927,0.39201898550793257,0.9795918367346939,0.05481594069837259,0.25114107511807715
paSUnAm,110,7,32,33,0.9795918367346939,0.035156827974112126,0.20199085239165848,0.9795918367346939,0.08142683141147944,0.32828776208804167,1.0,0.11415285693836419,0.37506420527020645,1.0,0.029657412239416425,0.20502285370174522
paSavaH,325,23,76,51,0.9795918367346939,0.04392081263653802,0.26076664530837823,0.8888888888888888,0.05956698303460828,0.30902070994002795,1.0,0.06430129784247707,0.31431102162326285,1.0,0.015461654671772962,0.14341752558444887
paScAt,91,45,335,263,0.9583333333333334,0.029162000346786066,0.17661510910040423,0.9795918367346939,0.05808584276673323,0.47820904458551605,0.9795918367346939,0.08816918882489033,0.5518151863024785,0.9795918367346939,0.05282890401104612,0.4169419924047084
paSu,77,33,104,163,0.9795918367346939,0.03976974975957526,0.25453200861547987,0.9361702127659575,0.1084260293018916,0.38425711319173583,0.9583333333333334,0.09480207087447068,0.39020276856970315,0.8095238095238095,0.019335955439336416,0.1395815242122067
paSuBiH,97,31,13,15,0.9130434782608696,0.0769733944709955,0.2414311347117828,0.9583333333333334,0.08307787470632488,0.4948834983399055,0.9130434782608696,0.0926079182429076,0.40866868618508667,0.9583333333333334,0.0838336871694848,0.44132887428859546
paSuH,52,6,18,27,1.0,0.01957883030182972,0.058925591114447284,0.9795918367346939,0.05397906968201127,0.1407291720036341,0.9795918367346939,0.053824269431913985,0.29435531164062634,1.0,0.013951239517449143,0.09807473870627637
paSum,32,6,23,13,0.9795918367346939,0.010318346744590978,0.030252201182480842,0.9583333333333334,0.05315995968138176,0.31010734161755515,0.9795918367346939,0.057568874233306144,0.3484363051675645,0.9795918367346939,0.006115477501401179,0.028136265965124307
paSyAmaH,8,6,46,5,1.0,0.014604237029420264,0.10526020762885502,0.9361702127659575,0.05184065002555405,0.36916154537628687,0.9583333333333334,0.06309991395128112,0.412109401385125,1.0,0.006993466185108987,0.03167791741530657
paSyan,26,47,149,6,0.9795918367346939,0.019615943477991338,0.29689871003296886,0.9361702127659575,0.09110426930608317,0.5611207393618995,0.9583333333333334,0.04679360484234296,0.5200486963687656,0.9795918367346939,0.011649070946220252,0.046525745733153046
paSyantaH,12,15,51,5,1.0,0.03720218285823074,0.17904436051137917,1.0,0.12648297936993402,0.548244405257229,0.9583333333333334,0.09040323189979838,0.5008175981723775,0.9795918367346939,0.0041324815728606135,0.027741718849737307
paSyataH,9,9,230,5,1.0,0.011990130656938658,0.06451841124694191,0.9795918367346939,0.08691291679871893,0.5785864184753371,1.0,0.07146462494996875,0.5688731076110781,0.9795918367346939,0.00827192879616423,0.01640909621090203
paSyati,35,173,259,12,0.9795918367346939,0.03231445524410814,0.24304636590092343,0.9361702127659575,0.10158790553233021,0.4766363018001667,0.9361702127659575,0.08074695017059574,0.46836681957703774,1.0,0.011387125458343972,0.08914657237110435
paSyet,12,26,56,49,0.9795918367346939,0.04012879304029937,0.29054463060463,1.0,0.12658005218767399,0.3646960736206497,0.9583333333333334,0.13495062971182759,0.3141107389168145,0.9795918367346939,0.026876611927614036,0.17564540062877287
paTA,62,11,41,5,0.9795918367346939,0.018866781449767167,0.12902284714642898,0.9583333333333334,0.08821262981155042,0.40759249291577393,1.0,0.06541622554296234,0.3998203585116197,0.9583333333333334,0.0241141022184429,0.15889876987994533
paTaH,63,16,37,31,0.9795918367346939,0.022146724566095677,0.11026877180879047,1.0,0.07346907827757132,0.31952553605798206,1.0,0.08638634166238524,0.34026589235740623,0.9795918367346939,0.01584690828357138,0.19989745687106142
paYca,241,65,813,425,0.9795918367346939,0.021357562125682183,0.15009745279025488,0.9795918367346939,0.0651640690562294,0.4410104068017804,0.6842105263157895,0.04946956088976373,0.3629742691815727,0.7804878048780488,0.013718501063956445,0.07957080660795124
paYcadaSa,35,9,8,143,0.9583333333333334,0.03403713150127852,0.24511977983576982,1.0,0.08112428416673267,0.23678994686611932,1.0,0.09143827649886516,0.29316980263231085,0.9583333333333334,0.03573395486477726,0.25425098891542386
paYcamaH,10,26,47,15,0.8888888888888888,0.053483961586970996,0.24520319441980265,0.8372093023255813,0.1022174840797968,0.46670789138017255,0.8636363636363636,0.06433983338280436,0.3189788568779821,0.8888888888888888,0.011147355960789973,0.05600130886827803
paYcamam,17,10,63,35,0.9583333333333334,0.03899774963245206,0.2185141529648389,0.9361702127659575,0.10368628856397166,0.5241619887630139,0.9130434782608696,0.10802414339284894,0.42452845813149453,0.9795918367346939,0.02585987332650963,0.19913976660144617
padAni,22,6,19,28,0.9795918367346939,0.01468316025316918,0.103238626670486,1.0,0.10590596200830826,0.32862116608572023,0.9361702127659575,0.057073450454976915,0.25859603635139305,0.9795918367346939,0.01603575901933718,0.07926404472730386
pada,22,17,80,120,1.0,0.022710540532304258,0.14956837961152614,1.0,0.0998844472610011,0.474337208400341,0.9795918367346939,0.10811047263222606,0.3572754417889856,1.0,0.029278222936339193,0.27933583420180796
padam,85,46,351,69,0.9795918367346939,0.0415434393922085,0.2949998021244308,0.9130434782608696,0.08905567975799522,0.5019305821341374,0.9361702127659575,0.08455049913766,0.5193478015181203,0.9583333333333334,0.01565782802342175,0.12354370598846487
pade,58,7,92,22,1.0,0.019314756868066052,0.1241085810194904,0.9583333333333334,0.05048772984125749,0.4255733097308485,1.0,0.05616386412538543,0.3901341148233093,1.0,0.009459296563146036,0.11393236199437706
pakzaH,5,22,50,54,0.9795918367346939,0.01966550976133563,0.14429418262362392,0.9361702127659575,0.05249363742428281,0.3147289281790908,1.0,0.07798023449173175,0.5243456093702004,1.0,0.011006944532882867,0.16179109662748314
pakze,12,33,45,157,1.0,0.0304195795905573,0.3114879628870735,0.9795918367346939,0.14133040141400166,0.5605867320062115,0.9795918367346939,0.09920575900410478,0.47834911517137557,0.9795918367346939,0.02730222467067922,0.29120172301968805
panTAH,37,18,89,7,1.0,0.010784510923424806,0.08720740965132179,0.9795918367346939,0.0769306465718842,0.3838464854791379,1.0,0.06826372695459304,0.4059465261507651,0.9795918367346939,0.004865638865269473,0.04837397256391207
parA,185,29,139,16,1.0,0.032089546531166246,0.4278994270552978,0.9795918367346939,0.12025199176666379,0.32277202043963316,1.0,0.10796197973671673,0.3981068156759082,0.9361702127659575,0.027123360655372353,0.25035491273348154
para,12,96,893,227,1.0,0.02906511472302109,0.2515677464796119,0.9795918367346939,0.14697195537632146,0.6229965655794643,0.9361702127659575,0.1399062108074367,0.5833014268480661,0.9795918367346939,0.02455751296293962,0.33234649013587025
paraH,21,88,456,52,0.9795918367346939,0.030945554249259044,0.16950352200723584,1.0,0.10170353951794597,0.42066722057447414,0.9795918367346939,0.1394710808614924,0.5148929347434872,0.9361702127659575,0.01131666214550131,0.21835543193766016
param,35,128,1397,113,1.0,0.03648130035377206,0.22352858839699874,0.9361702127659575,0.08152441064159988,0.433398521514768,1.0,0.13382705181088705,0.5420605574845755,0.9361702127659575,0.032336039430155616,0.317513441429754
paramam,35,41,654,14,1.0,0.050805197441542216,0.2352538538932305,0.9795918367346939,0.11519063239957916,0.5093724313977451,1.0,0.09007689448546363,0.5058935256270206,0.9795918367346939,0.015198905353038472,0.07737378948855744
paras,94,38,8,15,0.9795918367346939,0.06432610059099708,0.5186644928788142,0.9130434782608696,0.0598260188122921,0.3103976969417668,1.0,0.0556630950406376,0.08878071086323458,0.9795918367346939,0.015670176843551875,0.17109371654457473
parasya,6,33,78,66,1.0,0.01960489620075434,0.2774065927847007,0.9795918367346939,0.11275280603123228,0.43253741976213755,0.9795918367346939,0.10615342358055302,0.3173879916577108,1.0,0.031684715537151686,0.2760945066157656
pare,13,6,184,22,1.0,0.007226605439377365,0.031794277855753506,0.9795918367346939,0.0663768677586205,0.4655077079209111,1.0,0.0919280733683121,0.5332786762196282,0.9795918367346939,0.005372477849387658,0.11003223127767114
pareRa,13,32,64,10,0.9795918367346939,0.025958418720168908,0.1537698213355193,0.9795918367346939,0.06902515439440349,0.41496610225965,1.0,0.07515375737612506,0.41513885363019754,0.9795918367346939,0.0036988010582627018,0.04940026947451959
pari,1018,6,9,32,0.9795918367346939,0.03382885219267995,0.37184276657413007,0.9795918367346939,0.0457316253572404,0.21116364444859181,0.9795918367346939,0.12066769860842297,0.3291707742454666,1.0,0.05751782491250634,0.27556720835960413
parvata,5,5,330,13,0.9583333333333334,0.00740539003158025,0.0363808884061233,0.9795918367346939,0.11027777480199963,0.6449020927333013,1.0,0.11094971751022009,0.686795783506128,1.0,0.006462547457675827,0.08103295852510617
patati,14,7,38,9,1.0,0.008969358371440084,0.04337755704229784,0.9795918367346939,0.08958950723523562,0.37562012739375317,1.0,0.06729772250008303,0.3494696584944763,0.9795918367346939,0.0026936102516875726,0.008875324304031595
pate,102,5,713,34,0.9795918367346939,0.06118722669517651,0.517223402436356,0.9795918367346939,0.10510815037637722,0.6296541151665113,0.9795918367346939,0.12539092144918096,0.6653312749970341,0.9130434782608696,0.06134173203108095,0.379699431903084
patiH,216,29,311,64,0.9795918367346939,0.09477217054018261,0.49828487354734774,0.9795918367346939,0.1368778229041876,0.5347791500066007,1.0,0.10661718650020335,0.45128702626421235,1.0,0.045785843798847314,0.22435127427375534
patnI,56,7,108,63,1.0,0.016694156762838697,0.037289719437640256,1.0,0.09035527483326011,0.4611849298432966,1.0,0.12044482922243616,0.5566235073760593,0.9361702127659575,0.01671832883263047,0.14942534906444305
payaH,168,24,86,37,0.9795918367346939,0.018753756365784247,0.2146492826797204,0.9583333333333334,0.09780558786119065,0.3238690155674939,0.9130434782608696,0.08231086443871449,0.33983145565139505,0.9795918367346939,0.04073444512876656,0.15706202552019777
pfTak,37,63,418,115,0.9583333333333334,0.016501297618889632,0.2143060917576003,1.0,0.08915320115098968,0.7637925813865831,1.0,0.09509223644090636,0.6935589836271795,1.0,0.016687528873586044,0.22063855978833435
pfTivI,264,172,404,79,0.9361702127659575,0.05050840324328876,0.29031598961054306,0.9361702127659575,0.05936189003063341,0.5034705549442022,0.9583333333333334,0.1329919354429504,0.48127060199662985,0.8888888888888888,0.041674678111009555,0.16536934867466813
pfTivIm,141,23,436,37,0.9361702127659575,0.0450592420435616,0.22466355746418898,0.9795918367346939,0.09031367992840589,0.5128546576680245,0.9130434782608696,0.07443262999291278,0.5431456678173627,0.9361702127659575,0.038990862242963,0.15843193876091
pfTivyAH,179,26,67,19,0.9583333333333334,0.04821968311864122,0.34258370666184035,0.9361702127659575,0.06478831927969997,0.3172702762314997,1.0,0.04856497557843076,0.30353204463241024,0.9795918367346939,0.040539003883141134,0.26254064247694364
pfTivyAm,70,12,284,16,0.9583333333333334,0.023674849141027576,0.17566667763018884,0.9795918367346939,0.08516632922438827,0.6403003574557986,0.9795918367346939,0.06956281875074022,0.63620920247316,0.9795918367346939,0.024304051687060402,0.12785688630259828
pfzWam,85,5,85,55,0.9795918367346939,0.031937018588845456,0.23021081565888313,0.9583333333333334,0.04883458398220186,0.5644559962179092,1.0,0.13928866493872938,0.7164898291028617,1.0,0.055758318670585894,0.4325880371900761
pfzwaH,10,17,132,12,1.0,0.04308298137257427,0.21146400835620216,0.9583333333333334,0.07392622662021842,0.3498480951608326,0.9795918367346939,0.07443154486290282,0.39940077432898846,1.0,0.013371293673350881,0.02318083112361158
pitA,206,84,637,95,1.0,0.06880872236692648,0.32818788775388774,0.9795918367346939,0.13171756901604825,0.42475000198586765,0.9130434782608696,0.06714164664939115,0.3023765736694376,0.8888888888888888,0.020752203989335194,0.167810780391763
pitFRAm,21,9,132,20,1.0,0.030454477968053784,0.154968254377698,0.9583333333333334,0.07904892662042529,0.4014028066254709,1.0,0.07410730550464817,0.4271405292931989,1.0,0.013483682689068521,0.02134476391582807
pitaraH,150,18,270,89,0.9583333333333334,0.02862319707167027,0.1843083831390604,0.8636363636363636,0.05414709893361036,0.2862330375702604,0.9361702127659575,0.09182276402940348,0.4270627361688437,0.9130434782608696,0.043515514156109325,0.23037089207632577
pitaram,51,31,371,21,0.9583333333333334,0.037642061211749955,0.12348061963747359,0.9130434782608696,0.10779342769661482,0.38252439764769797,1.0,0.07593393655701008,0.48062559623723156,0.9583333333333334,0.014406497867963886,0.04595800945802386
pitf,33,85,410,137,0.9795918367346939,0.031153386791243354,0.2056205943258521,0.9361702127659575,0.11755920157527411,0.5022514206547593,0.9361702127659575,0.07659065273067356,0.5156626079708307,0.9795918367346939,0.007527145997628382,0.13183879930255427
pitfByaH,45,6,21,42,0.9795918367346939,0.020586420768000768,0.1247933878274059,0.9795918367346939,0.04990686990307469,0.2387240301060276,0.9130434782608696,0.05260493990894555,0.3251454524210564,0.9795918367346939,0.05333715325244914,0.14877081270364856
pitrA,6,23,171,10,0.9795918367346939,0.02239693520314756,0.0747565193043459,0.9583333333333334,0.06967154277424126,0.41398588690622407,1.0,0.07893469590167601,0.48221053828849314,0.9795918367346939,0.010699065948412412,0.02144081239610962
pituH,64,27,556,41,0.9795918367346939,0.017731540400197532,0.14885730224714488,0.9583333333333334,0.06831301371628218,0.4823111650063079,0.9795918367346939,0.06473186917074669,0.4454757156643929,0.9583333333333334,0.012844765200085373,0.09079977519038696
prARAn,58,20,334,12,0.9795918367346939,0.06635022447335681,0.27993836466822497,1.0,0.11341880697497264,0.5608241745394829,0.9795918367346939,0.07298720832739802,0.5746872977843013,1.0,0.03593718335987117,0.2383071109156627
prARa,104,291,281,52,1.0,0.03228980339945631,0.2032095692739755,0.9583333333333334,0.05117152709999162,0.43667350571518915,1.0,0.09062765809200712,0.43753251617275857,1.0,0.04886032752054159,0.3465886286111841
prARaH,243,413,98,14,0.8888888888888888,0.03182446023721308,0.12176923104068493,0.9361702127659575,0.10248496329857704,0.41735479944928633,0.9795918367346939,0.09120805391095965,0.43850222715155607,0.9795918367346939,0.0473229179924054,0.3004846005595565
prARam,110,120,29,17,0.9583333333333334,0.051711936904123124,0.23250676394919423,0.9795918367346939,0.09875082692647119,0.4657226828978389,0.9583333333333334,0.10429622024393437,0.4501636517960017,0.8636363636363636,0.05169376316336882,0.23569836501500452
prARasya,7,95,14,6,1.0,0.01764279082790865,0.16871654060734997,1.0,0.05597787284566191,0.3095829308943545,0.9795918367346939,0.05729546919573425,0.2031328195459975,1.0,0.010777791301785022,0.04294184548259716
prARena,70,51,19,11,0.9361702127659575,0.04407427172374001,0.19532192028484208,0.9361702127659575,0.10144516462334974,0.440969771289188,1.0,0.1040622704016172,0.37379307520798344,0.8888888888888888,0.04439470460644601,0.27076572829091283
prAjApatyam,19,5,15,17,0.9795918367346939,0.03690017186524863,0.11837286458979701,0.9795918367346939,0.04209049920865948,0.1723041172461972,0.9583333333333334,0.05139110906738209,0.1799164326221636,1.0,0.023062382933247694,0.16314082275943798
prAk,12,116,88,143,0.9583333333333334,0.040359290924144364,0.37150768421820934,1.0,0.16622539648121326,0.5542754007403219,0.9795918367346939,0.05300797581344463,0.32569267019549875,0.9795918367346939,0.022285467040070617,0.16613708709060115
prApnoti,9,44,191,41,0.9795918367346939,0.012437700801005369,0.16770367622488447,0.9583333333333334,0.10039894253885973,0.3703175896766119,1.0,0.10009821626102944,0.36807912036236146,1.0,0.013869407421547408,0.08217051137244846
prAtar,135,20,82,108,1.0,0.049856013284888645,0.40062442253376995,1.0,0.11917930371745811,0.4399771726503987,0.8372093023255813,0.061173841015688346,0.3679682571662698,1.0,0.04579944323927043,0.3153303603540776
praBfti,7,7,217,58,1.0,0.009679064391171499,0.08164030643450892,1.0,0.10078926675059974,0.5527007543243165,0.9795918367346939,0.06308592173823058,0.5645905124569218,1.0,0.014433920806435241,0.19783711852373975
praTamA,76,5,7,12,1.0,0.021183863165660233,0.23027114789484604,0.9583333333333334,0.0624453154769129,0.15833057897614355,0.9361702127659575,0.05449904249302073,0.22823213898154115,0.9583333333333334,0.05102525569288496,0.29754625170473936
praTama,37,76,34,133,0.9583333333333334,0.08369863677990597,0.35548340818648705,0.8372093023255813,0.08350750991097544,0.45776785215018023,1.0,0.06684093554523196,0.42480777068063036,0.9795918367346939,0.019453343995262107,0.2751203578338721
praTamaH,139,36,50,72,0.9583333333333334,0.09639992642894524,0.24560654575111496,0.8372093023255813,0.0955079997230216,0.37878012722519394,0.9130434782608696,0.061450212181453634,0.23927431637185237,0.9130434782608696,0.02528160551108749,0.16252179976825964
praTamam,91,34,129,109,0.8636363636363636,0.04448643949968889,0.1959022715196811,0.9795918367346939,0.07336591299960205,0.4435998187188045,0.9583333333333334,0.054780674385164874,0.3939922637965758,0.9795918367346939,0.02633103722688923,0.23352271214674636
praTame,24,5,13,66,1.0,0.00883019963548659,0.05462835789851639,0.9583333333333334,0.057074630367556556,0.20856794575390547,0.9361702127659575,0.06759547197634297,0.3657506746107697,0.9583333333333334,0.0299760765968774,0.2334866652211478
prajA,57,38,208,41,0.9795918367346939,0.038648051398133765,0.16904769817293097,0.9795918367346939,0.09202907941022231,0.489670038758945,0.9583333333333334,0.07416582574391017,0.3932724318330758,0.9361702127659575,0.023269845994230653,0.11344263887917383
prajAH,131,36,579,39,0.9795918367346939,0.03795000795703751,0.2075824307195786,0.9361702127659575,0.06681201848264373,0.4124402034435328,1.0,0.08749781868284512,0.48357180434489644,0.9795918367346939,0.040817912810257484,0.1937891298183887
prajAm,104,11,8,20,1.0,0.01629152754848917,0.23811662142430368,0.9795918367346939,0.08679666367994376,0.17119341217667738,1.0,0.07636773951240672,0.2594322613105219,0.9795918367346939,0.03420499128436205,0.12134248563610539
prajAnAm,22,10,203,18,1.0,0.02124034335845215,0.07848763135571135,1.0,0.07838025977552276,0.458293967108391,1.0,0.09044489184214399,0.49077800364083957,0.9361702127659575,0.009098276062119437,0.08806079400487321
prajApateH,69,58,67,19,0.9795918367346939,0.03157061830373031,0.2147995511731755,1.0,0.1009920865881434,0.33606483156012157,1.0,0.10021491554295758,0.42807774281016264,1.0,0.04823416816492965,0.1803891230511836
prajApati,15,42,40,8,0.9795918367346939,0.026649598040686007,0.27411590822889176,0.9795918367346939,0.08682083183708245,0.44891849203075185,1.0,0.06142118883280412,0.40860865765092025,1.0,0.015507265927419245,0.062325291677094774
prajApatiH,284,114,188,50,1.0,0.05497645813294516,0.1985867922471648,0.9583333333333334,0.0782795093505756,0.2557174543533749,1.0,0.07800571605772777,0.28156175952289786,0.9361702127659575,0.04391683714023187,0.1863187466314289
prajApatim,54,17,56,14,0.9795918367346939,0.044579741818292606,0.19640303580408913,0.9361702127659575,0.06555622457254506,0.3379803481492042,0.9795918367346939,0.06048132265056794,0.359433575500556,1.0,0.05069674476442654,0.23551033218389472
prajYA,32,66,124,17,0.9795918367346939,0.053466427293336505,0.35623271804547896,1.0,0.11173126174528569,0.5551984412432347,1.0,0.09718701849577238,0.3678293051191175,1.0,0.027429792077036885,0.15577770898806453
prajayA,124,37,5,16,0.9361702127659575,0.07559987499990484,0.24513246106524478,0.9795918367346939,0.07710759438555526,0.40401442320109227,1.0,0.05487702276506934,0.16360445299569493,0.9583333333333334,0.08558388822853846,0.4323976976781023
prati,554,145,1129,121,0.9583333333333334,0.015632821930148033,0.12053975666703098,0.9795918367346939,0.08959862488610926,0.5277462021998762,0.9583333333333334,0.11666252868894,0.4870353164067498,1.0,0.04056838524177819,0.2149898917724069
pratigfhRAti,5,7,16,15,0.9795918367346939,0.013361801873066126,0.04187352812922829,1.0,0.057270104286906154,0.22101989447033232,0.9795918367346939,0.047822439062811584,0.18572286481628075,0.9795918367346939,0.009339402123212937,0.02615114535448093
pratipadyate,29,62,95,71,1.0,0.016173457365910138,0.17693902792906968,1.0,0.05749243239107393,0.2677018828370177,1.0,0.1505325352964244,0.5594373325258132,1.0,0.04781309930818345,0.29886278403449273
pratizWA,100,85,32,31,0.9361702127659575,0.044033065101604985,0.2737828704965841,0.9583333333333334,0.07011308856051102,0.3283331568621154,1.0,0.1410276591522518,0.48773782960408885,0.9583333333333334,0.033485573979694316,0.13857608014269396
pratizWitam,16,52,118,11,0.9795918367346939,0.04005027729450106,0.3158244387473663,0.8888888888888888,0.06047317904701721,0.4061430707134819,0.9795918367346939,0.05977306794431314,0.4299672204853855,0.9583333333333334,0.01613894408775851,0.09776691144893568
pratyak,26,7,13,55,0.9795918367346939,0.013852270692191304,0.08574314470519495,1.0,0.08333269280475541,0.42771608900572256,0.9130434782608696,0.07485393137048513,0.2541387995493397,0.9795918367346939,0.06116047124456048,0.4234810439070571
pratyakzam,42,44,129,17,1.0,0.08298567784992239,0.6005064970933048,0.9583333333333334,0.09824312129808022,0.5222972101354353,1.0,0.06943252500120012,0.32872333695666567,0.9795918367346939,0.02769172006652132,0.12858328980418632
praviSya,5,16,271,15,0.9583333333333334,0.013607917265730851,0.05106450596234158,0.9130434782608696,0.08991514552571922,0.5930817180604887,0.9583333333333334,0.06806358736851192,0.5384993310458477,1.0,0.007266675095392805,0.03805420013693772
pravizwaH,9,27,103,5,0.9795918367346939,0.03508026779954965,0.18868604834020464,1.0,0.0970732736101253,0.5815916186810813,1.0,0.07970277147732718,0.505301991567215,0.9795918367346939,0.005343801318316577,0.02610410710646016
pravizwam,9,6,30,9,0.9361702127659575,0.009235025586385781,0.06625157788779767,1.0,0.10183304557785233,0.44225730634241145,0.9795918367346939,0.12973275275025453,0.5100669867830827,0.9130434782608696,0.0074553007391721104,0.134581937611571
prayacCati,16,12,91,16,1.0,0.017440075744269645,0.08190101718984788,0.9795918367346939,0.05916665055500081,0.29661281139532647,0.9583333333333334,0.08370623989767889,0.3398759788930098,0.9795918367346939,0.008828268359947433,0.04783602003877452
preta,7,6,53,32,0.9583333333333334,0.008982009040920724,0.09721174722544446,0.9583333333333334,0.09632748136444869,0.4621887435298555,1.0,0.12225418897795459,0.46030316592676557,0.9130434782608696,0.012777460788222061,0.19977347844429805
priyA,46,8,77,21,0.9795918367346939,0.08288628338064585,0.4611553704433087,0.9583333333333334,0.14462629384194825,0.545280664678925,0.9795918367346939,0.16032802783267586,0.4864712800708747,1.0,0.03606201279229171,0.214184104634784
priya,16,37,683,28,0.9583333333333334,0.015622060811271155,0.2693759280715212,0.9583333333333334,0.07029481683367445,0.5740995445943875,0.9361702127659575,0.08704729872868777,0.6084189218543417,0.9583333333333334,0.011088531658539735,0.1297662089283853
priyaH,99,13,264,13,0.9795918367346939,0.06830020923058289,0.40834406320304606,1.0,0.12544502320234918,0.4231640177364111,0.9361702127659575,0.08334785530461852,0.5316121677001597,0.9583333333333334,0.024952480550250122,0.24918986524704922
priyam,170,65,556,22,1.0,0.09882272280241233,0.4125345324498816,0.9583333333333334,0.11427693659388893,0.4440434234363668,0.9583333333333334,0.0712411760133711,0.519938629700742,1.0,0.025159332309314775,0.24584523098423472
provAca,5,10,193,5,1.0,0.01722033054711314,0.0573339352181097,0.9583333333333334,0.08618395910858445,0.5011096287952519,0.9795918367346939,0.09785170264231113,0.5213039196554295,0.9795918367346939,0.028200858721680877,0.17092802451008315
puRya,6,65,556,37,1.0,0.024382220135608534,0.24204590005524984,0.9130434782608696,0.08957490456935269,0.633533628830008,0.9795918367346939,0.12758677098187643,0.6682832590826613,1.0,0.016422987891481666,0.1985109653350039
puRyam,8,19,390,5,0.9795918367346939,0.007382114678906704,0.0852892732428544,0.9795918367346939,0.09273705943494981,0.5169862852694875,0.9795918367346939,0.09232114128484958,0.5288178290267997,1.0,0.006683374831453648,0.02582417498277445
pucCam,24,20,14,47,0.9795918367346939,0.0398331702306568,0.15336305454415078,1.0,0.0586625468571661,0.428105517167362,1.0,0.11643635323877799,0.4124986118682723,1.0,0.025880182269965357,0.20551360184105716
punar,435,557,4536,345,0.9795918367346939,0.02386379612022327,0.2726397237059406,0.9795918367346939,0.06485866705092502,0.4747369954456464,0.9795918367346939,0.07360798488691056,0.5472742952267754,0.9583333333333334,0.013639008555784482,0.2259372227882941
purA,151,27,1427,29,1.0,0.029581469852343445,0.15584707294344513,1.0,0.09921639904082469,0.49003358790306073,1.0,0.06971171930786868,0.4817420346936224,0.9795918367346939,0.03441287299087592,0.17958880940731237
purARam,9,20,112,8,0.9795918367346939,0.013475275153743693,0.11378492971844079,0.9795918367346939,0.07953702415423858,0.40280241124231264,1.0,0.08182514304555832,0.42005145715609027,0.9795918367346939,0.008339000135773156,0.03910922190590793
puram,19,9,366,10,1.0,0.014051177575823526,0.14498621539097545,1.0,0.10523472820023405,0.6737490850952975,0.9795918367346939,0.06437351945814185,0.6161715223459259,0.9795918367346939,0.0068342910080850805,0.036637035017628494
puras,123,11,40,14,1.0,0.020462041577300694,0.1639054645878948,0.9583333333333334,0.05748470528803129,0.3209784866294072,0.9795918367346939,0.058096014915562155,0.307023283670661,0.9795918367346939,0.02906202699896132,0.16495292458128796
purastAt,164,26,140,317,0.9795918367346939,0.03064664568888742,0.13718862651837105,0.9583333333333334,0.06399467664933,0.4751201192377399,0.9130434782608696,0.07898987487322806,0.5464760851723561,0.9795918367346939,0.038658511643103965,0.30588678422422766
puruzAH,9,19,168,36,1.0,0.010723421841615455,0.03377222551197867,0.9583333333333334,0.08161809825985655,0.4429739043350056,1.0,0.09973651656029325,0.4841345799989458,0.9583333333333334,0.016840445513095603,0.2078925574874877
puruzAn,6,11,53,22,1.0,0.024367583953367133,0.06560882692647363,0.9361702127659575,0.07120544994977884,0.457129489874913,0.9795918367346939,0.12474043083793807,0.4545583463785787,0.9795918367346939,0.008719989856719068,0.2037935272711806
puruzAt,8,9,6,6,0.9795918367346939,0.020493039183387962,0.14011778984996004,0.9583333333333334,0.06444939146367046,0.1537335080452702,1.0,0.0601237879479648,0.19699258062415126,0.9361702127659575,0.00863167498744144,0.08959367935290952
puruza,23,159,1253,300,0.9795918367346939,0.03902653195973094,0.29443000990024215,1.0,0.14513847789266132,0.6665376700542229,1.0,0.17042033635330722,0.6843453232801423,0.9583333333333334,0.05398579545347071,0.36493007974183056
puruzaH,137,337,557,77,0.9583333333333334,0.0446467343937349,0.1992729698033262,0.9795918367346939,0.10770908669784018,0.4305401154677073,0.9583333333333334,0.12930090148105078,0.5488778841224587,0.9795918367346939,0.07485801161400918,0.37092072297993617
puruzam,53,79,213,71,0.9583333333333334,0.021978270525452648,0.21403374295479627,0.9583333333333334,0.1380506843875815,0.4941161439317564,0.9795918367346939,0.10914552745066342,0.5216669787295126,0.9795918367346939,0.036888694134025624,0.4505089284758914
puruzasya,13,71,102,42,1.0,0.018471879570681082,0.2041422411291356,0.9583333333333334,0.06961975215168836,0.29703744305356206,0.9361702127659575,0.0876388996968488,0.3943222982788377,0.9795918367346939,0.04295743397760965,0.3519738465091611
puruze,13,34,35,17,0.9795918367346939,0.04358244430225755,0.2806310284188609,0.9795918367346939,0.1157008754794655,0.4458374149242281,0.9130434782608696,0.07900028320254582,0.39346575450935084,0.9130434782608696,0.026224998452677117,0.23432872683617456
puruzeRa,5,9,45,8,0.9583333333333334,0.008272805899639635,0.04508445088043733,1.0,0.07871407260381635,0.2626152005652188,0.9795918367346939,0.07325715517199005,0.3564246665858595,0.9583333333333334,0.021132355236066713,0.217447960783393
putrAH,28,16,525,40,1.0,0.04021932296433717,0.26875986204305735,1.0,0.1000728500874688,0.5045873420687629,1.0,0.13846264532961527,0.5737192734423415,1.0,0.008934511121160171,0.18656129328544102
putrAn,21,8,405,14,0.9583333333333334,0.009003925328212703,0.038640152182395915,0.9583333333333334,0.11588279940841006,0.5952440378376554,1.0,0.09591033683400518,0.6048787991293043,0.9583333333333334,0.006055981027093593,0.030225280557806822
putra,34,100,1327,95,1.0,0.02361688208752777,0.2335498941195402,0.9361702127659575,0.10138037363096808,0.4922049472947958,0.9795918367346939,0.10858794629076851,0.6027604477401521,1.0,0.020966778983449674,0.24252021502068632
putraH,123,51,1484,79,0.9795918367346939,0.056233487594654075,0.28820744302150625,0.9795918367346939,0.10610506684440035,0.43050913926242884,0.9361702127659575,0.10945232415333284,0.4218254568492037,0.9795918367346939,0.020209511595883134,0.20718001848751677
putram,85,30,900,42,0.9361702127659575,0.035055249499234775,0.24434999404590307,0.9130434782608696,0.09088674398986885,0.48480878103477376,0.9361702127659575,0.07880676501212791,0.5318799893415493,0.9583333333333334,0.019092568191620307,0.2369195800797269
putrasya,21,15,349,22,0.9795918367346939,0.009598576839570439,0.048817464661726095,1.0,0.07991516811548904,0.5806980100027139,1.0,0.08250012788777761,0.5878236368532889,1.0,0.005756367457516287,0.03476030890327797
rAjA,251,74,2947,201,0.9795918367346939,0.06948240664592231,0.313245166011324,1.0,0.08505636156855811,0.5049060428381011,0.9583333333333334,0.0856021751250794,0.49032240673540595,1.0,0.05829110328466158,0.3255548821968517
rAjAnam,39,22,821,61,1.0,0.03520703206806619,0.17410532027846015,0.9795918367346939,0.08053117765088214,0.5605841321189661,0.9795918367346939,0.07118689981860515,0.5712414659057348,1.0,0.01711397322229502,0.15327779007383047
rAjYA,20,11,339,34,1.0,0.005766529427246425,0.046569221064969746,0.9795918367346939,0.07544453025091058,0.5595059159112161,0.9795918367346939,0.12805843415217888,0.6315068090201571,0.9795918367346939,0.025786985078889102,0.11830562598341066
rAjYaH,42,30,771,85,0.9795918367346939,0.018040760923433874,0.15078885559533384,1.0,0.07576205395867863,0.43830604873623846,1.0,0.12579462247460338,0.6145905021095743,1.0,0.016671313730165283,0.3100387925857212
rAja,24,29,4394,198,1.0,0.008087545618946534,0.14191030313790565,1.0,0.07635803332152702,0.5477797308334507,1.0,0.1856184102589149,0.7555514602406798,0.9583333333333334,0.02218095199940684,0.39588409807247504
rAjyam,40,5,819,34,1.0,0.019453036144243097,0.2663663176787465,1.0,0.06768777685495153,0.5638673884276875,1.0,0.08519341758793364,0.5436783977341553,1.0,0.0223860525720615,0.2437267714445175
rAtre,30,6,11,12,0.9361702127659575,0.035546405352382404,0.1238988020489824,0.9361702127659575,0.031017823360613206,0.2253953226234523,0.9130434782608696,0.052604377558595705,0.1655707612552768,0.9583333333333334,0.012849124031202197,0.05540847862892151
rAtriH,37,8,57,13,0.9795918367346939,0.047362530306189865,0.2825334831215641,0.9130434782608696,0.049130675061084705,0.3552321040177986,1.0,0.0793494462460208,0.3772781251745774,0.9583333333333334,0.01747408194719635,0.16842011384962996
rAtrim,32,10,85,12,0.9795918367346939,0.020733445559858454,0.0807439484801522,0.9795918367346939,0.055077291272133566,0.4194454494214317,1.0,0.06439208452267042,0.49195405427544214,1.0,0.005836947291819827,0.04777405247905331
rUpARi,62,71,111,11,0.9361702127659575,0.025356760639852927,0.16583055719377926,0.8888888888888888,0.07218587785204555,0.3160738723965606,1.0,0.1172989445460687,0.5212278297616105,1.0,0.035449290588790094,0.23209400537182412
rUpa,13,226,396,77,0.9795918367346939,0.041218726754477686,0.2538527418555445,0.9795918367346939,0.138993918471656,0.564508744978237,0.9583333333333334,0.12923598548807413,0.6024723906919617,1.0,0.01655092235106148,0.26518819815031147
rUpaH,31,52,180,11,0.9795918367346939,0.028415901809224375,0.16689800726826132,0.9583333333333334,0.11257288496876405,0.490696724653109,0.9361702127659575,0.05982701834498705,0.4787216435426118,0.9583333333333334,0.0115727593063224,0.040524234295909345
rUpam,529,288,848,82,0.9583333333333334,0.04367767290192581,0.1719710388965111,0.9583333333333334,0.072136343661524,0.43013154257523933,1.0,0.0816375187622208,0.4815968857871954,0.9361702127659575,0.061949713295441966,0.26570924792612505
rUpe,10,42,54,10,1.0,0.03488945631684526,0.25149238868644674,0.9795918367346939,0.11522272648945553,0.5373541700910376,1.0,0.08585422428649425,0.48856695884714996,0.9795918367346939,0.004953988183498348,0.09642454327870631
rUpeRa,126,151,328,33,0.9795918367346939,0.07067614067011585,0.2194151633562268,0.9583333333333334,0.12166965999380164,0.4654005215426129,0.9583333333333334,0.09532768412464865,0.5514582263120235,0.9583333333333334,0.050549622404424066,0.39853416273461706
raTa,31,27,1539,115,1.0,0.026106006648966118,0.14020517421344447,0.9795918367346939,0.11582470668387634,0.6118125853484353,0.8888888888888888,0.13403973990380535,0.4916212131144303,0.9583333333333334,0.020261538221578168,0.2879258614456939
raTaH,135,14,773,17,0.9795918367346939,0.03186356338320606,0.3379053258514553,0.9583333333333334,0.10792555998791531,0.5611498879931709,0.9795918367346939,0.07993784358380585,0.5738261252207464,1.0,0.038688873020116143,0.3708014297243538
raTam,162,7,1218,38,0.9583333333333334,0.02386117689089351,0.2665185087551668,0.9583333333333334,0.08156975895616703,0.6214925358004566,0.9795918367346939,0.14035539246808948,0.6757871501704138,0.9130434782608696,0.03367389802489462,0.18789362815264166
rajaH,60,10,227,8,0.9583333333333334,0.01695645066212237,0.21653512685029486,0.9795918367346939,0.06481054999782943,0.5229031159469971,1.0,0.06324825419275404,0.5440317720399179,1.0,0.020661681683732835,0.21210953434708912
ramate,8,17,76,6,1.0,0.015188142792062598,0.05852511156911766,0.9130434782608696,0.06438547944872197,0.42266444485479193,0.9795918367346939,0.04963472575364525,0.41455364798110117,0.9795918367346939,0.005633607870729529,0.00986165681427198
rasaH,65,96,72,6,0.9795918367346939,0.030808039790565567,0.22627433525191443,0.9361702127659575,0.06885486285234921,0.295999482130902,1.0,0.0798726108937361,0.34308948149746077,0.9795918367346939,0.0068682468708423094,0.24407803878624978
rasam,78,14,59,16,1.0,0.035986349059264566,0.22990754676974523,0.9583333333333334,0.0707926348407697,0.3300889340973079,0.9795918367346939,0.06996401703088484,0.331918236744679,1.0,0.013257420083536253,0.2013772021521142
rasena,15,10,8,19,1.0,0.019012625271377592,0.07601811853186069,0.9361702127659575,0.052066496868757306,0.20042782518314706,1.0,0.07390380317173728,0.22072548379552492,1.0,0.009076195778354279,0.04984249902482207
retaH,124,82,44,13,1.0,0.03039794944653096,0.22410605620857926,0.9795918367346939,0.07414826985259038,0.3815710713264546,0.9795918367346939,0.06985615495212494,0.3416986654295142,0.9583333333333334,0.014243751132084315,0.20113843464690917
rudrAH,42,14,61,6,0.9361702127659575,0.02350382827638109,0.21581941765228674,0.8888888888888888,0.0481758299011783,0.26542992397726284,0.9795918367346939,0.07970726706611753,0.3527284911046058,0.9795918367346939,0.011947204386678068,0.2341097487237479
rudra,40,6,99,6,1.0,0.01634062357124244,0.108182438673607,0.9795918367346939,0.09552262016713353,0.4637764254493668,0.9795918367346939,0.06599287897038786,0.42765839247534254,0.9795918367346939,0.021992460906396838,0.12578255823516027
rudraH,45,7,133,8,0.9795918367346939,0.026330422022284194,0.15222386845081615,1.0,0.08115793994081388,0.36128321721717305,0.9795918367346939,0.06954494049319226,0.3564046296461928,0.9795918367346939,0.02118252645069496,0.062409323610249756
sA,499,320,2334,214,0.8095238095238095,0.04195994257253277,0.11353706534306218,0.8372093023255813,0.07375532981580601,0.2867148739471381,0.9795918367346939,0.13044581261011268,0.367343079650712,0.9795918367346939,0.04954411822960769,0.1942202803399662
sADanam,11,117,50,16,0.9130434782608696,0.025140035671922578,0.3570018824189347,0.9583333333333334,0.11677759430033008,0.4526374327717556,1.0,0.06521515105163311,0.3261255558369225,0.9795918367346939,0.005712835186933329,0.1557039730313683
sADu,22,80,672,13,0.9795918367346939,0.009158919492900375,0.22159092109147727,0.9130434782608696,0.07413884678922411,0.666970938726578,0.9795918367346939,0.0785867609185732,0.701713601386173,1.0,0.009258429625129239,0.02989997810227618
sAma,256,272,80,103,0.9583333333333334,0.0593681658275067,0.3046359680483772,0.8636363636363636,0.09991413714108122,0.5037489489247373,1.0,0.153155465140852,0.6088531468314854,1.0,0.13038673221885466,0.5153370079765783
sTAH,6,14,175,16,0.9795918367346939,0.018518294582060335,0.051903297791359604,0.9583333333333334,0.06911492907808503,0.48553623197439344,0.9361702127659575,0.0837911147514332,0.4969825928695044,0.9795918367346939,0.007169626233882176,0.06528505652922012
sTAnam,11,32,348,85,0.9583333333333334,0.011212168683705781,0.10583499786822803,1.0,0.08496307063662178,0.5848617422191631,0.9795918367346939,0.1094455338380983,0.5652604367235802,1.0,0.00577941024484685,0.19658040229683826
sTa,106,11,45,50,0.9583333333333334,0.044475920263096214,0.37624276260729994,1.0,0.12140651658616364,0.4697884042324011,0.9795918367346939,0.07735973156681275,0.35634956443018606,0.9795918367346939,0.04370950395932438,0.3002992263971568
sTaH,29,37,348,25,1.0,0.03380426689110139,0.28201099392031204,0.9583333333333334,0.07933968822289761,0.557521044161104,1.0,0.11632087690850945,0.5866211036602718,0.9795918367346939,0.01704711217290089,0.1067379798564988
sTitam,18,24,313,14,0.9795918367346939,0.025768377888108485,0.08268593221718545,0.9795918367346939,0.06515438780999916,0.5593765243506283,0.9795918367346939,0.13373914977134238,0.5837388002431004,1.0,0.0075093499176694944,0.046454637878650784
sTitiH,12,16,59,24,0.9795918367346939,0.006620566679002127,0.04263131484799165,1.0,0.0896342294916227,0.283024977699355,1.0,0.07487861325056577,0.295728289674387,1.0,0.013975469979170319,0.02203119149751398
sUrya,89,18,375,23,1.0,0.022958765942367454,0.21345436395357265,0.9795918367346939,0.08942640162482185,0.5204888229609537,0.9795918367346939,0.1400762334966822,0.6449956577019206,1.0,0.06725220379114072,0.28562225592649937
sUryaH,267,28,224,34,0.9361702127659575,0.03217058889208324,0.17959336939570358,0.9130434782608696,0.049838069088713355,0.2745878244772879,1.0,0.09954984348312557,0.39642017303047505,0.9795918367346939,0.06339299627649098,0.29561178534761545
sUtram,5,23,13,39,0.9583333333333334,0.03412398656823812,0.13948797573963245,1.0,0.09599134759972128,0.4061654011880109,1.0,0.08243569305712095,0.32372777808992703,1.0,0.016353219695651622,0.15029145602423288
sa,2449,1480,16989,1071,0.9583333333333334,0.033887534992769974,0.1605714517661203,0.9795918367346939,0.057280993699383886,0.5079880142682758,0.9795918367346939,0.08064749326348597,0.5891708497727518,1.0,0.03916190889002025,0.33151717194318164
saH,822,792,2628,274,0.9795918367346939,0.0380339197103311,0.2429685005953316,0.9583333333333334,0.0635667343048616,0.4651734043364444,0.9583333333333334,0.09675978331622781,0.5177848364589595,0.9795918367346939,0.04204254761749393,0.26533232865968703
saMpadyate,27,9,34,12,1.0,0.05261050746088969,0.16932136380475182,0.9583333333333334,0.07280632963426825,0.2742572090845844,0.9130434782608696,0.06854063234380525,0.5173141150850931,1.0,0.03952203805369403,0.21341008046011734
saMvatsara,10,14,37,18,1.0,0.02242313952197761,0.08360709429268165,0.8888888888888888,0.053949987883889605,0.2940827992993451,0.9583333333333334,0.07482283217962549,0.28510005022301566,0.9795918367346939,0.008935354584597599,0.04572408185302801
saMvatsaraH,87,26,28,19,0.9583333333333334,0.03879738690482715,0.16350556585155762,0.9583333333333334,0.040300538856348544,0.20545064773366573,0.9130434782608696,0.06041337309518646,0.2700535772863877,0.8888888888888888,0.012761152929201658,0.09827659201095229
saMvatsaram,66,22,66,45,0.9795918367346939,0.058318134533524746,0.21120621052988575,0.9795918367346939,0.09555042942225311,0.45751204169147286,0.9361702127659575,0.07609836400734848,0.3639049344439145,0.9130434782608696,0.022630509899392415,0.07899453900821052
saMvatsarasya,69,11,5,7,0.9361702127659575,0.031095736146227626,0.21851850645543958,1.0,0.03996187524636707,0.11781971207075381,1.0,0.04354963182245164,0.1753107525955615,0.9361702127659575,0.010081582050265991,0.08005424945883188
sadA,153,20,1538,55,1.0,0.054298519377217414,0.5005630807566978,1.0,0.051324015004124424,0.4466082376567361,1.0,0.06722188859161737,0.4757038128271631,0.9795918367346939,0.04542268987072151,0.40842080414658777
saha,362,144,3244,288,1.0,0.03355319342260843,0.2121792110770231,1.0,0.08436672216015872,0.5103540082290051,1.0,0.13076975685925551,0.5084292866017829,1.0,0.0231960090413742,0.1389263442868931
sahasrARi,17,10,699,31,0.9583333333333334,0.015377604019617186,0.04171006701375235,0.9795918367346939,0.08839594711964682,0.5140776048014004,0.8636363636363636,0.09162042914592139,0.37707979493956967,1.0,0.03779192323916958,0.26389209564454474
sahasra,257,20,374,44,0.9583333333333334,0.020803684308382975,0.19333418869618835,0.9583333333333334,0.13274521625943025,0.46307639586275995,0.9361702127659575,0.07914911676914471,0.5494487127406031,1.0,0.05883728005043121,0.4534611461006297
sahasram,129,28,293,60,1.0,0.08573235684275904,0.3535011197380673,0.9795918367346939,0.18772483224176484,0.6163062294462429,0.8636363636363636,0.0657042945373465,0.4091636391687806,0.9795918367346939,0.03147991261536809,0.20165008077067437
sakft,31,19,66,147,0.9361702127659575,0.021388474494125398,0.10900046213694292,1.0,0.07497111027034709,0.3677181659268507,0.9583333333333334,0.10362659092265303,0.5347649155205919,1.0,0.027845955592200933,0.25878613473871215
samAH,7,16,231,20,0.9583333333333334,0.014735796635266696,0.05654453379558033,0.9795918367346939,0.061004488650536204,0.41704288045858773,1.0,0.08057029121664483,0.5518686531692456,0.9130434782608696,0.009531814561966612,0.11604223886148679
samAhitaH,7,8,248,23,1.0,0.013087371177652352,0.019943511061851105,0.9795918367346939,0.06738800582258098,0.48540471518177974,0.9795918367346939,0.1016177095904709,0.48500344033638254,1.0,0.005330580987511824,0.018148079071239387
samAna,18,56,82,52,0.9583333333333334,0.03507154209028496,0.3051451654251276,0.9795918367346939,0.13426673576976766,0.44295596807032545,1.0,0.12265161521045576,0.6165389042948844,1.0,0.020336102481187335,0.15910135710133866
samAnaH,19,26,29,9,0.9361702127659575,0.023314486810357082,0.11373755241260186,1.0,0.0869313694029098,0.2899339450367011,1.0,0.06161907311973047,0.3082028518666813,1.0,0.007538030957820463,0.030764692797976445
samAnam,68,77,13,75,1.0,0.04186870063565962,0.23227705589888492,1.0,0.09485771607172555,0.3585894381492484,1.0,0.04934224886670213,0.20531098997857733,1.0,0.027666836446999632,0.18309955924754195
samam,7,38,384,72,1.0,0.02086522046775363,0.17370958355478117,1.0,0.10118542903249772,0.6685501255544029,1.0,0.10536355791514296,0.6362459038017472,1.0,0.0045333428516746155,0.20085948496333306
same,37,9,34,17,0.9795918367346939,0.033435575373324755,0.4386165740110055,0.9795918367346939,0.08180972799704334,0.5197923380432095,0.9795918367346939,0.0632091329191441,0.4010097094732197,0.9795918367346939,0.028505943249794052,0.4531340571166973
samiD,13,51,7,47,0.9795918367346939,0.07053909388168056,0.44564496109438456,0.9795918367346939,0.08355920542845585,0.40071253573309384,0.9795918367346939,0.0679596912586593,0.3950251964226864,0.9583333333333334,0.023796103547837344,0.2810417041509734
samudra,13,19,106,12,0.9795918367346939,0.014797571336199522,0.1672907875247609,1.0,0.13962323100124452,0.5598116710962008,1.0,0.08986204828170996,0.5615045382096102,0.9795918367346939,0.010432177692487055,0.15261190498159594
samudre,48,10,42,7,0.9795918367346939,0.011383503541803619,0.08431782363979612,1.0,0.058727131071039884,0.3352230013048484,0.9795918367346939,0.05899503123178651,0.36029931668100734,0.9583333333333334,0.012209886313698903,0.06549129533066256
samyak,11,45,516,48,0.9795918367346939,0.0073718010857928284,0.08392230081203367,1.0,0.10269495830452524,0.5772533870066233,1.0,0.1001932665983164,0.5086507887956582,0.9795918367346939,0.004126690246042175,0.08852446371592793
san,73,170,172,23,0.9130434782608696,0.011756860126628577,0.15688608653908087,0.9361702127659575,0.06627182581512725,0.3534618679184065,1.0,0.08106507975961752,0.4734634329511418,0.9130434782608696,0.00822247822111144,0.15468543565557047
santaH,20,62,143,8,0.9583333333333334,0.027192952206655185,0.12983031459958605,0.9795918367346939,0.0908561922235891,0.36642829716414616,0.9130434782608696,0.0774265798120729,0.3843693890048234,1.0,0.009918246265983699,0.04073198666816902
santi,76,12,206,12,1.0,0.023771181239713224,0.2722852695307223,0.9795918367346939,0.12181016856550708,0.4802720042925269,0.9795918367346939,0.09201795870230434,0.4800339810341795,0.9795918367346939,0.02099234940311856,0.2998067082105751
sapta,406,31,439,202,0.9361702127659575,0.023002401863300714,0.1990671850500807,0.9130434782608696,0.0515869100145675,0.4048946217237611,0.8372093023255813,0.06916870484174664,0.360580193910661,0.8372093023255813,0.025698343227939957,0.2620196672668984
saptamaH,5,16,13,15,0.9583333333333334,0.05714907888370169,0.34213138892404604,0.8636363636363636,0.07365065490764999,0.36281147949898096,0.8888888888888888,0.042466373110977784,0.19384129568176,0.9583333333333334,0.008459122246395112,0.13469297532347424
sarpa,9,33,126,52,0.9361702127659575,0.030904490491753145,0.340318283364208,0.9795918367346939,0.1483587580070631,0.5763048203948428,0.9583333333333334,0.0934653552162078,0.6310319877003735,1.0,0.013578276879057438,0.2719142935468536
sarpiH,23,5,16,8,1.0,0.014302790539680421,0.0423575546181173,0.9795918367346939,0.06542864381161384,0.37460465343239324,0.9583333333333334,0.07205280320617247,0.3194764404964514,0.9583333333333334,0.007243204203751463,0.06999275759031554
sarvA,53,18,75,7,1.0,0.018858994331539702,0.06149635137866438,0.9795918367346939,0.07442103964901337,0.4394988119644412,1.0,0.13736241394421145,0.512936419671681,0.9583333333333334,0.004155619329523463,0.03629706748007733
sarvAH,191,45,670,55,0.8372093023255813,0.025626681701707232,0.16159511516717318,0.75,0.0841241634539398,0.38029503733715164,0.9795918367346939,0.09877337469092895,0.4748911916795575,0.9583333333333334,0.01783470784436325,0.1045254027730309
sarvARi,54,132,471,43,0.9795918367346939,0.04779191836072516,0.2252424119069334,0.8636363636363636,0.078888209830551,0.40369629003882435,0.9361702127659575,0.07523866553563041,0.5301311574641634,0.9795918367346939,0.018976759553621658,0.15634741771853755
sarvAn,185,67,1361,73,0.8372093023255813,0.01675450619257257,0.0967358897593622,0.8636363636363636,0.09379208452483967,0.3409436480666961,0.8636363636363636,0.10410106536459685,0.43717468727579856,0.8372093023255813,0.022452157994142574,0.14009952734271747
sarvAsAm,21,10,38,10,0.9795918367346939,0.019943956263813734,0.15456313606600935,0.9795918367346939,0.09181914249549272,0.3127122254123156,0.9795918367346939,0.09042375136324932,0.3195101421352857,0.9583333333333334,0.007507240457829245,0.05455811958194223
sarvAsu,5,10,109,11,1.0,0.0167555221856982,0.02972443649924561,0.9583333333333334,0.10403357588677631,0.5038844235637545,0.9583333333333334,0.0783607743401793,0.5213414870924197,1.0,0.005305734281823349,0.028830236814379684
sarvEH,33,29,436,18,0.9795918367346939,0.04152046014112709,0.1960723881248052,0.9795918367346939,0.09643062764716992,0.5785612110208882,1.0,0.12829730815016216,0.6441025236144904,1.0,0.016158885680832347,0.21890746851508147
sarva,188,734,5485,439,0.9795918367346939,0.049222620400218076,0.22774505245724797,0.9795918367346939,0.11309057818937274,0.3821164024361152,0.9795918367346939,0.11661678539138143,0.5652694749588206,0.9795918367346939,0.03267313597267629,0.34958753520033103
sarvaH,37,74,152,16,0.9795918367346939,0.04356871338123536,0.3258191184527709,1.0,0.06940694980990758,0.43254638887711616,0.9795918367346939,0.05259755686383061,0.4579224118544518,1.0,0.019068832810372083,0.1511017435763118
sarvadA,21,26,121,16,0.9795918367346939,0.007749738777168669,0.10636987529764941,1.0,0.08985809147921386,0.376563164595217,1.0,0.0642363631291697,0.35382810005502374,0.9795918367346939,0.007360612982927117,0.06557775915054176
sarvam,353,593,2652,205,1.0,0.04710149084103754,0.21617770910447542,0.8636363636363636,0.07745702344685179,0.41523298385836327,1.0,0.09198100323982594,0.5057385255295226,0.9130434782608696,0.02303435843479884,0.18526462252834608
sarvasya,57,128,186,32,0.9795918367346939,0.06763002414415775,0.39517489447960674,0.9795918367346939,0.12081649627632085,0.38056290721937325,0.9583333333333334,0.07679629034825797,0.36134120617411325,0.9583333333333334,0.029496112477527037,0.20751278045482158
sarvatas,22,41,645,87,1.0,0.018527446325857788,0.0713756043921091,0.9583333333333334,0.06114376083286932,0.6702127292620467,1.0,0.1276899726930364,0.7436932870669954,0.9795918367346939,0.0316123303994007,0.3081940232305339
sarve,164,137,3333,84,0.9583333333333334,0.02931295620886676,0.1206996918653076,0.8372093023255813,0.08027480339002557,0.3878345138349848,0.9583333333333334,0.08840347662839099,0.5063217428612922,0.8888888888888888,0.012828146950383035,0.15775378823119035
sarveByaH,13,14,40,12,1.0,0.021041168989861636,0.17172772013467452,0.9795918367346939,0.0609683342205376,0.3086347630981596,0.9795918367346939,0.05424978232165234,0.2941010836875334,0.9795918367346939,0.006051888701415042,0.07805921552817763
sarveRa,22,10,25,10,1.0,0.026074949470193287,0.17361803389650587,1.0,0.058833132881688455,0.30537183930977785,1.0,0.07526233423881612,0.3332470437211511,0.9583333333333334,0.01614473010176276,0.06250231361548098
sarvezAm,63,112,647,118,1.0,0.056441759151589665,0.3802201232227338,0.9361702127659575,0.14603751351553929,0.45690317590366236,1.0,0.08779932453227057,0.5484144852203099,0.8888888888888888,0.013014797611127338,0.07148062483649387
sarvezu,30,46,261,61,1.0,0.04464195588863362,0.3324445077328313,0.9361702127659575,0.1286344251660717,0.5596059401354503,0.9361702127659575,0.10008726984305683,0.5708121681148275,0.9795918367346939,0.02661538990091683,0.16752355679909448
sat,85,311,350,54,0.9795918367346939,0.053576782615430196,0.22821441473774118,0.9361702127659575,0.17044677992405355,0.5563498783476571,0.9795918367346939,0.10148322366739726,0.5755959755592724,0.9795918367346939,0.04264371372446274,0.2612742340172376
satI,16,20,84,5,0.9795918367346939,0.016975133662768038,0.09991362821820027,0.9583333333333334,0.053271365865946385,0.3775047673300267,1.0,0.10689916492327867,0.4337140799470367,1.0,0.011751187780528971,0.03970052785357714
sataH,29,59,58,6,0.9795918367346939,0.03175586837501354,0.3818351281504243,0.9583333333333334,0.13856643029271998,0.5646940104852627,0.9795918367346939,0.07043183432650002,0.3343864175500969,0.9361702127659575,0.008093172778126267,0.060781056126902766
satyAm,8,22,32,7,0.9795918367346939,0.008286526747464995,0.17615093628046985,0.9795918367346939,0.1438515307067999,0.5320629315484556,0.9583333333333334,0.06263204287597413,0.4051872059958411,1.0,0.006901167712279221,0.04677270721782811
satya,96,122,984,34,0.9795918367346939,0.04315075350807851,0.3567753678292167,0.9795918367346939,0.12329938582507016,0.5786008007646111,0.9583333333333334,0.0846113238081454,0.5823539797413995,0.9583333333333334,0.02691293844219489,0.08043378424008119
satyaH,64,10,42,8,0.9795918367346939,0.016516104521993258,0.3285240403546005,0.9795918367346939,0.11322812244187763,0.3871360212998207,0.9795918367346939,0.09412998798988992,0.402186746127437,0.9795918367346939,0.028486538758329183,0.37727052724831456
satyam,133,272,802,63,0.9583333333333334,0.0746126269637094,0.2965829370218549,0.9583333333333334,0.09853690297564377,0.3676181611488002,1.0,0.07703420334532296,0.4091179217059714,1.0,0.042679952823112544,0.24893645416223653
satyena,19,16,165,17,0.9795918367346939,0.01976268638474743,0.0688264947269106,1.0,0.08981235726778924,0.4405287629812069,0.9583333333333334,0.05153009949817533,0.4322059853748641,1.0,0.021083033619658798,0.028458464395711536
savitA,268,29,49,49,0.9583333333333334,0.054015628977102215,0.3478903343684726,0.9361702127659575,0.05972941690970479,0.30392448159774865,0.9583333333333334,0.11905594696530841,0.31037030772729224,0.9130434782608696,0.04478189635637009,0.10931725536208581
savituH,73,23,23,42,0.9795918367346939,0.028274955397303625,0.3704069181668319,0.9361702127659575,0.045994599015719895,0.2327658255785252,0.9795918367346939,0.08765622177700672,0.302241877365826,0.9361702127659575,0.0721785305585998,0.241025217922743
sma,184,40,1207,9,0.9583333333333334,0.05390289788878644,0.29080706123987765,0.9795918367346939,0.14038871876656434,0.6138788243605156,1.0,0.08914904376246857,0.5888759078506405,1.0,0.03683870514113663,0.32911273908988137
smaH,6,10,41,6,1.0,0.025785332827581442,0.08084706850941359,0.9795918367346939,0.09186832773441567,0.2727816827205819,0.9795918367346939,0.0796911684846251,0.36742381664463,0.9795918367346939,0.007867985732947225,0.013628589459640628
soma,649,34,172,115,1.0,0.0730055227307399,0.4444921111442035,1.0,0.09159764715980157,0.4536911384544522,0.9583333333333334,0.09904478639017589,0.47259634928618055,0.9361702127659575,0.042797392089393704,0.2661147303750261
somaH,489,31,139,72,0.9795918367346939,0.09926622331581914,0.4133783420539092,0.9795918367346939,0.06323824604288586,0.2700095038961364,0.9583333333333334,0.11546660974558232,0.43395616165530093,0.9795918367346939,0.04255417386101168,0.3313240292484767
somam,284,12,92,74,1.0,0.06822606630630834,0.46328120436370046,0.9583333333333334,0.041377231910957435,0.3391326529626385,1.0,0.09524624213302901,0.3907243038683895,0.9130434782608696,0.05787937556747835,0.36045589668207045
stenaH,13,9,23,11,1.0,0.01564061415800122,0.08926210033914539,1.0,0.07875137042275027,0.2770816719924577,0.9795918367346939,0.05239322145127068,0.24401364844125606,0.9795918367346939,0.008370741475914656,0.075824069163551
strI,15,46,477,163,0.9795918367346939,0.012231562631003667,0.13072153734175584,0.9795918367346939,0.07841182827721638,0.5379895488499224,0.9795918367346939,0.10493490388234339,0.541395998625589,1.0,0.013054566699104098,0.19953922971797478
striyam,12,9,95,34,1.0,0.012571706917028247,0.030712490376697765,1.0,0.07181895164603869,0.43225607506033525,0.9795918367346939,0.07804661275790892,0.46046379367956014,0.9795918367346939,0.015507913068498635,0.09153677110815683
su,2153,65,5560,261,0.9795918367346939,0.03443460637367257,0.23932348720680785,0.9795918367346939,0.06913987062691485,0.5849366873173707,1.0,0.15715998525001318,0.6818591456510209,0.9795918367346939,0.0454258710823785,0.22009434884410584
suKa,9,55,604,27,0.9795918367346939,0.03368873782047055,0.2818162048218079,0.9583333333333334,0.1072328591385383,0.6467212636210157,0.9361702127659575,0.09221501202602267,0.6359492228833927,1.0,0.010202654293231195,0.08360096213844981
suKam,9,40,888,32,0.9795918367346939,0.024664077919482663,0.289048583118915,1.0,0.11633991681266753,0.6002867444206148,0.9583333333333334,0.06748287138935793,0.4660975779102948,0.9583333333333334,0.007713480299846531,0.09231985357828776
suvarRam,6,17,82,20,0.9795918367346939,0.022993758017787136,0.21741147272540307,1.0,0.07610552852673091,0.4317412210314471,1.0,0.07542747215334389,0.4141473253224055,0.9583333333333334,0.005895743674532161,0.09164764932793923
svAH,24,8,9,6,1.0,0.04448784571750064,0.18941241391485353,0.9130434782608696,0.0520868187827378,0.2660412197083747,0.9583333333333334,0.07073989636198008,0.33222003659436283,0.9795918367346939,0.020008641157464258,0.10295810215525081
svAhA,336,81,37,254,0.9361702127659575,0.10072165443654024,0.2432864687604941,1.0,0.12673655734890332,0.3762115139814606,0.9795918367346939,0.07604698701544577,0.3141935321698921,0.9361702127659575,0.07565669156071941,0.2066041150622291
svAm,18,11,107,7,1.0,0.03017359163655442,0.09601888538376024,1.0,0.05895465543236711,0.44406827418824435,0.9795918367346939,0.0698313911070626,0.480825305359039,0.9795918367346939,0.012745202964457802,0.020944327761755477
sva,150,289,1652,342,1.0,0.0334620053380994,0.2774002035327263,0.9583333333333334,0.09466591461049634,0.46875596547100096,0.9361702127659575,0.11635069597506953,0.5127970395948727,1.0,0.062426078854327605,0.42820538245582185
svaH,28,12,25,7,0.9795918367346939,0.010477922868918466,0.042505189552425326,0.9583333333333334,0.06321046533314245,0.3392010455494665,1.0,0.07281004358957566,0.34764906089988434,0.9795918367346939,0.011129658690449351,0.07595038179763924
svam,49,79,471,88,1.0,0.024194724533089906,0.23983506218292727,0.9795918367346939,0.07396791341962183,0.582114337112882,0.9583333333333334,0.07376221796643623,0.5970250300294531,1.0,0.019053800908630403,0.20368557850516944
svapna,20,116,54,8,1.0,0.026062403963622915,0.31755589410457774,0.9795918367346939,0.07789849668433868,0.4517288214326691,0.9795918367346939,0.06292913700081582,0.3788476869873788,0.9583333333333334,0.0056060759789906545,0.13250424465843724
svar,261,24,29,60,1.0,0.08059416822459298,0.3610293803130282,0.9583333333333334,0.11947602089951415,0.48107152544985765,0.9583333333333334,0.11649569182491692,0.4260325324220302,1.0,0.08741712233044996,0.43068853166075505
svara,21,16,37,30,0.9795918367346939,0.01089106686509933,0.04681220188166446,1.0,0.08530376868673328,0.3893454784834012,0.9583333333333334,0.0718704274149784,0.5007960738898403,0.9583333333333334,0.02459959893961694,0.1505132901788988
svaraH,10,22,25,7,1.0,0.026462294644778006,0.09626783917197734,0.9583333333333334,0.09213992526916126,0.5170956573231996,1.0,0.06473538934843381,0.3520656497172979,1.0,0.015539114120188269,0.1046764535674587
svarga,29,37,412,35,0.9795918367346939,0.0731007354140174,0.39338319532721,0.9795918367346939,0.11823746777323041,0.46228930723051553,0.9795918367346939,0.09553958107136862,0.4669791057088726,0.8095238095238095,0.021812880188612493,0.06962981483446773
svargam,127,24,354,27,0.9361702127659575,0.03183154933060217,0.1544330452570355,0.9130434782608696,0.06123231552386754,0.3839699789033525,0.9361702127659575,0.10282576733411919,0.37444943066383507,0.8095238095238095,0.03568014612451054,0.13598578454926935
svayam,47,122,987,175,1.0,0.02092426838303374,0.2035236610018698,1.0,0.10735951568630908,0.5544251077962876,1.0,0.10843324343129934,0.5592073999994078,1.0,0.013838838631746175,0.10520788414873572
sve,67,15,93,20,0.9795918367346939,0.019697358138465293,0.12211352330568681,1.0,0.07358078699496096,0.4961023405560898,1.0,0.1001270000139095,0.49595914720080425,0.9795918367346939,0.012662774619805028,0.07437000243112157
svena,55,84,173,29,0.9583333333333334,0.06877342072153758,0.19094534945345698,0.9583333333333334,0.13384811676650699,0.45167880671265004,0.9583333333333334,0.09618865714024594,0.48301218996861095,0.9361702127659575,0.0328933834470122,0.21855665501968669
svid,65,25,141,16,0.9583333333333334,0.04620000129901547,0.21760306855567868,1.0,0.12993239715617289,0.4957716697175816,0.9583333333333334,0.06750589226180015,0.38207393347170293,0.8888888888888888,0.024086364299358953,0.18461854282139956
syAm,27,37,40,7,0.9583333333333334,0.03871177538542059,0.19336850625255075,0.9795918367346939,0.0713506377770845,0.2590515539709689,0.9795918367346939,0.0843115944718692,0.2935746768662769,0.9361702127659575,0.011913468051275689,0.10245933025711218
syAt,154,480,1214,501,0.9583333333333334,0.04645575495920029,0.2416927290564721,1.0,0.06814383469225904,0.45920775103932454,0.9361702127659575,0.05767349483529738,0.3962792832957953,0.9795918367346939,0.021120609884086372,0.15256931213617664
syAtAm,12,16,22,15,0.9795918367346939,0.011853142963187624,0.10007908650639807,0.9795918367346939,0.07911986526609172,0.3288078304754978,1.0,0.07206658619918316,0.3463086434928372,0.9361702127659575,0.005409692320804016,0.023351769144796974
syuH,34,17,161,110,0.9795918367346939,0.02962036434842874,0.22386056990219183,0.9795918367346939,0.08994829353495049,0.3963194497634748,0.9583333333333334,0.0737236102486225,0.2730026532516623,1.0,0.01972109352421214,0.20782875666389022
tA,224,169,333,143,0.9583333333333334,0.038268020245934786,0.30066514292934887,0.9583333333333334,0.10941738337137086,0.46602395180048695,0.9583333333333334,0.0638395608932042,0.47044042756045923,0.9795918367346939,0.04377732486005026,0.2753473181346666
tABiH,94,24,42,60,1.0,0.06282939717585634,0.5055695517420052,0.9795918367346939,0.04539062821523243,0.31170227115393745,1.0,0.143595658204844,0.5264572746228813,1.0,0.0849819928738691,0.4722492362756461
tAByAm,44,19,137,40,1.0,0.02453070156688697,0.26264848700482446,1.0,0.0883943017623392,0.5119868890814745,0.9795918367346939,0.08705343035961732,0.5702237606803916,1.0,0.05440555277336012,0.31087565890971414
tAByaH,15,10,14,11,1.0,0.019522823277091317,0.043795216836034045,0.9795918367346939,0.055753025797353306,0.1963251272753479,0.9795918367346939,0.05123054064269461,0.2060837550817911,1.0,0.007340922882971057,0.059879687619988076
tAH,459,120,567,191,0.7804878048780488,0.034219627169172706,0.16585809789026373,0.7804878048780488,0.06330168879848397,0.3550531191641888,0.8372093023255813,0.09007483454615506,0.3689838659470589,0.75,0.021776001569661863,0.14019648905841642
tAm,312,176,2719,201,1.0,0.03667482365268826,0.22261447634857112,0.9130434782608696,0.07170975047108197,0.41278213286727927,0.9795918367346939,0.08208010656594267,0.4886251024787931,1.0,0.03787752017596535,0.19318100555428197
tAn,290,82,2425,145,0.9583333333333334,0.0358541407272307,0.15649568321972018,0.9130434782608696,0.08472902328804022,0.4425692627250808,0.9130434782608696,0.11341825896003299,0.47719234299023816,0.9583333333333334,0.028491302941880958,0.159793087353592
tAni,154,123,557,101,0.8888888888888888,0.026614094978433034,0.07906175358145517,0.75,0.07257702630666163,0.36836910249816834,0.9130434782608696,0.08044109963751733,0.4800224606832777,0.9583333333333334,0.027885953754153592,0.14526613212622053
tAsAm,77,26,148,145,0.9795918367346939,0.02372439401781745,0.15244160466115386,0.9130434782608696,0.07113502797817994,0.37514314130404525,0.9361702127659575,0.10180083550409169,0.4505728667717832,1.0,0.0346052336489171,0.25043068098416066
tAvat,38,170,442,116,0.9795918367346939,0.02158034472954118,0.24746495885861752,0.9795918367346939,0.09627469481099227,0.5334317277603132,0.9583333333333334,0.09105402734442092,0.6001049899802269,0.9583333333333334,0.025709960669671683,0.2884768050122397
tEH,32,35,919,90,0.9795918367346939,0.028567340760105364,0.22472948163542028,0.9583333333333334,0.10613801844988635,0.5727869855285388,1.0,0.17534153750791182,0.6490524612543003,0.9583333333333334,0.027574636767620175,0.12569023078267882
tO,133,75,1442,78,0.9795918367346939,0.044582035356204974,0.2145260802489467,1.0,0.14164996186219392,0.48639349933037224,0.9361702127659575,0.13910392292843365,0.4744081597126437,0.9583333333333334,0.026181182997594754,0.2088374695179377
tUzRIm,12,7,111,135,0.9795918367346939,0.016760646463315765,0.027122975267525384,0.9795918367346939,0.08355874600069468,0.45558971933045966,0.9795918367346939,0.10668539716741521,0.6084969211631377,1.0,0.028709123868329578,0.305523930302811
taTA,188,938,10801,857,1.0,0.0316212966325764,0.22466267688140773,1.0,0.08653735772053928,0.5435795501378015,1.0,0.08658116099470914,0.5616832460426242,1.0,0.02118481769758529,0.16454306395219986
tad,48,1002,927,682,1.0,0.032258475211543014,0.18527575293837018,0.9795918367346939,0.09569350584395542,0.5652484668582409,1.0,0.10457809101440907,0.5718868303689716,0.9795918367346939,0.04458218071246445,0.2714097152774184
tadA,25,195,5477,116,0.9795918367346939,0.03154813905875442,0.22891703663994356,1.0,0.098349243812204,0.6786941206145831,1.0,0.17701180992387378,0.6630469005422073,0.9795918367346939,0.009487367548549619,0.12969457306195997
tam,1312,538,7036,470,0.9583333333333334,0.0292170597478304,0.16032949516667594,1.0,0.0842190920069763,0.46465895128111434,0.9583333333333334,0.08343318150231738,0.4877381226273121,0.9361702127659575,0.0320263221633027,0.2076037590931994
tamaH,109,45,321,15,1.0,0.02178478068079448,0.22611719818126097,0.9361702127659575,0.11410572143938835,0.4917141239863214,0.9583333333333334,0.09248663021607373,0.5586730605210948,0.9795918367346939,0.012228009192130518,0.18453866143031017
tapaH,71,86,1294,110,0.9795918367346939,0.025675045527537632,0.26102422354579513,0.9130434782608696,0.07369831960953499,0.4490398205912508,0.9583333333333334,0.12483526556244251,0.5536828044852309,0.9583333333333334,0.0454643213488225,0.20889064688693537
tapasA,52,28,628,26,0.9361702127659575,0.010407767552094938,0.0980121978141254,0.9795918367346939,0.1080650684299006,0.5219007272703803,0.9795918367346939,0.11395522954560122,0.5266163630297032,1.0,0.02176670760830579,0.05105281197654099
taptam,7,5,63,5,1.0,0.009591170107252744,0.04014054705429493,0.9795918367346939,0.06020830237403507,0.42524139183864573,1.0,0.09127453294829402,0.4286906220636012,0.9583333333333334,0.007705019296661675,0.02541245770836098
tasmAt,602,949,2239,325,1.0,0.04379510746954951,0.23855456864058877,0.9795918367346939,0.06250248238452838,0.4603624256259613,1.0,0.08939233545183456,0.4260006908233944,1.0,0.035534373423771526,0.21151781225535393
tasmE,241,77,460,62,0.9795918367346939,0.05399439258482963,0.2172458017451886,0.9583333333333334,0.09847719952025868,0.5108057991909023,0.9130434782608696,0.10991304698068494,0.46940129506599526,0.9795918367346939,0.04122418345843304,0.1467692598565593
tasmin,120,167,1495,167,0.9795918367346939,0.0362892546577015,0.3323777744811799,0.9361702127659575,0.09688824670922702,0.5649320699560505,0.9795918367346939,0.15702487291390588,0.6592793307950572,1.0,0.01813239037359149,0.3396823888655529
tasyAH,118,85,461,123,1.0,0.07399526378975463,0.45001846985078986,0.9583333333333334,0.09532056469987127,0.6373710993737945,0.9795918367346939,0.07243725590738248,0.5459507968789197,1.0,0.035171093315042534,0.2556251496746622
tasyAm,30,28,272,54,1.0,0.029353382275372986,0.11204357083436467,0.9583333333333334,0.07236704886887824,0.5435721880311876,0.9583333333333334,0.08533334075366128,0.5546047839527962,0.9795918367346939,0.008546091299041603,0.07065586894695397
tasyE,40,6,22,19,0.9583333333333334,0.023412041624638502,0.12655714871536272,0.9795918367346939,0.07871182502504515,0.3670152791866691,0.9795918367346939,0.061537177482494654,0.3290347298805396,0.9130434782608696,0.006509349477131665,0.10125756049112122
tasya,619,634,5299,675,1.0,0.04188953869806267,0.19509358287588363,0.9795918367346939,0.06476820228684976,0.473587194319659,1.0,0.08782165281478838,0.5011109692012276,0.9795918367346939,0.020451356323088032,0.20434491473405603
tat,3246,2453,9467,1398,0.9583333333333334,0.03370120924974285,0.139141077665617,0.9361702127659575,0.061687763105460314,0.3436594417809016,0.9583333333333334,0.08364313580264027,0.4449962671803265,0.9795918367346939,0.03552707136973532,0.17911246830240868
tatas,269,308,12191,609,0.9795918367346939,0.032853288625619315,0.2601017435504055,1.0,0.09016903272420318,0.5121982169106564,0.9795918367346939,0.05961257582117996,0.5119579492817425,1.0,0.03705312133722394,0.29648584751049833
tatra,144,615,5794,895,1.0,0.013967186507679252,0.14700369434141114,1.0,0.07072726083358383,0.506643018416131,0.9583333333333334,0.08963575294499093,0.5952065531756969,0.9583333333333334,0.02091085903075174,0.2755215907063536
tava,430,85,3962,35,0.8888888888888888,0.03570908475778023,0.2812928689126577,0.8372093023255813,0.06529752869472027,0.47996809604306967,0.9795918367346939,0.09893767966289646,0.5072535889894811,0.8888888888888888,0.03691314724936501,0.19464202348514315
tayA,86,112,328,70,1.0,0.039723249884688006,0.2465583457959135,1.0,0.0868381673976345,0.5389165305454547,0.8888888888888888,0.05031040833245992,0.47424288633759204,1.0,0.013555990564261822,0.13849863207023982
tayoH,45,45,547,173,1.0,0.018466154742706853,0.1923061066836813,0.9795918367346939,0.08326287044155944,0.5528183575086957,0.9583333333333334,0.06965003348750831,0.5947878867165148,1.0,0.028979537948496836,0.26718384950248797
te,4035,707,11345,737,0.9583333333333334,0.04326895327098812,0.16398377766024574,1.0,0.07130919147278092,0.40230760661118947,0.9795918367346939,0.09656435209284187,0.4564433351213033,1.0,0.04220239739517606,0.17559395860334115
teByaH,100,37,182,49,1.0,0.07433802486011343,0.34866951847560745,0.9795918367346939,0.08334237672680134,0.4252683836483173,0.9361702127659575,0.053139197623603085,0.2631797802683262,0.9361702127659575,0.045410360662677784,0.21891400686183127
tejaH,109,183,535,45,1.0,0.06676367514911907,0.3341924719917968,0.9795918367346939,0.10315061042306217,0.45294478450564535,1.0,0.11541515127953994,0.5277488031560477,1.0,0.09146899733774738,0.35788087395595525
tejasA,33,20,617,5,1.0,0.033479191176418954,0.1728363388216907,0.9795918367346939,0.07970562341765886,0.6083125909441081,0.9795918367346939,0.10204065328923917,0.6245368907779171,0.9795918367346939,0.005435498350111256,0.0597399262433812
tena,608,366,2489,623,1.0,0.041691021874217915,0.18517349840392094,1.0,0.06700241106794147,0.4658820105880017,0.9583333333333334,0.14193711441761558,0.5614718214034429,0.9361702127659575,0.027534631566928813,0.14987086074176426
tezAm,141,189,2057,281,0.9795918367346939,0.03398791754814645,0.247536818128002,0.9795918367346939,0.08717691036821595,0.559505764459457,0.9583333333333334,0.08786050927245737,0.5468915153383916,1.0,0.013326407643190818,0.19462821616142278
tezu,20,33,437,84,0.9583333333333334,0.022620010525081002,0.06915364668609214,0.9795918367346939,0.09760381905329796,0.607796617283469,0.9795918367346939,0.08394312632724843,0.610597989197482,0.9583333333333334,0.012260269925457146,0.19239609501589583
tftIyA,7,9,13,19,0.9795918367346939,0.015157032583677288,0.04092980889428843,0.9361702127659575,0.0761264970756863,0.210630967672649,0.9361702127659575,0.060025416936720144,0.2304849330087262,1.0,0.01797685546019856,0.1340737490115409
tftIyaH,27,31,32,23,0.9130434782608696,0.05411266991294916,0.146144255445549,0.8372093023255813,0.08723822925878622,0.38761582012298146,0.8636363636363636,0.053420721749316336,0.23604682797864474,0.9130434782608696,0.023395437387869866,0.09257639764906223
tftIyam,97,32,71,95,0.9583333333333334,0.06823704003871545,0.2827306123382385,0.9361702127659575,0.1079621955832436,0.4444490322465525,0.8636363636363636,0.08188433410148277,0.3772643708454233,0.9361702127659575,0.06416769372863107,0.24351760593529403
tftIye,34,7,10,73,0.9795918367346939,0.009788381856456918,0.1041978481271153,0.9795918367346939,0.057582180314606934,0.2852608755208226,0.9361702127659575,0.058025886773680924,0.34725409542127983,0.9583333333333334,0.03187225850841302,0.2618482781454987
tila,5,5,59,147,1.0,0.009576213081471718,0.023395760473791216,0.9583333333333334,0.057064547126830845,0.33853863855417354,1.0,0.16895928875892174,0.5292474668485814,1.0,0.08925164702529387,0.4468781527257024
tisraH,127,24,68,261,0.9583333333333334,0.029720847414995366,0.18815401131371634,0.8888888888888888,0.045010236100760825,0.23279922253993357,0.8095238095238095,0.05542172485690733,0.26877321811525,0.8888888888888888,0.030265223177996292,0.1791037329303964
tizWan,25,26,62,28,0.9795918367346939,0.045990032928857616,0.32287635325432773,0.9361702127659575,0.08790267445776134,0.530800580696531,0.9361702127659575,0.08960162209892131,0.5693686394771489,0.9795918367346939,0.03096333114491867,0.16420941989705817
tizWanti,34,8,145,5,0.9795918367346939,0.018039685711558784,0.12253761729441559,0.9795918367346939,0.0722269433190772,0.460594361679301,1.0,0.09435989804382883,0.4558950091258335,0.9795918367346939,0.011827474720673248,0.10694936471294691
tizWataH,5,6,38,8,1.0,0.00886248740858897,0.04590346607170581,0.9795918367346939,0.07964678538213854,0.38420245199050407,0.9795918367346939,0.041712638431899096,0.3398117388070605,0.9583333333333334,0.0088762019062667,0.07324852287838168
tizWati,64,31,282,19,0.9795918367346939,0.03161470402706279,0.16134911632485038,0.9361702127659575,0.037642877345238634,0.4378744414001614,1.0,0.06872526000954327,0.4912601805316287,0.9583333333333334,0.019219312173277103,0.18684480574398143
trIRi,116,36,106,101,0.8888888888888888,0.027761987197715055,0.17658170687874875,0.8888888888888888,0.06294768628343583,0.23868130667785015,0.9130434782608696,0.05495498583123204,0.2119648813199846,0.8372093023255813,0.021814235295191553,0.1153351902980595
trayARAm,5,15,79,45,1.0,0.013966548800540268,0.11505043905023982,1.0,0.11426842955990735,0.3920747254288952,0.9795918367346939,0.06690275018002423,0.34120896949340684,0.9795918367346939,0.010942739990245087,0.06690792192713857
trayaH,137,47,307,109,0.8888888888888888,0.03974726281309171,0.14890001714276635,0.9130434782608696,0.06786613547973774,0.2984974388468381,0.9795918367346939,0.07246006896883439,0.37149977288288705,0.9361702127659575,0.02546988074288059,0.1343711654303691
tri,238,47,306,349,0.9795918367346939,0.0410626674085266,0.2147894321154349,0.9361702127659575,0.08044623695983555,0.39104311627955957,0.8888888888888888,0.11369411996579182,0.4048383793447282,0.9130434782608696,0.04309228911826146,0.18574861336343318
triBiH,20,18,549,65,0.9795918367346939,0.018987524800172184,0.10944556291011542,0.9795918367346939,0.08631034813618033,0.5340582210359804,0.9361702127659575,0.10506740291920447,0.6088958863323601,0.9583333333333334,0.03201344956587415,0.24406458377239226
triDA,6,8,83,11,1.0,0.008588554936038495,0.06677001052945764,1.0,0.09664690162818257,0.48571837508017357,1.0,0.06879938983983425,0.388612403103916,0.9795918367346939,0.03531596527239256,0.2891336294555147
tris,161,16,51,195,1.0,0.04399699938514312,0.313448091021728,0.9795918367346939,0.08867017342082195,0.32391015289119895,0.8636363636363636,0.06777396446409589,0.22392089153915684,0.9583333333333334,0.04313097637483421,0.2923206707165804
trizu,14,14,266,48,1.0,0.014837160110253378,0.07671534521806955,1.0,0.09341995371515899,0.5847380757249154,1.0,0.08888281910598383,0.657303412115498,0.9795918367346939,0.02469444326767467,0.23423048828934145
tu,161,854,14316,1774,1.0,0.029722522061498946,0.26678744317953695,1.0,0.11473539870450344,0.6229519243883181,1.0,0.08268228422535573,0.4986567776043801,0.9795918367346939,0.017342564350069645,0.14787222579962966
tuByam,86,30,150,19,1.0,0.06474053319306738,0.34555233875955826,0.9583333333333334,0.0760687457440895,0.3767369501517971,1.0,0.0921685472753001,0.4494555917166332,0.9361702127659575,0.038602626695129705,0.1534259379788917
tvA,1800,49,250,375,0.9583333333333334,0.06711481979414036,0.22026104845238414,0.9130434782608696,0.07596853500994094,0.380541901695298,0.9795918367346939,0.09542519159983265,0.44271142683816755,1.0,0.0739401056453054,0.16168866874649157
tvAm,237,51,1756,53,0.9795918367346939,0.04515255294143694,0.20747998631282294,0.9130434782608696,0.06718465352564051,0.3652167812850896,0.9795918367346939,0.08857391621518262,0.49783058117016643,0.9130434782608696,0.0388869164876936,0.2110755478879669
tvAt,5,1270,457,649,0.9795918367346939,0.022886621367013582,0.28125506297992997,0.9795918367346939,0.10655236696013393,0.7036729589223107,0.9361702127659575,0.11299631570041424,0.6928771072973712,0.9583333333333334,0.03305084210018927,0.3585419669183779
tvAya,66,11,14,14,0.9795918367346939,0.02880426626615018,0.25473037298159573,0.9583333333333334,0.10078603441746858,0.23260030455011205,0.9583333333333334,0.07003622992254466,0.26855350743098894,1.0,0.015029182974808708,0.21649996856136555
tvAzwram,5,5,7,5,0.9795918367346939,0.012091805441178605,0.027689298761342407,0.9583333333333334,0.045378051829314425,0.27351436389188777,0.9795918367346939,0.0561486199223481,0.28407814138125265,1.0,0.007416972292618174,0.009290121149403863
tva,7,491,16,117,0.9361702127659575,0.016027173288419294,0.26329217109399383,1.0,0.11201323917801553,0.3123069578242704,1.0,0.1328607727343698,0.33110187419273085,0.9795918367346939,0.03566049764671786,0.38057801854977136
tvac,10,24,75,18,1.0,0.025234572154803958,0.24276168914263518,0.8372093023255813,0.052081413340016036,0.34593332858771586,1.0,0.10542034719030069,0.43623946618388976,0.9583333333333334,0.013085652893276789,0.06955619042163796
tvam,1143,956,5843,417,0.9795918367346939,0.05079802302089065,0.2536155487803957,0.9795918367346939,0.09427376018096323,0.38931791554070627,1.0,0.06932430533839795,0.3760124304518948,1.0,0.03540548134268817,0.18024857721087906
tvasya,8,29,5,7,1.0,0.03198799694119958,0.24945592721711352,0.9795918367346939,0.09704284572937372,0.2520074376681547,0.9795918367346939,0.05874192221291008,0.11925301560891333,0.9795918367346939,0.00459256080395154,0.062943912773608
tvayA,93,36,2150,17,0.9795918367346939,0.023992653705646072,0.20156089727254023,0.9361702127659575,0.07074796543298778,0.4498542235723504,0.9795918367346939,0.09814312097638378,0.46596389486998957,0.9583333333333334,0.05454105177165447,0.1685495539973425
tvayi,32,11,516,8,0.9361702127659575,0.04287164667204757,0.30748504367856244,0.9583333333333334,0.08959518209814665,0.5738772670362623,0.9795918367346939,0.0883528805474143,0.5379997727747071,0.9795918367346939,0.025836709699451954,0.2477773595391528
tve,107,174,93,60,0.9583333333333334,0.03285094077853079,0.3550275108018046,0.9361702127659575,0.11245728933882537,0.44756527022050063,0.9583333333333334,0.09689764984393301,0.42411863547899875,0.9583333333333334,0.03516455667165452,0.27806904301004265
u,1776,182,95,266,0.9795918367346939,0.03118520368720512,0.2149366874622285,0.9795918367346939,0.08664904659949135,0.3083587335209046,0.9795918367346939,0.1417558913581467,0.5494827033722676,1.0,0.08738288720835452,0.28565815894439284
uBO,43,31,708,45,1.0,0.02285719090284921,0.16842411692743542,1.0,0.1386851330780895,0.6654601793412259,0.9795918367346939,0.10375435842823844,0.5437489480862286,0.9795918367346939,0.012919175309876407,0.0755369822425852
uBayam,14,43,72,58,1.0,0.029509655749619168,0.11931622743386416,0.9795918367346939,0.07060342325504154,0.24455819621019037,0.9795918367346939,0.07593079847071482,0.4332682084729452,0.9583333333333334,0.04287637603073613,0.2768244449681272
uBayatas,30,5,31,87,1.0,0.031010382381379653,0.1694487166460934,0.9130434782608696,0.07043845465397647,0.2964467080526033,1.0,0.08809656960097301,0.34981778061680147,1.0,0.045270211095123525,0.19007236996124832
uBayoH,20,9,178,85,1.0,0.016476841793959696,0.15633264130358104,0.9130434782608696,0.07770371936613352,0.42808075269107704,0.9795918367346939,0.10584963507067313,0.5394252343907288,1.0,0.013918622149058257,0.17527621278504413
uBe,165,27,111,25,0.9795918367346939,0.023711189897695384,0.3453957436257452,1.0,0.08780475928188658,0.4966993297907426,1.0,0.0806549194199071,0.5360390525786302,1.0,0.03708876741527223,0.1727448233016019
ucyate,41,525,577,249,0.9361702127659575,0.011836103068549209,0.09843174514642772,0.9795918367346939,0.10158711706314205,0.37856981767983466,0.9795918367346939,0.07601270802746685,0.3903927853720992,1.0,0.017479525592255407,0.21720325834782295
uda,23,22,18,45,0.9583333333333334,0.014108951014680682,0.06344744911777955,0.9795918367346939,0.08380651380632764,0.31789303396559854,0.9583333333333334,0.07308536107542274,0.3038679968222141,0.9583333333333334,0.02478784591498351,0.1952727197641404
udak,8,9,41,162,1.0,0.023295692991863848,0.07253389519672715,0.9795918367346939,0.069322465062024,0.43118983239070263,0.8888888888888888,0.07488720935875282,0.41809571534253287,1.0,0.057067601178238725,0.40200747739073583
udakam,41,29,151,61,0.9795918367346939,0.01741327590184083,0.09653240452915868,0.9795918367346939,0.09109723267633973,0.4763463517155272,0.9583333333333334,0.07893697134860655,0.47251306610911536,0.9795918367346939,0.004815998263312804,0.11813464325843803
udake,5,15,40,15,1.0,0.010744109319540951,0.0411864494907499,1.0,0.10334219111238929,0.3953904953719476,1.0,0.07968954627252567,0.35121651776627083,1.0,0.005593502746270129,0.05227826391823942
udaram,24,7,32,6,0.9361702127659575,0.012986396346498452,0.07321285244936415,0.9583333333333334,0.040394804976733756,0.37090984508730585,0.9795918367346939,0.07179231596301394,0.39402658656733014,0.9583333333333334,0.005500086365900714,0.025343261408704243
udgAtA,30,29,7,15,0.9795918367346939,0.0544578038568333,0.1328587978773912,0.9795918367346939,0.07471212737850808,0.2524244884804021,0.9795918367346939,0.06544067250923047,0.17405913428014952,1.0,0.04405067046260347,0.24255121348823216
uditaH,5,7,43,5,1.0,0.012812574937505317,0.037967151036803704,0.9795918367346939,0.0717488821456359,0.3337506374479897,1.0,0.08759937527818917,0.36674939972821285,0.9795918367346939,0.009945686686830824,0.015084414299458726
udite,30,8,22,24,0.9795918367346939,0.012962200990288442,0.11947743252080678,0.9583333333333334,0.046186062117350546,0.3118951016383795,1.0,0.11092371333262385,0.4260702944166165,1.0,0.04050315502370061,0.1446413413541643
ugra,58,5,225,9,0.9795918367346939,0.014225496114343428,0.11786902122051313,1.0,0.0931981797532645,0.630033548297624,0.9795918367346939,0.08323618565212143,0.5988896643337283,1.0,0.013066132315360579,0.0920677850751066
uktam,137,379,582,320,1.0,0.0563527093211611,0.3548654125223888,0.9795918367346939,0.08559995430320433,0.43676948481459477,0.9583333333333334,0.11067053576651575,0.4182416194873896,0.9795918367346939,0.05177072180916753,0.2538653738441492
upAsIta,10,128,20,5,0.9583333333333334,0.022510341559540792,0.22382529274237495,1.0,0.07897666205783493,0.36321370990734225,0.9795918367346939,0.05834420775034488,0.2570045100107696,1.0,0.00465074565560486,0.044900718688863694
upa,877,22,5,125,0.9795918367346939,0.024774800326542112,0.3321859285671075,1.0,0.057127229584272965,0.13175840329535182,1.0,0.0981114099535304,0.32010341213457894,0.9795918367346939,0.07337409866698452,0.322606651871704
upari,30,19,122,74,0.9795918367346939,0.018005372018479404,0.15616580075179587,0.9795918367346939,0.06505093054952193,0.5050535451739548,0.9583333333333334,0.1518797914929464,0.647455137948529,1.0,0.057318437350131646,0.4347416781662544
uparizwAt,33,10,20,53,1.0,0.023996875967655207,0.13814034207086945,1.0,0.05960979692739887,0.1741712670375265,1.0,0.05097053624115544,0.25897430602457305,1.0,0.016777368911156332,0.13925509177021367
upaviSya,6,7,14,60,1.0,0.020614259408930358,0.03247041403962081,0.9795918367346939,0.04030568428591297,0.3223202330076176,0.9361702127659575,0.054797518939048495,0.4434751907420602,0.9795918367346939,0.03041298527673708,0.3369020773820226
upetya,5,8,86,14,1.0,0.01094879009799088,0.009389010894104932,1.0,0.05763077640776437,0.44310702146394365,0.9795918367346939,0.12433039375078536,0.621393481895886,1.0,0.027836190501583702,0.26835273360432377
uta,1326,70,490,70,1.0,0.0310656708363809,0.34286717882328255,1.0,0.07753600278625117,0.4751770298939625,1.0,0.10728480959563724,0.5898656313554889,0.9795918367346939,0.040623571112491486,0.14171265039782022
uttama,6,9,371,21,0.9583333333333334,0.022440957697584696,0.07518545047062886,0.9583333333333334,0.08852396222155423,0.6429692188758986,1.0,0.080682299344503,0.6662363903480203,0.9795918367346939,0.0036882975882941427,0.06671106933504878
uttamaH,40,5,220,55,0.9795918367346939,0.02620064224070029,0.23124407236867617,1.0,0.09486129796743736,0.49401117432095965,0.9583333333333334,0.17902445177480542,0.7479209424238039,1.0,0.03368911092521043,0.42000283709300623
uttamam,56,5,912,59,1.0,0.010703876183543293,0.05254953630568471,0.9583333333333334,0.09058418419110392,0.5446184036692069,1.0,0.0808297474451678,0.6130943926305206,0.9795918367346939,0.021667536186752767,0.1883640244345427
uttara,28,54,67,155,1.0,0.061908979796112096,0.41477058257773336,0.9361702127659575,0.08955525802825237,0.4562209966500629,0.9130434782608696,0.06611274539314049,0.3845513793873594,0.9583333333333334,0.05138625793984597,0.3818038974839404
uttaraH,56,21,89,55,0.9583333333333334,0.015741332571720168,0.1580533529784982,0.9795918367346939,0.06243767756834928,0.40249330702610797,1.0,0.05712002566273322,0.46997899573422974,1.0,0.018837458945211605,0.19150984650973313
uttaram,66,25,243,167,1.0,0.03814936509626732,0.1841969545551212,1.0,0.1186697483263417,0.5151360511316795,0.9795918367346939,0.07863359103212009,0.4939616106296062,1.0,0.03283275094390703,0.17813845195544808
uttaratas,13,13,8,99,1.0,0.03496677164068296,0.15879417836825582,0.9583333333333334,0.04513806082576621,0.24463079688060319,0.9795918367346939,0.0935248102860099,0.44784458281676087,0.9795918367346939,0.03102604971574796,0.3573967678644576
uttareRa,19,9,39,157,1.0,0.016523003701349848,0.14113947379711345,1.0,0.0993865483028128,0.4469471981923959,0.9583333333333334,0.07061829385485907,0.42243128046326717,1.0,0.05792294728086078,0.3793518771599468
uvAca,84,575,8622,40,0.8888888888888888,0.0644306769154207,0.15041320346764298,0.9361702127659575,0.09212807764833808,0.4149303826191959,0.9795918367346939,0.1290851800591486,0.5113400900301224,0.9361702127659575,0.06245669649966834,0.2182076558872681
vA,897,933,5514,3609,1.0,0.027822764401775335,0.2477663308023802,1.0,0.06430897016383497,0.4536173053760304,0.9795918367346939,0.1230923126373975,0.5192497588346998,0.9583333333333334,0.041540658434793376,0.33645689290689407
vAc,231,464,449,108,0.8888888888888888,0.03320030206379232,0.14983032203977398,0.9583333333333334,0.05595216364760469,0.4965745212414663,0.9795918367346939,0.08774216469546536,0.6209285976991488,0.9361702127659575,0.06728839782318052,0.3489532413858183
vAcA,116,83,277,30,0.9583333333333334,0.04255011061601055,0.18727766689049008,0.9361702127659575,0.10152375077713072,0.35376562308124726,0.9795918367346939,0.11799742564491622,0.548768959771039,1.0,0.07174047561322516,0.33740301043128973
vAcaH,149,66,185,25,0.9361702127659575,0.016483489294624176,0.16016439742286392,0.9795918367346939,0.07341174746154622,0.4796848474475053,1.0,0.1512546201873899,0.6591091607173653,0.9795918367346939,0.05409149576455097,0.33350610092963207
vAcam,233,51,166,73,1.0,0.03064747745577079,0.18373722254616887,0.9583333333333334,0.08013948862443177,0.3792495918570339,0.9583333333333334,0.08720855387960857,0.503346152732015,1.0,0.07442768285446144,0.3209764773773187
vAci,34,28,13,21,1.0,0.04591934482255278,0.17858697061284068,0.9795918367346939,0.06352092490799788,0.1940282646331446,0.9795918367346939,0.05324911586814862,0.20458454214079114,1.0,0.07182275232886282,0.3450778490624222
vAdinaH,19,8,152,10,0.9583333333333334,0.030116857605556713,0.1488561254841242,1.0,0.07227342729387154,0.4908794616628466,0.9795918367346939,0.07414008426897023,0.4858540318243799,0.9795918367346939,0.021372966090744128,0.10107121668821084
vAkyam,6,40,1784,17,0.9795918367346939,0.022209909768831637,0.2843387476440713,1.0,0.13741551315525258,0.6063647349087811,1.0,0.10403266440063108,0.5803728662644743,0.9583333333333334,0.0037967920547110623,0.07197871263139488
vAm,429,13,41,106,0.9795918367346939,0.04536703970780631,0.38783140566967556,0.9795918367346939,0.08271839164092776,0.40930197838939875,0.9361702127659575,0.10362563290153914,0.3918049008755846,0.8888888888888888,0.03415420458969198,0.23176640285303596
vAsAH,15,6,46,18,1.0,0.022576537315657674,0.061140505845953985,0.9795918367346939,0.06781749351636424,0.4523126297824852,1.0,0.08440216648575505,0.4492387757260987,1.0,0.010680482574640382,0.04542304399908248
vAsaH,45,32,141,73,0.9583333333333334,0.014477004991211073,0.10309713938188558,0.9795918367346939,0.07786446879547337,0.4650392295324468,0.9583333333333334,0.07219392871872976,0.49706460037403544,0.9795918367346939,0.013251686320156497,0.1569598756951217
vAta,63,6,214,16,0.9583333333333334,0.01270599529158889,0.09457447868688318,0.9795918367346939,0.08756715898559508,0.5840988488177672,1.0,0.08313685850399888,0.6296400091114328,0.9583333333333334,0.00924051477272414,0.08760830250258589
vAtaH,146,7,30,8,0.9795918367346939,0.02888280416771538,0.18965806562445442,1.0,0.07562387326352815,0.43575873416836985,1.0,0.13112084377674948,0.47601668670723707,0.9795918367346939,0.023761696196793358,0.12318888421938068
vAyo,57,5,5,32,0.9795918367346939,0.04430665866506789,0.3765024530820319,1.0,0.07158982410285664,0.18435755184554603,1.0,0.10524449554931292,0.33163467167575766,0.9130434782608696,0.03343723317726244,0.22756034830285654
vAyu,7,57,185,5,1.0,0.03474973923465363,0.2919580385846666,1.0,0.06795476493189723,0.4780111843719077,1.0,0.07742670885888414,0.5552233695281262,0.9583333333333334,0.003849022720250894,0.03031010557361169
vAyuH,111,124,379,24,0.8888888888888888,0.01999120470245974,0.13703758650950348,0.8888888888888888,0.06095608778373951,0.34994370895762317,0.9795918367346939,0.10307069246787293,0.4768604192041622,0.9583333333333334,0.04291201779462506,0.2018407353451741
vAyum,43,44,42,6,1.0,0.07356241157726073,0.3266894678118637,0.8888888888888888,0.04916938878304622,0.2944484912381057,0.9361702127659575,0.0909483254491329,0.4274618872421091,1.0,0.02081474321178922,0.20671593739616412
vE,3199,1098,4896,339,1.0,0.06836009008651867,0.2122539947687352,1.0,0.059641692368169186,0.44218860830457296,0.9795918367346939,0.0927399941904653,0.44712723120424647,1.0,0.06380223785120365,0.25867927925776535
vESvAnara,22,11,45,7,1.0,0.03342718436495673,0.1508366394555547,1.0,0.12697288276457097,0.5075883690678364,1.0,0.07999227196125147,0.42360324212723954,0.9795918367346939,0.02080684053528936,0.11050518558080435
vESvAnaraH,68,22,12,27,1.0,0.026664425895057353,0.15976291033363288,0.9795918367346939,0.07024603619116399,0.22944837127825846,1.0,0.07520949290883572,0.27467008135757354,1.0,0.03436152693917538,0.21036652511618037
vIraH,99,5,598,14,0.9795918367346939,0.028246728507728358,0.25429800068153063,1.0,0.07101339367745718,0.6006262420121482,1.0,0.09862369793396064,0.6124430758395293,0.9583333333333334,0.023682972286299453,0.2505912832081352
vIryam,218,24,356,15,0.9795918367346939,0.04092080121370001,0.3173200341852941,0.9583333333333334,0.12457805116424114,0.4912987312368676,1.0,0.0987833086339015,0.6040239041383573,0.9795918367346939,0.1161574281407205,0.5602031053472399
vIryeRa,41,6,159,8,0.9795918367346939,0.02835293727008059,0.18768389257966278,0.9795918367346939,0.08266706627552967,0.5781292018657713,0.9795918367346939,0.0899883982789047,0.5437083024594532,1.0,0.03581444878659645,0.2497770734343876
vIta,11,7,109,9,0.9795918367346939,0.008757339634803962,0.03693001187384071,0.9795918367346939,0.07429539160515464,0.5341412366483128,1.0,0.06277484290304514,0.5196432102963429,1.0,0.005270518167990845,0.07693563013869342
vaDena,26,6,44,7,0.9795918367346939,0.007434878136354128,0.04268561394254056,0.9583333333333334,0.05355670688814107,0.3819770399713851,0.9795918367346939,0.07177683902834575,0.428024234120586,0.9795918367346939,0.0070602549629184,0.0737109275932244
vaH,1051,26,744,252,0.9583333333333334,0.05402073574767019,0.372941321763665,0.9583333333333334,0.09745182925390661,0.4703753211844983,0.9130434782608696,0.08327070473545195,0.44406953919868997,0.9795918367346939,0.057418218176234936,0.17642671068896476
vacaH,117,20,1516,5,0.9795918367346939,0.031502101862514564,0.29920833902833954,0.9795918367346939,0.09568287392690611,0.5127462672871799,0.9795918367346939,0.08845043233977279,0.5733642825193175,0.9795918367346939,0.01755550267206507,0.2391205215372576
vadan,11,5,15,9,1.0,0.01316421678455193,0.07345928616791386,0.9795918367346939,0.04525132047691516,0.15075111237219774,0.9583333333333334,0.05545710533677839,0.15375856420392264,1.0,0.005971694229329416,0.061178038333447704
vadanti,48,20,155,13,1.0,0.027547517707378844,0.14010513921004442,1.0,0.0710063734474371,0.33550430689288624,1.0,0.07938567326635126,0.4165977419497442,1.0,0.017048132466991994,0.13326149822565958
vadet,7,5,60,14,1.0,0.018280644331212348,0.10544927002942439,0.9795918367346939,0.0646698048978902,0.2679165464550488,0.9583333333333334,0.07200919575782772,0.33370982388627246,1.0,0.008739931218145203,0.014794525111284096
varDate,13,9,111,17,0.9361702127659575,0.010878954674660157,0.05829819697438943,1.0,0.09203380879054646,0.4710220610622522,0.9795918367346939,0.06735171005386886,0.4044592113547153,1.0,0.01584533571623159,0.05595057627268041
varRAH,20,6,145,20,0.9583333333333334,0.010912868482197857,0.09516841910577312,0.9583333333333334,0.06494449679514647,0.45975069201152996,1.0,0.10483948560960654,0.4796395982780939,0.9361702127659575,0.006814420130432208,0.16638497508466155
varRaH,18,11,94,19,1.0,0.012263581677048552,0.0727974634766484,0.9795918367346939,0.05950500588312968,0.4283829393601456,0.9795918367346939,0.10052868504590307,0.4870689907801604,0.9795918367346939,0.0052110325224675735,0.10063349475473382
vara,7,5,1104,34,1.0,0.007784541872114192,0.040404401894825526,0.9583333333333334,0.10171314081586147,0.6788460582155328,0.9795918367346939,0.12198124524681275,0.7171267972518762,0.9795918367346939,0.010169975289852529,0.1315251310594212
varaH,10,11,734,46,0.9583333333333334,0.01923043135124103,0.06511757184497735,1.0,0.08215721912531315,0.5139800069750629,0.9795918367346939,0.12811360214914314,0.6836621450622475,0.9361702127659575,0.020607003795050094,0.17330003833958663
varam,24,18,722,32,0.9583333333333334,0.0340589102277532,0.13166317338753475,0.9583333333333334,0.07086016698408204,0.5286795459097555,1.0,0.07686134783468956,0.5591129062243878,1.0,0.021452722395288948,0.14509573727664793
vartate,17,50,356,15,0.9795918367346939,0.013097017514586473,0.12656517708678783,0.9583333333333334,0.0629080812634093,0.4697805848823071,1.0,0.0774574345951804,0.45860425083094547,0.9583333333333334,0.010099080296913643,0.0450146534145377
varuRaH,316,19,115,46,0.8372093023255813,0.06678215759970563,0.2831953306083037,0.8636363636363636,0.07388131370460638,0.3391028087100135,0.9130434782608696,0.09493094692522108,0.3117123290009389,0.8372093023255813,0.05048123204661392,0.23055550796278523
varuRam,58,8,39,11,0.9795918367346939,0.04549959153599348,0.3971450110043151,0.9583333333333334,0.060165751560654734,0.31841763410121904,0.9795918367346939,0.07031737575041663,0.3614651088685936,0.9795918367346939,0.057712272913523655,0.35779143188317364
varza,7,21,422,36,1.0,0.017855033660070907,0.12147360068979363,0.9583333333333334,0.10861223868488534,0.49491654076895164,0.9795918367346939,0.11460551291475995,0.5880871676096937,0.9583333333333334,0.00706065700344749,0.22395143543959484
varzam,20,6,266,10,1.0,0.01493509201694243,0.058543274268582746,0.9795918367346939,0.09715380023263287,0.6170055754688262,0.9583333333333334,0.10756254915741814,0.6047491569223409,1.0,0.002906468829206088,0.04497347978575361
varzati,6,10,35,7,1.0,0.028283872349086026,0.13914294238885372,0.9795918367346939,0.03960450711463659,0.29100130809822056,1.0,0.09616420778547397,0.3891359162728707,0.9795918367346939,0.0030254458958226538,0.033386412722412495
vasati,9,11,102,5,0.9795918367346939,0.021573746354351164,0.031101972571180414,1.0,0.08778444230461824,0.46803745458091583,0.9795918367346939,0.07493205589409235,0.4926050515850082,0.9795918367346939,0.0055663780730130785,0.030009792577321392
vasavaH,93,18,97,11,0.9130434782608696,0.038513411493059424,0.2807722662508698,0.8888888888888888,0.045487579699271974,0.21214210009950563,0.9583333333333334,0.07429221166257827,0.32329036867261385,0.9795918367346939,0.03776401068171087,0.3621404504805824
vasizWa,17,8,45,7,1.0,0.013773170939406776,0.039094661799566,0.9795918367346939,0.07120268867193313,0.4653945617092424,0.9795918367346939,0.10036326544668672,0.4783868277520019,0.9795918367346939,0.011752165117191682,0.0403298645407455
vasizWaH,42,23,173,10,1.0,0.04566211477138726,0.17423255416325956,0.9361702127659575,0.09678022024359578,0.3450311266012587,1.0,0.08998104082890446,0.4235407246714633,0.9795918367346939,0.010642820451309376,0.06632670516752404
vasu,229,22,151,48,1.0,0.04376752488705282,0.47507020406348666,0.9795918367346939,0.07041969920962454,0.5361414764312327,0.9795918367346939,0.10773513104802335,0.5343281693304189,0.9795918367346939,0.0519133129696121,0.34950563052279415
vat,102,459,1114,428,1.0,0.06292186434204206,0.3461077028248948,1.0,0.1205074001201758,0.6136225831197754,0.9795918367346939,0.13546414553848696,0.5829140112030501,1.0,0.09387828574108437,0.3790264166279401
vatsaH,50,7,29,11,1.0,0.023808028756009736,0.12494420875192502,1.0,0.0878161966922798,0.2614352743449536,0.9795918367346939,0.07776746602861584,0.25553846248320966,0.9795918367346939,0.02326137842140441,0.12799997068746916
vatsam,55,7,24,6,0.9795918367346939,0.03568820570225184,0.28487246101991626,0.9795918367346939,0.04469934543769705,0.36433119591042407,0.9795918367346939,0.051942644517485426,0.36980764966628255,0.9361702127659575,0.027444266470142198,0.19903117750671884
vayAMsi,17,10,21,8,1.0,0.022730983944253658,0.0887624160659587,0.9130434782608696,0.05429495432657694,0.3624047983142211,1.0,0.08572607489366979,0.37465494340445604,0.9795918367346939,0.015122381185160405,0.05535313755020643
vayam,397,68,867,78,0.9795918367346939,0.04320021776758054,0.2686836772450566,0.9583333333333334,0.06561048260234659,0.39799575905238416,0.9795918367346939,0.1554473212450349,0.5117666069288755,0.8095238095238095,0.06822440319845868,0.3077378853565027
vedAH,15,30,190,22,1.0,0.05035090538399145,0.3272231384284252,1.0,0.0802588388497586,0.4082922039863517,1.0,0.11369522233022267,0.548713273215674,0.9795918367346939,0.04631815505308634,0.07727443894270092
veda,488,527,949,135,0.9130434782608696,0.03508323297217897,0.1154024207127079,1.0,0.10539559471171978,0.4648680707879169,0.9795918367346939,0.11527872934301697,0.46867712900995406,1.0,0.031006987420318932,0.21700176271557692
vedaH,26,38,33,66,0.9583333333333334,0.01407336290159289,0.17333169215572153,1.0,0.0842096245559728,0.3441761107164909,0.9795918367346939,0.12364459967162056,0.46094316684377734,1.0,0.06708648716990484,0.36485249972896194
vedam,9,16,48,34,0.9795918367346939,0.01732265996849791,0.08874130627220378,0.9583333333333334,0.08846761796377,0.3860677692970953,1.0,0.10515279284787626,0.38211184235340556,1.0,0.013063460278864847,0.0466047668175692
vediH,16,5,11,31,0.9795918367346939,0.009074472842783288,0.019568479143267536,0.9795918367346939,0.04821727623759564,0.24297654370348887,0.9583333333333334,0.06949815572957907,0.2386202804494877,0.9795918367346939,0.012165422269184156,0.15445359730898967
vfkzam,26,8,105,6,0.9795918367346939,0.009594675520543272,0.03397534538572633,0.9583333333333334,0.05749147674024491,0.5253258874988129,0.9361702127659575,0.06162952815097544,0.514990517169151,0.9795918367346939,0.009529754225055864,0.04179801107049674
vfkzasya,14,14,18,12,1.0,0.010052835172188357,0.04859958440896084,0.9361702127659575,0.057033066136594535,0.24328074903919772,1.0,0.04297290496012984,0.20875633300691654,1.0,0.011243410890328653,0.051033698517750414
vfzwi,5,12,17,5,0.9795918367346939,0.02131097846913166,0.14511298032606523,0.9583333333333334,0.06401008602685543,0.3389085384799482,1.0,0.11186327483712732,0.5070269651114381,1.0,0.01305988944233949,0.040380664759841256
vfzwiH,17,10,45,18,0.9583333333333334,0.017692106898065996,0.1054303644689768,0.9361702127659575,0.08458191399723658,0.4257355082542802,0.9795918367346939,0.11106338577127794,0.5428765525955809,0.9795918367346939,0.033866838717829584,0.12942201899594663
viSva,419,29,112,56,0.9795918367346939,0.04432151871122458,0.29474101461220803,0.9795918367346939,0.07475458280176794,0.40827402173947736,0.9795918367346939,0.10812668492695265,0.4625188554991402,0.9583333333333334,0.04506910082204829,0.2076370533053319
viSvam,204,12,94,13,0.9583333333333334,0.018737965884880192,0.1832209349306968,0.9583333333333334,0.08947298472751652,0.36092674466964847,0.9583333333333334,0.08584467501227322,0.4151495803221852,0.9795918367346939,0.023299510487513553,0.157620342658088
viSvasya,113,9,27,10,1.0,0.037464194110232385,0.2909759854674232,0.9795918367346939,0.0798027607405184,0.3057109085082327,1.0,0.07849651464894969,0.3422517126170206,0.9583333333333334,0.02628915140720889,0.21957101335876783
viSve,326,11,38,47,0.9130434782608696,0.039835644780206736,0.3115447175997963,0.8372093023255813,0.04569262661781193,0.24923903871216968,0.9130434782608696,0.09449857008046458,0.25876633762806645,0.9795918367346939,0.049043198568828994,0.13029433745013197
vid,104,100,585,47,1.0,0.08422699968005243,0.5218121492414824,1.0,0.13428186589226299,0.468822696296613,0.9583333333333334,0.13439131713222285,0.45880290157166503,1.0,0.055849589024137614,0.365160657438109
vidaH,60,75,234,34,1.0,0.03618158392140647,0.289394298336193,0.9795918367346939,0.12699911855932555,0.4523070916409331,0.9583333333333334,0.08265765414680382,0.38136848718260186,1.0,0.025597896907255557,0.24919179859248985
vidam,36,9,14,8,0.9795918367346939,0.02038773547251782,0.2812586086989163,0.9583333333333334,0.07275295044603303,0.3219795772955738,0.9795918367346939,0.06838737553473884,0.4569530098586394,0.9361702127659575,0.030802948272909192,0.19299179000897748
viduH,89,64,352,31,0.9583333333333334,0.030955924867965168,0.14951500595001743,0.9795918367346939,0.11588598183252141,0.47051750139480086,0.9583333333333334,0.08130869045368483,0.41494513522595766,0.9795918367346939,0.013211045824179646,0.13236446146552672
vidvAMsaH,15,22,61,5,1.0,0.03965917871428459,0.1377098802693787,1.0,0.10550670951184116,0.3857772556210597,0.9795918367346939,0.08644075475285518,0.3863933480153049,1.0,0.0037257349039905296,0.02955354619251427
vidvAMsam,13,5,11,6,0.9795918367346939,0.014343721789892294,0.054772757106085534,0.9583333333333334,0.05025966142476512,0.20268509549784786,0.9795918367346939,0.060862364754151854,0.2188085141669469,0.9583333333333334,0.0035643267480044427,0.03464622832419473
vidvAn,196,188,269,63,0.9795918367346939,0.02910096977257126,0.1512060521204216,0.9795918367346939,0.08689227810805777,0.3754734469866956,0.9583333333333334,0.11955540604966586,0.4964707565214048,0.9795918367346939,0.053603671927271,0.319246952021662
vidyAt,50,34,120,94,0.9795918367346939,0.062309438585193,0.18472106920025944,1.0,0.1257400863097563,0.39664552851867674,0.9795918367346939,0.14243445224217044,0.39824653814356903,0.9583333333333334,0.026243687888933387,0.1737023220383409
vidyate,9,66,599,32,0.9795918367346939,0.02645644563008709,0.34519017006195596,0.9583333333333334,0.10669804102530656,0.36595763752199006,0.9795918367346939,0.06961224148880796,0.37523311808547044,0.9795918367346939,0.00385304689699284,0.07728205271245325
vidyut,31,36,146,12,0.9583333333333334,0.05203940516762118,0.28308979172183035,0.9361702127659575,0.05504925461418386,0.4229284942710999,0.9583333333333334,0.0906626545187329,0.5004251590526846,0.9361702127659575,0.009853790962005005,0.0339445425295295
vindate,36,23,64,5,0.9795918367346939,0.02339919314164407,0.10240397770612208,1.0,0.07639013410269513,0.4074353246192255,0.9583333333333334,0.0669553417821761,0.3694218271251207,1.0,0.014589992240632288,0.11678925228156656
virAj,103,23,17,10,1.0,0.03737192528476385,0.23697229649254903,0.9583333333333334,0.05796859457063319,0.2622974446242561,0.9795918367346939,0.0738619567190738,0.3057948648444072,0.9795918367346939,0.04434115669477878,0.24180281774857448
vittam,30,35,129,7,0.9795918367346939,0.05697779816666915,0.37308013944989016,0.9795918367346939,0.1094038217555181,0.5981957592162628,1.0,0.06820137858154374,0.43724799993833696,0.9795918367346939,0.009954060465930503,0.08992753919813012
vizRuH,83,7,288,34,0.9795918367346939,0.041392275086156616,0.16005730983774202,0.9130434782608696,0.08370242904083491,0.46638226075639344,0.9583333333333334,0.08838920771094694,0.46875416073700404,0.9795918367346939,0.058922076488304165,0.22125496114477494
viza,40,10,113,35,0.9361702127659575,0.023130083283305902,0.27072591344608,1.0,0.13723757936579284,0.5393246996838346,1.0,0.08563554156663178,0.563436074112945,0.9130434782608696,0.013079834072723173,0.2695361116744902
vrIhi,6,19,19,16,0.9795918367346939,0.013819589593754178,0.10792822872169316,0.9795918367346939,0.09414380217042317,0.32338584537269854,0.9583333333333334,0.06953141999343126,0.26765227208260234,0.9795918367346939,0.004400741673075581,0.055181280162816426
vrata,27,9,249,59,0.9795918367346939,0.00760995127841857,0.04701318504619412,0.9795918367346939,0.08806216147028623,0.5120790141607068,1.0,0.11477582243749918,0.6232539995369683,1.0,0.03283506821657345,0.1630694382278095
vratam,100,46,333,97,1.0,0.07191749809739723,0.3065163016089123,0.9795918367346939,0.12573234622739538,0.589472529919141,0.9583333333333334,0.09477565096025675,0.5560253479514408,0.9583333333333334,0.027904447586152514,0.21098847508111684
yA,454,83,552,156,0.9583333333333334,0.02760099615633671,0.16497696238161597,0.8095238095238095,0.06799621655716936,0.34355649259057497,0.9583333333333334,0.10999953855735378,0.4059875797052481,0.9583333333333334,0.05138671421660557,0.17581334869693566
yAH,442,46,173,86,0.9361702127659575,0.03784556872226841,0.22520892969373174,0.9130434782608696,0.08264728324703463,0.385796578269736,0.9361702127659575,0.07521721032125217,0.307297549750124,0.9361702127659575,0.020861310379425402,0.10748355398981091
yAm,101,47,185,40,1.0,0.04583436767857818,0.20484591407175545,0.9583333333333334,0.05942857591739448,0.41697283317566225,0.9795918367346939,0.07301015214200157,0.43343895250461406,1.0,0.019709520575298733,0.1012475318476167
yAn,37,10,125,17,0.9361702127659575,0.024312747168201754,0.16194392178603878,0.9795918367346939,0.07069502725173438,0.5019953103573824,1.0,0.11356910849253321,0.4569735998915945,1.0,0.027939874705118606,0.14860373636972168
yAni,108,39,283,50,0.9130434782608696,0.020836830438197507,0.15777329030726173,0.8888888888888888,0.0570502132379509,0.34969330601139004,0.9795918367346939,0.07235309526045397,0.370473175730348,1.0,0.07024304897384148,0.2738549466563165
yAti,94,15,248,15,0.9130434782608696,0.03996634276506328,0.3230647122933836,0.9795918367346939,0.07397415353871561,0.48998757378874225,1.0,0.07808096582166846,0.49789678484212496,1.0,0.031282918884076194,0.3888281158807192
yAvAn,8,8,8,21,0.9795918367346939,0.025107872437781564,0.06564274226280498,0.9583333333333334,0.04701820708876614,0.16432905677942244,0.9795918367346939,0.08383049160883294,0.3144312656883379,0.9583333333333334,0.013715780073402906,0.1830116034805893
yAvantaH,11,6,15,20,1.0,0.009443105255764972,0.011513392654102117,0.9583333333333334,0.06163303577301693,0.2728580620503558,0.9795918367346939,0.08220802591962972,0.3086155048943997,0.9583333333333334,0.005781333121049115,0.05373282113366307
yAvat,84,112,501,127,0.9795918367346939,0.031871200358230656,0.2097837934603718,0.9361702127659575,0.08246578955053308,0.5122474755113211,0.9795918367346939,0.1081239838782706,0.5828819967781853,0.9795918367346939,0.05448580200077968,0.31010740824854754
yEH,7,6,136,15,1.0,0.009383873410009458,0.023267436013264087,0.9583333333333334,0.08101767544364291,0.5290300393833252,1.0,0.0764676742811311,0.528600153272083,0.9583333333333334,0.008389005142543926,0.025142679190672146
yUyam,147,14,133,9,0.9795918367346939,0.08766656923564009,0.5397029268657513,0.9795918367346939,0.10893187065866039,0.37983120802645,0.9795918367346939,0.08817888771985105,0.38651643363565336,0.9795918367346939,0.04937130462784778,0.4580774964783665
ya,30,5,7,12,0.9583333333333334,0.014523552818748842,0.13223275506729493,0.9795918367346939,0.05070470462814802,0.13156455189122696,1.0,0.04768136480307972,0.15852498462643583,0.9795918367346939,0.011682675873304071,0.10328743749462677
yaH,2934,1304,4546,660,0.9795918367346939,0.03449919829652415,0.15528104896790063,0.9795918367346939,0.07521671767781046,0.4212485559705189,0.9795918367346939,0.10937922868397654,0.5440309304339961,0.9583333333333334,0.05503873320476338,0.23197130085678297
yaSaH,101,54,382,22,0.9795918367346939,0.05130203828533575,0.29952145676324804,0.9795918367346939,0.13602105238687134,0.451789522886751,0.9795918367346939,0.1011703300461152,0.5204816833222787,0.9795918367346939,0.03472381946272951,0.26752081809571404
yaTA,959,981,5633,895,1.0,0.019246805082571927,0.16088181131249646,1.0,0.06478692517082729,0.5068407703455529,0.9795918367346939,0.07562762788763866,0.5993171932322292,1.0,0.008961924580941583,0.1746940140749218
yad,20,63,149,15,1.0,0.030140910263436016,0.2526483594992087,1.0,0.09228778795995018,0.45594349094191067,0.9795918367346939,0.10038503887097672,0.4445396333781605,0.9795918367346939,0.04096034915808644,0.21856971125094093
yadA,125,178,930,77,1.0,0.05093614075305186,0.3191055755301333,0.9795918367346939,0.06871265254894798,0.41535512305546285,1.0,0.10139501371963355,0.5365697713979071,1.0,0.0629977229989761,0.3371259086740743
yadi,309,356,2031,377,0.9583333333333334,0.021202824848801427,0.14474228032023106,1.0,0.051957960562724725,0.38295691247254016,0.9795918367346939,0.03299142084500739,0.3949459550139536,0.9795918367346939,0.01877664318343719,0.16134602145877652
yajUMzi,9,13,18,6,1.0,0.0353773566255976,0.11590960169969822,0.9795918367346939,0.053009288122426335,0.2446110516654374,1.0,0.06048884992249515,0.23477665952569926,0.9583333333333334,0.0056019240415050575,0.01235864799550157
yajYAH,35,8,108,15,0.9795918367346939,0.014819082994849464,0.10582181592168949,0.9361702127659575,0.05891288053816823,0.36971254121507013,0.9795918367346939,0.07830007201902234,0.386601868568459,0.9583333333333334,0.02639331352585439,0.15637506780030352
yajYa,84,45,517,188,0.9795918367346939,0.03267244300072358,0.27040468040253085,0.9583333333333334,0.12718719123489564,0.5161168744275622,0.9795918367346939,0.13034319977907172,0.6300319230360085,1.0,0.05928185940597375,0.3306308582312887
yajYaH,234,66,271,65,1.0,0.04691671057878943,0.18622121317348073,0.9795918367346939,0.0895716554550543,0.43821892829345666,0.9795918367346939,0.12416239763073733,0.49046491071277165,1.0,0.04505744702934911,0.23399237828005848
yajYam,275,27,166,61,0.9795918367346939,0.03461965057900829,0.16897365533392283,0.9130434782608696,0.05397531693530133,0.37938565344296726,0.9795918367346939,0.074170065885799,0.44298752364291594,0.9795918367346939,0.07302723284594337,0.25008907372181644
yajYasya,253,41,86,36,1.0,0.04204285387312412,0.18202295553788583,1.0,0.07447972747354381,0.2944048553084855,0.9795918367346939,0.11095192107983476,0.5562842898487079,1.0,0.08168717738963649,0.4334754007982272
yajYe,113,24,171,34,0.9795918367346939,0.0724785107531778,0.46045836249989736,0.9795918367346939,0.06977540680867367,0.4795559620833205,1.0,0.09901188788792281,0.46102344080365887,0.9795918367346939,0.0550492594893256,0.44229795973698705
yajYena,51,16,33,18,1.0,0.016066060005583305,0.09935256280226112,0.9795918367346939,0.0641684593530526,0.3035154081620117,0.9583333333333334,0.0536389054065215,0.3307588195784532,1.0,0.0455383032716713,0.19654091060632228
yajamAnaH,88,32,13,59,0.9795918367346939,0.08328677254222061,0.30856605779437507,0.9795918367346939,0.06078108203498178,0.1916001555369934,0.9795918367346939,0.0695574807635253,0.18476423409155196,0.9361702127659575,0.040183659449815945,0.23319966009135173
yajamAnam,62,11,7,16,1.0,0.03840175026563053,0.21360664485800007,1.0,0.04109902223131601,0.12053879202924822,0.9795918367346939,0.03712455294576367,0.1293473442530143,1.0,0.058927803269423595,0.356645609175011
yajamAnasya,63,25,18,25,0.9583333333333334,0.018452991475094715,0.12719456513095673,0.9583333333333334,0.05491278605470595,0.27576668233183455,1.0,0.06374340709430537,0.2622397819352641,0.9583333333333334,0.023647190639291993,0.16503000728149053
yajate,66,7,30,27,0.9795918367346939,0.03474836168337059,0.2415888506258701,0.9583333333333334,0.06975521515936112,0.28565813486806957,1.0,0.06995946825167165,0.25134897935038536,0.9583333333333334,0.03244742410936252,0.19355251354400804
yajeta,82,14,31,114,0.9583333333333334,0.07494533123254432,0.4154411112988421,1.0,0.16810712141621742,0.4375604681545371,0.9583333333333334,0.12952711363377178,0.404743416390841,0.8372093023255813,0.032429039849903085,0.12096238102922996
yajuH,24,34,26,25,0.9583333333333334,0.02868186790157956,0.1945510241817916,0.8888888888888888,0.06818187720908742,0.3772381247988188,0.9583333333333334,0.08176652237688897,0.4525677469279594,1.0,0.018381454792706697,0.13238475487210355
yam,463,127,523,147,0.9583333333333334,0.0508543931766674,0.3809259515515008,0.9583333333333334,0.08822123680553795,0.5145066183367664,0.9795918367346939,0.0939646370420345,0.5034721870501113,0.9583333333333334,0.03811655839747652,0.21288349518884075
yama,35,10,441,18,1.0,0.00779896586704687,0.0677839456513174,0.9795918367346939,0.11083671631621406,0.6848953072217874,0.9795918367346939,0.12361658591229929,0.694995867383903,0.9583333333333334,0.017140243764925622,0.08756704324962983
yamaH,59,11,148,9,0.9795918367346939,0.021037688743816285,0.16697430603701113,0.9130434782608696,0.06534158239584087,0.43569138279423125,0.9583333333333334,0.08930574537560487,0.443180527735733,0.9795918367346939,0.023122008828872498,0.16650877126319075
yasmAt,41,344,268,29,1.0,0.02620619030974458,0.1177454884909015,0.9583333333333334,0.05920162947995433,0.45726620078009583,0.9795918367346939,0.06032355897256181,0.4454977877106835,1.0,0.01506400279798037,0.0844399091817607
yasmE,58,9,18,7,0.9795918367346939,0.011417688374688484,0.08394854401055274,1.0,0.04876224546587349,0.2355602636373877,0.9795918367346939,0.06826129891063948,0.25773522261221316,0.9795918367346939,0.010013807477382342,0.09926655667384521
yasmin,110,123,229,74,0.9795918367346939,0.020593387726419388,0.24692379796033204,0.9795918367346939,0.0736816667432586,0.4119973962268567,0.9795918367346939,0.06867119871206995,0.4991417250231899,0.9795918367346939,0.008710558172444038,0.19416816268817194
yasyAH,24,6,62,27,1.0,0.014977912364373513,0.04044951576705702,1.0,0.05530929540264018,0.3663278830192649,1.0,0.05399729639705353,0.33361734814608546,0.9583333333333334,0.009256815710511068,0.07494387185723039
yasyAm,41,8,41,18,1.0,0.009680618731522594,0.06331120296997805,0.9795918367346939,0.05881041710809298,0.3432691272066759,0.9795918367346939,0.0679821085522796,0.36384950174179687,0.9795918367346939,0.012554726753932433,0.0660903677514858
yasya,377,172,1023,165,1.0,0.05275564505168595,0.3543883661467837,0.9795918367346939,0.10110948523662333,0.4810058775756314,0.9583333333333334,0.07239553184452607,0.49841543469570926,0.9795918367346939,0.013748927592257543,0.20335553819170826
yat,4132,1319,4979,770,0.9583333333333334,0.019130866987611683,0.16194531091203723,0.9130434782608696,0.07318623903640231,0.38368681573618,0.9361702127659575,0.10792739198911616,0.3991342911953668,0.9795918367346939,0.039633601007840635,0.21349344816695592
yatas,86,127,337,73,0.9795918367346939,0.011733962778720075,0.1565927158245719,0.9795918367346939,0.06564431573639617,0.4980738846179906,1.0,0.11485954152062283,0.5860512840284238,0.9795918367346939,0.008925799059283146,0.11695934789670681
yatra,284,201,1697,206,0.9795918367346939,0.03447485609734513,0.2603845686989045,0.9361702127659575,0.12140889626992535,0.5292747260267949,1.0,0.06545720874520988,0.5762689134614343,0.9795918367346939,0.008485542681424874,0.1999208229543039
yava,20,13,10,33,0.9795918367346939,0.01498336358036978,0.10372903331565553,1.0,0.06554478069027969,0.13040900503813246,0.9795918367346939,0.055349448220533004,0.12011607027888371,0.9795918367346939,0.011255134179924298,0.1688868936451703
yayA,45,10,69,13,1.0,0.010262297522191655,0.13847682147659124,1.0,0.06336384932639982,0.3081673700649241,0.9795918367346939,0.056489763114408786,0.30898213881170355,0.9795918367346939,0.01074719887472364,0.15630013172980584
ye,1201,222,2482,271,0.9130434782608696,0.05146460312225054,0.1719767009197528,0.9583333333333334,0.11795555886712528,0.3617815280631851,0.9795918367346939,0.0727445284488446,0.3982253968671854,0.9130434782608696,0.03757977333236795,0.18948221368217577
yeByaH,12,5,8,5,0.9795918367346939,0.010125536853145767,0.01782719849562131,1.0,0.04298767369812184,0.11956071555331049,1.0,0.0437821077416749,0.13667149305245396,0.9583333333333334,0.009178670300173386,0.03223906377924668
yena,342,162,958,113,1.0,0.03856625387825763,0.33199324770422634,0.9583333333333334,0.08438133912224233,0.45289713302070655,1.0,0.09456432542276283,0.4662954965578321,0.9795918367346939,0.030843462675365974,0.2620865789935731
yezAm,40,30,296,42,1.0,0.015027635232836123,0.1724693921658127,1.0,0.08291197579027876,0.4786476959955661,1.0,0.1257314523327091,0.6859270769467884,1.0,0.0532794236057782,0.2997032951564489
yezu,26,6,48,13,1.0,0.016981462441354456,0.040187314197598134,1.0,0.08046118151218995,0.2765855402112054,1.0,0.07476005654794604,0.3173216305912865,1.0,0.0036940635655864362,0.04381271061205627
yoniH,43,24,95,28,0.9583333333333334,0.024763994747555973,0.19727522624766836,1.0,0.0673334089362454,0.36597026203507865,1.0,0.0807814096811369,0.36392470105509855,0.9795918367346939,0.01711143154952499,0.07409860055349193
yonim,111,33,78,27,0.9583333333333334,0.05277153416305436,0.35008138217049756,0.9795918367346939,0.09082249912813145,0.4416465832970706,0.9795918367346939,0.13182396479701264,0.44472785091038003,1.0,0.031026167425601936,0.27213283814555966
yozA,31,12,10,6,1.0,0.04135438061368568,0.24404026298077341,0.9795918367346939,0.06509515596366744,0.32560787854072815,0.9583333333333334,0.037707564679911654,0.1942640794635535,1.0,0.010412886597805926,0.1274273551010967
yujyante,9,5,16,5,0.9583333333333334,0.015076646169597141,0.035820763912524756,1.0,0.0762168444438146,0.29630420250202916,1.0,0.06048131106491228,0.3012216343520735,0.9795918367346939,0.0035926707646857237,0.02569479418716447
yujyate,19,8,66,20,0.9583333333333334,0.01682881094800881,0.1044744340806365,0.9583333333333334,0.08858524036002702,0.3567593351000191,0.9130434782608696,0.06670016969922987,0.4756902632874611,0.9583333333333334,0.013821199233280623,0.1970243394376474
yuktA,15,17,58,10,0.9361702127659575,0.016461733238334886,0.17803410734961478,0.9795918367346939,0.10870199722180318,0.48962962964109225,1.0,0.08288624694248048,0.5725100542563992,0.9583333333333334,0.018035030344949465,0.21821205313243053
yuktAH,27,12,273,22,0.9795918367346939,0.01515710199803666,0.050159692372604314,0.8636363636363636,0.06079685086297393,0.5399290533401632,0.9583333333333334,0.10349395803294337,0.572420218044603,0.9795918367346939,0.016883817568308035,0.2228983385630965
yukta,8,5,114,16,0.9795918367346939,0.006795882951965204,0.08821046732210835,1.0,0.08308392990335756,0.47523425397037367,0.9795918367346939,0.10482905557437627,0.5238890034740906,1.0,0.01601559256738405,0.2914218151166167
yuktaH,16,67,500,68,1.0,0.029768037256112212,0.24203783277794522,0.9583333333333334,0.13620710762149524,0.6068564442382407,0.9795918367346939,0.12340529498589026,0.5420865184746633,1.0,0.009614425885182465,0.1834036770756201
yuktam,7,134,492,73,0.9795918367346939,0.0166769172574317,0.2010233544508776,0.9795918367346939,0.09557510066215913,0.5775466748880167,0.9795918367346939,0.13535036142095302,0.6475642909093605,0.9361702127659575,0.015304273344675323,0.31728054534879324
yuvA,51,12,110,8,1.0,0.038654367906217124,0.21150803419260356,0.9583333333333334,0.10698456935128409,0.49372862926440875,0.9795918367346939,0.1069932120972048,0.46975966821936765,0.9361702127659575,0.02022370619883085,0.13346965986303605
yuvAm,15,5,39,11,0.9795918367346939,0.016505742144516056,0.054115402486287656,0.9795918367346939,0.07803688108001083,0.4020984777057143,0.9795918367346939,0.07781325018388974,0.4384871066849464,1.0,0.04300682973043357,0.12057004636435664
zaw,56,17,102,66,0.8636363636363636,0.032825061243029974,0.14252949507870394,0.9130434782608696,0.05270414234696119,0.3699063043646401,0.8372093023255813,0.03815192391327604,0.2856516289572597,0.6842105263157895,0.010484080206279,0.0704797362760533
zaz,84,12,145,211,0.9583333333333334,0.03442160399311234,0.2113543674317897,1.0,0.08297057316811329,0.39258237148429376,0.8636363636363636,0.08008975520336603,0.24765512782433707,0.9130434782608696,0.028180074816919976,0.08599788949925402
zazWaH,5,21,14,17,0.9795918367346939,0.06830644928254181,0.37268221359895537,0.8372093023255813,0.0864295208625443,0.34742059113840607,0.8636363636363636,0.046804744098614015,0.21363853018596002,0.9795918367346939,0.008920844620286972,0.15974659405397873
zazWam,47,5,19,24,0.9361702127659575,0.06108283355887645,0.30040580449157983,0.9361702127659575,0.09554791647339478,0.4264095848471029,0.9583333333333334,0.06354969980121394,0.21176196318911789,0.9583333333333334,0.022556029546297207,0.0694529004250577
zazWe,11,9,24,31,0.9583333333333334,0.018565722464656487,0.1627773436264781,0.9795918367346939,0.07564578813434442,0.43086309195369976,0.9795918367346939,0.08834561441328159,0.41879084644295084,1.0,0.03415699180599119,0.11023127789679066
zoqaSa,13,13,56,93,0.9583333333333334,0.02959786576526635,0.13065122172703458,0.9583333333333334,0.0791887145368042,0.38414197355285074,0.8636363636363636,0.07235643929241387,0.27712492738904027,0.9795918367346939,0.04086032605356371,0.24206852667875278
