word,freq_vedic,freq_upanisadic,freq_epics,freq_sutras,jac_ved_upa,so_ved_upa,proc_ved_upa,jac_upa_epi,so_upa_epi,proc_upa_epi,jac_epi_sut,so_epi_sut,proc_epi_sut,jac_ved_sut,so_ved_sut,proc_ved_sut
A,3302,43,61,505,1.0,0.03665308664869593,0.34804164863809084,1.0,0.02620921611210969,0.13288885756541347,1.0,0.09162716509557223,0.3993921991082885,0.75,0.02245294820208843,0.10325454251719113
AUM,9,79,24,46,1.0,0.004207622810746159,0.04277181099735472,0.9361702127659575,0.026379274113087048,0.3089056061765362,0.9130434782608696,0.030045349375482977,0.28276670962596984,0.9795918367346939,0.013533899994916276,0.14891266748253607
Acakzate,7,27,7,45,1.0,0.0028312778396295535,0.009964574453802832,1.0,0.017134647656133706,0.03466766668353971,1.0,0.0316638358397221,0.05446763960165946,0.9795918367346939,0.004465475842534206,0.050502448061225946
AdAya,8,9,560,36,1.0,0.0035518920827761757,0.015521183969255836,0.9795918367346939,0.054309252600699076,0.6378379289051742,0.9583333333333334,0.07670625055131108,0.6477630303427757,0.9795918367346939,0.004273532621770104,0.03247005780879053
AdityA,82,6,24,12,0.9795918367346939,0.0031722334097189497,0.07985469276643453,1.0,0.07011689774097318,0.4183475111156211,0.9795918367346939,0.08171818887926618,0.43065689730683177,1.0,0.0030791605668959443,0.09541894607131196
Aditya,38,21,18,15,0.9361702127659575,0.005173764950187731,0.06322355790337575,0.9795918367346939,0.027994927548028792,0.2693226143028208,0.9583333333333334,0.03999254879845826,0.30824810805589675,0.9583333333333334,0.008163515780230335,0.09348477422533064
Adityam,20,14,34,21,0.9583333333333334,0.004604283718785962,0.014049577772244026,0.9130434782608696,0.025072028903642463,0.27339781309731825,1.0,0.03889410205125177,0.2788348176037534,0.9795918367346939,0.0031629526199551394,0.04201960146015016
Adityasya,13,12,8,5,0.9583333333333334,0.0011068996341094817,0.013487911920496809,0.9795918367346939,0.027172171470218442,0.058267596234304664,1.0,0.02474947549791129,0.04214421060244855,0.9795918367346939,0.002000576277238153,0.010215667808339268
Aha,203,69,408,74,0.8888888888888888,0.00854983587105318,0.21910434702023862,1.0,0.05347800020114846,0.44407418771194274,0.9583333333333334,0.041205046902498266,0.393426513745337,1.0,0.019504864951693457,0.23211193883830217
AhuH,120,36,160,22,0.8888888888888888,0.006088578342889117,0.06389412896145452,0.9583333333333334,0.04970975040405479,0.32105590620210367,1.0,0.044793355213486485,0.3331058752940137,1.0,0.0057264359122825015,0.04073504951682505
Ahur,193,21,357,12,0.9795918367346939,0.010863457916888475,0.1253854340448599,0.9795918367346939,0.04101547859350563,0.40743474873154395,0.9795918367346939,0.06584715612184999,0.4074754639329913,0.9795918367346939,0.009047664122242227,0.11345909531277165
Apa,58,22,16,17,0.9583333333333334,0.005678196909565281,0.06457884626931465,0.9795918367346939,0.024302424467122052,0.122133518930027,0.9583333333333334,0.0256389546347211,0.12740314006464015,0.9361702127659575,0.004155544720537585,0.031462620766257166
ApaH,114,35,21,18,0.9795918367346939,0.003173801287062572,0.0348135371077003,0.9583333333333334,0.023111572862736796,0.13640720577849708,1.0,0.02949370067804702,0.14844759449841638,1.0,0.002847346866165279,0.045001467140289186
Apnoti,143,25,134,48,0.9583333333333334,0.016704997985500625,0.18156870184804919,1.0,0.052030878794463,0.32989324381109575,0.9583333333333334,0.09380158490277812,0.3302807095024628,0.9361702127659575,0.01780178847552738,0.07598962606896631
Apo,249,33,81,33,1.0,0.003320271080406223,0.05086094654308826,0.9795918367346939,0.04647813399891643,0.35599308014877395,0.9795918367346939,0.06299244505711232,0.41878940335653225,0.9795918367346939,0.00793932133330666,0.02429188151021655
AsAM,13,9,28,6,1.0,0.0009975941118101073,0.012883833224644925,1.0,0.021668196506920756,0.13488683214947272,1.0,0.02422582969625553,0.11987804265064217,1.0,0.0031074433908402366,0.01803035692603283
AsIt,60,20,350,16,1.0,0.011136464627426235,0.07040321704947916,0.9583333333333334,0.0518210482000363,0.506263857723352,1.0,0.08667776544380401,0.5253804254420992,1.0,0.0043396672148966475,0.08983256837772946
Asa,42,14,2474,16,0.9361702127659575,0.005406753468667591,0.029554849294047614,0.9583333333333334,0.06483825070372007,0.725978726362682,0.9583333333333334,0.07065125663657956,0.728303432629398,0.9795918367346939,0.005427554601692641,0.023107025796796243
AtmA,104,264,168,31,0.9795918367346939,0.006868596387443526,0.0955178059665025,0.9795918367346939,0.03234171390075802,0.26560678413199923,0.9795918367346939,0.03554768280439535,0.2787216337911482,0.9583333333333334,0.008593988723379908,0.10051125643034187
AtmAnaM,27,57,287,23,0.9361702127659575,0.00840827168456837,0.038293797399998386,1.0,0.05562818791571489,0.38428365431412215,0.9795918367346939,0.06405935411739694,0.38320415664015794,0.9795918367346939,0.0018893514749274143,0.03956275852859359
AtmAnam,44,45,209,37,1.0,0.012341537146095538,0.05936868970863851,0.9795918367346939,0.057987900266507686,0.4094984873744216,1.0,0.052970637218085925,0.4166563764494726,1.0,0.00451784457996196,0.07291291583973902
AtmanA,26,8,123,11,1.0,0.011191700032334828,0.1524928406839201,0.9361702127659575,0.05214561907959647,0.31307796788200837,0.9795918367346939,0.031428612093739816,0.32856635155496106,0.9795918367346939,0.0072103583079690114,0.13201046607070122
AtmanaH,8,33,398,56,0.9795918367346939,0.0022999983522509204,0.014017657702157127,0.9583333333333334,0.043198556697680135,0.45210487314800063,0.9795918367346939,0.05329420942255991,0.4318880423778817,0.9361702127659575,0.0013872880276667443,0.03198722629200246
Atmani,26,28,88,61,1.0,0.0049797204856150135,0.1976501737688079,1.0,0.031408532051591,0.21497304442426546,0.9795918367346939,0.03406780562716327,0.2872704329286435,1.0,0.0070895656082585745,0.2195524161769411
Atmano,17,44,125,22,0.9795918367346939,0.003943533189768145,0.023972883029157455,0.9361702127659575,0.052873459411450496,0.2698381660108784,0.9795918367346939,0.027762835962898524,0.2606192632132802,0.9583333333333334,0.004239091895979041,0.027973019184241
Ayur,176,23,65,45,0.7804878048780488,0.011393169399023018,0.06443896648261294,0.9361702127659575,0.04807306967101466,0.24546326395226414,0.9795918367346939,0.05138316727190528,0.3044686956808512,0.9583333333333334,0.013648284754540163,0.2455402569818479
BUH,12,7,27,15,0.9795918367346939,0.009407189046444109,0.08254251821107927,0.9795918367346939,0.037857913977196955,0.21323706751786053,1.0,0.03877450362361046,0.21745764095978604,0.9583333333333334,0.008675604122708513,0.13567591735858409
BUr,22,12,49,39,0.9361702127659575,0.011129320305596324,0.10886231392848988,0.9583333333333334,0.04097381137820311,0.24954222737887266,0.9130434782608696,0.03736383087797113,0.30564161966923353,0.9583333333333334,0.02478101246287412,0.3223768861677021
BUtAnAM,7,50,256,10,0.9795918367346939,0.006684803593961508,0.1449113353469782,0.9583333333333334,0.037481430855076714,0.3223170053476604,1.0,0.04676730537945062,0.3404274444633226,0.9361702127659575,0.00223730610290207,0.025241114700166323
BUtAni,28,112,342,15,1.0,0.009464901879286725,0.1741618055963885,0.9583333333333334,0.06291092968528045,0.5003725691146381,0.9583333333333334,0.04645556304871501,0.48239143718652366,1.0,0.003528169131306824,0.007982850800350327
BUtaM,39,19,166,9,0.9795918367346939,0.004137787617881639,0.08260737730249201,0.9583333333333334,0.03501810638687719,0.38030572198149315,0.9795918367346939,0.06039432768025166,0.38805181633331953,0.9795918367346939,0.0024739526218318098,0.07595579987305678
BUtvA,49,63,590,19,0.9795918367346939,0.008600539866718604,0.043593889330092894,0.9795918367346939,0.04088752030073972,0.5140385689791438,1.0,0.06139653452334448,0.5188282140027893,0.8888888888888888,0.005202799267385982,0.019978873814402
BUyAn,12,9,10,5,1.0,0.005449128699153594,0.12120755406782568,0.9361702127659575,0.019801276211201646,0.055290673079194885,0.9583333333333334,0.03315773696104385,0.060417888265897224,0.9795918367346939,0.009003573874910131,0.12767851995883495
BUyo,12,30,286,13,1.0,0.004367835781056151,0.03675867158592472,0.9795918367346939,0.04849499310286509,0.43530256562994163,0.9795918367346939,0.07076668179612122,0.4666111965195199,0.9795918367346939,0.004369811213535413,0.017343628216222817
Bava,156,9,379,22,0.9795918367346939,0.008381037180824613,0.18699468593046875,0.9583333333333334,0.04896098003941862,0.49715810048437525,0.9795918367346939,0.034492294655384836,0.4240599834380896,0.9130434782608696,0.013515862511559673,0.08200466305062237
Bavanti,335,121,304,157,0.9130434782608696,0.022078616660461403,0.17447477716328397,0.9361702127659575,0.05737243437618811,0.2768360583457964,0.9795918367346939,0.052085128458894236,0.34468699531611,1.0,0.013611661827573784,0.14747545713683086
Bavanty,48,14,96,10,0.9361702127659575,0.03555301645672038,0.276536152925287,0.9130434782608696,0.07277595678841975,0.3682879530738232,0.9795918367346939,0.05535587779143902,0.2983350680206549,1.0,0.014683915536918835,0.11438635808288322
BavataH,54,19,80,33,1.0,0.01479170727085699,0.11711274887174361,0.9795918367346939,0.03909530840058528,0.21441398134570588,0.9361702127659575,0.04150727338744853,0.2501843076026269,0.9795918367346939,0.009039156018485928,0.10598042212492387
Bavati,1056,853,642,602,0.9795918367346939,0.011925761452873163,0.13493440112646693,0.9795918367346939,0.04460085690178328,0.3271668545039008,0.9795918367346939,0.06850813474562378,0.33318812578042145,1.0,0.011842988961808576,0.15758324439048332
Bavaty,145,47,158,47,0.9130434782608696,0.03613403735885512,0.240519953482363,0.9795918367346939,0.05699779694132845,0.3669623758400633,1.0,0.06858282459379061,0.4189914656270596,0.9361702127659575,0.04524524690143217,0.42676207195231064
Bavizyati,15,7,841,23,0.9583333333333334,0.0003847979846965943,0.018518614706578562,0.9130434782608696,0.04510198072532012,0.3577247793007423,0.9795918367346939,0.046978669853547705,0.3956167070287986,1.0,0.005337477595374951,0.06285443175889305
BuvaH,19,14,13,35,0.9583333333333334,0.018885611348133713,0.1842364220635393,0.9583333333333334,0.04339034469132108,0.2675883192111057,0.9583333333333334,0.040995113919423565,0.32573823305572525,0.9361702127659575,0.028150987516614268,0.3653631883146826
DanaM,18,21,266,29,0.8888888888888888,0.0058063016742083695,0.026655633220399544,0.9795918367346939,0.03866086698554427,0.4440481559020957,0.9795918367346939,0.051979950831780086,0.4306565064258001,1.0,0.003530486830963242,0.05653327622685245
DarmaM,5,9,562,35,0.9583333333333334,0.003619746284838188,0.04825799969245481,0.9583333333333334,0.04897876080332075,0.3916983075609143,0.9795918367346939,0.037509935958959795,0.38897145747743134,0.9795918367346939,0.0014184138313038108,0.06006038126785507
Di,97,18,403,29,0.9361702127659575,0.0012957552464014643,0.06555262201544387,1.0,0.030328275695545637,0.3002389196366301,1.0,0.04273388704705583,0.3116286382674661,1.0,0.008122714178925516,0.07899786823300925
DiyA,100,11,16,9,0.9795918367346939,0.018764352623945935,0.265656908060355,0.9795918367346939,0.016892577950492815,0.08130743101662363,0.9795918367346939,0.028124556963293412,0.14886022487139017,0.9583333333333334,0.013611998867863573,0.12846268207859146
DruvaM,9,6,183,5,0.9583333333333334,0.0015444957805311743,0.034984454955857114,0.9795918367346939,0.03329818501835147,0.29830631496682636,0.9795918367346939,0.03621627747123157,0.30248264573280215,1.0,0.003030463754230661,0.04551161495058831
Kalu,13,57,186,9,1.0,0.0028463909993046155,0.0716729948771977,0.9361702127659575,0.03636956616087861,0.3207619190659031,1.0,0.039845822605252046,0.36635400522416883,0.9795918367346939,0.0034661879993398426,0.01065724711115923
SarIraM,21,86,156,7,1.0,0.008345832954727017,0.08758864084606544,0.9795918367346939,0.047034552971634946,0.3776176381196439,0.9583333333333334,0.03897909817766598,0.2714730888817908,0.9361702127659575,0.001879895882754501,0.008540127957876065
SarIram,22,24,62,11,1.0,0.0025812025188483023,0.025412277874089506,0.9361702127659575,0.02212111599296085,0.18856514498521493,0.9795918367346939,0.028148753940938298,0.17681878545346308,0.9795918367346939,0.003696771841601998,0.016105923149671852
SatAni,23,5,71,40,0.9583333333333334,0.002601820385667919,0.015119518845205682,0.9583333333333334,0.0932971088540504,0.4102586405019135,0.8372093023255813,0.06913313447442548,0.34587859949347366,0.9795918367346939,0.008593393039783681,0.12723245982661668
SataM,109,23,244,57,0.9130434782608696,0.006929160866568584,0.21189395007977785,1.0,0.08874339753960836,0.33417549196458896,0.9361702127659575,0.0819501188229943,0.459085801506124,0.9795918367346939,0.012963068894100371,0.3933351554506257
Sira,7,13,7,10,0.9795918367346939,0.001745593269611323,0.0046845423022796595,0.9795918367346939,0.033195046117140414,0.2313696900398321,0.9795918367346939,0.04256017217657748,0.23263814086528123,0.9361702127659575,0.0020109711100969596,0.005867669631704153
SiraH,28,22,107,23,0.9361702127659575,0.0010813381607266415,0.005148275984819928,0.9795918367346939,0.04392408006896531,0.49243079207450313,0.9795918367346939,0.08804247979493807,0.48796185810496384,0.9583333333333334,0.0016701809968651116,0.007265991131776062
Siro,55,6,111,12,1.0,0.001522844143216795,0.021392735580597844,1.0,0.05758649723779252,0.48450855633511036,0.9583333333333334,0.06791454399259489,0.4917358374045919,0.9583333333333334,0.0010645386943154422,0.012149092434194264
SradDA,21,11,42,6,1.0,0.002542140042957608,0.020045002335926654,0.9583333333333334,0.033375716661295796,0.19949632535398687,0.9795918367346939,0.03652080231903121,0.19194705308844273,0.9361702127659575,0.0031429570511620764,0.01110028589769596
SreyAn,5,5,34,34,0.9361702127659575,0.0046752826359911515,0.02357312802482836,1.0,0.043538459473741464,0.14532541598482995,0.9583333333333334,0.05316314879899098,0.2218337015859868,0.9795918367346939,0.002925691740813696,0.07864938006931266
SrezWaH,9,6,113,7,1.0,0.0024789539719674014,0.04447525558730503,0.9583333333333334,0.06444946348870428,0.4984040194359548,1.0,0.07259254234517187,0.4947200083557808,0.9583333333333334,0.004109364692028938,0.04960504168270852
Srotram,20,28,21,14,1.0,0.002161438807140148,0.024800953138000015,0.9795918367346939,0.020684869248228877,0.1529266212509396,1.0,0.04026543086232193,0.25526774003921915,0.9795918367346939,0.012209647593457107,0.07341444939192532
UrDvaM,10,30,121,39,0.9583333333333334,0.0034020377154959647,0.024042840710690072,1.0,0.06748586079418151,0.3559047203625506,0.9795918367346939,0.041618141068452075,0.2862282131199846,0.9795918367346939,0.006033050269114493,0.098141066430254
UrDvam,24,5,53,109,0.9795918367346939,0.002257296444385437,0.007857579431625128,1.0,0.03291217707084104,0.3016459829002154,0.9795918367346939,0.045968837640906535,0.3243664255425196,0.9795918367346939,0.003529018297838693,0.03245693046676967
a,177,5,6,11,1.0,0.005203312800702631,0.18749794353086258,1.0,0.026540895357460514,0.05782699096242294,1.0,0.026712000208689468,0.06001671537022968,1.0,0.009317954967165143,0.1967124378495666
aBito,36,5,54,12,0.9795918367346939,0.0030256627969420524,0.0331805915554515,0.9583333333333334,0.050145192355981916,0.4750184169143702,1.0,0.05717440688242692,0.4711819625339,0.9361702127659575,0.003673575689229547,0.01698891220664933
aDyAtmam,5,8,48,9,0.9795918367346939,0.0022846769565615377,0.007098537346499012,0.9795918367346939,0.026963660516487353,0.2702227294059971,0.9795918367346939,0.06528197653522627,0.24247857305408294,1.0,0.004253686770528509,0.07216321161079797
aSnute,31,6,142,16,1.0,0.004839802313594599,0.07138890135679998,0.9795918367346939,0.05081479656882637,0.3451410946166653,0.9583333333333334,0.07011835531529065,0.3196721990489395,0.9361702127659575,0.0018572344230476379,0.0413909458533116
aTa,646,479,1882,539,0.9583333333333334,0.006775454731305697,0.10619661449489182,1.0,0.03521621323303237,0.46566658841330955,0.9795918367346939,0.02346908613224863,0.4102551241668776,0.9583333333333334,0.008606783635553117,0.1330230682664455
aTo,395,20,190,12,0.9583333333333334,0.006852949631532712,0.07679074476263836,1.0,0.03783719017416509,0.37796994715163335,0.9795918367346939,0.037817372661096416,0.3550004935317487,0.9795918367346939,0.004676297744212854,0.05584261548129543
abravIt,43,14,1702,9,0.9795918367346939,0.005813001468569112,0.024906299707391888,1.0,0.05305526664119142,0.5240461945610493,0.9795918367346939,0.0864032661389339,0.5424981815885004,0.9795918367346939,0.0029015899294627667,0.029708377664009467
adBiH,11,6,14,8,0.9583333333333334,0.0016077682474360255,0.030080354603409853,1.0,0.033070474575147224,0.12288538639391278,0.9795918367346939,0.02998820340974917,0.12752910358677982,0.9583333333333334,0.004097266183949455,0.02727050966134903
agnAv,12,7,8,11,1.0,0.019403815852738537,0.23874297981755033,0.9583333333333334,0.04516580790371638,0.30738481938856277,1.0,0.02627010177905187,0.0760479985531255,0.9795918367346939,0.0017339466287332739,0.015301006091309688
agnO,45,43,46,31,1.0,0.0320983181335015,0.3474574693465917,0.9795918367346939,0.05506177474533891,0.41807517500027525,0.9583333333333334,0.02225643262227195,0.11188384208025615,1.0,0.0018254145577117908,0.032557180154348386
agneH,34,6,12,23,0.9795918367346939,0.0027303383159631434,0.04020694706347139,0.9795918367346939,0.021872036819824525,0.06247715528407638,0.9795918367346939,0.024333965140363234,0.06474099626516461,0.9795918367346939,0.005133009819899059,0.016359095286560876
agner,78,5,40,22,0.9795918367346939,0.0026471826262447484,0.01537362655445873,1.0,0.016286737896642478,0.1631836988671409,0.9361702127659575,0.022471189141180292,0.18994491387164003,1.0,0.005167105922347481,0.10470925485695926
agniH,192,20,49,69,0.9583333333333334,0.011671654575843515,0.14353246928232,0.9795918367346939,0.02741909348137006,0.20640984696333442,0.9361702127659575,0.060767021042335556,0.1753631740070437,0.9583333333333334,0.014992009422009955,0.02207378453136788
agniM,84,7,95,36,0.9795918367346939,0.004294567366684432,0.08266859306559327,0.9795918367346939,0.04677331829829501,0.3693585867167817,1.0,0.05126531361242237,0.3755643514169462,1.0,0.012816142908485428,0.14948608788127649
agnihotraM,9,5,30,8,0.9795918367346939,0.0036423777972848237,0.011080371198143646,1.0,0.0326969490507385,0.10108289402174375,0.9795918367346939,0.029825272844962836,0.09944715094845558,0.9361702127659575,0.0013918256856763067,0.010102844415787127
agnir,470,26,172,159,0.9583333333333334,0.010988913855249138,0.09473595698138382,0.9361702127659575,0.024973091800123415,0.3205439622757227,0.8888888888888888,0.10057787677817831,0.36393316683527377,0.9795918367346939,0.015117399665378062,0.05962150091208773
agre,121,8,72,35,0.9583333333333334,0.0023060870985751603,0.05833040263310996,0.9795918367346939,0.028635504338955453,0.29335999368201193,1.0,0.03832073473777742,0.26963916508274977,0.9795918367346939,0.001990587261057497,0.04607850016503656
ahaM,157,71,2118,10,1.0,0.006988636579658425,0.07440447936363404,0.9795918367346939,0.053311754056770466,0.42488668080064396,0.9795918367346939,0.06205041547707668,0.4701801868894261,1.0,0.005266252783281078,0.05295785288864241
aham,170,53,1096,106,0.8636363636363636,0.011892410547931775,0.1873342471574564,0.9583333333333334,0.05018880987314234,0.349828520917133,1.0,0.05627073245456371,0.4174456612096936,0.9583333333333334,0.04101208927639477,0.2980602721085235
ahar,199,12,16,56,1.0,0.026775543444036987,0.20653763339963183,0.9795918367346939,0.026846911518455863,0.12734645071963357,1.0,0.03341383078622395,0.08500809365861417,0.9795918367346939,0.010422904009151468,0.08030216347599961
aho,13,6,225,12,0.9583333333333334,0.0028262322651777527,0.0023647185642887703,0.9583333333333334,0.039100161071155215,0.43001670696656324,0.9583333333333334,0.053582955553399536,0.47441072741920376,0.9795918367346939,0.003789737576875396,0.03226852857613105
akzaram,10,19,29,8,0.9795918367346939,0.006494487181545661,0.035953276775737564,0.9583333333333334,0.031132271617759,0.21233239730281128,1.0,0.04381536891449478,0.21722856813581526,0.9583333333333334,0.0037435358803631358,0.021779565658641475
amftam,30,33,26,8,0.9795918367346939,0.014501781736719122,0.20404682181239564,1.0,0.05987538007976034,0.3431595746963976,0.9795918367346939,0.04215162567408537,0.1743078254578867,1.0,0.001780780867246201,0.010829427877030007
anena,16,30,181,47,0.9583333333333334,0.004138226271019452,0.02134234481483066,1.0,0.04012440181473809,0.3311358523568948,1.0,0.04692575168887836,0.3502879049669665,1.0,0.004434218888627606,0.04476595495398872
annaM,93,73,174,24,0.9583333333333334,0.02104338295558028,0.1755347522006534,1.0,0.033429608370838304,0.26403224152942584,1.0,0.034512234676725595,0.2737001854089419,0.9795918367346939,0.018877259163391003,0.18398974747571128
annam,124,35,64,28,1.0,0.018025568838297756,0.1667889391582118,0.9795918367346939,0.06187318193487901,0.21797142137453163,1.0,0.0402991098305161,0.17789477606437898,0.9361702127659575,0.011234903963517673,0.1145230196327347
antaH,104,12,11,42,0.9795918367346939,0.001251460773202595,0.07405707968626174,1.0,0.018295270930671403,0.05014792129124224,1.0,0.034383998063928,0.06679212754130326,0.9795918367346939,0.004171514409414878,0.0646586283705286
antarA,39,7,25,23,0.9795918367346939,0.002428123812330263,0.007734927054926177,0.9795918367346939,0.036098440731370696,0.252221621506598,0.9795918367346939,0.035691196933319236,0.2363091168030117,0.9795918367346939,0.0018963105344770304,0.03712642425929036
antarikzam,68,8,8,18,0.9583333333333334,0.0041082806246647285,0.06169444907940724,0.9795918367346939,0.030087327537179465,0.09958402850056336,0.9361702127659575,0.03331278588557052,0.121281309044863,0.9795918367346939,0.005584942026559014,0.029944985852494055
anu,687,21,85,38,1.0,0.015110801676581076,0.17118729320659654,0.9583333333333334,0.04559580518223738,0.3367266280496808,0.9795918367346939,0.05657679242522562,0.35327125557852335,0.9130434782608696,0.014759114611573754,0.06580738618457205
anyA,47,11,38,19,0.9795918367346939,0.002066247151845557,0.011086240235559153,0.9583333333333334,0.03518047704261362,0.18340947858277634,0.9795918367346939,0.03393197671809778,0.17223464348218442,0.9583333333333334,0.0025254165249193328,0.014593034900338475
anyaH,20,7,86,13,0.9795918367346939,0.00031465371635108763,0.013683404613077155,0.9583333333333334,0.06142911820993291,0.32042421565640766,0.9795918367346939,0.05566986441780741,0.32617217765571027,0.9795918367346939,0.001908874084132095,0.024501883638189503
anyad,43,10,161,35,1.0,0.001641195651953975,0.01828673645951906,0.9361702127659575,0.048364443788311395,0.4412320897266495,0.9795918367346939,0.054086184242596036,0.4333530099855323,0.9361702127659575,0.006551329942171336,0.01794281766296546
anyasya,11,6,22,6,0.9795918367346939,0.003817405977369792,0.021991450378833766,0.9583333333333334,0.025641868672798385,0.1358663161770729,1.0,0.0262465805502744,0.14046325242631186,0.9795918367346939,0.0012079542598790738,0.0326442960233273
anyat,13,5,101,33,0.9583333333333334,0.00153804020815973,0.006874708180858002,0.9795918367346939,0.05405498426860811,0.4249064704057488,0.9795918367346939,0.07545238917313823,0.41406129911232226,1.0,0.005218284773700899,0.02443710729646076
anyatra,29,7,104,126,0.9583333333333334,0.002977874340611919,0.021391114772099762,0.9795918367346939,0.04110123865672066,0.24231098866662815,0.9361702127659575,0.05989663411046264,0.27395266376787086,0.9583333333333334,0.005383010277923095,0.098383118053321
anye,35,14,312,80,0.9583333333333334,0.002730893630126463,0.021833427446201537,0.9583333333333334,0.05457320684612077,0.5790085104642191,0.9583333333333334,0.0954404025488611,0.5966980854188996,0.9583333333333334,0.004010513489384748,0.037940484910266026
anyo,58,41,114,18,0.9795918367346939,0.00344476578124564,0.02838364107994973,0.9583333333333334,0.04115872837892487,0.27441940624093575,1.0,0.03512791461557985,0.28996746541005614,1.0,0.004238371572567345,0.028050209717730867
apAM,60,11,45,12,0.9795918367346939,0.002646185412663593,0.04341826574234542,0.9361702127659575,0.021448121846776358,0.13328523042588647,0.9795918367346939,0.03652619028408621,0.15029388745995043,0.9361702127659575,0.004757210067914852,0.04197973939774391
apAm,75,6,9,10,0.9795918367346939,0.006834242106405042,0.09832957640167939,0.9795918367346939,0.029111434639837563,0.07304815363416495,1.0,0.03713902939795355,0.08260540752811507,0.9583333333333334,0.008656227091359159,0.08103786050007344
api,186,116,3759,354,0.9583333333333334,0.0034381522553907917,0.023868612262119893,1.0,0.036389456731052205,0.4713364534258867,0.9130434782608696,0.04435738185873406,0.4729920224730775,1.0,0.0074265795816618185,0.06147738502868949
apsu,90,13,44,27,1.0,0.005683896522044818,0.0792282059350955,0.9795918367346939,0.0268210115861911,0.16722764083628028,1.0,0.020343997120652157,0.18890472201876396,1.0,0.007143447578415119,0.04039847561205556
apy,50,33,717,92,0.9795918367346939,0.0072436951336004585,0.07830907386050012,0.9583333333333334,0.0447926349721236,0.4305762948460433,0.9795918367346939,0.06690083365464783,0.39804778379575956,0.9795918367346939,0.0069796991625035165,0.05931227420393759
arTaM,6,8,127,78,1.0,0.003233380162605326,0.006873529878527851,0.9583333333333334,0.049353362260338374,0.34698252352139813,0.9583333333333334,0.06432404699966221,0.39837600403295104,0.9583333333333334,0.0033466852469379305,0.12690621567117588
arTam,16,6,44,69,0.9361702127659575,0.001382542688542543,0.028480101053220963,1.0,0.03084867920717882,0.2318447965406215,0.9583333333333334,0.06104955382244137,0.2848984281114937,0.9583333333333334,0.004213106085403262,0.12736986978577836
asAv,33,6,13,19,0.9583333333333334,0.006092782144800801,0.08479847037423305,0.9130434782608696,0.026721218355500453,0.181393065084116,0.9795918367346939,0.02911936715135166,0.181280164627329,0.9795918367346939,0.01398429458759376,0.16800469654497752
asO,100,29,182,37,0.9795918367346939,0.0062687896715817315,0.10044215574060655,0.9795918367346939,0.0324377704480695,0.3236030437764862,0.9795918367346939,0.05924642802679847,0.32620043484763817,1.0,0.0020469178533650823,0.08728411840032246
asi,480,44,364,183,0.9583333333333334,0.05184964135077119,0.14980695572659974,0.9361702127659575,0.05931921582875188,0.17174301482240417,1.0,0.05594367251378585,0.2904483115005354,0.9361702127659575,0.03446284599027816,0.07043050666632689
asmE,193,16,55,45,1.0,0.0037325254815292475,0.03448425991571047,0.9361702127659575,0.033283912423467954,0.2797008926714484,0.9795918367346939,0.03558388155297687,0.29796794982498476,1.0,0.003998862810747572,0.01423217598580151
asmi,64,28,194,7,1.0,0.005417875105723113,0.06296773395706756,0.9361702127659575,0.043183141993592855,0.35807934270646746,1.0,0.038400335976451094,0.4292575779902198,0.9795918367346939,0.0049177144609136025,0.07080999879204031
asmin,141,22,210,58,1.0,0.022434321156977854,0.2882255937980831,0.9583333333333334,0.0557833946703189,0.33251991533823777,0.9795918367346939,0.034741071768905174,0.3587371839808444,0.9361702127659575,0.01246497307867711,0.22220033718855114
asminn,29,9,57,7,0.9795918367346939,0.011933418864183198,0.17866059627605535,1.0,0.035675016695248085,0.3008770987691811,0.9583333333333334,0.04602252383370553,0.22889741904496996,1.0,0.002838472439142925,0.03897387331648838
astam,23,6,20,5,1.0,0.0030685589964272175,0.021123141737323436,0.9361702127659575,0.030222863086305063,0.15755421535426928,1.0,0.030406592615163097,0.15813787703942983,0.9795918367346939,0.002816210306942568,0.016373294632757274
asti,152,69,317,31,0.9795918367346939,0.010112238514425553,0.08759303877383795,0.9795918367346939,0.052089751473866075,0.2985472758025973,0.9795918367346939,0.0641722954631,0.293631245322723,0.9795918367346939,0.007418766604312177,0.06222271726095163
astu,405,18,162,38,0.9130434782608696,0.008184969760391514,0.14479892372015124,0.9583333333333334,0.04302453670774975,0.35191768827368275,0.9795918367346939,0.047456896215633426,0.33944401480032926,0.9130434782608696,0.02063842180762321,0.05533400746910777
asyA,98,6,64,19,1.0,0.005870809958568812,0.08050668055023713,0.9795918367346939,0.021021487859393617,0.12525990193595693,1.0,0.028655976831994057,0.11958314814672621,0.9795918367346939,0.006818830541914012,0.08169450212294693
asya,968,99,714,264,0.9795918367346939,0.010488274738507553,0.14372669446340314,0.9130434782608696,0.02490480291357955,0.4358676021950303,1.0,0.06886679598545886,0.4861397078212668,0.9583333333333334,0.012098727891527994,0.07891436869805535
ata,28,80,51,90,0.9795918367346939,0.004926445354234588,0.026235004055990663,1.0,0.0486742294180762,0.2796360681001262,0.9795918367346939,0.045967640621449424,0.25125122271950995,1.0,0.0007864032045385994,0.033696695709827695
ataH,30,90,173,39,0.9583333333333334,0.008965064543451584,0.11328114611096618,0.9795918367346939,0.055818761966110464,0.32686862222788504,1.0,0.06499683489606722,0.31260750823543715,0.9795918367346939,0.00914866454411456,0.14691485896229295
ato,47,242,189,84,0.9795918367346939,0.0015996685879960948,0.020138974405372156,0.9583333333333334,0.035854538647589584,0.3071963530410111,0.9795918367346939,0.03857019202421341,0.30163195188351355,1.0,0.004480901309353302,0.01437612232751495
atrApi,5,5,13,15,0.9795918367346939,0.0010093296469346758,0.021996123203247953,0.9795918367346939,0.030182346146087613,0.05895236392860581,0.9583333333333334,0.022234956394206917,0.06683350888398887,0.9130434782608696,0.0019284348346878533,0.03383944530922145
atra,190,62,684,222,0.9583333333333334,0.0011899224787892404,0.019778133285937805,1.0,0.041383221078723276,0.42044652615797706,0.9361702127659575,0.03329764048088435,0.4408859806181926,0.9795918367346939,0.0022159241058825607,0.038976467961658545
ayaM,170,76,683,63,1.0,0.0036302923935194187,0.06618583146701473,0.9583333333333334,0.027565575764102013,0.36863690054861564,0.9795918367346939,0.05155829858979255,0.4063637158804363,1.0,0.006064903273006128,0.10993787851821368
ayam,137,46,193,134,1.0,0.002041293414088874,0.021908161082838218,0.9583333333333334,0.03575575599817804,0.3262393707782304,0.9795918367346939,0.08162470494352148,0.2929712771272448,1.0,0.01853211422566381,0.1271102024348354
azwO,30,11,117,52,0.9583333333333334,0.0058666065181683935,0.029034997167030063,0.9583333333333334,0.06238082898597552,0.43520266497383153,0.9130434782608696,0.06129156319312046,0.36408409107577844,0.9130434782608696,0.004002304839753057,0.05576231045946245
bAhU,57,7,87,8,1.0,0.006517159994321675,0.07555670983113383,0.9795918367346939,0.061658160534064144,0.4712208068988095,0.9583333333333334,0.0394655728841653,0.4660497535201594,0.9795918367346939,0.006133024030247736,0.07580579651395303
baBUva,75,39,580,9,0.9583333333333334,0.006795810622808318,0.06794820855853856,1.0,0.060373042767710494,0.5239850957309384,1.0,0.05402227197307197,0.4982820309614713,0.9130434782608696,0.007128765163324502,0.036187539373185085
bahu,51,31,283,47,0.9795918367346939,0.006359084203117593,0.05381356421512773,0.9795918367346939,0.03301869752149533,0.5181811635717491,1.0,0.05345552934929332,0.45777976388650077,0.9795918367346939,0.004833325283822076,0.029719799272459047
bahv,7,6,40,9,0.9795918367346939,0.004570124500858586,0.019000292751077952,1.0,0.04746143776867262,0.331909492131077,1.0,0.05169941324842586,0.33295834659066137,0.9583333333333334,0.0015353874478236662,0.029342547895160775
balaM,31,14,566,34,1.0,0.003525556368205951,0.03337556648456408,0.9795918367346939,0.03502075885672029,0.5194303685770056,1.0,0.08457250414954443,0.4622937233211317,0.9583333333333334,0.004731773860140787,0.11012078669745529
balam,69,5,435,31,0.9795918367346939,0.011533429244829141,0.21774753880229247,0.9795918367346939,0.0578061300622813,0.5609521989226033,0.9795918367346939,0.09688094596197105,0.5310285601793346,0.9361702127659575,0.01365640775424326,0.23374134519733425
balena,24,10,181,9,1.0,0.004195002002870485,0.06333220430895503,1.0,0.04913858899901746,0.5703581302717003,1.0,0.08170238986643008,0.5824378714359488,1.0,0.006160840733999806,0.08944774106509357
baliM,11,5,62,18,0.9583333333333334,0.003068317427084466,0.012807753402864774,1.0,0.04145252287123358,0.2877754553516745,1.0,0.0366767535291288,0.2995304582139531,0.9795918367346939,0.0014530059105760662,0.016579606916189427
bfhaspatiH,86,10,62,10,0.9583333333333334,0.006870026851911293,0.0911578389396075,0.9583333333333334,0.04348831385004359,0.24918417613625332,0.9795918367346939,0.03991634737799887,0.25451763851499143,0.9361702127659575,0.010530519060127919,0.08569633410801059
biBarti,46,10,39,6,0.9795918367346939,0.0032441648040670845,0.031577175177631034,1.0,0.019669818420943286,0.2402529146981176,0.9795918367346939,0.02757571009039428,0.22869958320512307,0.9361702127659575,0.005030032380548333,0.030560367676440103
brAhmaRA,17,39,215,15,1.0,0.0025265742605393715,0.011715314238493146,0.9361702127659575,0.06642629168531322,0.35424883180294686,0.9795918367346939,0.05692266150892544,0.37740000977657095,1.0,0.003370214008254102,0.008688311251181968
brAhmaRAH,5,11,143,14,0.9795918367346939,0.0033937833197023037,0.021866290105694297,0.9583333333333334,0.04660518808196379,0.3553939405690806,1.0,0.05958828775267,0.35223629810435253,0.9795918367346939,0.004619903934584002,0.04169589749410796
brAhmaRaH,5,21,170,27,0.9583333333333334,0.0016953267302705077,0.010035604051128688,1.0,0.04606253510785985,0.3012106068930289,1.0,0.047498488269691386,0.2996728836032736,0.9795918367346939,0.006374158010283737,0.02123095774373296
brAhmaRaM,34,9,177,25,0.9795918367346939,0.005503760852930251,0.05586858135303374,1.0,0.043431959360526684,0.4627595959262778,1.0,0.052521276861108634,0.48895413439764324,0.9361702127659575,0.0032199465534605842,0.04601344313170652
brAhmaRam,183,43,28,13,0.9583333333333334,0.01200748280450592,0.29040250472723106,0.9361702127659575,0.0210403119734327,0.21560645026962577,0.9795918367346939,0.05068143000055225,0.2510658555619544,1.0,0.012388046962051313,0.29395737325197324
brAhmaRasya,17,12,134,39,0.9361702127659575,0.0025728769598927226,0.006244727694858954,0.9361702127659575,0.031367682928082674,0.30410376770503733,1.0,0.039738754101039,0.2817411566205532,0.8888888888888888,0.0038767695710374417,0.02262762718836475
brAhmaRo,17,14,261,43,1.0,0.00071390588964515,0.02448771316231302,1.0,0.044206954492599704,0.38976978261853357,0.9795918367346939,0.04741553100593565,0.3888286731217938,0.9583333333333334,0.00648546762404667,0.01433241200251989
brUhi,27,14,544,5,1.0,0.00890545455926195,0.0755430929865446,0.9583333333333334,0.04486689205867511,0.4146928380573771,1.0,0.06602919112363936,0.41694607377141035,1.0,0.006510126683693107,0.0749294359010142
brUyAt,54,25,43,67,0.9795918367346939,0.006004746934977878,0.06831015954339836,0.9583333333333334,0.047280270678098923,0.17636035537765182,0.9795918367346939,0.037790336930852875,0.20237127088407325,0.9795918367346939,0.003242579120835809,0.07654496507593178
brahmA,77,28,291,48,1.0,0.004951347063931744,0.029314568564522858,0.9361702127659575,0.05401443266666439,0.4716312824614781,1.0,0.06958848921442273,0.4538376709249312,0.9583333333333334,0.003740125071280742,0.04558838039556279
brahma,303,370,330,125,0.9583333333333334,0.0012152158284314263,0.045007875858865676,1.0,0.06303944136413353,0.39453277370259143,1.0,0.06923212764143638,0.39414073452342935,0.9795918367346939,0.010087244059660438,0.14650480885282358
brahmaRA,147,20,138,21,0.9795918367346939,0.0034214120567555018,0.03599986743097228,0.9795918367346939,0.04299582582256012,0.35439025022104087,1.0,0.06439776704596112,0.3412771982941678,1.0,0.0064491151805043945,0.05060225696632126
brahmaRaH,13,66,94,13,0.9361702127659575,0.0009235309854184193,0.016127527656753404,0.9795918367346939,0.03905124872333343,0.29388697034870903,0.9795918367346939,0.028153640076787334,0.29510156085565464,0.9583333333333334,0.0007210314417332997,0.008506145557009903
brahmaRe,42,14,15,15,0.9583333333333334,0.010073270926514888,0.07995609748400179,0.9361702127659575,0.03424174886931619,0.16039321811425644,0.9361702127659575,0.02903681758174692,0.14555571667642142,0.9795918367346939,0.0037457975214639783,0.03343604443311665
brahmaRo,35,93,81,6,0.9795918367346939,0.003665257548821188,0.042341060918826834,0.9795918367346939,0.041866872460318505,0.21403672600082535,1.0,0.028078178102376228,0.1938008045056514,1.0,0.005607315710799865,0.04184455455748215
brahmacArI,18,6,112,16,1.0,0.0025991595025687264,0.006978763376637609,0.9795918367346939,0.060417355753964785,0.3941897106327643,0.9583333333333334,0.058125402347544375,0.3808554431537672,0.9361702127659575,0.003168821281942402,0.00935620007522131
cAsya,6,15,486,21,0.9583333333333334,0.004103384846625646,0.013177391949002804,1.0,0.04586400177151673,0.5757132015600637,1.0,0.05927219259075123,0.5834495786169975,0.9361702127659575,0.0013204917279387995,0.017820836911863314
cEva,37,15,5952,281,1.0,0.015273144552046536,0.1404571651837,0.9795918367346939,0.05026575207478856,0.5811097923730821,1.0,0.06385824312274746,0.5887905335296606,0.9795918367346939,0.013832561184655812,0.11625600787650692
ca,3413,2415,52377,5421,1.0,0.007992980988721476,0.1764100747754156,0.9795918367346939,0.06631220259176351,0.4966558160217065,1.0,0.07745422026116222,0.5056046944244539,1.0,0.007222416589281688,0.203421021273395
cakAra,74,21,340,8,1.0,0.006204807084845165,0.10562283009308404,0.9583333333333334,0.07239438736325665,0.5707278744475732,0.9795918367346939,0.0884440212967964,0.5932638206072613,1.0,0.008756641967261891,0.1235500542730863
cakre,57,16,520,7,1.0,0.003965172396097061,0.034249312210944405,0.8888888888888888,0.07047179581739416,0.5974728546677801,0.9795918367346939,0.06156707841386089,0.615293712063473,0.9795918367346939,0.0036846059410571286,0.036417757070132395
cakzuH,55,37,24,14,0.8888888888888888,0.007766497830359209,0.05683273662147714,0.9583333333333334,0.01998530291387246,0.12387994224084053,0.9361702127659575,0.025400308793998128,0.10766442450918978,0.8636363636363636,0.005965791870391812,0.042160508809741315
cakzur,126,40,80,26,0.8636363636363636,0.003779097936283504,0.059129607401088746,0.8888888888888888,0.027720175777793732,0.2440308556751991,0.9130434782608696,0.06016486460663417,0.324343618361693,0.8888888888888888,0.01372216245949942,0.08989904929576253
cakzuzA,68,27,130,23,0.8888888888888888,0.004122577908023617,0.043446767470439296,0.9130434782608696,0.05037822394573965,0.34926462207996434,0.9130434782608696,0.04416274283199839,0.3195729771713325,0.8636363636363636,0.010056428574645282,0.07005331667641124
cana,126,13,1116,50,0.9795918367346939,0.006154238411925972,0.12456414840247632,0.9583333333333334,0.04766659127779693,0.4159768643771933,0.9795918367346939,0.027070021378930553,0.35180685689721325,0.9583333333333334,0.007333615595988663,0.07882813703173919
caranti,97,7,75,43,0.9583333333333334,0.0018944447262059239,0.02919771951483252,1.0,0.04692527623266385,0.3747525211959297,0.9795918367346939,0.04584124026753744,0.37960305579740294,0.9795918367346939,0.0012351856584315035,0.02910871769753154
caritvA,7,7,10,12,0.9583333333333334,0.0022093742466983146,0.014790967431545399,0.9795918367346939,0.03106778669509902,0.1232440141365101,0.9583333333333334,0.03578216781640564,0.12388176490142477,1.0,0.004459532056456328,0.04494590571170565
caturTaH,6,12,7,21,0.9130434782608696,0.0033867057737455575,0.034441474874128186,0.9583333333333334,0.022490898838148587,0.05256612599379373,0.9795918367346939,0.02675895256619709,0.06294399835084807,0.9361702127659575,0.0027881181661676413,0.04086823481908897
caturTaM,5,11,42,10,1.0,0.0014573589391048136,0.0040379416512861255,0.9795918367346939,0.03859817244809649,0.1749954668972571,0.9361702127659575,0.034049217523895337,0.16258742696877315,0.9795918367346939,0.0012070169414354348,0.01845342053944743
caturTe,16,7,21,41,0.9795918367346939,0.0014670962749224747,0.004999824174470646,1.0,0.03214119258338155,0.26793198803285834,0.9795918367346939,0.05522006855863215,0.31262385910717605,0.9795918367346939,0.007875818341008811,0.060868051340365215
caturTo,5,9,10,5,0.9795918367346939,0.0015641865598396976,0.0116247719705167,1.0,0.027945133051566762,0.03322073442202145,1.0,0.034605511118137255,0.04579702727462087,0.9795918367346939,0.0021063486962292766,0.025144688285530847
ced,17,35,255,71,0.9361702127659575,0.0054805349225315325,0.02356336772257739,0.9583333333333334,0.026956287581913596,0.3651718113688024,0.9795918367346939,0.04814865355855091,0.3824835645824751,0.9583333333333334,0.003363223114752678,0.031366439707164906
cen,5,25,118,18,1.0,0.0019677256649396346,0.03236535293797704,0.9361702127659575,0.03421459215826639,0.3900551167557589,0.9795918367346939,0.040280542413892784,0.42366618498045705,0.9583333333333334,0.0023629791663764,0.02197781320163772
ceti,16,68,165,34,1.0,0.003466445022629272,0.03763389640147152,0.9583333333333334,0.042032359725550084,0.31329389080152525,1.0,0.03764377575691247,0.3226185437044191,0.9795918367346939,0.0028118068555196274,0.07227563779201263
daDAti,176,5,11,14,1.0,0.012585935821471606,0.17226060669262744,0.9795918367346939,0.032125357922905384,0.047178260731657984,1.0,0.03290293538913913,0.06712627948787853,1.0,0.015375593490404071,0.1872596530524866
daSa,127,19,436,186,0.9583333333333334,0.003464300062231196,0.10787868160317282,0.9795918367346939,0.08112248808908296,0.5355323763898859,0.8095238095238095,0.08312808825757811,0.4416191234861059,0.9361702127659575,0.0063641432813018595,0.12002787413502591
dadAti,74,14,133,57,0.9583333333333334,0.006747439439001357,0.044570455577776835,1.0,0.026551554438005054,0.37288609922452165,1.0,0.05683337491804963,0.34894743882557555,0.9795918367346939,0.003927571278320663,0.039265893205181035
dakziRA,94,17,44,107,1.0,0.0014481650443909366,0.037940887305028426,0.9130434782608696,0.023823487407262034,0.18883944034245292,0.9795918367346939,0.07246098671524015,0.1828605384413653,0.9583333333333334,0.004300537025980655,0.05221992780097651
dakziRAM,16,5,79,17,0.9795918367346939,0.0042412667742565135,0.019799321021677807,0.9583333333333334,0.04298336354921661,0.49889192401255833,1.0,0.07664087222776739,0.4883180945343737,0.9795918367346939,0.004374946278486447,0.07555428004264608
dakziRaM,13,6,93,30,0.9795918367346939,0.0032757688360731674,0.008665894750204628,0.9795918367346939,0.06436451320291137,0.5164263292080141,0.9361702127659575,0.07873855426950926,0.5067606670633618,1.0,0.004923613077765121,0.07573949805077484
dakziRato,25,6,8,55,0.9795918367346939,0.0036710243481306026,0.006880380124835828,0.9795918367346939,0.026226070123135048,0.1701692195011506,0.9795918367346939,0.049047054695693815,0.20746570311266677,1.0,0.005531591037472139,0.0684536104968183
dakziRe,17,13,44,62,1.0,0.004324860148042675,0.0973285566419324,0.9583333333333334,0.04471079710709991,0.37978209546157393,0.9361702127659575,0.04903417963334533,0.3431221693432994,0.9361702127659575,0.009040508120660262,0.11080175120838387
devA,744,117,416,79,0.9795918367346939,0.004985721375821317,0.06495430379316502,0.9795918367346939,0.0510479273775456,0.46144214185260113,0.9795918367346939,0.07755981993214212,0.4336846393348842,1.0,0.02584381016467452,0.15647885738052114
devAH,307,44,342,30,0.9795918367346939,0.011598969846259077,0.1973337034554703,0.9795918367346939,0.07282238141819164,0.4632823402742752,1.0,0.08055387244301748,0.4472324316038542,1.0,0.015104255841330794,0.1381715568938341
devAn,174,23,252,45,1.0,0.012455021135238331,0.08827472650033918,0.9130434782608696,0.061789514594679185,0.49014416889057577,0.9583333333333334,0.061573678355318795,0.4745928419925304,1.0,0.01432043835565544,0.053437638120952036
devAnAM,144,44,218,13,0.9795918367346939,0.005864807639859415,0.20703648017291032,0.9795918367346939,0.06694248644640133,0.3774170552753069,0.9795918367346939,0.05138710643956146,0.3978528766413464,1.0,0.0038070720838717653,0.20884517637299893
devAnAm,224,8,123,52,1.0,0.00410200449520759,0.23739500974917338,0.9795918367346939,0.02905653693218102,0.30847933670034267,0.9795918367346939,0.06345978208279579,0.336408985181025,1.0,0.021749087924456956,0.2607914137278128
deva,358,25,283,160,0.9795918367346939,0.013145645667441475,0.24975808081926454,0.9795918367346939,0.05235058711568741,0.37198730337083075,0.9361702127659575,0.053715969289792165,0.2666201391269969,0.9130434782608696,0.019547440265464178,0.05418409781205025
devaH,101,12,155,28,0.9795918367346939,0.016663315187919858,0.26471679194890974,1.0,0.05305814462897529,0.3982762145752472,0.9130434782608696,0.0790273672215901,0.2937072709513271,0.8888888888888888,0.017320601669862268,0.04325240789930673
devam,56,6,59,48,1.0,0.00879163250172732,0.14472423331000894,0.9583333333333334,0.062146480712473307,0.40661932871553175,1.0,0.08640694597693221,0.5603942260291435,0.9361702127659575,0.02524412811620491,0.10869501682842819
devasya,107,9,79,31,0.9361702127659575,0.011044576099763725,0.21731726400781937,0.9795918367346939,0.03979514899571601,0.26866718070819107,0.9795918367346939,0.03532334642638835,0.304969898462231,0.9130434782608696,0.014079066356601944,0.14177845603029948
devatA,94,74,52,54,0.9795918367346939,0.022706674643238944,0.1069718736243861,1.0,0.036006011862984244,0.18197126212275394,1.0,0.03226193723383086,0.17185014982731595,1.0,0.009633130790092537,0.1504152736733897
devatAH,43,11,155,28,0.9583333333333334,0.006047997258314175,0.03496829048725825,0.9795918367346939,0.04443103049755148,0.39231166589288946,0.9795918367346939,0.04595237757693238,0.3762783929859659,1.0,0.003539768516118147,0.0334067696748257
devatAm,7,5,7,11,1.0,0.0036116646636318306,0.009753526877523289,0.9583333333333334,0.031765343729178164,0.12950517434109965,0.9361702127659575,0.02339115503465361,0.14355236352896128,1.0,0.0010360896540577702,0.015240774693074721
devatAnAM,9,16,95,5,1.0,0.004328256871219516,0.024529279220054656,1.0,0.0575793987497647,0.31562104109402034,0.9795918367346939,0.046955905595574166,0.3031710332553649,0.9795918367346939,0.0015860139985458543,0.020317831783942086
devezu,119,12,52,11,0.9795918367346939,0.011378943814053799,0.14333231227428167,0.9583333333333334,0.03182243993424949,0.1882564411590717,1.0,0.023876053713738132,0.24707504341343278,0.9583333333333334,0.010108037470476172,0.05242610801285408
devo,240,16,234,32,0.9583333333333334,0.03022353074245321,0.2711934754225711,0.9583333333333334,0.059053494709973786,0.3960251714693177,0.8888888888888888,0.07519006053790656,0.2518054149516262,0.8372093023255813,0.028113807981199668,0.0895871427657744
dfSyate,11,66,426,34,0.9583333333333334,0.0034374531606368164,0.01657188208732785,0.9795918367346939,0.03929865602150295,0.3547830952921618,0.9583333333333334,0.059709234768855146,0.3593274068841441,0.9795918367346939,0.0015028289939518213,0.02186970754546591
diSaH,75,18,311,13,0.9795918367346939,0.010031930951822421,0.11702409474666364,0.8888888888888888,0.040192448456134455,0.533139459902066,0.9583333333333334,0.09544597954482481,0.5690214200952399,1.0,0.01027390575813425,0.1012102650031057
diSaM,6,17,117,6,0.9583333333333334,0.004385715614806718,0.010975535047071494,0.9583333333333334,0.045172333969411005,0.517530133758017,1.0,0.07125543600443451,0.5316240085796644,0.9361702127659575,0.0005704926444004554,0.010620893696511757
diSi,28,6,42,18,1.0,0.004975324431197747,0.01518572698195042,0.9583333333333334,0.035391480771255646,0.18863063843766803,0.9583333333333334,0.037412926489246545,0.18130179740236518,0.9795918367346939,0.003517810995975701,0.017531628358831153
diSo,61,21,258,12,1.0,0.005641838669132704,0.02635678230616456,0.8888888888888888,0.03745473312236036,0.5705457961499707,0.9583333333333334,0.08287921015381516,0.607474639844551,1.0,0.004821349080780357,0.07178918834236891
dikzu,6,9,78,10,1.0,0.0028798825444135145,0.03418368156004503,0.9361702127659575,0.03613100484218401,0.518515372848309,1.0,0.06027804167422157,0.48200619744774564,0.9583333333333334,0.0029009789397566044,0.029015398936313108
divA,78,5,51,38,0.9583333333333334,0.0033079409129077586,0.08956851777262187,0.9361702127659575,0.030213782943906198,0.29945146737869366,1.0,0.0415972384273996,0.3542057706050976,0.9795918367346939,0.018362138731632505,0.13977360181238896
divi,196,7,239,22,1.0,0.010536348963863018,0.11067142451591905,0.9795918367346939,0.03399007992598957,0.4549983408090529,0.9795918367346939,0.036160353184673366,0.5267203259095344,0.9795918367346939,0.01827218279865206,0.029776627655596632
divo,298,7,5,15,0.9583333333333334,0.02076833172751369,0.32502101660910565,0.9583333333333334,0.022533489554536823,0.15122455214937203,1.0,0.040471003323780064,0.17652143894491346,0.9130434782608696,0.014603194700483546,0.23419344595471814
dvAdaSa,83,5,104,175,1.0,0.015454107531968408,0.3221357557407778,0.9361702127659575,0.059938422526629065,0.4031021077781113,0.9361702127659575,0.07556976739848509,0.3249114069509226,0.9583333333333334,0.03160476899638687,0.20580518596754582
dvO,25,23,101,92,0.9583333333333334,0.012458572100259913,0.07764172218671062,1.0,0.03504665254458961,0.41074640969196263,0.9795918367346939,0.054232097630175446,0.37351517036820425,0.9795918367346939,0.005706701536989489,0.03511307465970415
dve,110,47,126,309,1.0,0.02571206916887414,0.22261813705349442,1.0,0.058014980639568225,0.36405027207032004,0.9361702127659575,0.06300605486088329,0.3402967808952042,0.9361702127659575,0.03443410897583121,0.2633388719606484
dvitIyaH,10,14,12,17,0.9583333333333334,0.001213558012079785,0.05530282116284013,0.9130434782608696,0.018931339987448115,0.1173092380759686,0.9583333333333334,0.03018025904708377,0.11899920601221314,0.9361702127659575,0.0021300315332849484,0.057637406873820796
dvitIyaM,17,17,69,23,0.9795918367346939,0.0027842806937399267,0.055095183735931696,0.9583333333333334,0.03303788637192795,0.2243206542507339,0.9361702127659575,0.03842959156659165,0.224370386645379,0.9795918367346939,0.0028026417929112313,0.03269080218308662
dvitIyam,27,12,23,64,1.0,0.002674683712731607,0.018627046662224256,1.0,0.04686106057041606,0.17999320899328664,0.9361702127659575,0.04650377801949224,0.24331426830218383,0.9583333333333334,0.005682357790190773,0.11400483561833874
dvitIyo,22,17,24,10,0.9583333333333334,0.006905666100234797,0.17001370968338647,1.0,0.04636116578524041,0.22121517493130916,0.9795918367346939,0.03658087449575165,0.2114932299374931,1.0,0.012995958037748001,0.16953847321664073
dyOH,64,13,18,10,1.0,0.02873989181746317,0.38400177872664576,0.9130434782608696,0.020875060309115456,0.24806218720301865,0.9583333333333334,0.04566030185636505,0.2557049268091329,0.9583333333333334,0.028302763463536662,0.2994408996275575
dyOr,124,19,65,23,0.8095238095238095,0.006550138745430201,0.1225143861649789,0.7804878048780488,0.041962552726643176,0.3743196384767662,0.9583333333333334,0.10408560927204558,0.48426620879780047,1.0,0.011072159009752003,0.10944599723680737
eka,141,31,81,342,1.0,0.0030482287124689034,0.05984739894513613,0.9583333333333334,0.04513595123035441,0.29695396320530776,0.9583333333333334,0.045158312708528436,0.26742155364772535,0.9130434782608696,0.0029262793049513736,0.045142506615495126
ekaH,43,23,189,19,0.9583333333333334,0.0035144462360398032,0.03051019959683754,0.9361702127659575,0.0615157564551545,0.3744175195106947,0.9583333333333334,0.04351792603463811,0.40430456393900704,0.9361702127659575,0.003493686801508633,0.02100502733370435
ekaM,39,24,271,35,1.0,0.0034995590477154837,0.06719149170859451,0.9583333333333334,0.04415337227428928,0.481078961647853,0.9361702127659575,0.06344081774716348,0.4225882055441832,0.9130434782608696,0.003975827057042247,0.02967293162663287
ekam,90,24,114,44,0.9583333333333334,0.007750955864475828,0.31214625987543343,0.9130434782608696,0.019729312170530422,0.33193354315282697,0.9583333333333334,0.03517262201051996,0.3053145929502621,0.9795918367346939,0.013360101662179047,0.2777146175117713
eko,69,45,312,32,0.9583333333333334,0.002650128451965772,0.06261741005428145,0.9130434782608696,0.07889350121617844,0.45040612857028417,1.0,0.0826914437911247,0.4786195456788842,0.9795918367346939,0.0040565036178523695,0.08629728341504994
enaM,109,53,373,28,0.9795918367346939,0.008803105146589885,0.06819079709491604,0.9795918367346939,0.06997568714987112,0.49718922771499074,0.9583333333333334,0.09695205946432517,0.5174255251286459,0.9361702127659575,0.0042218562414476635,0.0615935490491506
enam,199,12,119,79,1.0,0.005797553332973049,0.052964313028882826,0.9795918367346939,0.05133611105565061,0.3927021817900722,0.9583333333333334,0.07799630400848556,0.3471582954775865,1.0,0.0072541424359959805,0.09257231345439976
etA,200,28,45,34,0.9583333333333334,0.012504346359595075,0.1907904490078236,0.9795918367346939,0.0368594205138979,0.2310439911978457,0.9795918367346939,0.04907487178434644,0.21182130707001856,1.0,0.02365314295415999,0.24077806977970284
etAH,22,12,40,16,0.9795918367346939,0.004200518550519394,0.03985016398770025,1.0,0.030406092239823823,0.18064456256135675,0.9583333333333334,0.026086981306946422,0.17406509376691814,0.9795918367346939,0.0038159200611149746,0.03048982838669767
etAni,53,28,179,19,0.9795918367346939,0.007486652229729329,0.08631211456385124,0.9361702127659575,0.04249302214670858,0.37157793283420715,0.9795918367346939,0.05763795384947168,0.44007883004821435,1.0,0.020507365179386117,0.1853247747805009
etAny,22,7,50,15,1.0,0.007827337058633477,0.037022485259952775,0.9795918367346939,0.048593645050912904,0.2240555596858289,0.9795918367346939,0.04806451858170768,0.20097692227253305,1.0,0.0013917198060723335,0.030780866428038012
eta,42,17,18,12,0.9583333333333334,0.0020451367279353816,0.009887465079857272,0.9361702127659575,0.04128897555195388,0.19755031154519376,0.9583333333333334,0.045630908724649255,0.21463379381988246,1.0,0.0034217718672536757,0.02736241567670361
etaM,66,36,87,10,1.0,0.012441564850948161,0.09633150450712902,0.9583333333333334,0.05013798989567386,0.3328525006787044,0.9795918367346939,0.05022128308394569,0.3654771113622891,1.0,0.004651062620220414,0.1076138844918223
etac,21,6,322,6,0.9795918367346939,0.007830872596817917,0.0701308063917997,0.9795918367346939,0.0638269423332345,0.5314514769340819,1.0,0.0646051026408403,0.5412243100486095,0.9583333333333334,0.002822471935520321,0.061165628354124646
etad,487,271,1472,104,0.9361702127659575,0.01397241009084027,0.13463141034411008,0.9583333333333334,0.038771102154106285,0.313518537856629,1.0,0.04606094781747183,0.3202834073641526,0.9795918367346939,0.008569845615483906,0.10997877565581804
etam,151,89,39,87,0.9130434782608696,0.009376268308391777,0.12635167224761878,1.0,0.04155014015887071,0.2016735798266942,1.0,0.10959099037070863,0.3034117071010808,1.0,0.042314836727861516,0.1728304382275695
etan,24,16,398,10,1.0,0.0025671995518281587,0.05306281054226092,0.9583333333333334,0.03770619619391258,0.3950393887984167,1.0,0.054065668613584306,0.40559000307744664,0.9583333333333334,0.0015281514863798584,0.04118799682280461
etasmAd,9,19,5,5,0.9361702127659575,0.005260156634413704,0.025146548715173633,0.9795918367346939,0.02794259368582208,0.08095060567591794,0.9795918367346939,0.034385488879040915,0.05879242854645983,0.9583333333333334,0.0013954859191305236,0.004648609871555687
etasmin,16,13,18,12,0.9795918367346939,0.002961445708071664,0.01080583407466762,0.9795918367346939,0.030668694142853004,0.14419507027533873,1.0,0.03583109069943635,0.1428198470411417,0.9795918367346939,0.0015285129391064967,0.012773572033428104
etasya,81,41,55,42,1.0,0.017709307251411954,0.1842327504186263,0.9795918367346939,0.02827268495786661,0.11987088197726847,0.9795918367346939,0.05103888841772952,0.14957829633295283,0.8888888888888888,0.016902063915352206,0.11811405078176618
etat,219,83,928,74,0.9795918367346939,0.009165769541689572,0.11329375560650257,0.9795918367346939,0.03622539520487311,0.32926550288964584,1.0,0.046129293314655206,0.3468172042692861,1.0,0.01988740828197455,0.11786348165245641
ete,202,76,788,90,0.9795918367346939,0.013611710461480575,0.12081285686901488,0.9795918367346939,0.061146550646451026,0.46460398099272227,0.9583333333333334,0.05588027650844152,0.46651910747775727,1.0,0.007978324870830722,0.06730285144696613
etena,220,18,95,63,0.9795918367346939,0.01851997946356998,0.1845124429984284,0.9583333333333334,0.03433181275251751,0.30171969893893025,0.9795918367346939,0.040489676306159184,0.3007024970128924,0.9583333333333334,0.006538850880540292,0.07394001559647845
etezAM,8,5,63,11,1.0,0.002768297690639021,0.03267770465852671,0.9795918367346939,0.037360082286071905,0.14707808583017756,1.0,0.04294997881693885,0.14374809428766,1.0,0.004764681315716501,0.03766972440501648
eti,272,42,96,14,0.8372093023255813,0.007617236647733283,0.06647078746391777,0.9361702127659575,0.030902348368749055,0.2267048119660634,0.9795918367346939,0.037614953538596785,0.294197276606303,0.9795918367346939,0.008697505688960883,0.2532402887032037
etya,9,5,48,6,0.9583333333333334,0.002103483058120803,0.009888999392913322,1.0,0.02470657166556023,0.24587276638956368,0.9583333333333334,0.03966167021145517,0.247120139125226,1.0,0.003099686977209748,0.010802640703701294
eva,2032,1146,5482,1119,0.9583333333333334,0.017939627589252494,0.1532152792967285,0.9583333333333334,0.039327229104610395,0.49980342415918066,0.9583333333333334,0.04723554182266232,0.4650060417223265,0.9795918367346939,0.015742966222263344,0.10275625971429148
evaM,247,559,2608,384,0.9361702127659575,0.01776695027517905,0.17753726968497263,0.9795918367346939,0.027506019204739385,0.33741513666578826,0.9795918367346939,0.05665894316586417,0.3908253020582748,1.0,0.02403034923705627,0.2691612387472647
evam,223,153,2324,181,1.0,0.010564321583172775,0.19945020189342189,0.9795918367346939,0.06032507736853143,0.4813733219846149,1.0,0.06554055119902469,0.4299480467689065,0.9583333333333334,0.01891780828663625,0.15590013978345552
eveti,5,42,20,7,0.9795918367346939,0.0013477965218764432,0.01876024073501603,0.9583333333333334,0.037612779690447073,0.1272885378733679,1.0,0.03944870062660133,0.1136842133303253,0.9583333333333334,0.002528857225539971,0.00554904098240383
ezA,168,28,312,49,1.0,0.017855815072959635,0.12183734281428515,0.9795918367346939,0.05931505632178302,0.3949736514392346,0.9795918367346939,0.05515756426584717,0.4232578707333492,0.9795918367346939,0.009935728881211192,0.1143423920867419
ezAM,56,33,167,36,1.0,0.0014335436617223252,0.02284126550856458,0.9361702127659575,0.03149572545652812,0.2851340332618171,1.0,0.04618091107994893,0.2722513454694986,0.9795918367346939,0.005037400825808058,0.01473908110206712
ezAm,111,6,32,23,1.0,0.0035893186802887778,0.03955091311098202,0.9583333333333334,0.022777425716470456,0.15898107455056687,0.9583333333333334,0.030168663474781976,0.1423190892436138,0.9795918367346939,0.0021528287479803954,0.02036366838818937
eza,505,422,1671,157,0.9795918367346939,0.01372306069286322,0.1303932875481726,0.9795918367346939,0.06203518798079799,0.36398274124648355,0.9583333333333334,0.07298008710440262,0.4203940536752566,0.9361702127659575,0.003851114064816419,0.13309383852992274
ezo,43,57,70,19,0.9795918367346939,0.0064380333858858885,0.06913521915923693,0.9583333333333334,0.031175360265256913,0.24322882529666168,1.0,0.04918865483395263,0.2726474874442526,0.9795918367346939,0.004266298606229513,0.04854957558213624
ezu,30,6,18,5,1.0,0.007203691397482004,0.08296643116730307,0.9583333333333334,0.02537408230357341,0.10914353639247498,0.9795918367346939,0.03406733114571214,0.10261127014237115,1.0,0.0071531369180138915,0.10162743167007982
fco,23,9,12,12,0.9583333333333334,0.005180866894730407,0.025541796572922548,1.0,0.023356495876343475,0.09715509338222028,0.9795918367346939,0.02568113283701945,0.10596213975921753,1.0,0.006737011618663025,0.047907115129914635
fte,31,13,282,7,1.0,0.004738455372011341,0.02224228591223154,0.9795918367346939,0.06468022673542417,0.4582232684831311,1.0,0.0497267474781834,0.4510514023069434,0.9583333333333334,0.0027719826335789177,0.011752768625352017
gA,132,17,33,11,0.9795918367346939,0.009298954543197735,0.13112539433464043,0.9795918367346939,0.04315940690850206,0.15219533686096387,0.9795918367346939,0.02799164474558502,0.1582092370928031,1.0,0.010713142515163865,0.12248363273653662
gAyatrI,99,15,12,12,0.9583333333333334,0.0187116509172639,0.19551999146122845,1.0,0.018467203574465185,0.08023611788524809,1.0,0.029431619509393547,0.08315506764919944,1.0,0.014820815524860698,0.19880355977692354
gacCanti,27,16,171,7,0.9795918367346939,0.011255753914451994,0.0972322526525371,0.9130434782608696,0.04619145527197266,0.4119750680447143,0.9795918367346939,0.03876831973807582,0.41573220628237717,1.0,0.008254260551069481,0.09895154516269156
gacCati,84,55,305,27,0.9795918367346939,0.014370813343069111,0.19029510220917256,0.9795918367346939,0.04173331700968086,0.45950939042164485,0.9795918367346939,0.0684769984845971,0.47726744454284953,0.9130434782608696,0.011196483106632904,0.15601931440989047
garBo,52,6,24,5,0.9130434782608696,0.0010272684073234783,0.03901287951538268,1.0,0.028240597883729568,0.14460165093288824,1.0,0.03186555612726982,0.13734700371093433,0.9361702127659575,0.00290710850507514,0.03437161827575852
gatvA,41,25,729,30,0.9130434782608696,0.006396119661802091,0.32935412396066344,0.9795918367346939,0.06885571473649721,0.5003213184330775,0.9361702127659575,0.03685147183577042,0.42453231932703295,0.9361702127659575,0.005787001000540859,0.23605782016146803
gavAM,19,11,246,13,0.9583333333333334,0.003709149847677673,0.02854961019295721,0.9795918367346939,0.06873426243383929,0.4425997096732167,1.0,0.04094942359132159,0.4073323782655065,0.9795918367346939,0.002806043223790744,0.041420944022991346
gfhAn,15,5,99,13,0.9361702127659575,0.0015190846323928087,0.02937531717711317,1.0,0.04367644921571334,0.4416088766590023,0.9583333333333334,0.04330322216225313,0.42551819194019525,0.9795918367346939,0.005498302038372871,0.008829926786969589
gfhItvA,6,14,214,35,0.9583333333333334,0.00024779211272452084,0.022315657332125594,1.0,0.07191523489459062,0.5193572732156158,0.9795918367346939,0.0791917328224574,0.5055127497424193,0.9795918367346939,0.002411749948194597,0.064208322811242
gfhRAti,16,5,12,25,0.9583333333333334,0.0017629203336251287,0.010118133042821498,0.9795918367346939,0.02828706346450438,0.0698630074901232,1.0,0.03826239485558991,0.08092190892839135,0.9583333333333334,0.0014396316925475716,0.017240999624681175
gfhe,66,9,195,40,0.9795918367346939,0.0025258024009540136,0.036901203095651924,0.9583333333333334,0.04164739731731226,0.3584657981891044,0.9795918367346939,0.03585126927828741,0.3831419631786287,0.9795918367346939,0.009402678767065242,0.09579939985602937
gfhyate,5,26,22,18,0.9583333333333334,0.0027020446871783843,0.01784061125620262,1.0,0.023281171588909966,0.0634026462577284,0.9583333333333334,0.031179821953207898,0.059639447976082116,0.9583333333333334,0.00141827538002548,0.012953622756901484
grAmaM,6,6,18,10,0.9795918367346939,0.002069812315112163,0.006226902034627391,1.0,0.035046801372125125,0.17227481162538816,1.0,0.04395667565488681,0.18793222883188232,0.8888888888888888,0.0007354521995903696,0.02902862913180393
grahaH,7,12,20,12,0.9583333333333334,0.0025849061382345884,0.015023649396365912,0.9795918367346939,0.02822903885684369,0.20299841240147143,0.9795918367346939,0.03780195801204089,0.19284071294308402,0.9795918367346939,0.0031889859883118543,0.01134657499464986
hIyate,5,6,45,16,0.9583333333333334,0.002655204723121196,0.005482725857731907,1.0,0.04135661928735712,0.20288039600947605,0.9130434782608696,0.02998103625623072,0.1891929263372356,0.9361702127659575,0.001590699605371948,0.00902148874919717
ha,657,548,1446,199,1.0,0.011669167158269933,0.14593194670713594,1.0,0.06241058051788517,0.5230313238080289,0.9795918367346939,0.08966764019853768,0.5691656785817589,0.9795918367346939,0.03140523473626933,0.18562375330340763
hanti,77,6,135,18,0.9795918367346939,0.004346343176647616,0.046612157024047196,1.0,0.05775055348452607,0.40842505082777303,1.0,0.033726476682632955,0.3946742487920132,0.9583333333333334,0.0012246021549854325,0.04685090053309948
haste,18,5,27,19,0.9583333333333334,0.0030122828043196437,0.05078523121422229,0.9583333333333334,0.041871753705739256,0.35212107116075475,1.0,0.0492016646420087,0.353864105280455,1.0,0.005985559293367415,0.05905266550971444
hi,1047,1107,6474,507,0.9130434782608696,0.006726060192183803,0.12000730098213719,1.0,0.0323393451661208,0.25703986029349124,1.0,0.0350883957308703,0.27970484176813004,0.9583333333333334,0.0067527351906651045,0.12836999280416106
hitvA,10,18,181,5,0.9130434782608696,0.002431443666852884,0.021479376158905494,1.0,0.0588760358169953,0.44015513839098286,1.0,0.04013377472908508,0.4455713088141129,0.9583333333333334,0.003581271083629378,0.023374788185682727
hotA,223,7,17,202,0.9583333333333334,0.0028701410559283103,0.05330266146796081,0.9361702127659575,0.020907055879906267,0.08327802057298173,1.0,0.07003334328035793,0.2514929921110344,1.0,0.022519459525281116,0.18220630364319046
hutaM,11,6,31,5,1.0,0.0033325981954868134,0.006182630789469901,0.9583333333333334,0.04461113523967375,0.20411469005371596,1.0,0.04222303070242028,0.19581668864800605,1.0,0.0016672016959433655,0.009255235049370425
hutvA,8,33,32,58,1.0,0.029064580702465093,0.2963917208717455,0.9583333333333334,0.06634165629413435,0.5202796664627816,0.9583333333333334,0.03080510032030681,0.2603222529288368,0.9795918367346939,0.001542124691397695,0.02494300594915022
hy,377,160,2689,138,0.9795918367346939,0.011498093743163684,0.13127572166450552,0.9795918367346939,0.035571473318073754,0.36666843768939716,0.9583333333333334,0.04030121777553641,0.3415846355001637,0.9583333333333334,0.017857338551808932,0.1578292644989081
icCan,13,8,49,5,0.9795918367346939,0.0029402469807764398,0.0220033792262484,0.9795918367346939,0.03673529613605109,0.31739251890550524,0.9583333333333334,0.034881657966278956,0.32055018860489226,0.9795918367346939,0.003217470192951155,0.02299207766579725
idaM,290,186,2098,80,0.9795918367346939,0.0034113474057921866,0.04301444212247718,0.9361702127659575,0.03615898694918329,0.4390981577149813,0.9583333333333334,0.05572998593556644,0.49183840686773594,1.0,0.001949575466741016,0.042595887674295674
idam,196,48,691,147,1.0,0.012229210136140423,0.1760340288528126,0.9361702127659575,0.0985846785821266,0.5303382756062909,1.0,0.0783579609091326,0.5023369197696231,1.0,0.03970158174775129,0.23548152720347293
iha,322,84,959,218,0.9795918367346939,0.019262466797502653,0.21953368970838905,0.9583333333333334,0.04670946330995829,0.3403967262907981,1.0,0.07024824148238107,0.48403320102510006,0.9583333333333334,0.022259148644559468,0.035065303300495954
imA,144,6,14,39,0.9795918367346939,0.008071174704315953,0.18622563331385256,1.0,0.02299384780780578,0.09639206911475329,1.0,0.0718727641570508,0.2780316703086204,0.9361702127659575,0.021217356100862617,0.11012732547349824
imaM,117,16,404,20,0.9795918367346939,0.002365337283511293,0.0569371290933911,0.9795918367346939,0.05919014768749831,0.5248747852343154,0.9795918367346939,0.041627627275603096,0.533910176947781,1.0,0.0010040063666386656,0.07252798073108135
ime,179,35,180,22,0.9361702127659575,0.004792027250752451,0.11620350536379953,0.9361702127659575,0.03692881447062868,0.385435554782417,1.0,0.05987844871683046,0.4013292805641204,1.0,0.029892743826408164,0.21072795821596246
indraH,256,10,51,33,0.9795918367346939,0.011014084359816656,0.12019416291996943,0.9583333333333334,0.03036118950860134,0.24242136374898693,0.9795918367346939,0.051192234269592296,0.2007794527894149,0.9795918367346939,0.011325824714678578,0.05516166685021495
indrasya,210,5,49,22,1.0,0.006405788966726167,0.12002472595067282,0.9583333333333334,0.032978723537286925,0.2626127742221249,0.9795918367346939,0.032938321381450586,0.2856957632659525,0.9583333333333334,0.009925586096684369,0.0641991078905011
indro,516,10,96,97,0.9361702127659575,0.009802587524723294,0.11386101772837454,0.9583333333333334,0.047540663531386196,0.2656081862171318,0.9795918367346939,0.0747549740536173,0.24058393554215995,0.8888888888888888,0.019257375396692145,0.11905432946037009
iti,2020,2284,3847,5170,0.9361702127659575,0.0071578547616357735,0.16518927671252404,0.9583333333333334,0.043723182859200405,0.4857980158742552,0.9795918367346939,0.06836213473431307,0.5112621582115147,0.9795918367346939,0.05000713318777672,0.2779444797412334
ito,87,14,120,8,1.0,0.004645789308035164,0.07519395910305082,0.9583333333333334,0.04217939838582818,0.41723911156510496,0.9795918367346939,0.054234990137072336,0.4172348599395229,0.9583333333333334,0.003133030177665419,0.07395724612157328
ity,554,319,2245,1302,1.0,0.005774146428441096,0.11488485177210184,0.9583333333333334,0.03879836345147447,0.45167057484753526,0.9795918367346939,0.069958870630218,0.5328896940030649,1.0,0.05209790864285302,0.2977724127613073
iva,989,187,5079,107,1.0,0.00433081704152849,0.08633287156457325,0.9795918367346939,0.08323812909600015,0.6714488620706768,0.9583333333333334,0.07645315810910258,0.642793494121262,1.0,0.012716841671871038,0.1394960265453833
iyaM,60,19,237,10,0.9795918367346939,0.005106891702177596,0.05906066167661694,1.0,0.04212027051392675,0.3855614277098567,0.9795918367346939,0.06780827867640205,0.40391650479120567,0.9361702127659575,0.0018218554066660175,0.04807514043376415
iyam,54,6,32,26,0.9583333333333334,0.002635191732750508,0.0364659296539942,0.9795918367346939,0.029481101738435767,0.13475367657928872,0.9795918367346939,0.046316766850525104,0.14784125252392122,1.0,0.024509540232000693,0.10044368341497134
izwaM,9,7,89,6,0.9795918367346939,0.0020597611826631557,0.006964677983900214,0.9583333333333334,0.0411015881659611,0.26510064711119463,0.9795918367346939,0.03576556697740885,0.26001530640946213,0.9795918367346939,0.002089456058538497,0.018890938631314524
jAta,27,5,14,87,0.9795918367346939,0.0017979190929084954,0.046304168927719824,0.9583333333333334,0.028501925006634843,0.13723221062410906,0.9583333333333334,0.029175942476890038,0.11764961555789966,0.9795918367346939,0.008508607791110956,0.023486158975983273
jAtaH,25,8,112,15,0.9361702127659575,0.0033356432609086273,0.031483156505439425,0.9130434782608696,0.05265988682127987,0.4062585590763407,0.9361702127659575,0.03356645048194895,0.3846929596159161,0.9795918367346939,0.0023587770343725944,0.02064829840865734
jAtaM,36,10,83,11,0.9583333333333334,0.0018324606575456093,0.021350477696550296,0.9583333333333334,0.039229929581766854,0.3517830406657767,0.9795918367346939,0.04114874716694983,0.35548946478639465,0.9795918367346939,0.001498468936447006,0.053024340989300534
jAtam,54,5,31,6,1.0,0.0030911205152550636,0.03365039756294419,1.0,0.028875055629625335,0.11893647571613042,1.0,0.033928757197522974,0.11648266731131618,0.9795918367346939,0.0038729702929174437,0.04697400524937567
jAto,68,11,150,10,0.9583333333333334,0.005686599182467389,0.08450927911076256,0.9583333333333334,0.028571421527836427,0.37327660469902324,0.9583333333333334,0.02919338259855564,0.36322695243320513,0.9361702127659575,0.005710563145799652,0.06187178932848947
jAyante,13,14,100,19,0.9361702127659575,0.0016533416877437812,0.01728195808911137,0.9361702127659575,0.054314683545496845,0.31880560286354676,1.0,0.07182077875313664,0.3406725087627388,0.9795918367346939,0.0022296238107721855,0.013778728058676637
jAyate,72,46,335,43,1.0,0.008883067418791746,0.11675006243231323,0.9795918367346939,0.025736512677366985,0.3532902803149378,0.9795918367346939,0.04842251741028869,0.3489540577464263,0.9795918367346939,0.005729491347435611,0.09976472395591385
jIva,22,8,15,12,0.9795918367346939,0.003058644707684577,0.0563213504855713,0.9795918367346939,0.023931814204398716,0.10421436570223253,1.0,0.028292911062435033,0.1118983149575069,0.9795918367346939,0.0027605739978562305,0.05377281486519425
jIvati,17,28,171,11,1.0,0.011559226153210367,0.08265557329693007,1.0,0.057740918080266934,0.46751566085590535,0.9795918367346939,0.03983884868310805,0.4742855279626488,0.9795918367346939,0.0013138412934460275,0.061721526866116205
jagat,20,10,312,7,0.9583333333333334,0.00115859859076195,0.025518695826211246,1.0,0.05038263397744691,0.46061945283996797,1.0,0.05716705701176916,0.4430870955392914,1.0,0.004158133516352747,0.037587860442352516
janAH,12,7,319,8,0.9130434782608696,0.002697636704252826,0.03158629258449208,1.0,0.08717528144754294,0.48119195364069844,1.0,0.0812523204295088,0.4672837757800331,0.9361702127659575,0.004182393141628937,0.05042640455932568
jayati,28,45,32,8,0.9583333333333334,0.0044022353464131525,0.06670039854430154,0.9583333333333334,0.03623706032728913,0.14966532871971971,1.0,0.031582057518999784,0.15632475817539782,0.9583333333333334,0.003821140629960973,0.09015076934223631
juhoti,54,19,19,96,1.0,0.0039291773520715445,0.02505941090879671,0.9795918367346939,0.029946565450869933,0.10642372592046567,0.9795918367346939,0.03333968766348794,0.10587693164214884,0.9795918367346939,0.0010271150186537126,0.020486298798486846
juhvati,18,25,14,13,1.0,0.010061753231153325,0.10480119200256477,0.9795918367346939,0.03715159280868896,0.20949584623469364,0.9795918367346939,0.03050393794503714,0.14975923272050806,0.9583333333333334,0.0018138273790392345,0.014553921299619077
jyAyAn,11,5,8,13,0.9795918367346939,0.002808587776618743,0.027297986609726488,0.9795918367346939,0.02750198417785854,0.07226934054679313,1.0,0.03800073648275104,0.09074122140311913,1.0,0.0042284438932692625,0.06989201166072923
jyotiH,41,19,16,10,0.9795918367346939,0.006726606909789101,0.04668424608171873,0.9795918367346939,0.035498471281933064,0.13835275970913274,1.0,0.03596340193352221,0.15575295984662385,1.0,0.004440171097467527,0.04630592789073551
jyotir,191,28,68,36,0.9795918367346939,0.0147071153340671,0.20659077389114033,1.0,0.072250933437084,0.34570927412120556,0.9130434782608696,0.044168167488087495,0.29511159249936936,0.9795918367346939,0.012135860882060423,0.16272814296809068
kA,29,54,276,16,1.0,0.0045928698497996745,0.02726044222374835,1.0,0.06251483433002536,0.4337477080458625,0.9795918367346939,0.04523444260855769,0.38933289707726315,1.0,0.0038395060781062362,0.00789050781624423
kAle,22,16,597,64,0.9795918367346939,0.0025199262499692177,0.0050921740028778695,0.9361702127659575,0.0535037940430787,0.5897905039641395,0.9795918367346939,0.07263449754795226,0.6171479714315615,0.9795918367346939,0.00359217966633274,0.06542738312522334
kAmA,14,26,9,17,1.0,0.0022409491724642017,0.019238041572466558,0.9795918367346939,0.031862334268142556,0.06261271758773423,1.0,0.045238914399472474,0.11217180317389686,0.9795918367346939,0.005137577239518243,0.08147287586368424
kAmAH,18,23,7,23,0.9795918367346939,0.003886086480467954,0.011306225841603346,0.9795918367346939,0.030762699844490093,0.058051275761588195,0.9795918367346939,0.05922297170689428,0.2897083571900092,0.9795918367346939,0.01591927353334499,0.23925970648802575
kAmAn,38,23,134,17,0.9583333333333334,0.013383254143260026,0.10082203731731731,1.0,0.049752298731778444,0.35400844061662406,0.9361702127659575,0.06710914815110014,0.3609670206197644,0.9130434782608696,0.0038883345071960562,0.05368441807270374
kAma,34,12,25,47,0.9795918367346939,0.007022732971216028,0.1037742032380593,0.9583333333333334,0.02924131825666232,0.13158819268851962,1.0,0.0581296164428069,0.24022638383243766,1.0,0.048893160041433514,0.4186306392222281
kAmaH,19,18,72,81,1.0,0.005132061967350721,0.02627209386395557,0.9361702127659575,0.0411255075313951,0.2308875830020296,0.9583333333333334,0.0733963613391383,0.45069414631320903,0.9361702127659575,0.020208186884552726,0.3065358234908335
kAmaM,29,26,277,30,1.0,0.007382993165385154,0.05860140416105564,0.9795918367346939,0.04143690893157759,0.3644584302565149,0.9795918367346939,0.04482139028296961,0.43284722555686284,0.9361702127659575,0.0017988622335753934,0.10427801927065405
kAmam,55,6,80,13,1.0,0.003102366889166097,0.0332424758469807,0.9795918367346939,0.04287381347811936,0.24389612646557435,0.9795918367346939,0.05497814597332584,0.23197042547213376,0.9795918367346939,0.0018483376416856823,0.031136909308335237
kAmo,32,20,61,84,0.9795918367346939,0.0042223894947658325,0.04152711039294976,0.9583333333333334,0.053137269581265634,0.17343399418867966,0.9361702127659575,0.10793086480085567,0.5683328590612489,1.0,0.04983380554183492,0.4952991112312871
kAryaM,25,47,468,35,1.0,0.012209812037663026,0.11126858814407625,0.9361702127659575,0.02847390882649592,0.3356686541432077,0.9583333333333334,0.03132969343534475,0.38027293334929424,0.9795918367346939,0.010799349097088573,0.05079243798905064
kAryam,15,7,213,26,0.9583333333333334,0.008509265571524205,0.08929703285619184,1.0,0.0433872591447757,0.33046422198551484,1.0,0.046880630131888146,0.3263686864208124,1.0,0.006734987006897009,0.04664351309201975
kaH,47,39,158,16,0.9795918367346939,0.003838971650614087,0.05039701107286221,1.0,0.0335406767516544,0.34503169182019433,0.9795918367346939,0.04972172200725811,0.3518282306315277,0.9795918367346939,0.004443976908559244,0.06808022293287241
kaTaM,8,232,2143,76,0.9361702127659575,0.002852514677019191,0.017097800774066974,0.9361702127659575,0.02715969791298012,0.42416664186375763,0.9583333333333334,0.04388151585895195,0.46775608609652897,0.9795918367346939,0.0025036011002449454,0.03612789861228061
kaTam,16,73,383,9,1.0,0.0011796005048512193,0.011368036097191725,0.9795918367346939,0.03176111048513175,0.4464290496922684,1.0,0.05279306503634584,0.45755909590427146,0.9795918367346939,0.003465594789942572,0.008113831848242326
kadA,62,7,521,26,0.9795918367346939,0.006371286302544021,0.21337034718067616,0.9583333333333334,0.035338056608146484,0.4368501177390116,0.9361702127659575,0.035732711457046484,0.4355638585877749,0.9795918367346939,0.022216877263073975,0.17176559334830466
kalpate,9,5,48,9,1.0,0.00127938440871056,0.003168402981455931,0.9795918367346939,0.03846917164499353,0.16877925809753314,0.9795918367346939,0.03527367793076652,0.17240373878747306,1.0,0.0015020893860616669,0.004877668674596269
kam,82,5,24,25,0.9795918367346939,0.009035478638843242,0.170623096846099,0.9361702127659575,0.02665720664876614,0.16107049476027258,0.9583333333333334,0.06766161650460867,0.1983833140392387,0.9130434782608696,0.015157909299736483,0.037556583357123974
karmARi,19,63,228,64,0.9795918367346939,0.006564259811493112,0.09916034246764038,1.0,0.05761495784157855,0.38820082967259006,1.0,0.05759731632490417,0.3424751908074093,1.0,0.006579460301906481,0.13229254009456337
karma,58,173,1187,406,0.9795918367346939,0.002957184929042511,0.07020063944779764,0.9361702127659575,0.04206895056488247,0.4049186048465042,0.9795918367346939,0.0534427319884444,0.3449596913780374,0.9795918367346939,0.009622592759553461,0.1503668821984857
karmaRA,17,84,460,30,1.0,0.00234479987051206,0.029018496030047025,0.9795918367346939,0.047279892597872575,0.5138915632469627,1.0,0.06954008935788436,0.5175022288921234,1.0,0.002853709954639627,0.014483665282354008
karoti,194,41,158,163,1.0,0.019712778070739678,0.3223543210455677,1.0,0.0374690027490312,0.3205780392546729,1.0,0.08682025460593157,0.27048825191940074,0.9795918367346939,0.014972025980803938,0.19384378572860095
kartA,15,29,161,25,0.9795918367346939,0.0030020611046344126,0.025005264588840448,0.9130434782608696,0.02964885815906182,0.28208290294980776,1.0,0.05675969417020632,0.27548546060006607,0.9795918367346939,0.0024922074486855017,0.0408406813738974
kasya,28,11,385,23,0.9795918367346939,0.008174434619383164,0.11593603394978935,0.9795918367346939,0.035352586701832944,0.40984494605178523,0.9130434782608696,0.028653939067131984,0.3832745574566673,0.9795918367346939,0.010883725519972631,0.09017905347553878
ke,40,39,891,19,0.9583333333333334,0.00301876016489655,0.04908883059296232,0.8888888888888888,0.08063465873735498,0.49816234088364,0.9795918367346939,0.06772589925919337,0.48096152046075424,1.0,0.005693792673011733,0.024775075664304147
kena,36,75,401,11,0.9795918367346939,0.00475722556200342,0.12820258591224443,0.9361702127659575,0.037286493953992084,0.33006083676224685,0.9583333333333334,0.03685987899631882,0.45679868366715093,1.0,0.0044617205828928475,0.21544731006292595
kevalaM,6,40,103,9,1.0,0.004204182245093779,0.03552697542956307,0.9583333333333334,0.03311284640675205,0.18235617889344846,0.9795918367346939,0.03182008432251404,0.18388206855237654,0.9795918367346939,0.0015193050452927404,0.02937138076625745
kftaH,17,9,186,16,0.9361702127659575,0.0020579572755917708,0.028999058439277636,0.9583333333333334,0.03875297695733637,0.3919657397947751,1.0,0.057413015312063664,0.3945698833606781,0.9795918367346939,0.002868390111438579,0.02912045407361774
kftaM,17,17,634,34,0.9361702127659575,0.004664946562985106,0.061363328093692715,0.9583333333333334,0.04681184648586423,0.3671307802883671,0.9795918367346939,0.047191382878629895,0.3717647639122116,1.0,0.009921406999847004,0.13874685305141277
kftam,66,5,423,51,0.9361702127659575,0.0028896951226091705,0.04529992227273627,0.9583333333333334,0.05044575850630251,0.4125538270050083,0.9795918367346939,0.04113459585978796,0.4099098300229653,0.9795918367346939,0.007100111274485177,0.08141552404037211
kftvA,55,59,1702,334,1.0,0.006306942670311844,0.018897589733875675,1.0,0.07489032541273322,0.5546314130411317,0.9583333333333334,0.10262923311703243,0.521606591942121,0.9795918367346939,0.010852587625558852,0.2085621631015533
kiM,83,344,3221,104,0.9795918367346939,0.003876228154894301,0.08172009865796992,0.9583333333333334,0.03232695603092106,0.36777541206666076,0.9795918367346939,0.033732724314530116,0.3618620367750438,0.9583333333333334,0.0033263490603417933,0.06791371090303167
kim,100,39,837,38,0.9795918367346939,0.005875006448014863,0.12138633253956566,0.9795918367346939,0.05456559866505728,0.49055967172014703,0.9795918367346939,0.06226299528889456,0.33851620155648865,0.9130434782608696,0.013176120676060443,0.10594539708137796
ko,151,106,635,15,0.9361702127659575,0.004569091416353532,0.06056250611488001,1.0,0.059987865387967965,0.4471916140629977,1.0,0.05273279532031094,0.4050339616209281,0.9795918367346939,0.004602782717780474,0.03071366085437177
kriyate,70,25,80,52,0.9795918367346939,0.013896304416787797,0.17390449150902,0.9795918367346939,0.02618696862620795,0.17780035244217796,0.9130434782608696,0.04721951044604966,0.1790714989783022,0.9795918367346939,0.014690017275579836,0.1366463972399583
kurute,20,29,287,25,0.9795918367346939,0.004860750632429411,0.024772129726560177,0.9583333333333334,0.04291485906730008,0.4166132011356005,0.9583333333333334,0.05387125331343312,0.4240242371124552,0.9583333333333334,0.0033872948218329757,0.02871591698508469
kurvIta,10,12,97,75,1.0,0.0008244364651315284,0.011289566213589008,0.8888888888888888,0.04076501281226308,0.31404394280362236,0.9795918367346939,0.0402000298595091,0.2929537146185156,1.0,0.004094296599813085,0.062478539466303884
kurvanti,43,21,135,34,1.0,0.005154056818400865,0.03866240529085774,0.9361702127659575,0.030116587544806173,0.3266629037602389,0.9795918367346939,0.04203155934131886,0.3018355875935562,1.0,0.005031852526602099,0.016490950592493947
kuryAt,38,9,138,182,0.9583333333333334,0.025252361031777526,0.11698973822994807,0.9583333333333334,0.043303886620036036,0.3167537327834513,0.9795918367346939,0.07881279598052537,0.30590572339899214,1.0,0.013616152570220641,0.1129760048958155
kuta,8,13,33,14,0.9583333333333334,0.0022408499042152474,0.022890344682929276,0.9583333333333334,0.02171970672247081,0.12522246642116897,0.9795918367346939,0.03258824893145129,0.12847410404850135,0.9361702127659575,0.0017775769838325184,0.0339243867866037
kutaH,5,14,110,5,0.9583333333333334,0.0023967768748733853,0.02321357739480212,1.0,0.03944474515329377,0.2481016937083651,0.9795918367346939,0.037632632206865746,0.24114826130748013,0.9583333333333334,0.0012841080377204994,0.025717374354351952
kuto,7,13,151,9,0.9795918367346939,0.004082738526261509,0.019986975952100194,1.0,0.03188450532042897,0.29335373027310285,0.9795918367346939,0.05350444197736848,0.30907906691526177,1.0,0.0011268625734571769,0.036346720216894335
kva,62,26,726,26,0.9795918367346939,0.003089746262430193,0.04273333679447666,1.0,0.040205974319125426,0.4441145057480117,0.9361702127659575,0.028302554591986162,0.42424973318482273,0.9361702127659575,0.0017864682280751554,0.02934567410462363
kzatram,50,7,29,18,1.0,0.0012209551885089542,0.03307920796261399,1.0,0.0198219086103274,0.12945651672312208,0.9795918367346939,0.03672903976724251,0.1921875328270639,1.0,0.009309180320366761,0.02756562598182155
kzatrasya,8,7,21,7,1.0,0.004483363219414671,0.09673972144255027,1.0,0.03201020842156288,0.1089175792164857,1.0,0.043299027366560994,0.10485765290119697,0.9583333333333334,0.0037391132524496884,0.029244622519349117
kzayaH,6,5,20,18,0.9795918367346939,0.001644482015279558,0.02280310862174495,0.9361702127659575,0.02211437207508704,0.1101536204987269,0.9583333333333334,0.05496417686579069,0.14370157122667848,0.9795918367346939,0.0041226838988883685,0.08389585253918419
lokAn,109,28,530,6,0.9583333333333334,0.01356868945365508,0.2114754371028571,0.9583333333333334,0.04853506676872432,0.4645394805251899,0.9583333333333334,0.06332837978068784,0.48884220183173266,0.9795918367346939,0.014568444894345833,0.22105223991731338
loka,36,47,14,16,1.0,0.012124185186021985,0.07496937227961742,0.9583333333333334,0.027436377096825004,0.08553403103314783,0.9583333333333334,0.04006034107952594,0.08229666955233306,1.0,0.0046812723655289545,0.05617810085321184
lokaM,88,72,142,5,0.9130434782608696,0.022164279681345156,0.19791362002135648,0.9795918367346939,0.052620258520589824,0.36911966193626133,0.9795918367346939,0.04424525315944605,0.36821733468142837,0.9583333333333334,0.014990553295857523,0.19563925587166164
lokam,224,19,84,27,0.9361702127659575,0.015351539743207132,0.2442701753787322,0.9795918367346939,0.048509535615834265,0.33217616125818306,0.9361702127659575,0.08585910658497364,0.3562588945458749,0.9795918367346939,0.03245077404286911,0.15937036437318308
lokasya,41,28,179,7,1.0,0.020853256420441668,0.21968348929440173,1.0,0.05231093283417532,0.30947393074139085,0.9583333333333334,0.04658173220626016,0.2878498757261173,0.9795918367346939,0.015996302058800538,0.21724778670957412
loke,120,193,1179,58,0.9795918367346939,0.008425538439121527,0.13647365618102403,0.9583333333333334,0.036989934806966995,0.35531291550195054,1.0,0.042519460344398574,0.3784944897891067,1.0,0.015814432908392684,0.13301602777810295
loko,32,64,134,9,0.9583333333333334,0.00894723632463601,0.07410955172312328,1.0,0.03240733740968815,0.29643301252495635,1.0,0.04612193650349938,0.29815319078937264,0.9795918367346939,0.002284852510356483,0.05038938587839181
mA,1318,193,1115,264,0.9130434782608696,0.012477441828118607,0.18790844920715855,0.9583333333333334,0.06082409533481603,0.4458833233918158,0.9361702127659575,0.05946096237649057,0.3605073706672006,0.9361702127659575,0.03189003860244344,0.1189394637835548
mAM,45,60,2055,16,0.9795918367346939,0.0037260407508371562,0.034517459177789034,1.0,0.05119713827068817,0.4809000569494294,0.9583333333333334,0.0756105206689398,0.5242328073029753,0.9583333333333334,0.0013766351858264247,0.041773794166574785
mAm,92,15,1056,63,0.9795918367346939,0.005948933043586568,0.07749113934626506,0.9361702127659575,0.053652737868030154,0.37662359168592485,0.9795918367346939,0.09345896082523852,0.4495169950386185,1.0,0.03658840952680964,0.2402294967760621
mAtA,124,8,251,53,0.9795918367346939,0.00565034142562193,0.2227826941429033,0.9795918367346939,0.05850677582001884,0.46541712054946627,0.9795918367346939,0.03426690421768053,0.4056397907689917,0.8888888888888888,0.011027631536611682,0.14711666171452276
mAtrA,11,8,107,13,0.9795918367346939,0.0013093557180071658,0.003919758607430768,1.0,0.03907349714776931,0.44441732182509,1.0,0.06425597896284374,0.4627526749031139,0.9361702127659575,0.001338342786872837,0.006558282938427751
mUlaM,7,15,103,32,0.9361702127659575,0.0020529913194038407,0.023757999574213873,0.9361702127659575,0.03856449854108668,0.24365341111524386,0.9583333333333334,0.051458967211279294,0.20158013847260003,0.9583333333333334,0.006087942329170093,0.10772996830607107
mUlam,9,5,37,14,1.0,0.001732504721666528,0.010740986808832176,0.9583333333333334,0.030441616065401855,0.12768817884474282,1.0,0.051550240128365066,0.12998751278861986,0.9361702127659575,0.002426986578194068,0.03055278804709083
mUrDA,25,34,13,7,0.9795918367346939,0.00824538477718939,0.08206404651493038,1.0,0.06536155017540335,0.12972518691071833,0.9361702127659575,0.026132060893929943,0.12867553015092148,0.9795918367346939,0.006606537500627341,0.020161071280369258
maDu,155,61,56,50,1.0,0.03823438846718985,0.35777483538931654,1.0,0.06550448850029167,0.34122888752768255,0.9583333333333334,0.040348705782161653,0.17560395478958601,0.9795918367346939,0.013619124125563098,0.14753419798646772
maDyaM,13,5,60,7,0.9583333333333334,0.0020833480809113736,0.004173719847031077,0.9795918367346939,0.02009844428855656,0.2347995213673696,1.0,0.03254876671997742,0.2370323349536252,0.9361702127659575,0.0005821340252135654,0.008336308530919379
maDye,93,44,401,159,0.9795918367346939,0.013911400535516316,0.11410258586807065,1.0,0.04174297739012778,0.5634159788178016,0.9795918367346939,0.10316912256295208,0.5479663021410421,0.9795918367346939,0.012912995435061636,0.19788868324486786
mahAn,67,32,751,56,1.0,0.05500388434445558,0.43353310945368884,1.0,0.06997032609338738,0.5176758737668463,0.9795918367346939,0.09655458084930268,0.4348637743189131,1.0,0.01720670381531908,0.05964952094125542
mahad,58,7,610,15,1.0,0.0031217635827037737,0.29028902123681344,1.0,0.045151595940687295,0.5450627095955296,0.9583333333333334,0.0494649999658332,0.5416132636386343,0.9795918367346939,0.00864552643262595,0.2716524262728358
mahatA,20,6,565,5,0.9361702127659575,0.0015821293293755145,0.03513996195500235,1.0,0.060999286179405865,0.6471418620908673,0.9583333333333334,0.08028153459795107,0.6546664873900658,0.9795918367346939,0.0044189672348119435,0.041983719765591676
mahato,25,15,96,5,1.0,0.006007479874633792,0.06816891139485881,0.9361702127659575,0.05018696826116409,0.362150650814943,0.9795918367346939,0.03603545286617038,0.36618103088287635,0.9583333333333334,0.008412104414642907,0.06810052745304063
mama,190,68,2877,27,0.9583333333333334,0.010274973369233331,0.1447484311686218,0.9583333333333334,0.05382301649336585,0.4165592573482986,0.9795918367346939,0.04063176440516636,0.33883299606923667,0.9795918367346939,0.015552119586791702,0.0717065291676664
mana,47,55,31,9,1.0,0.007893878542783783,0.04348390692839499,1.0,0.02761369059227492,0.09213594326470853,1.0,0.033500180111891265,0.11687896826229172,1.0,0.005221529707180705,0.05970275438091899
manaH,103,46,386,20,1.0,0.009621366722161961,0.0785007327584456,0.9130434782608696,0.02493190205649487,0.43902662077650867,0.9583333333333334,0.047137465022129565,0.42250055203151127,1.0,0.005811814426206485,0.07608962684001697
manasA,225,69,484,59,0.9795918367346939,0.002845330845461347,0.023476009087328054,0.9795918367346939,0.05094958528782256,0.46398266244421826,0.9361702127659575,0.08948742520730124,0.5167700525758188,1.0,0.02321408381159007,0.1501524571127355
manasaH,6,10,54,10,0.9795918367346939,0.0006936534661916571,0.01069539943491804,0.9795918367346939,0.030633899901508888,0.14743452559901793,0.9795918367346939,0.031206442920482802,0.1426626936666031,0.9361702127659575,0.0018577323617238184,0.021708375758474396
mano,148,102,293,20,0.9795918367346939,0.003643688575197923,0.048510953629024245,0.8888888888888888,0.03637284035017119,0.4282182370703631,0.9583333333333334,0.04208710603488741,0.4620824557711969,0.9583333333333334,0.005611780627005847,0.05041773642159797
mantraH,5,7,13,22,1.0,0.0020962481337546413,0.006787214031381161,0.9795918367346939,0.022467709296504323,0.08398777775613442,1.0,0.031050262729187872,0.07698616063821939,0.9795918367346939,0.0055243034568071,0.014937900860672482
mantro,7,18,24,7,0.9795918367346939,0.001654380336627903,0.004256681887222724,0.9583333333333334,0.03084372607431274,0.12008108499959136,0.9583333333333334,0.034724282946045903,0.1288946072127013,0.9795918367346939,0.000548339274810683,0.00978168174218974
manuzyA,41,25,33,14,0.9795918367346939,0.003785306369231356,0.010910054101902156,0.9130434782608696,0.05031268563178937,0.26452181647266326,1.0,0.058570140991176745,0.27348440619398073,0.9583333333333334,0.005242829491819201,0.013671247751102733
manuzyARAM,8,8,91,5,1.0,0.0017047660488794802,0.004323833419181855,1.0,0.043024992444645305,0.17011418185641036,0.9583333333333334,0.035606023406323795,0.16809225000402872,0.9795918367346939,0.0007578409050784662,0.009166515964496691
manyate,21,43,185,15,0.9583333333333334,0.0012618409740794423,0.01687028184636319,0.8888888888888888,0.034334818485497354,0.36866567691074414,0.9795918367346939,0.04443974757345093,0.39715213352693124,0.9795918367346939,0.002260812414324964,0.008376523230162025
mayA,19,36,2300,14,0.9583333333333334,0.002130643136280308,0.019010001245909347,0.9795918367346939,0.047731391920572075,0.42400359851187897,0.9795918367346939,0.03472498887814801,0.42339561207632315,0.9795918367346939,0.003915045259409888,0.0117248839659565
mayi,141,5,383,32,1.0,0.019314224911612277,0.4255989510378606,1.0,0.05106206264052904,0.4347109316118798,0.9795918367346939,0.04400282553265822,0.4158604874205224,0.8636363636363636,0.03561140466620516,0.27511639928605824
me,916,182,5746,237,0.9795918367346939,0.0091221715401687,0.2168637859559941,1.0,0.05455868927123575,0.4189530169021143,0.9795918367346939,0.06012429922798046,0.3375259835583847,0.9361702127659575,0.027554010282601626,0.10241210899514797
muKaM,34,23,83,21,0.9583333333333334,0.008125677631292572,0.06463072139967485,0.9583333333333334,0.02890754354640379,0.2833149662099158,1.0,0.04968605483660493,0.29121136214075705,1.0,0.0016546888427759754,0.036524037306383095
muKam,37,6,72,53,1.0,0.0030486596814305322,0.005302221192211465,0.9795918367346939,0.032999725274892255,0.2679075864158289,0.9361702127659575,0.05047830162574474,0.31339516468842776,1.0,0.01735157744676097,0.0894958462074531
muKe,19,5,32,6,1.0,0.0037909124351508394,0.012677728378470365,1.0,0.02987943071745136,0.13608009813363386,0.9795918367346939,0.03708699848038155,0.1392168377855869,0.9583333333333334,0.0009668052216160739,0.009116795184066273
mucyate,6,13,118,10,0.9583333333333334,0.001464060834411085,0.019145462635716703,0.9795918367346939,0.03748708986901739,0.35986840371010764,0.9583333333333334,0.05048143579988984,0.3603616880868804,0.9583333333333334,0.0033119808599069156,0.024479544391102115
nAmAni,23,7,44,8,0.9361702127659575,0.005554933442988297,0.053124331266391156,1.0,0.04769526948355385,0.3493153350989642,0.9583333333333334,0.06375553289111169,0.3425774615737912,0.9583333333333334,0.0064664157912593945,0.06394856996245124
nAma,296,171,1407,104,0.9795918367346939,0.005248794270754531,0.06556826212182432,1.0,0.0522883382607241,0.48651803634616564,0.9583333333333334,0.03460370665168022,0.4580888288112339,0.9795918367346939,0.004467181912953255,0.028148190290948505
nAmnA,6,5,106,7,0.9795918367346939,0.0023106112229952513,0.017392570974351207,0.9583333333333334,0.03587658602701571,0.37308681000839006,0.9583333333333334,0.033828028042289016,0.3787272569800877,0.9583333333333334,0.0018259030904426155,0.011056081561547693
nAnA,44,5,5,21,0.9795918367346939,0.004720868179399207,0.07566341100973539,1.0,0.031239986358128524,0.09863843823717677,0.9583333333333334,0.029527626735297297,0.0951211980047808,0.9361702127659575,0.005513061812499553,0.05781823775663153
nEva,6,51,410,22,0.9795918367346939,0.0027893355116153096,0.009399893198383635,0.9583333333333334,0.038398599676322975,0.3758418986831411,1.0,0.044129400507506245,0.41201542387335033,0.9583333333333334,0.0013753815834345318,0.009084790182782188
nO,25,7,61,6,0.9795918367346939,0.002992887635393404,0.00927078335042908,0.9795918367346939,0.03672975542444945,0.16209216850469832,1.0,0.053570885580241145,0.18071680492591846,0.9361702127659575,0.001954172627099404,0.01305830327816393
na,3842,2560,16502,2001,0.9795918367346939,0.017475694049876145,0.19032623536990334,0.9583333333333334,0.047891951299657065,0.33035862501004853,0.9361702127659575,0.01953741299943701,0.34752655237457364,0.9130434782608696,0.003188913555635664,0.10117029514871978
naH,1131,22,803,117,0.9361702127659575,0.026083713457815016,0.32711946318670226,0.9795918367346939,0.06424819706652196,0.41207997933373874,0.9583333333333334,0.07263349090091165,0.38300195209328036,0.9130434782608696,0.030893395825121184,0.21215455942749828
nakzatrARi,14,13,35,9,0.9583333333333334,0.0030043692588620496,0.023899952043928696,0.8636363636363636,0.043400339641751606,0.3431267579979763,1.0,0.07337469051960688,0.3831853286668814,0.9795918367346939,0.0016093631769805716,0.023777099996889928
namaH,93,11,249,16,0.9795918367346939,0.00422966610263209,0.0947976268562174,0.9130434782608696,0.07649204770744145,0.45096622465079983,0.9361702127659575,0.05822611657319832,0.32686999513739523,1.0,0.0087354302767495,0.035936395467974225
namas,87,7,135,15,0.9583333333333334,0.011154960174902029,0.26044825247072945,0.9583333333333334,0.048053369292516246,0.4441595387525541,0.9361702127659575,0.05955650793984568,0.3867255546166195,0.9795918367346939,0.027072209076696052,0.18693695952327072
namo,157,12,220,83,0.9361702127659575,0.009621115556110671,0.2323294992322814,0.9130434782608696,0.06227930642926849,0.4253941675891395,0.9361702127659575,0.08267013598330453,0.1464180006093625,0.8372093023255813,0.021612808890610347,0.04379970597043237
nas,103,7,94,15,1.0,0.015013869457965012,0.26991711102690086,0.9795918367346939,0.02688809898992217,0.24492993598403034,0.9795918367346939,0.06555605960545141,0.24204069045333743,0.9130434782608696,0.01800606464247967,0.10610322012657925
naya,27,6,25,12,0.9361702127659575,0.003676929316169253,0.08468195132712708,1.0,0.031955255871016,0.23051550848255276,1.0,0.036313810869969876,0.19716749332425332,1.0,0.008530048299667858,0.026745739806649182
niDiM,5,5,7,5,0.9583333333333334,0.0017054892748800121,0.015011262786423063,1.0,0.03732234386080946,0.13526084715307485,1.0,0.03095885476802529,0.13521624551499944,0.9361702127659575,0.0035304920308496524,0.020512518419643522
nityam,6,11,464,61,0.9361702127659575,0.0018069562668175942,0.026478317923646078,0.9795918367346939,0.03533895142292498,0.3110343383311607,0.9583333333333334,0.05110530399158675,0.3106097806446704,0.9583333333333334,0.003444693661001863,0.05387053188153146
nityo,5,10,16,8,0.9583333333333334,0.0035707322433097266,0.015027370038053656,0.9583333333333334,0.04090237488748971,0.14129870875785278,0.9583333333333334,0.04213947447245736,0.14203161976168488,0.9795918367346939,0.0024652228261100584,0.024353322825402035
no,2200,112,544,289,0.8888888888888888,0.012468935044065876,0.28774953260066927,0.9583333333333334,0.041640958284351104,0.32236344779960224,0.9361702127659575,0.08401644142794618,0.2772362306720151,0.8636363636363636,0.02242584338686182,0.11795388592621159
nu,266,89,622,59,0.9795918367346939,0.0180207890279791,0.13741184198813672,0.9361702127659575,0.06456098871148552,0.3365343141971415,0.9583333333333334,0.09508316852240306,0.43245289737889747,0.9130434782608696,0.017552036614518318,0.07752845143058107
nv,101,10,74,23,0.9583333333333334,0.004787425391142519,0.06523212580623072,0.9795918367346939,0.04703225085670226,0.26528896494975673,0.9583333333333334,0.07792540924573788,0.24408002998673473,1.0,0.015792769543438334,0.0624603773167649
pAdO,10,6,178,10,1.0,0.0027215464776120246,0.008967178357596084,0.9583333333333334,0.061466238197417034,0.5513515839037568,0.9795918367346939,0.07369878206408298,0.5607602263083356,1.0,0.003847920284999362,0.014367350999797468
pAdo,5,12,14,6,0.9795918367346939,0.0038864860890100994,0.030977997286904424,0.9795918367346939,0.022304715845687606,0.13655671457405272,0.9583333333333334,0.03397344223273646,0.1343260754747757,0.9795918367346939,0.0021705529166330395,0.04226590469303915
pApaM,10,20,377,13,1.0,0.0036415629657805537,0.007722841418499327,1.0,0.04078823283657884,0.3796571862562945,0.9795918367346939,0.047354238118072045,0.37640992508128224,0.9583333333333334,0.0006644871124577012,0.01040689478398682
pUrRam,11,14,18,7,1.0,0.00486545221557344,0.05465091330157856,1.0,0.051644258397383735,0.22961967114627124,0.9583333333333334,0.03655382756377401,0.19404757317847066,1.0,0.0030564778176453977,0.019231871809610057
pUrvaM,26,42,637,67,0.9795918367346939,0.006539622447217952,0.057497211466368325,1.0,0.04112188723164123,0.3775553033514679,0.9795918367346939,0.059594424728173556,0.43906273141976104,0.9361702127659575,0.0030590803616316053,0.06745652323667439
pUrvam,48,7,321,64,0.9795918367346939,0.005304306413495996,0.08074694622458922,0.9583333333333334,0.045773428216692724,0.43093821566552304,0.9583333333333334,0.04210191683643283,0.45170253189464504,0.9795918367346939,0.005117069209989,0.0766053214329504
pUrvasya,7,11,5,25,0.9795918367346939,0.0029865192220224213,0.03876271669048692,0.9795918367346939,0.028599540366855858,0.05229162296061962,1.0,0.022540257161662303,0.054899522615792784,1.0,0.0029243625281523133,0.028556270358429447
pUrve,54,12,52,47,0.9361702127659575,0.00180237289136298,0.04088494747198723,0.9795918367346939,0.04281205773042518,0.29240222063483357,1.0,0.06324693389901737,0.342104899936313,0.9795918367346939,0.01015058080399589,0.1374514194031351
pUrveRa,7,6,12,29,0.9583333333333334,0.0022838096071857716,0.0030891633084244585,1.0,0.025192204097380877,0.03627312384074799,1.0,0.03225776997999619,0.0363181226753142,0.9361702127659575,0.0023520428511246694,0.019030280254410448
pUrvo,40,5,11,12,0.9361702127659575,0.0038547014081882214,0.006873264710622884,1.0,0.017453692166578993,0.07715985929964553,0.9795918367346939,0.031066756558479458,0.0809479913398512,0.9361702127659575,0.0017625988275106197,0.008779034905301297
paSUn,132,10,63,23,0.9795918367346939,0.0183059234373647,0.18418088303762503,0.9795918367346939,0.03181545952127329,0.30642856045876443,0.9130434782608696,0.043696253977545396,0.2815399475819468,0.9361702127659575,0.012226189650017205,0.1534409529795726
paSavaH,102,6,23,17,0.9361702127659575,0.019308653803484455,0.2007454662912016,1.0,0.06341524922944541,0.2633035534569409,0.9795918367346939,0.03358012837342372,0.22811103498018992,0.9795918367346939,0.012675577456600085,0.13998584250860913
paSavo,170,8,30,21,0.9583333333333334,0.031378754994510816,0.18972845079520773,1.0,0.04321823595029983,0.21694291245573916,0.9795918367346939,0.03818343394501089,0.20424922707401394,1.0,0.017842172202592876,0.18276845957930798
paScAd,44,9,137,54,1.0,0.004012341761696181,0.07071386699697424,0.9795918367346939,0.02826123281012205,0.3499001690912962,0.9795918367346939,0.038142227556782426,0.42048402756855496,1.0,0.00850335960469717,0.12773974486162087
paSuBiH,20,6,5,6,0.9795918367346939,0.011367564185678414,0.1105385974005334,0.9795918367346939,0.02937417744172821,0.050197691390395094,1.0,0.02753037240059608,0.05007797998444041,1.0,0.006458598236836144,0.09660113780838753
paSuBir,73,18,5,8,0.717948717948718,0.018586284179889057,0.16671059719117243,0.9583333333333334,0.054389893713750914,0.3280014800933402,0.9795918367346939,0.032756457129501926,0.08031350449333963,0.9583333333333334,0.0215723625080656,0.3086326816378052
paSyati,32,95,231,9,0.9795918367346939,0.0016664340725904836,0.043568141222273815,0.9361702127659575,0.05986209352546923,0.41540912652447815,0.9795918367346939,0.0510421538963961,0.38391669318186883,0.9361702127659575,0.0012450073896347336,0.016578232566399786
paSyet,8,10,22,37,1.0,0.006473245766191349,0.034979487163036005,1.0,0.03271372794407368,0.12021597808419937,0.9795918367346939,0.04340641367358211,0.16946405489543181,0.9795918367346939,0.004336022987241228,0.05332226994698752
paYca,149,24,503,293,1.0,0.005239336684601303,0.06523755644280982,1.0,0.07893478962661582,0.5205238322025739,0.8372093023255813,0.06476644995204994,0.33773887368103406,0.9583333333333334,0.004460600304875273,0.0831171490963043
padaM,29,26,70,23,0.9795918367346939,0.0036723995768391804,0.025741150927111156,0.9361702127659575,0.04316487950370562,0.2723758597420749,1.0,0.04600968663254723,0.23906271130897827,0.9583333333333334,0.0037740370164800474,0.05335968261488655
padam,53,13,142,31,1.0,0.005268499693019679,0.04204017339099764,0.9795918367346939,0.035582260777307084,0.33782967202595815,0.9130434782608696,0.04358279540795207,0.3371106258998441,0.9583333333333334,0.0024105150995342717,0.07275251793911797
pakze,9,13,10,101,0.9583333333333334,0.0062764318481977055,0.014434757828435507,1.0,0.03658551352691741,0.15809849323694447,1.0,0.04396300229901984,0.17124456510403863,1.0,0.00601428983766128,0.08159892700558835
panTA,26,12,47,7,0.9583333333333334,0.002266804699774805,0.020468891048153304,0.9795918367346939,0.02862914573847919,0.23473413025119316,1.0,0.047056793008331654,0.23615878545585955,0.9583333333333334,0.002578365871562127,0.02408517407195987
parA,156,19,114,19,0.9361702127659575,0.007621303879360997,0.20653245388515917,0.9583333333333334,0.05430252488313703,0.2943351330825371,0.9795918367346939,0.06480976088928225,0.3091697792282737,1.0,0.02104204280572186,0.20760181264895472
para,22,43,11,194,0.9795918367346939,0.004412725027884923,0.02804129297770297,0.9583333333333334,0.031945045555975216,0.11839568170628745,0.9795918367346939,0.0709883770767693,0.24178318851311886,0.9795918367346939,0.009595306803857673,0.20231075601922477
paraH,27,16,108,26,0.9583333333333334,0.0028453559819058283,0.03195486569911288,0.9795918367346939,0.030466685230164492,0.20405661481778703,0.9583333333333334,0.060155077713087146,0.25045472346025577,0.9795918367346939,0.005638713396081463,0.12556912056933467
paraM,8,70,903,52,0.9583333333333334,0.003959080397342496,0.013054718279397415,0.9795918367346939,0.05697547455113894,0.4227989917570405,0.9583333333333334,0.0557618769983953,0.4113933104315225,0.9795918367346939,0.004522751050131557,0.08910736086602444
param,26,22,449,42,1.0,0.003183908278883152,0.032132577488312886,1.0,0.04763734422579258,0.37730149593584894,1.0,0.04922765776612703,0.3644842351847728,1.0,0.0017135805402825888,0.03501185303158394
paramaM,18,34,610,14,1.0,0.003439531422982145,0.010493766221284728,0.9583333333333334,0.060564963599726074,0.4268225416882159,1.0,0.05617165943084679,0.4356480604516699,0.9795918367346939,0.0009781267942935434,0.00438665542937966
pareRa,9,20,53,8,0.9583333333333334,0.0030373688627757245,0.01730907562497963,0.9583333333333334,0.03392487827348878,0.26165319044072977,1.0,0.03935030661532046,0.27600461698101775,0.9583333333333334,0.001801056738922946,0.021843300907236296
paro,56,17,128,20,1.0,0.0019955334492818277,0.035808209351873455,0.9795918367346939,0.03514694707569954,0.24712101708174283,0.9361702127659575,0.049740821365864885,0.2796728734556747,0.9361702127659575,0.001986416083495368,0.05401736258526291
patati,14,6,18,6,0.9795918367346939,0.0025847380555346078,0.01028934737923115,1.0,0.02199788259548363,0.14703078392425395,1.0,0.031333585584198076,0.14104841161709603,0.9795918367346939,0.0030745535408931435,0.013454493163681747
patiH,53,13,103,19,0.9583333333333334,0.040027643112162226,0.3220472160043907,0.9583333333333334,0.07126798947256086,0.47441508171066515,1.0,0.028006722947867213,0.35064787138655307,0.9361702127659575,0.012577771296038875,0.09378181337209779
patnI,26,5,52,33,0.9795918367346939,0.0017759077630924436,0.020854640854575113,0.9583333333333334,0.037695183139260235,0.27361715857379654,0.9795918367346939,0.0509716622005264,0.29553693447413476,1.0,0.0032585005877423523,0.040023523794611826
pfTag,13,10,95,28,0.9795918367346939,0.003008853503353781,0.02269765962850978,0.9795918367346939,0.05766324325099914,0.40466552727935545,1.0,0.04081098642274705,0.4081753495266327,1.0,0.0024400648021970506,0.04989594731236058
pfTivI,239,75,274,72,0.9130434782608696,0.024084935487142967,0.36368373598726134,0.8636363636363636,0.04338338176251921,0.42776333429123214,0.9361702127659575,0.10882362176628302,0.41444467314448574,0.8636363636363636,0.029690663545942853,0.16805491046634313
pfTivIM,58,14,328,10,1.0,0.006382027792509737,0.08593026227675327,0.9583333333333334,0.05472331533889363,0.5582187640648414,0.9583333333333334,0.052608753745229775,0.5828420855383023,0.9583333333333334,0.007579168530735703,0.12573832489207903
pfTivyA,134,21,33,23,0.9795918367346939,0.014511878158522395,0.1857662702669487,1.0,0.019933248784495983,0.07816245459433535,1.0,0.043454852126802,0.16367722036681132,0.9361702127659575,0.023088333561982588,0.09382433755540398
pfzwo,7,5,49,7,0.9130434782608696,0.0022311428208959816,0.029831578440001616,0.9795918367346939,0.03659986398418813,0.3050950198104717,0.9795918367346939,0.0503931599039209,0.306600848292398,1.0,0.002240266087647602,0.01310890487680405
pitA,160,53,566,77,0.9361702127659575,0.009225716634847836,0.275547290364081,0.9130434782608696,0.05098144404254834,0.44505091138821096,0.9361702127659575,0.04440713599565682,0.40755273023913996,0.9130434782608696,0.016723200352703915,0.2270225637153549
pitFRAM,9,7,102,8,1.0,0.003622579202361864,0.021168747118850417,0.9795918367346939,0.03914331585781872,0.30533098117317137,0.9361702127659575,0.04603210834522309,0.3130665086441571,0.9583333333333334,0.004301750152389094,0.019352773305800763
pitaraH,55,6,58,23,1.0,0.0022743684044002066,0.045907396586459814,0.9795918367346939,0.05062619007737612,0.27643903591277763,0.9361702127659575,0.05524813346245383,0.27526695317810557,0.9583333333333334,0.010768555269872193,0.14211268868485272
pitaraM,31,14,338,8,0.9795918367346939,0.0025774024427276387,0.021673361111100853,0.9130434782608696,0.04821637819713909,0.5109780363793199,1.0,0.07094145997169787,0.5436755677049534,0.9583333333333334,0.004236021977307769,0.03324667240381918
pitaram,19,5,27,13,0.9583333333333334,0.00371220738328637,0.014059852314634247,0.9795918367346939,0.03131387490122872,0.3234798280024236,0.9795918367346939,0.05180771596960121,0.3378658759929054,0.9795918367346939,0.003741558629327235,0.02857906463573201
pitaro,74,8,84,42,0.9795918367346939,0.004259687465918094,0.08437987506235123,0.9795918367346939,0.05755866270885346,0.33606001112828254,0.9361702127659575,0.07969341064516744,0.4112750273937186,0.9583333333333334,0.01628178250056922,0.23737126852397616
pitrA,5,9,157,9,0.9361702127659575,0.0022366318148736575,0.017047693539031794,0.9583333333333334,0.0465011395820667,0.42307131901136863,1.0,0.04994398653557852,0.42790349396421834,0.9795918367346939,0.0032976439208496355,0.015739500078501334
pituH,12,6,170,11,0.9795918367346939,0.0014890459545638945,0.019994757469448787,0.9795918367346939,0.05135531711931007,0.4418211765992719,0.9583333333333334,0.04167160762660149,0.45486526051608356,0.9795918367346939,0.0012882834120618858,0.03168156897952312
prARAn,46,8,259,12,0.9795918367346939,0.008541537336307248,0.1157481819049937,0.9583333333333334,0.04122547856207914,0.48500104579457504,1.0,0.052231303959991204,0.4950424586531472,0.9795918367346939,0.01068939843031469,0.1358510122205112
prARa,81,86,10,46,0.9795918367346939,0.002424132850554428,0.055341900941458855,1.0,0.026806937083537652,0.050674089319979965,0.9583333333333334,0.03300610054258435,0.09516262861586033,0.9795918367346939,0.004410598999316284,0.05930268640855152
prARam,61,21,12,16,0.9361702127659575,0.013655882936362107,0.12104677316095569,1.0,0.023856415625204797,0.0778469373084325,0.9583333333333334,0.02815711109973551,0.1503489841661878,0.9583333333333334,0.01973573888312441,0.178838064956109
prARasya,6,52,9,5,1.0,0.0038471536863856626,0.011304402203162978,0.9583333333333334,0.028181990424875902,0.0629939791796974,1.0,0.034989402828772276,0.053494119476181545,0.9583333333333334,0.0019648228230167986,0.008822232519652973
prARe,21,40,11,5,0.9795918367346939,0.010535689412759508,0.034944275700499405,1.0,0.0181245038833453,0.06251953920458297,0.9795918367346939,0.024778224890657174,0.058688601363286574,1.0,0.002309819391983492,0.03567108364670646
prARena,57,37,11,13,0.8888888888888888,0.008677042065996843,0.1622016027480806,0.9795918367346939,0.032545250333770426,0.05257725267735103,0.9583333333333334,0.06607730603326234,0.22487775732903348,0.8888888888888888,0.04343847124628408,0.23858123886953242
prARo,123,155,28,9,0.8888888888888888,0.00930757180223496,0.10355541224468223,0.9583333333333334,0.02758759647040665,0.18033068848006328,0.9795918367346939,0.03404870428088824,0.16658186290879973,0.9361702127659575,0.00788728481122225,0.13162757312006068
prAg,7,6,57,67,1.0,0.001543639186922574,0.010725684669293134,0.9795918367346939,0.024397244511880967,0.12393615932378022,1.0,0.03007865165953838,0.15272849188172566,1.0,0.00564642094291623,0.01987824721596465
prApnoti,8,20,149,38,0.9583333333333334,0.002772447515811516,0.012290294594914375,0.9795918367346939,0.037851758154356596,0.35803911861769544,1.0,0.06126853680354871,0.3222917890661614,0.9583333333333334,0.003964629077557014,0.019177142921496637
prAtaH,68,10,9,79,1.0,0.006332213948492482,0.24625010174892814,0.9795918367346939,0.036916656662023595,0.10617677183807206,1.0,0.02876968395170454,0.20135368202043757,0.9361702127659575,0.00917291793232522,0.32351436629362906
prAtar,82,5,54,51,0.9583333333333334,0.004991958039324063,0.09381796610822102,0.9583333333333334,0.03448425190916127,0.35902062440420757,0.9583333333333334,0.03418223633720907,0.4015894900998387,0.9795918367346939,0.006901161314718185,0.07380402301934441
praTamaH,28,17,26,31,0.9583333333333334,0.0014798431528615374,0.03846734881769598,0.8636363636363636,0.01885022799325542,0.13091615531163558,0.9361702127659575,0.040492681194379876,0.14027172115524822,0.9795918367346939,0.0035859634708924615,0.051608370305034956
praTamaM,37,22,125,30,0.9583333333333334,0.005954493664476979,0.040371810412965115,0.9795918367346939,0.02679900879791386,0.22767015569430948,0.9795918367346939,0.041665609042890184,0.24618644738200068,0.9583333333333334,0.002045140687426894,0.023668359004323625
praTame,23,5,13,65,1.0,0.0035888776509083176,0.03460795951823359,0.9583333333333334,0.025256148073414808,0.13504894746510887,0.9795918367346939,0.03765414890773999,0.17668153693952182,1.0,0.010053048788387198,0.05215476482664738
praTamo,99,16,19,30,0.9583333333333334,0.007960544106604184,0.16274484166539804,0.9583333333333334,0.02689365375415753,0.1705633861707332,0.9795918367346939,0.03530433958867418,0.13139208097962762,0.9361702127659575,0.011768862397390722,0.09506061069521776
prajA,113,24,179,28,0.9795918367346939,0.015501087817929138,0.14579769911245122,1.0,0.051405623099378905,0.39065838170754486,0.9583333333333334,0.05895779648956223,0.40822968939855364,0.9795918367346939,0.006113678265543543,0.08463629902318215
prajAH,39,23,360,27,0.9795918367346939,0.012929174008614708,0.09930413632385104,0.9583333333333334,0.05717924474442038,0.4914732955610386,1.0,0.05075071223589078,0.474369767211856,0.9361702127659575,0.0028938358592657254,0.05966859070900732
prajAnAM,13,7,153,11,1.0,0.002761202482557068,0.03506600421276529,0.9795918367346939,0.026882363651480667,0.32845362735955796,0.9583333333333334,0.04785580511179788,0.3526930455777606,0.9795918367346939,0.0016947838771361745,0.026310280907459793
prajApatiH,121,27,128,15,0.9583333333333334,0.019776928098808044,0.1641338078185366,0.9130434782608696,0.03668352329584079,0.34867388860766924,0.9795918367346939,0.05270501758762369,0.3209192045720174,1.0,0.01488198710973243,0.2065379721181564
prajApatir,130,26,50,30,1.0,0.03328663584502822,0.1459051559305241,0.9361702127659575,0.05470045109293353,0.27902042939861305,0.9795918367346939,0.10266339070010533,0.3601300541344383,0.9795918367346939,0.02443993528607491,0.10641551553432649
prajYA,8,14,61,17,1.0,0.001453429774048276,0.01853706867260585,0.9795918367346939,0.037994369841557796,0.21003015838315697,1.0,0.06158046641792547,0.1903367781534817,0.9795918367346939,0.002055700731150356,0.025981289771029203
prajayA,118,40,5,16,0.75,0.015468682733056793,0.14828509544161628,0.9583333333333334,0.04673754006039377,0.24903268220135077,0.9795918367346939,0.025031659774710446,0.057171917021472285,0.9583333333333334,0.020054319127883025,0.311258309272068
prati,454,93,1105,81,0.9795918367346939,0.006903963266369106,0.0918732818467316,0.9795918367346939,0.06853788480144651,0.5941865279207582,0.9795918367346939,0.0623011081153112,0.5838640262447101,0.9583333333333334,0.010485706379181448,0.04394612769103001
pratigfhRAti,5,6,15,16,0.9583333333333334,0.0032346936059306497,0.0062033658411511094,1.0,0.028503951329016952,0.08368188145583877,1.0,0.03063331835296701,0.08935705561740637,0.9361702127659575,0.0018977910874680148,0.010693935259932119
pratipadyate,23,44,94,61,0.9795918367346939,0.005104662313892838,0.027241991063254423,0.8636363636363636,0.04707176342440733,0.21780857003019616,0.9583333333333334,0.030908951383857408,0.21147046072230657,0.9795918367346939,0.0015366812025263688,0.031416224418607586
pratizWA,73,48,32,28,0.9795918367346939,0.01887716414258811,0.18228355313773947,0.9795918367346939,0.036101789803949735,0.1547943837082706,0.9583333333333334,0.06622534147252357,0.4008873817334597,0.9795918367346939,0.025671189395654603,0.13842001869008647
pratyakzaM,12,27,90,5,1.0,0.006693945530135692,0.06727521944623494,0.9795918367346939,0.03420736495622756,0.21024293206690758,1.0,0.035752844930646344,0.19727907811846468,0.9795918367346939,0.0018608457882417495,0.023657501143361293
prayacCati,16,8,88,14,1.0,0.0029695605733480734,0.020649804071256606,0.9795918367346939,0.049475227813944866,0.3232273803746766,0.9795918367346939,0.036282617468411105,0.31836872608438815,0.9795918367346939,0.0025599668086371263,0.0299866953554192
priyA,59,21,66,19,0.9583333333333334,0.06831010495242151,0.488142706163495,0.9583333333333334,0.07772124534913283,0.6082387991495475,0.9795918367346939,0.0478936724673259,0.31954543064412555,0.9361702127659575,0.0144213683979183,0.04202168773234194
priyaM,65,37,290,12,1.0,0.0330940266973655,0.3751595780075381,0.9583333333333334,0.09077420906294564,0.6345865659499053,1.0,0.059029120159846404,0.40494885785573953,1.0,0.0021168725499265406,0.06450566851751893
priyam,77,12,213,11,0.9795918367346939,0.014678363168139419,0.11313793764168922,1.0,0.05282084742548154,0.39604425119137776,0.9795918367346939,0.05179188512068977,0.4167948810744939,1.0,0.008091752613905934,0.05977908017659994
priyo,51,7,71,6,0.9795918367346939,0.02581922035374906,0.2487003187077148,1.0,0.05692165264349003,0.4460624370760192,0.9795918367346939,0.03988303400140458,0.26255993752623996,0.9795918367346939,0.005849569665367094,0.0513333808355223
provAca,5,7,160,5,0.9361702127659575,0.0025707068797230503,0.02264268923945023,1.0,0.05580690760882767,0.4547229941677795,1.0,0.08522271583742569,0.4782002650494446,1.0,0.00873088569480629,0.11508973538254019
pucCaM,9,14,8,27,0.9795918367346939,0.004013762364094231,0.010042105503117238,0.9361702127659575,0.03084371616653392,0.16249927392595243,1.0,0.035880190726300665,0.1726824909602046,0.9795918367346939,0.0023345162073237224,0.02602352117576634
punaH,112,168,2317,114,0.9361702127659575,0.0030745993528572546,0.021546621594363047,1.0,0.031329174411318106,0.5023085336089614,1.0,0.04812273288605795,0.5149637847507009,1.0,0.0018882084853268921,0.022597520922991943
punar,279,43,1827,105,1.0,0.002768911214019676,0.02816465625130682,1.0,0.04187552865325872,0.45540510932154943,0.9795918367346939,0.0430787647844757,0.4343000420189582,0.9795918367346939,0.0028638492045222064,0.02305285822688341
punas,26,7,168,6,0.9795918367346939,0.003549710883868129,0.015865799302374417,1.0,0.0300117077702855,0.36230935963972843,0.9795918367346939,0.034762270800533845,0.3683450484414206,1.0,0.0037181530477086167,0.013390768945992226
purA,119,16,1295,28,0.9795918367346939,0.00520622255545522,0.03798471971959705,0.9583333333333334,0.05201606138245507,0.44397991381998925,1.0,0.036657636853904774,0.4229515727406504,0.9583333333333334,0.005192631552954574,0.038666486758645924
purastAd,80,8,63,52,0.9583333333333334,0.005007390202424911,0.04202650368164407,0.9795918367346939,0.025626229778511145,0.17675052028499516,0.9361702127659575,0.02831844954273255,0.16021941806575546,0.9795918367346939,0.003063209644679321,0.056010925853100524
puruzA,6,9,88,7,0.9361702127659575,0.001732859557382893,0.011968426051790493,0.9795918367346939,0.04368506712454312,0.34478613033735284,1.0,0.0521716667679234,0.3426158563829279,0.9795918367346939,0.0020614795616562542,0.025618271131663595
puruza,11,64,30,94,1.0,0.005357816394620851,0.01899873388479989,1.0,0.044538008455016764,0.1474658486111271,0.9130434782608696,0.05879178236841287,0.18875282055363196,1.0,0.003945912158260012,0.09180281947089464
puruzaH,39,88,232,28,0.9795918367346939,0.01277407855769952,0.0847857098444158,0.9795918367346939,0.021332892007341342,0.2877850412958973,0.9583333333333334,0.047770833842837646,0.2901664930642265,0.9795918367346939,0.006548747087091966,0.04445868782947471
puruzaM,37,67,188,41,1.0,0.010003189951177993,0.15453000316785737,0.9361702127659575,0.05335996176537805,0.3207032561434353,1.0,0.10846747967241632,0.43152501057101056,0.9795918367346939,0.007049402674217831,0.10387885025762833
puruzasya,13,51,61,35,0.9583333333333334,0.002289509455067118,0.026761284123585583,0.9795918367346939,0.027032870735575476,0.14833558302372918,0.8636363636363636,0.04236883011267767,0.1494549891263558,1.0,0.0034373623653920493,0.07534883573031548
puruze,12,23,33,10,1.0,0.0020214627161014853,0.030264539151445335,0.9795918367346939,0.035383429476381734,0.1986601721607505,0.9130434782608696,0.03870801108986399,0.15740903047834276,0.9795918367346939,0.002215408844261968,0.01954658133714704
puruzo,64,145,226,24,0.9795918367346939,0.029853834100134646,0.2226043019513485,1.0,0.07839384782542014,0.33542798177937727,0.9583333333333334,0.030375287956366792,0.3290008492788522,0.9795918367346939,0.011217465557636697,0.1941218863551012
putrA,15,9,171,22,0.9361702127659575,0.0009842354237963313,0.02236909814698207,0.9361702127659575,0.055010975650369165,0.44149994411297866,0.9583333333333334,0.07031293062052268,0.4427966054037926,0.9361702127659575,0.0021920610330908863,0.04662779863145561
putrAH,11,6,67,15,1.0,0.014467141560677965,0.19948572183965496,0.9583333333333334,0.06338958828988317,0.3725942523779209,0.9583333333333334,0.0625576924732103,0.3343700621514891,0.9795918367346939,0.0011614380732228868,0.03531507128332256
putra,30,6,306,58,0.9795918367346939,0.00435351991522237,0.045500234548412344,0.9795918367346939,0.031382382187474356,0.3816398996477324,1.0,0.05897120611966822,0.5011242902329293,0.9583333333333334,0.009274877730557796,0.2074663780343009
putraH,38,6,232,31,0.9795918367346939,0.008933607206484506,0.3193481281210011,0.9130434782608696,0.0369916280477004,0.4881271397119704,1.0,0.0780839504921198,0.5463094416756312,0.9795918367346939,0.036247026536659455,0.3804172633042331
putraM,38,16,456,14,0.9361702127659575,0.004838796645717847,0.04824723596538538,0.9583333333333334,0.05352374856480302,0.5495614492280302,0.9583333333333334,0.06691210728291042,0.5639417785228238,0.9795918367346939,0.005440669157906752,0.07069500318263888
putram,43,6,217,26,1.0,0.008504607289855581,0.10328092742690331,0.9583333333333334,0.058509206819561066,0.584296940011951,0.9795918367346939,0.07737365427805565,0.5952079846975292,1.0,0.008590628123359423,0.11554216436123776
putrasya,16,7,210,15,1.0,0.001784118865732931,0.007612792665156798,0.9795918367346939,0.05806107850467335,0.5783747674720696,0.9795918367346939,0.06752783096407788,0.5661814230264504,0.9583333333333334,0.0017285378860432132,0.009184652188772624
putro,65,26,474,26,1.0,0.005394058764700671,0.059350923295625524,0.9795918367346939,0.04796770895481017,0.5031427527265528,1.0,0.0963607183603512,0.5271701056169693,0.9583333333333334,0.0020311483404942265,0.0647515173600125
rAjA,203,44,2700,189,1.0,0.009085510269577823,0.21102553946884584,0.9795918367346939,0.048793400960110866,0.5178389774925456,0.9795918367346939,0.05171770560370259,0.5599360568105709,1.0,0.026453649419215686,0.3462522128121621
rAjAnaM,14,15,498,18,1.0,0.005416526336459171,0.02490321128264328,1.0,0.07213053075427611,0.5673516269210955,1.0,0.07990430410953131,0.6260496570643269,0.9583333333333334,0.0021207969700863805,0.04341480351204996
rAjYA,16,6,300,31,0.9795918367346939,0.002262274632315542,0.009042598668173252,0.9583333333333334,0.03201489624836573,0.4703090917230255,1.0,0.05826705267710086,0.5135189905979831,1.0,0.006062146221948561,0.047557629373767285
rAjYaH,7,5,285,46,0.9583333333333334,0.002264782661019371,0.022412220592793353,0.9795918367346939,0.03956514853056581,0.46680440242238885,1.0,0.056808873494031964,0.5211809602572427,1.0,0.004718812423074925,0.0815249850691242
rAjYo,22,17,297,24,1.0,0.0021170485757252555,0.03409744681144644,0.9795918367346939,0.04632603304143457,0.46694748867271063,0.9795918367346939,0.052474625163336786,0.47310349226870596,1.0,0.0016327009274755833,0.052286102055793426
rUpARi,43,33,48,9,1.0,0.0035137720933944294,0.04862892071643854,0.9583333333333334,0.03198447084458167,0.35396840549270003,1.0,0.04918521920646657,0.36472352018872056,0.9795918367346939,0.008573866049532475,0.06874752700857922
rUpaM,111,67,345,30,1.0,0.023956939360805896,0.18713118519897864,0.9795918367346939,0.07759282473722107,0.483253068554494,0.9583333333333334,0.06919532547122043,0.4513480472347424,0.9795918367346939,0.018490070367992772,0.1343073404621603
rUpam,322,41,199,40,1.0,0.009644544958074097,0.22012848720091982,0.9361702127659575,0.04707805850556346,0.38708162050638517,1.0,0.06202174434933583,0.30649897385198155,0.9583333333333334,0.02057921190095635,0.09179980230928364
rUpe,10,5,27,5,0.9795918367346939,0.0018193040445900754,0.008057636990856154,0.9795918367346939,0.032994909988031895,0.28547629723779955,0.9583333333333334,0.04394206104098153,0.27664944691424886,0.9795918367346939,0.0009119719733696741,0.014686493402831902
rUpeRa,110,26,122,29,0.9795918367346939,0.007935243697932637,0.1456885950629786,1.0,0.04767162969526728,0.4036838381800826,0.9583333333333334,0.1087065885075823,0.4909832623375634,0.8888888888888888,0.01354086280041178,0.10496328322193438
raTo,85,6,74,5,0.9583333333333334,0.015603586675458248,0.2120245372224695,0.9583333333333334,0.04089459610995494,0.3229413803164505,0.9583333333333334,0.03637830615998228,0.290409705941699,0.9583333333333334,0.015195825457650969,0.152184607835683
ramate,8,13,76,6,0.9795918367346939,0.0009921185155944423,0.01711313853248919,0.9361702127659575,0.02468953726396128,0.26739072150952137,1.0,0.029078226767161763,0.26658766725250815,0.9361702127659575,0.0018653253759656208,0.017992845987175432
rasaM,22,9,30,9,0.9795918367346939,0.0036544110784973993,0.031347734024942175,0.9795918367346939,0.02899399763876953,0.20711837109523767,1.0,0.03333023826851844,0.18150993745319277,1.0,0.0013567340331952504,0.027640622593533726
retaH,53,22,20,6,0.9583333333333334,0.004588000053129981,0.027326670960601707,0.9795918367346939,0.03467508994977264,0.11019810497686344,0.9795918367346939,0.024387759047116764,0.09238216090229079,0.9795918367346939,0.003129082297074981,0.02111215049599635
sA,370,209,1960,164,0.9583333333333334,0.005185785680929755,0.12810263606660688,0.9361702127659575,0.07125995383869821,0.46396390931170306,0.9583333333333334,0.07378732166785984,0.3724732980823293,1.0,0.006526252167719515,0.0844285063312824
sADanam,7,8,9,7,0.9361702127659575,0.0017839120487604943,0.0324766158181482,0.9583333333333334,0.03254591131693252,0.03661372063969681,0.9795918367346939,0.03594430518970548,0.0346857381876815,0.9795918367346939,0.006002573513380405,0.059783083493517575
sADu,15,24,341,8,0.9583333333333334,0.0023580103094495986,0.025176683995920324,1.0,0.040189652833883205,0.6006740777725169,0.9795918367346939,0.05192757616495558,0.6232530701034129,1.0,0.0031019162221653795,0.01154040198934514
sAma,129,109,23,94,0.9130434782608696,0.022284435105449085,0.1852803613217393,1.0,0.040972854177814155,0.27912353013054547,1.0,0.040924903348562025,0.19742083895629658,1.0,0.050268112361910866,0.3193074681112176
sEva,11,8,14,9,1.0,0.0011184597267035468,0.021389019846052904,0.9795918367346939,0.02896135965621649,0.06531442282087252,0.9583333333333334,0.023112369145931955,0.05911413923165032,0.9583333333333334,0.0018641152301416275,0.014219939918640678
sTitam,18,6,199,7,0.9795918367346939,0.0023774211265433776,0.005342947618447225,0.9361702127659575,0.04876174912660958,0.5146104339027882,0.9583333333333334,0.05710348855092473,0.5188636771419265,0.8888888888888888,0.000591781562833904,0.008556831326050118
sUrya,114,6,58,24,1.0,0.010889078691728615,0.159949151589726,0.9795918367346939,0.043793920258082486,0.4099737782187072,0.9583333333333334,0.06586634844002448,0.4146516202261993,0.9795918367346939,0.034124744784546523,0.2743107647555352
sUryaH,70,8,51,7,1.0,0.005615864166167994,0.07729309144855456,1.0,0.04858437165368945,0.29861819350050534,0.9130434782608696,0.054187021016738446,0.28873729138885607,0.9795918367346939,0.006480161112294991,0.08116222053863198
sUryo,129,9,77,19,0.9583333333333334,0.006990681634609364,0.13095146567169136,1.0,0.04608690781793778,0.2907527077649683,0.9361702127659575,0.06413341045677534,0.3260508216699849,0.9795918367346939,0.03692805858754422,0.33376845058673
sa,2652,1777,12065,749,0.9361702127659575,0.012335407202478832,0.2559417377763291,1.0,0.04602167809468538,0.4377473978547626,0.9795918367346939,0.0796507827252586,0.40796797447323874,0.9795918367346939,0.016050210393019904,0.18081057302008752
saH,22,22,500,33,0.9795918367346939,0.003422434827456855,0.007918409730387488,1.0,0.029981354483020972,0.3956214164188515,0.9795918367346939,0.04457793168273616,0.4020655923111234,0.9361702127659575,0.0025455112314412,0.00822094891696834
saMpadyate,23,7,34,8,1.0,0.02737956251162632,0.13024060082831634,1.0,0.031942243409699644,0.26541844191878794,0.9583333333333334,0.03254372312920917,0.26067604485532625,1.0,0.015117993774940608,0.10841111303007933
saMvatsaraH,49,10,7,9,0.9795918367346939,0.022428370545612752,0.2591338108206489,0.9795918367346939,0.021270917432384184,0.043427306813104805,0.9583333333333334,0.034331576395993935,0.06728273713012545,1.0,0.01113546195776971,0.19909449175094895
saMvatsaraM,23,17,48,10,0.9583333333333334,0.00995278155191992,0.08980255441699025,1.0,0.049648331708329274,0.29153677656240307,1.0,0.04581542405981143,0.28197489873920434,0.9795918367346939,0.004857263356619179,0.09553356093313825
saMvatsaro,18,5,13,6,0.9795918367346939,0.007597247197241863,0.02770379647921639,0.9795918367346939,0.023424489995790165,0.10878658779068084,0.9130434782608696,0.0391556398696723,0.1307597627579582,0.9583333333333334,0.005110128480796172,0.009263730467587994
sadA,141,12,1302,45,0.9795918367346939,0.012883548172688886,0.48667729777505486,0.9583333333333334,0.03280815311711793,0.301211729201428,0.9795918367346939,0.041126203730777355,0.3035360233978498,1.0,0.02524941704132022,0.44240949863534773
saha,288,102,2516,235,0.9795918367346939,0.0013537638285683329,0.026301260471412347,0.9795918367346939,0.05093045130217566,0.6056577067228022,1.0,0.13688963990164849,0.7230759343891795,1.0,0.030539624469328452,0.2439248245496426
sahasrARi,13,5,243,18,1.0,0.0009049731199097799,0.013188000695484425,0.9795918367346939,0.09861997773312725,0.5373612791418626,0.9361702127659575,0.09751622006626737,0.4512407788340145,1.0,0.008369477271205072,0.0839286068582571
sahasraM,55,24,143,26,0.9795918367346939,0.015619021193062133,0.11429498277094297,0.9583333333333334,0.09373025381892985,0.4475011766342185,0.9795918367346939,0.07300457852051301,0.4101753427393676,1.0,0.008662423969798994,0.07157163813325196
samAnam,40,33,5,59,0.9795918367346939,0.0031207487725269933,0.036801533739247105,1.0,0.0338163035353205,0.03518979118600152,0.9795918367346939,0.032172846667985366,0.08068565315827358,1.0,0.0071767966492404245,0.01684528119084261
same,37,7,30,17,0.9795918367346939,0.006845220731302781,0.268290511982056,1.0,0.04220826079353912,0.28231111062159286,0.9583333333333334,0.030814349387451423,0.2606483307859342,1.0,0.005549785459979417,0.28427604431341447
samudra,29,7,19,13,0.9130434782608696,0.0037863933152044726,0.038111407256732344,0.9583333333333334,0.04366149397280106,0.23577244768303796,1.0,0.05120444251889289,0.24455627109888134,0.9795918367346939,0.001280363806378304,0.06344623974326113
samudre,37,9,40,6,0.9583333333333334,0.0024884209252103995,0.04497013390390969,0.9583333333333334,0.02473955838885844,0.14276927553087804,0.9583333333333334,0.025178836358461743,0.1396233885651732,0.9795918367346939,0.00410828823405307,0.03730075751316819
san,46,28,134,9,0.9361702127659575,0.0030644176873764195,0.02607997725747202,1.0,0.056217282462609486,0.3510369664572631,1.0,0.04760179700060263,0.334277559049148,0.9795918367346939,0.003241001874116134,0.02149502610285614
santi,70,5,179,10,1.0,0.005352985291229406,0.1335791365701653,0.9795918367346939,0.05271866475203901,0.3693606956985538,1.0,0.0669087381337723,0.36688330235675415,1.0,0.019061226043341706,0.14376052239777826
sapta,296,12,250,124,0.9795918367346939,0.003483273011462007,0.09461972304787825,0.9583333333333334,0.07028765957870153,0.48181762172288356,0.8372093023255813,0.0570225738594311,0.3525109265290267,0.9795918367346939,0.0041066443803431385,0.12027343672309931
sarvA,161,34,373,35,0.9795918367346939,0.004710675993815472,0.0758585022985212,1.0,0.08120619215701796,0.5749528875883092,0.9361702127659575,0.09912481411164309,0.6188555804682796,0.9130434782608696,0.0018954058514918382,0.03945898517314439
sarvAH,50,20,254,9,0.9795918367346939,0.002534164420052387,0.01641322409623458,0.9795918367346939,0.09869539883075662,0.5614559443540286,1.0,0.06573094148477598,0.5639226913035387,1.0,0.0021165739466280087,0.008596970287286565
sarvARi,48,120,371,32,1.0,0.019712168796992113,0.193479170037548,0.9795918367346939,0.08893325696260101,0.576025164251018,0.9795918367346939,0.07925657985423706,0.4911842468321118,0.9583333333333334,0.013894038603591174,0.08197462554377855
sarvAn,149,26,1127,57,0.9583333333333334,0.010663623469987282,0.07375287911232886,0.9795918367346939,0.06644746028062332,0.5528632700616967,0.9130434782608696,0.08211916096068561,0.49612231365982007,0.9583333333333334,0.00387183762547072,0.07092566158238489
sarvEH,13,8,142,5,1.0,0.0026528696584793288,0.015045143084502888,1.0,0.06054980764162432,0.5178904129053474,0.9795918367346939,0.06669344515743159,0.5353144905262913,0.9583333333333334,0.004092843487025211,0.0251993739867562
sarva,58,38,277,222,0.9795918367346939,0.003166339707889154,0.02169000390811282,0.9583333333333334,0.05137032690902843,0.4812619939642502,1.0,0.09960243423573856,0.5441838633967169,0.9583333333333334,0.005729131045783209,0.10145825721879964
sarvaH,16,20,59,5,0.9795918367346939,0.0066387263924293505,0.08156125485242316,0.9130434782608696,0.0366508993037542,0.19493400864838373,0.9795918367346939,0.03513609197931389,0.208527347556145,0.9361702127659575,0.00365252448485065,0.05339639737423485
sarvaM,137,255,1682,84,0.9130434782608696,0.007839172712493903,0.10613057495204781,0.9795918367346939,0.0456746519904504,0.40424283956847595,1.0,0.04503334756653432,0.3962379561530427,0.9583333333333334,0.004263658151108629,0.08286011646963187
sarvadA,19,17,115,15,0.9583333333333334,0.0006960435721449221,0.02931200594811778,1.0,0.030266682931551214,0.19383115973494647,0.9795918367346939,0.03315367026829752,0.19796680227062813,0.9795918367346939,0.00445128313591836,0.04019307525370963
sarvam,208,123,967,97,1.0,0.02221285264575501,0.17696723764071765,0.9583333333333334,0.03498570095180775,0.3805489739070683,1.0,0.05984280748115067,0.33163719307575756,1.0,0.028454017265988174,0.20851182961090498
sarvasya,38,61,163,16,0.9583333333333334,0.007746309964872911,0.1313328151120121,1.0,0.05245044826395806,0.33415318304179875,0.9795918367346939,0.04871586343593637,0.33097308469232745,0.9795918367346939,0.009001183321159734,0.1109460838251588
sarvataH,14,18,325,29,1.0,0.0028491167860908995,0.01825680950161579,1.0,0.047827014900194253,0.49884121551380534,1.0,0.051650074988859984,0.5038114265644076,0.9583333333333334,0.0025698460394538714,0.05811390024710583
sarvato,7,12,221,30,0.9361702127659575,0.0019751501297481378,0.009410793131609863,1.0,0.03368695313820691,0.5010092741191972,0.9795918367346939,0.06884692478032206,0.5375480179194319,1.0,0.004386319587611154,0.03947238833952471
sarve,150,126,3074,69,0.9361702127659575,0.0027532699125295546,0.05137628419709883,0.8888888888888888,0.0674341526789557,0.4783908282127435,0.9583333333333334,0.07225434891205251,0.5009437962428458,1.0,0.0014373010387680463,0.04652549174980569
sarveRa,20,8,22,8,0.9795918367346939,0.0019148335889671575,0.05411597344199337,0.9795918367346939,0.02628287395397333,0.12009181826410997,0.9583333333333334,0.035689819976011505,0.1429525397099276,0.9583333333333334,0.003539990084147293,0.026602150783650247
sarvezAM,34,91,475,53,0.9795918367346939,0.007473473176907608,0.15238003400470812,0.9583333333333334,0.03149010194608315,0.3836839230194674,1.0,0.08412662797858161,0.46905291490228107,0.9583333333333334,0.005317594882698673,0.036540065349946915
sarvezAm,30,8,172,53,0.9795918367346939,0.00528913583838142,0.09908524987973188,0.9583333333333334,0.03636863895116449,0.3355740759820338,0.9795918367346939,0.07489216314685376,0.4204324297240609,0.9583333333333334,0.005044379472114113,0.057170391297682865
sarvezu,19,36,228,43,1.0,0.011070299475918088,0.033035526103936674,0.9795918367346939,0.043698059946160606,0.498956094528445,1.0,0.07853390476544919,0.5199588585490842,0.9795918367346939,0.0050727120059522735,0.020353886489389184
sarvo,8,42,66,6,0.9583333333333334,0.003017376984507103,0.008182917089473829,0.9583333333333334,0.04676484692338001,0.21614459150082554,0.9361702127659575,0.036556834573532315,0.21931237869997366,0.9130434782608696,0.0011332133824961677,0.0031844842496067116
satI,11,13,82,5,1.0,0.0022752274496129488,0.012273251945768227,0.9795918367346939,0.060021477455484584,0.3416835672887808,0.9795918367346939,0.04977105900676915,0.3359507195959711,0.9361702127659575,0.001854706384909477,0.004630652242302746
sato,16,22,15,5,0.9795918367346939,0.004098412853257072,0.04113219281629432,1.0,0.028490339827088595,0.0853753891335366,0.9583333333333334,0.028788386865913784,0.09081103371665944,1.0,0.002987549793894928,0.04369112957203147
satyaM,52,119,545,22,1.0,0.005890910441699648,0.20676150257030135,0.9795918367346939,0.06369319311627031,0.3446804844316318,1.0,0.06005665832636231,0.37571499502816663,1.0,0.003984189019485607,0.23588758564002132
satyam,66,59,251,30,0.9795918367346939,0.008300804904332049,0.07709140773921486,0.9795918367346939,0.051749328143624096,0.4027462411934617,0.9583333333333334,0.05333351313439605,0.42868600145505864,0.9795918367346939,0.006960879674530629,0.03516835955855757
satyena,11,7,133,16,0.9583333333333334,0.0027099536951937786,0.018251250577278277,1.0,0.04070202116317945,0.392185824608579,0.9795918367346939,0.04211215400394985,0.3882678283481982,0.9795918367346939,0.006040829518033752,0.004828876961215478
satyo,29,6,17,7,1.0,0.0017088468510869648,0.026265822428066965,0.9583333333333334,0.03097911170122203,0.12839971680327045,0.9795918367346939,0.03360035585952437,0.13854461894235892,0.9795918367346939,0.005443736897518869,0.02736507675313149
savitA,239,20,42,51,0.9361702127659575,0.012496369830956366,0.28557681286251035,0.9795918367346939,0.029558340568006214,0.17959647017025837,0.9361702127659575,0.07433916701671817,0.24235104811625163,0.8888888888888888,0.014299334756814552,0.04114022775785664
sma,110,25,1153,10,0.9583333333333334,0.009266259318893133,0.2479480894300765,0.9583333333333334,0.04295597213967106,0.457803813411334,1.0,0.0424668129033261,0.46345491895493207,1.0,0.013438313378510092,0.25609866246748514
so,272,262,1702,99,0.9795918367346939,0.005409020080168303,0.0664811711893154,1.0,0.03827625402774448,0.5394160122957226,1.0,0.048168934553334486,0.4041708329645023,1.0,0.006838087344061661,0.07654474406407852
soma,476,10,11,94,0.9795918367346939,0.03004019426013438,0.38254685056214344,0.9795918367346939,0.023692826421298885,0.051192586147234875,1.0,0.06655335719761579,0.1722307346687033,0.8636363636363636,0.03533317591685248,0.1135916386400001
somo,238,20,53,36,0.9795918367346939,0.012665079234795762,0.23875078182066767,0.9583333333333334,0.03985757639122578,0.21175638277017605,0.9361702127659575,0.08069497924304292,0.30495367029951914,0.9130434782608696,0.019163190902242944,0.09161194254769867
striyA,9,7,33,12,0.9583333333333334,0.0023213622965071457,0.0062867851993078094,0.9795918367346939,0.02322295541610897,0.1619344336092967,0.9795918367346939,0.05449065831405242,0.2083017894981405,1.0,0.0022914965647146124,0.03552792000630234
suKaM,6,23,385,15,0.9795918367346939,0.0043602192397639294,0.028945329036037193,1.0,0.040714334440193234,0.39124141998019957,1.0,0.03363540337267057,0.3790458667933869,0.9583333333333334,0.0013523229979676143,0.05338315351206224
suvarRaM,5,12,67,11,1.0,0.002764224736156118,0.010134635996515984,1.0,0.06169738196896313,0.33467609041059676,1.0,0.04675674021881138,0.30114286229998,0.8636363636363636,0.001998129103146229,0.031508525973404033
svAhA,316,30,29,208,0.9361702127659575,0.046463187605316536,0.2285870609089644,1.0,0.05316311161192133,0.17793494947992905,0.9583333333333334,0.03934499360643395,0.20735680758270958,0.9130434782608696,0.032067911239546554,0.13828850703111262
sva,81,10,9,215,0.9795918367346939,0.00619557641808266,0.10329392720645214,0.9795918367346939,0.03076113410161141,0.12220981352933302,1.0,0.0642826857385046,0.3257270022273824,1.0,0.022437317245034505,0.34880162573083107
svaH,39,15,6,17,1.0,0.017705660860665717,0.194441477826528,0.9795918367346939,0.04387636120288019,0.2546030608293961,0.9583333333333334,0.03411034493963094,0.22792196836659928,1.0,0.01546006719502302,0.21523111283273588
svaM,6,47,259,37,0.9795918367346939,0.0037752657823068025,0.026801416190050054,0.9795918367346939,0.06068643917333205,0.5981269936345762,1.0,0.06662058693506512,0.627676145656152,0.9583333333333334,0.004681450416297528,0.10218775722062212
svam,41,7,156,32,0.9583333333333334,0.0025067417107293988,0.007892434160426065,0.9130434782608696,0.03578838992883693,0.4896541417115561,0.9583333333333334,0.04044645929528934,0.5667602394642393,1.0,0.0033915495537634177,0.0746780999906882
svargaM,81,17,226,6,0.9795918367346939,0.021458000816484413,0.2594382087560064,0.9361702127659575,0.04676423894038906,0.44730611710854895,0.9583333333333334,0.045177478305187035,0.4542408540589693,0.9795918367346939,0.01595171743620505,0.26821809386617734
svayaM,8,49,453,90,1.0,0.0034231191898704827,0.019758855242965057,1.0,0.03470870184860886,0.38034501852204006,0.9795918367346939,0.04808478612118372,0.44071225155611615,0.9795918367346939,0.00489193169199742,0.09046859401254892
svayam,22,7,530,53,1.0,0.004669205289927425,0.0037012023668809846,0.9795918367346939,0.04745513894637343,0.366323752083188,0.9795918367346939,0.04429762134554782,0.41878996129159896,1.0,0.0023013896554501256,0.028612807909488502
sve,38,9,82,17,0.9795918367346939,0.0027955715201353204,0.057697546884763806,0.9795918367346939,0.04584473178867576,0.4060076577766427,0.9361702127659575,0.0391546935524556,0.4044768424863294,1.0,0.0053994633859604235,0.09292724753646353
svena,43,63,137,24,1.0,0.0015623585702582155,0.09874212725034637,0.9795918367346939,0.0530877281850084,0.40352192475874216,0.9795918367346939,0.08523006139115619,0.45735638411212576,0.9795918367346939,0.0072458280035805345,0.09290288679485359
svid,36,5,89,5,0.9795918367346939,0.0016865120722738824,0.05317967756306241,0.9583333333333334,0.033710177063911995,0.3309761107340883,0.9583333333333334,0.04753910070762868,0.3143396489271917,0.9583333333333334,0.003379376494243136,0.06483244620085671
syAd,61,42,559,100,1.0,0.009648864825405945,0.10846107204154731,0.9130434782608696,0.059354088299109264,0.2771268891897152,0.9795918367346939,0.038093608460104456,0.29984556636506177,0.9361702127659575,0.008442418672860219,0.0829279531932865
syAt,70,223,456,238,0.9583333333333334,0.005136104563068233,0.11783889705515316,0.9361702127659575,0.04340979907994735,0.3297391347971086,0.9583333333333334,0.0538456645583979,0.3368136181174144,0.9361702127659575,0.008003642055889881,0.049983135517265076
syuH,16,6,57,35,0.9795918367346939,0.0010290237598185037,0.013001859753558609,0.9795918367346939,0.05473848121653724,0.2883133123329471,0.9583333333333334,0.04624577542914754,0.2812774906077753,0.9583333333333334,0.001473096113185024,0.014536977291565
tA,526,68,198,106,1.0,0.005231478270106393,0.048466197382937004,0.9130434782608696,0.06466558313868931,0.391824607444073,0.9583333333333334,0.06739587540860303,0.4158110913898243,0.9795918367346939,0.003776944079539102,0.051662818529371934
tABir,74,7,13,12,0.9583333333333334,0.00829602927432882,0.44234760739417356,1.0,0.027458794727281743,0.05227100330014778,0.9583333333333334,0.03300971100721406,0.056391206366790625,0.9795918367346939,0.00887683595511235,0.4385350118581477
tAByAM,29,7,110,26,1.0,0.0029085535588821987,0.047041365976309035,0.9795918367346939,0.0324235456875821,0.4087386963199551,0.9583333333333334,0.04597438106312535,0.41462528119679587,0.9583333333333334,0.0030354917804312764,0.07569044227684019
tAH,76,18,242,44,1.0,0.004849771599962693,0.08109393903921558,0.9795918367346939,0.06840850741292026,0.5185735358634038,0.9795918367346939,0.07468607296953222,0.4960351489068535,0.9795918367346939,0.003257574506728589,0.05712920855167214
tAM,134,59,1572,50,0.9795918367346939,0.011191432620005437,0.08037130479438759,0.9361702127659575,0.056381770044273916,0.5249488895603774,0.9361702127659575,0.09213441667179723,0.551275292160545,1.0,0.003016823369059396,0.06843662601192602
tAm,105,10,619,57,1.0,0.007244773636458923,0.07283196519541058,0.9795918367346939,0.056224712351577,0.5530258518402833,0.9361702127659575,0.0827579253718248,0.5101497983985841,1.0,0.02549047511924707,0.19500130790013281
tAn,248,31,1964,98,1.0,0.013667690271894406,0.0894587616294833,0.9361702127659575,0.0418446875234072,0.5485524343172208,1.0,0.07375610748664863,0.5249119978943939,1.0,0.0023467843582593018,0.08440421231365458
tAni,106,62,374,58,1.0,0.003940884668890754,0.06301201292583625,0.9795918367346939,0.08378679989436943,0.5072042377579971,0.8636363636363636,0.06310636052290308,0.49026524799122684,0.9361702127659575,0.004035566926459566,0.06297005870474803
tAny,35,10,169,18,0.9795918367346939,0.003882510514712889,0.04453438602503634,1.0,0.06117187080127329,0.4759921353560733,0.9583333333333334,0.0670702492160713,0.4899493601720577,0.9795918367346939,0.009141902079689235,0.07530201683686277
tAsAM,39,18,120,88,0.9583333333333334,0.000729312725321174,0.007596526306517859,0.9795918367346939,0.029757637151088923,0.300870870079615,0.9795918367346939,0.04749580102336903,0.2920166041133032,0.9795918367346939,0.004161252179887165,0.08874677207581683
tAvad,22,22,207,22,1.0,0.0041441275761116,0.0184842548408799,0.9795918367346939,0.04395239519247751,0.4054836549954294,0.9583333333333334,0.03925373204197102,0.4023453971518941,0.9795918367346939,0.0020735701198493217,0.02795635325316226
tAvat,6,12,151,18,0.9583333333333334,0.0034095006578090947,0.024756250089708498,0.9130434782608696,0.03110084939310842,0.2914797493674126,0.9795918367346939,0.04275532188512532,0.29651053190268717,0.9361702127659575,0.0014464311768206395,0.02722827904185121
tO,88,60,1049,42,1.0,0.010742662825806049,0.16826409200122572,0.9583333333333334,0.08594086358701603,0.6178888183390183,1.0,0.08483770928862455,0.5996219919318191,0.9583333333333334,0.0021402259463376705,0.16824987140126435
ta,526,116,99,114,0.9795918367346939,0.009589173898614245,0.10167121994774453,1.0,0.07685511958371016,0.5017071689722042,1.0,0.06960685404313582,0.3603859269674914,1.0,0.013440305233831884,0.06924209543652005
taM,446,308,4647,137,0.9130434782608696,0.0077323512612786915,0.1416228899275097,0.9361702127659575,0.05603705466588227,0.5037427267218202,0.9795918367346939,0.0795839552958103,0.5726421448973414,0.9795918367346939,0.009400570352434134,0.22210869231240338
taTA,139,560,7116,538,0.9583333333333334,0.003124274437654395,0.08527024699769759,1.0,0.037853724516553666,0.3919425820547966,1.0,0.04451481231132526,0.3982223744846105,0.8888888888888888,0.0021883757930003522,0.06311457462820269
tac,55,39,1019,42,1.0,0.00809383991398882,0.03409462841832567,1.0,0.065882613225975,0.4927182912843814,1.0,0.059584072385484244,0.536200275876228,0.9361702127659575,0.0035100433320168767,0.015050841114766955
tad,2006,556,4248,544,0.9361702127659575,0.009343046924589982,0.07233376858783247,0.9130434782608696,0.03056036179535071,0.34254883866107866,0.9583333333333334,0.06984965970671764,0.4196890238529667,0.9130434782608696,0.011600042305673353,0.08041614188427126
tadA,18,110,4917,89,0.9795918367346939,0.002571540824909291,0.03539188679119176,1.0,0.05812862215411907,0.5138154738513717,0.9795918367346939,0.07127691765065636,0.5379715196381596,0.9583333333333334,0.002243624823701995,0.05670294465913617
tam,732,74,2386,286,0.8888888888888888,0.006600472129689172,0.17648299864960193,0.9795918367346939,0.047086798106236394,0.5076578051425801,0.9583333333333334,0.08739180067418884,0.3887986047833657,0.8888888888888888,0.016575933303068502,0.13042404306458166
tamaH,26,13,81,6,0.9795918367346939,0.003912531034302447,0.02914436742612514,0.9795918367346939,0.048731556846927426,0.3500229099854787,0.9795918367346939,0.0475851799347784,0.32526485832679874,0.9795918367346939,0.004302191048369153,0.028451184243017735
tan,239,84,1031,66,0.9795918367346939,0.00987972039759899,0.2467485367791411,0.9583333333333334,0.034154112496273314,0.3794705430814116,0.9583333333333334,0.02846911740115965,0.4334419442694806,0.9795918367346939,0.014961988881800448,0.3073998460071905
tapaH,12,11,278,13,0.9361702127659575,0.0021390683206121697,0.022793500059017813,0.9361702127659575,0.05079102197373797,0.4262068531110199,1.0,0.05966275913154606,0.42175685649383443,1.0,0.0029873227360348587,0.03265662629695354
tapas,7,6,199,53,0.9795918367346939,0.0023881236059530853,0.013567456120762156,0.9583333333333334,0.057374027406704164,0.5240983867156898,0.9583333333333334,0.08432803553701318,0.6519010903703716,1.0,0.03821897060592383,0.4117895612343929
tapasA,42,16,509,13,0.9361702127659575,0.003354335133633368,0.04297874817226521,0.9583333333333334,0.0467299185385156,0.48549937787725184,0.9583333333333334,0.05413157620268527,0.480834087938403,0.9795918367346939,0.005070370766616095,0.01854153651546986
tapo,34,24,211,15,0.9795918367346939,0.003034251297675983,0.03179577766162689,0.9583333333333334,0.06051468934028548,0.3755689850080729,0.9583333333333334,0.06405451852833377,0.3873013138976389,0.9130434782608696,0.003927384079602136,0.027021479154416994
tasmA,98,18,5,15,0.9583333333333334,0.005666873841150943,0.03153582114073006,1.0,0.032206460866921804,0.07771122832873723,0.9795918367346939,0.040189136964553174,0.09358650483128406,0.9795918367346939,0.00244440728471218,0.030566678360702926
tasmAd,345,158,985,85,0.9795918367346939,0.008761557112474505,0.08991088873922548,1.0,0.0314832290484256,0.32269246823199293,0.9583333333333334,0.04165356947905008,0.32067709793910215,1.0,0.007051067785012188,0.07403617818625308
tasmAn,71,9,219,20,0.9795918367346939,0.009725578637021948,0.12825020124735842,0.9795918367346939,0.03781088571841362,0.26863240306119707,0.9583333333333334,0.03948662424961524,0.2677810801595448,1.0,0.010485568086001429,0.12154995237141109
tasmAt,146,103,845,96,1.0,0.014088046374323704,0.09712412704048812,0.9795918367346939,0.032888612743650514,0.32762854985501866,0.9795918367346939,0.04084932502552818,0.3159701860758284,0.9583333333333334,0.009811009928887282,0.05389568668782474
tasmE,146,54,455,42,0.9583333333333334,0.006085888894004521,0.16793818270734584,0.9130434782608696,0.0460178012856618,0.4718416997750339,0.9583333333333334,0.0717479008174925,0.4191211733776785,0.9583333333333334,0.02317606173981146,0.16943865941638936
tasmin,86,20,1023,83,0.9361702127659575,0.0031432977157149766,0.009709421585180289,0.9795918367346939,0.061219845537640705,0.5538505308393069,0.9795918367346939,0.09198021284065261,0.5308353781560966,0.9583333333333334,0.010245583749209697,0.19707249580618091
tasminn,25,22,183,10,1.0,0.0073143635317682865,0.07895448066731503,0.9795918367346939,0.04862109430140438,0.5098433345709084,0.9795918367346939,0.05878903850949457,0.48799371975694794,0.9795918367346939,0.0028220968095304944,0.024298854888703092
tasyA,67,63,179,62,1.0,0.018174445833344266,0.18675553374041187,0.9795918367346939,0.05399390676912652,0.36067349512372193,1.0,0.044206520117036296,0.3170843099082048,0.9361702127659575,0.0056798208303817654,0.12113973874579731
tasyAH,9,12,154,29,0.9795918367346939,0.0029252917376727527,0.01952718249921337,0.9795918367346939,0.024924915317324436,0.33299049736273423,1.0,0.04055438836447245,0.33444428216775346,0.9583333333333334,0.0032235751526438206,0.03660068706722863
tasyAM,11,15,208,20,0.9583333333333334,0.002113593130307345,0.005922442577369402,0.9361702127659575,0.024081383536664003,0.46076490317012864,1.0,0.054699692095512065,0.4742224380647304,0.9130434782608696,0.0010649022058394353,0.021489540975602073
tasyAm,19,6,64,17,0.9583333333333334,0.0030311482760796427,0.005315910601674356,0.9583333333333334,0.02667137802145103,0.34504187603759606,0.9361702127659575,0.04330831291609771,0.32663532016499774,0.9583333333333334,0.0006018958270808117,0.01390750655337869
tasya,507,296,4268,469,0.9795918367346939,0.009373085002504,0.15315681655896896,0.9795918367346939,0.037436467572902976,0.47583250517846243,1.0,0.04172778319406634,0.4585828131930849,0.9795918367346939,0.006818560413170749,0.13448340070391362
tat,756,260,2859,363,0.9795918367346939,0.012658328491827353,0.1364290991874766,0.9583333333333334,0.03737918667028117,0.37383343622272325,0.9795918367346939,0.060167915330458066,0.38475515494897117,0.9583333333333334,0.007596244036570998,0.07688592140832196
tata,81,36,193,84,1.0,0.006398624265309127,0.34164794952377664,0.9583333333333334,0.054375568022424825,0.48607869782618796,1.0,0.058494055087245034,0.43535210026521143,1.0,0.009130741483185378,0.2995453184307556
tataH,37,50,4788,195,0.9795918367346939,0.0033911540071654978,0.030521906511314034,1.0,0.06727978387196554,0.5248955065988433,0.9795918367346939,0.0723405071484996,0.54670549939299,0.9795918367346939,0.0018316722175454325,0.03580823152192825
tatas,19,5,1775,8,0.9583333333333334,0.0023779988086651827,0.028158840675812646,0.9583333333333334,0.05189424233222595,0.5301955621430743,0.9795918367346939,0.05856128207616218,0.5302032572672379,0.9361702127659575,0.0047731324222412,0.03338209207105791
tato,103,139,5199,180,0.9795918367346939,0.005512671011231096,0.06127112310884253,0.9583333333333334,0.06381550707404982,0.5737585231799982,0.9583333333333334,0.08914396812921066,0.5867744593804494,0.9795918367346939,0.0038316448550347326,0.04980378986607725
tatra,106,368,4523,624,0.9130434782608696,0.002231307532653992,0.024866624563951722,0.9795918367346939,0.04141123746203723,0.43661591522089416,0.9361702127659575,0.04540690904120148,0.46824651714210785,0.9795918367346939,0.00550730249587994,0.15310514713562373
tava,326,35,3133,29,0.9361702127659575,0.010587613579706945,0.28351937885936374,0.9361702127659575,0.03833821619300215,0.552247796897106,0.9795918367346939,0.07775508736401637,0.4971414177178618,0.9130434782608696,0.02224238922341437,0.11233070974908377
tayA,65,17,215,33,0.9795918367346939,0.0024039246974704165,0.032919317691080696,1.0,0.040786547940817264,0.4292071021306063,1.0,0.04706620615781176,0.41131368884852826,0.8888888888888888,0.003220207663300334,0.03840386433665566
tayoH,5,6,197,35,0.9795918367346939,0.0024570085703873312,0.01068963624821806,0.9583333333333334,0.039327432801504414,0.48972978019290636,0.9583333333333334,0.061918435933051685,0.483942192007499,0.9795918367346939,0.009937695080916575,0.1365860446893381
te,3409,485,11232,597,0.9795918367346939,0.008409001657052939,0.19672594390536058,0.9583333333333334,0.05107530167808616,0.4965503106889868,0.9583333333333334,0.09818108063623177,0.4737770357412132,0.9361702127659575,0.017424546258981488,0.11440912111224888
teByo,49,21,97,24,0.9795918367346939,0.01758816268717711,0.2753941674096183,0.9795918367346939,0.035856428661139916,0.3251192956241029,1.0,0.0571017979489028,0.33992101055148216,0.9583333333333334,0.04339726266702493,0.2729744242025035
teja,27,21,23,6,1.0,0.015534868716244099,0.15425513645760414,1.0,0.030584561984237535,0.16339041119741293,0.9583333333333334,0.05993940494307315,0.2789688646355044,1.0,0.024847557129541897,0.1813090335002875
tejaH,7,26,73,9,0.9583333333333334,0.00471559794371279,0.00584413966505859,0.9583333333333334,0.04036486729718913,0.294872327525857,0.9795918367346939,0.04369566354102905,0.2782265422157352,0.9361702127659575,0.0016434220981755843,0.002347288282073423
tejasA,27,19,381,5,0.9583333333333334,0.006201290752698929,0.04483764242800792,1.0,0.0634259620765305,0.558612455941582,1.0,0.05667361736948284,0.5471653054253075,0.9795918367346939,0.003316227873192301,0.015052439635257153
tejo,58,22,114,18,0.9583333333333334,0.020156603744537427,0.22980573489718537,0.9130434782608696,0.03958937200268098,0.3379620407196726,0.9795918367346939,0.057025057778632315,0.278727278786963,0.9130434782608696,0.014714487990788006,0.17030752280912864
tenEva,7,12,111,32,0.9361702127659575,0.00633104884918001,0.013415609616529212,0.9583333333333334,0.020536581037668533,0.3631184032155459,0.9583333333333334,0.072544880897908,0.3656446202612552,0.9795918367346939,0.005932633471055437,0.11429435766804286
tena,406,203,1881,464,1.0,0.014359297890628175,0.1015298159212965,0.9795918367346939,0.04924374101732043,0.4447068017132283,0.9795918367346939,0.09082396234749435,0.5921068157956415,1.0,0.03313947977960863,0.1924523247374358
tezAM,72,102,1618,134,0.9583333333333334,0.003358932405262749,0.03579766940604168,0.9795918367346939,0.0343976336743389,0.41153867945273426,0.9583333333333334,0.04215057184537929,0.4172346276262482,0.9795918367346939,0.004455714611180661,0.041056468515116906
tezAm,67,15,438,108,0.9795918367346939,0.004016313518595216,0.046070505462123434,0.9361702127659575,0.038858890823190495,0.4634145544289099,0.9795918367346939,0.045660354775505896,0.45657698166761673,1.0,0.001334330732057909,0.03796603618916938
tezu,11,17,348,44,1.0,0.0042925627708985115,0.005500131347840775,0.9583333333333334,0.04769949233395199,0.5228050692047039,1.0,0.06314907018107652,0.5110513452779468,0.9583333333333334,0.0031613506498167077,0.0548968807700434
tftIyA,6,7,10,16,0.9583333333333334,0.0026073554766393725,0.01404520008525334,0.9795918367346939,0.02750830660813608,0.0736283900538921,0.9583333333333334,0.037151483155103415,0.07761846549232287,1.0,0.00606172434738983,0.03428996565656495
tftIyaH,12,12,8,14,0.8636363636363636,0.00269345235331675,0.056182094738854715,0.9583333333333334,0.019263286713886663,0.039030406907027526,0.9795918367346939,0.023908145022226268,0.04419253545608137,0.9361702127659575,0.004295587578808879,0.06571920747516269
tftIyaM,21,16,56,26,0.9795918367346939,0.008347840595193445,0.06431058797366074,0.9361702127659575,0.04412570573471719,0.2566880834076839,0.9583333333333334,0.0505023482903777,0.23931746324043923,0.9361702127659575,0.002951375735859685,0.029195323645189286
tftIye,29,6,10,68,1.0,0.0019342323112516713,0.019424569972967043,0.9795918367346939,0.02985405824810272,0.17553027555797596,0.9361702127659575,0.03317668087559045,0.19418197252914893,0.9795918367346939,0.01452712635902853,0.07486579288826078
tftIyo,12,13,15,5,0.9583333333333334,0.0022122457882338686,0.04332806080083684,0.9795918367346939,0.026031691620206354,0.09560684839121847,0.9361702127659575,0.03080945967264359,0.11098366509492497,1.0,0.004938221372113416,0.06374008635710315
tisro,73,8,28,56,0.9583333333333334,0.002557184568712678,0.038798922461017016,1.0,0.030806949872209777,0.1703734297742543,1.0,0.05602343988690395,0.2729681105840265,1.0,0.019709341209824816,0.1539532856364667
tizWan,18,11,48,19,0.9795918367346939,0.007577838789415314,0.10830542236691909,0.9795918367346939,0.05688307838567619,0.34917470833298825,0.9361702127659575,0.04292135787337903,0.3862766936950268,0.9583333333333334,0.006159633440895984,0.014764752788740343
tizWann,8,5,10,13,1.0,0.006652546607710419,0.040672001612326425,0.9583333333333334,0.035294298379139666,0.1153799834516025,0.9795918367346939,0.030359015268416334,0.09607966725702999,0.9795918367346939,0.005925252387381841,0.005574884276894565
tizWanti,29,6,134,5,0.9361702127659575,0.001353947532166,0.011213226151591593,1.0,0.05304205829077102,0.4053031554855111,0.9795918367346939,0.040618424802140396,0.40125543574876554,0.9130434782608696,0.0009150524015478778,0.009760971794657403
tizWati,55,20,249,17,0.9795918367346939,0.004999105594431952,0.1137143774279058,0.9583333333333334,0.029065861272253635,0.4358657845141809,1.0,0.04180917960147357,0.44237829710860743,0.9583333333333334,0.0045546887881739995,0.10906698389309721
trIRi,93,18,87,86,0.9583333333333334,0.005070551000665224,0.08585816691755999,1.0,0.04986366911109685,0.35924854325046596,0.9795918367346939,0.04389853721776693,0.261035921661964,0.9583333333333334,0.003413341416053428,0.05736446847570553
traya,26,12,26,11,0.9583333333333334,0.007542049081043611,0.1337834628510186,0.9361702127659575,0.01836997567010845,0.23537030203000997,1.0,0.029712584706351852,0.22686582363414098,0.9583333333333334,0.011156363388466928,0.14128388929777724
trayo,40,19,109,25,0.9795918367346939,0.003386347121662525,0.12007261717691231,0.9583333333333334,0.05286280751945582,0.3273840158378337,0.9583333333333334,0.06041252261547958,0.321923741295302,0.9795918367346939,0.0043785642975731065,0.09047085421153467
trir,84,5,20,69,0.9583333333333334,0.004919381403536649,0.20155390121821726,0.9795918367346939,0.024312205364397932,0.12069151087258734,1.0,0.032041238928736115,0.13610650105300892,0.9795918367346939,0.008045114163401257,0.21340405229994708
trizu,11,6,258,35,0.9583333333333334,0.0012048790013181598,0.028841055517220937,0.9795918367346939,0.050034312150635474,0.572875609265218,0.9583333333333334,0.07031587523179483,0.6002639278440335,0.9583333333333334,0.004597192092779867,0.06398504341616462
tu,67,477,12265,1232,0.9583333333333334,0.003649521862526539,0.09153425860151043,0.9795918367346939,0.06140742347466943,0.5420374597737916,0.9583333333333334,0.04638721112498856,0.5014612727838595,0.9795918367346939,0.005705682745723695,0.031112882480304083
tv,62,50,1984,218,0.9795918367346939,0.0030718082615889264,0.015492703669406693,0.9583333333333334,0.036132510785700234,0.4100935253447805,0.9583333333333334,0.037554236088735427,0.42291455895675445,0.9795918367346939,0.0020324033939926878,0.02522642250392826
tvA,1453,37,147,318,0.9795918367346939,0.02007879997554407,0.24261379175742626,0.9583333333333334,0.050450957182899714,0.3272435784011607,0.9361702127659575,0.06632660301989679,0.26229438785867243,0.8372093023255813,0.02451318313666062,0.09040981986031227
tvAM,39,19,1277,6,0.9361702127659575,0.008535869932253415,0.12666168428632507,0.9795918367346939,0.04262424933430531,0.45079061943922605,1.0,0.0663556270586515,0.5079016494911299,1.0,0.012578751826122891,0.16394762917428818
tvAm,173,7,479,47,0.9795918367346939,0.016642800543734237,0.1863480785698337,0.9795918367346939,0.047279207621533814,0.4231098887256052,0.8888888888888888,0.08199959005920643,0.4066608884626456,0.8636363636363636,0.017628196187139622,0.04722755302350312
tvaM,374,91,3514,13,0.9795918367346939,0.024684168955737662,0.2032491373583153,0.9795918367346939,0.055436435909112736,0.37421237291747533,0.9795918367346939,0.04127616586217231,0.4396124680260314,0.9795918367346939,0.018537316656196068,0.25082996718653194
tvam,483,54,1419,208,0.9583333333333334,0.03995894506746034,0.2054317135759942,0.9583333333333334,0.04483471341901413,0.2651322312822273,0.9583333333333334,0.08838149149558527,0.37514848042272986,0.9130434782608696,0.017941695618939324,0.043620916328762305
tvayA,85,13,1803,15,0.9795918367346939,0.00852365251408338,0.1789949991689609,1.0,0.05975968035467383,0.44595476012652,0.9583333333333334,0.034972089296826936,0.4126362796415347,0.9361702127659575,0.014213494952408978,0.10232452732641706
tvayi,25,9,435,8,0.9361702127659575,0.011189814344762516,0.2560389176094442,0.9583333333333334,0.061529339130730776,0.42912687272601735,0.9795918367346939,0.04457855807795419,0.4427576475794386,1.0,0.014109543232039834,0.30114497900424675
u,908,122,56,155,1.0,0.005008275793089378,0.08817952222635572,0.9795918367346939,0.03392034015030687,0.3274411125818264,0.9583333333333334,0.08773642162494655,0.31342767359165435,1.0,0.025116909097788298,0.13050195570002554
uBO,25,13,536,26,1.0,0.0017105355252652332,0.009699621228835276,0.9583333333333334,0.07805695309457705,0.64738080425786,0.9795918367346939,0.09691228202266289,0.6458683651986762,0.9361702127659575,0.0007838368649106808,0.00702066736572049
uBe,155,18,84,23,0.9583333333333334,0.0028976686266625196,0.07845373433937775,0.9583333333333334,0.033633132925543596,0.2962019748808924,0.9795918367346939,0.03506546133825361,0.3785877408730789,0.9795918367346939,0.005698773920295941,0.0323923078139724
ucyate,36,93,501,98,0.8888888888888888,0.0015788424192170192,0.03739540031262756,1.0,0.04590841876670049,0.33203067955048127,0.9583333333333334,0.062174552642228154,0.3268911326823274,1.0,0.0035413568842546095,0.07054597125480844
uktam,133,11,35,46,1.0,0.010684949185640336,0.3394633486718517,0.9361702127659575,0.05181075611943531,0.23079112429174176,0.9795918367346939,0.05153390311716555,0.24251038534086633,1.0,0.008877384860116355,0.3117689223199799
uta,875,15,416,59,0.9795918367346939,0.011709161236296617,0.3048715423665861,0.9795918367346939,0.06166331109702072,0.37975165590789217,1.0,0.050381791571155965,0.49255819134767875,0.9361702127659575,0.019002728061329743,0.10090189630022128
uttaraH,33,6,20,13,0.9795918367346939,0.0020082930065247195,0.03282717384641831,0.9583333333333334,0.03144242298487243,0.22436466732057647,0.9583333333333334,0.038109939272192195,0.24016080260784156,1.0,0.0029178352757407433,0.0464029877449057
uvAca,26,67,7962,41,0.9361702127659575,0.005906518139384032,0.019146671591953046,0.9361702127659575,0.05556627526300306,0.6055115734708704,0.9795918367346939,0.08499219774479672,0.5495277316899964,0.9795918367346939,0.009077303746175436,0.10847452567253968
vA,2086,1050,4326,3272,0.9795918367346939,0.00970998854539551,0.1447753196481516,0.9795918367346939,0.04878817071693531,0.4564572411407819,0.9583333333333334,0.06865069985492434,0.5259203610863826,1.0,0.015051618901622321,0.16268758225171043
vAcA,100,37,250,30,0.9130434782608696,0.005547941683565649,0.08462810113012309,0.9361702127659575,0.05416603770595463,0.4464408543080369,0.9361702127659575,0.06761506518445914,0.5067909735816165,0.9795918367346939,0.03130197327659534,0.21686773738188214
vAcaH,22,9,88,7,1.0,0.001965610438112053,0.018303382186358297,0.9795918367346939,0.05342630443120666,0.3959602588302762,1.0,0.0492698221726765,0.41177666224344545,0.9795918367346939,0.004676211276353426,0.06792772842000405
vAcaM,70,27,114,17,1.0,0.005681647204997642,0.1130931920016145,0.9583333333333334,0.034407312113952426,0.32032774803196573,0.9795918367346939,0.030446550141617457,0.3346663214991805,0.9795918367346939,0.007023188147716075,0.13241264019011345
vAcam,143,13,50,59,0.9583333333333334,0.006344508146334693,0.09955363155208885,0.9583333333333334,0.028589087056793305,0.2800750043858382,0.9361702127659575,0.04182768138485782,0.2935824482176985,1.0,0.027468984735765756,0.22892505281895803
vAci,18,20,10,13,0.9795918367346939,0.0065337230424935555,0.016100782328354324,1.0,0.029443815204755364,0.06535001627804693,0.9795918367346939,0.02729375119529842,0.06472109830023798,1.0,0.007027289046803609,0.04392133579674229
vAco,80,40,59,11,1.0,0.004515218123862574,0.10338853497061207,0.9795918367346939,0.047325417520183155,0.2669884852116601,1.0,0.044665588005236345,0.2731859305584434,1.0,0.006209137440399526,0.13510050248824057
vAg,135,73,96,61,0.9583333333333334,0.009251606479099395,0.1189014391548271,0.9795918367346939,0.02900746262077769,0.34021504245037126,0.9795918367346939,0.05641217495840667,0.3933770104349713,0.9795918367346939,0.022839430202034494,0.25064422229312255
vAk,60,41,33,27,0.9130434782608696,0.009254686912724241,0.07964935092635961,1.0,0.03025406402706632,0.2106478002070351,1.0,0.07383754223942873,0.33149840341379144,0.9361702127659575,0.022842171098215514,0.23074900758498917
vAso,20,9,60,14,1.0,0.0003218024362403593,0.016408900421136963,0.9795918367346939,0.03147204252101332,0.18438614646653595,1.0,0.0346170721343374,0.18514566220756556,0.9795918367346939,0.004128950475960624,0.021689387203108312
vAyo,32,5,5,17,0.9795918367346939,0.009263542024622207,0.12405300011543341,1.0,0.03394824066374802,0.060606018340231604,0.9583333333333334,0.040577339544402236,0.14015723008489633,0.9361702127659575,0.017558480068167515,0.03933105973220885
vAyuH,32,41,91,7,0.9795918367346939,0.003188915440336726,0.022814230133233693,0.8636363636363636,0.030538190511272933,0.3214659111517635,0.9583333333333334,0.061013528049511545,0.35632066617862534,0.9583333333333334,0.002231661761148307,0.027109477436068508
vAyum,23,12,16,5,0.9583333333333334,0.0042374331586342295,0.0203286564050722,0.9583333333333334,0.02285400812536631,0.22771661382199881,0.9361702127659575,0.03549357937312092,0.24257304541353053,0.9795918367346939,0.004184453935043186,0.006069101560763568
vAyunA,9,12,68,5,0.9795918367346939,0.003499808040328456,0.03504805525481114,0.9795918367346939,0.03042659180516294,0.2612137551297551,0.9795918367346939,0.060444318925499285,0.29623940191845777,1.0,0.017205078993903333,0.1147324081599197
vAyur,64,25,221,13,0.9361702127659575,0.003555501261094496,0.047383675205026954,0.8372093023255813,0.040943970731974755,0.39824524098555525,0.9583333333333334,0.08973193041480088,0.44960947531540296,0.9795918367346939,0.004004766547786365,0.046215074963054326
vE,1851,591,4885,203,0.9583333333333334,0.025571549928089632,0.1801391933012091,1.0,0.041908165714358625,0.26111489820946954,0.9795918367346939,0.05895532486187238,0.33521056895007506,0.9583333333333334,0.03215666678477236,0.2510755075507748
vIryam,72,7,61,17,0.9795918367346939,0.021431833735972794,0.27065209567571247,0.9583333333333334,0.03537282934120012,0.3129955814915143,0.9583333333333334,0.05823105244625182,0.4150731225940859,1.0,0.08125925347342111,0.4873634174581183
va,146,7,5,29,0.9795918367346939,0.005001484439157933,0.4142020106801174,1.0,0.022523932352928044,0.03743812641398181,0.9795918367346939,0.045821288905097846,0.11785625637043606,0.9583333333333334,0.013126889553269017,0.344356318357399
vaH,243,12,360,75,0.9583333333333334,0.008717242600088437,0.13370956603324657,0.9130434782608696,0.037963104763633404,0.4185677899619058,0.9361702127659575,0.055444214540981696,0.3653189872402063,0.9583333333333334,0.02332628816874527,0.1441948594982112
vadanti,38,15,119,8,0.9795918367346939,0.0080197244953506,0.06941768100917645,1.0,0.04592920795262778,0.30593187830318413,0.9795918367346939,0.056035915763745,0.30544001777792984,0.9583333333333334,0.0024134392653017978,0.06179518704252174
varDate,13,8,111,13,0.9583333333333334,0.003681303695263094,0.031820171926366214,0.9795918367346939,0.025169957221929495,0.30245906150086943,0.9583333333333334,0.04505700698879467,0.2923041089199123,0.9795918367346939,0.004727979165375706,0.040235667671197906
varaM,6,14,324,16,0.9583333333333334,0.0036275176675502063,0.010718822545538575,0.9795918367346939,0.05373759916812826,0.5029083742082219,1.0,0.06565587270983708,0.5324742897384838,0.9361702127659575,0.0027967506066521874,0.01630428813276108
vartate,15,23,355,13,0.9130434782608696,0.004217932504053334,0.01823924365636609,0.9795918367346939,0.03580563433658457,0.40536445413694633,0.9795918367346939,0.039624597227916336,0.38756503889194316,0.9361702127659575,0.003059549460681321,0.035188062018772115
varuRaH,52,10,26,14,0.9361702127659575,0.017014078433310598,0.20248571889437694,0.9583333333333334,0.03834866717251173,0.22026691530472697,0.9583333333333334,0.04130831514869526,0.24934040265722235,0.9361702127659575,0.02218790147532812,0.19356496841896553
varzati,6,7,32,7,1.0,0.0016401075157650435,0.01388153128503089,0.9361702127659575,0.009185484922708986,0.19633553604400722,1.0,0.035913962092122165,0.20934290532001287,0.9130434782608696,0.0017300382493715682,0.021725477049334474
vasati,6,5,75,5,0.9795918367346939,0.0016812873732803268,0.011773112317348122,0.9130434782608696,0.02918957361484298,0.3589909413429965,0.9583333333333334,0.03837038618044375,0.3633236028775073,0.9583333333333334,0.003709074699313475,0.017171820533820048
vasu,130,5,103,21,0.9795918367346939,0.011320836317017413,0.18770192602667812,0.9583333333333334,0.034828929907143924,0.38745282919292956,0.9795918367346939,0.06929008965564865,0.6070707804789999,0.9130434782608696,0.02337518983034992,0.3047021471064949
vayAMsi,10,9,19,8,0.9795918367346939,0.0031064921344191587,0.01841881365096032,1.0,0.026717307856668815,0.20281195167967958,0.9583333333333334,0.03511094171347884,0.20817132854896636,1.0,0.0030990190556927644,0.028209559499101644
vayam,190,6,325,75,0.9583333333333334,0.010733336190210663,0.21498290920220897,1.0,0.03797536241794053,0.3905546506356252,0.9795918367346939,0.049911466239624724,0.4080828044890239,0.8636363636363636,0.016275450786865986,0.0869039494136068
vedA,12,18,59,13,0.9795918367346939,0.002193217002009029,0.009609966208427023,0.9795918367346939,0.04085956980671368,0.21293492140737091,0.9583333333333334,0.04347385074304033,0.26880413917477,0.9795918367346939,0.004746109972930457,0.014304661780204286
veda,465,353,231,36,0.9583333333333334,0.013255682703991023,0.12219524933435788,0.9795918367346939,0.04084456871234943,0.30683113964669495,0.9795918367346939,0.05849587328542849,0.42129022891896173,1.0,0.018445779687044972,0.2353028972829817
vedaH,13,10,7,31,0.9583333333333334,0.0025490308533305805,0.023747506997774837,0.9583333333333334,0.022936817969762324,0.03681060760467714,0.9795918367346939,0.0463503507588362,0.220422868120428,1.0,0.006142381575483191,0.18697365571358182
vedo,7,14,12,30,0.9583333333333334,0.0037671365861283723,0.0307117707662945,0.9583333333333334,0.023598841680434246,0.03972659124456879,0.9583333333333334,0.035495721700717575,0.15538147636190025,0.9795918367346939,0.010618430658429712,0.0952029356500641
veti,12,25,28,24,0.9583333333333334,0.00463918253899509,0.04377368793164926,0.9583333333333334,0.03727423601506885,0.17071822078195598,0.9130434782608696,0.037211308604533366,0.19493853703393493,0.9361702127659575,0.003398508629925412,0.05973948100944981
vfkzasya,10,9,11,10,0.9583333333333334,0.0021575449528307145,0.02002628011580665,0.9795918367346939,0.028094122420184164,0.05149495897673728,0.9795918367346939,0.023980662864847124,0.04789291525492434,0.9795918367346939,0.002057967303085273,0.01483528558388425
viSvam,137,6,40,14,1.0,0.003806143652238414,0.0698183030203986,0.9583333333333334,0.039979168272904264,0.24997850482836403,0.9795918367346939,0.04367699761388322,0.2684678730916439,0.9795918367346939,0.003045753286807451,0.042576685242105894
viSve,307,11,37,44,1.0,0.010434550545341259,0.21252843231596796,0.9361702127659575,0.05671385966752607,0.41413766184769196,1.0,0.1097722924755834,0.433948704111075,0.9583333333333334,0.01352886854812041,0.03895674461077647
viduH,53,13,261,20,0.9583333333333334,0.0019954449765217097,0.0209391262966121,0.9583333333333334,0.053939690038588894,0.41861494924221954,1.0,0.05699151483520015,0.40987358288768727,0.9795918367346939,0.0018513560553297115,0.038846198612160876
vidur,22,15,73,7,0.9795918367346939,0.003461039070012828,0.025230971612004716,0.9361702127659575,0.05063663035445232,0.27732727213952746,1.0,0.05704831031305957,0.30008084147804714,0.9583333333333334,0.003646592615419997,0.013356089613312139
vidvAn,174,75,208,53,0.9583333333333334,0.006389988845250327,0.11063213016091877,1.0,0.0544506521010083,0.3195835518056662,0.9795918367346939,0.08239185190762877,0.28546893885155933,0.9583333333333334,0.0211536799431149,0.15363868336372744
vidyAt,45,16,42,61,1.0,0.014738042100644888,0.13486073030079537,1.0,0.04431810343646747,0.1632482706336762,1.0,0.03803608264031788,0.09828885861556291,0.9795918367346939,0.006395993840144887,0.18399213602776676
vidyate,9,33,597,26,1.0,0.002231397621187292,0.041757168912824105,0.9361702127659575,0.04045677543021953,0.27773251168407154,1.0,0.05372224686359306,0.30047285073354035,0.9361702127659575,0.002263751350211729,0.031197541000293927
vindate,36,20,64,5,0.9130434782608696,0.007163541801631368,0.08057392182919443,0.9361702127659575,0.06562397430971201,0.32865170195574767,1.0,0.04684790852127341,0.3237272720367472,0.9583333333333334,0.002793890841253588,0.08709469700589079
virAw,30,6,16,7,0.9795918367346939,0.005707606215518801,0.04542679234675262,0.9583333333333334,0.018955545122626538,0.13239477825343615,0.9795918367346939,0.05487980814275539,0.18571077593641805,0.9795918367346939,0.002024957279963324,0.025204736927114002
vo,622,7,334,153,1.0,0.011673110186157576,0.22869064804107753,0.9795918367346939,0.043429350307306214,0.5010837645470161,0.9361702127659575,0.07029933320486859,0.4371913719179694,0.8372093023255813,0.021347343228664273,0.04097139384454995
vrataM,27,6,90,15,0.9361702127659575,0.006364227525200383,0.0621624799475734,1.0,0.03734306532324505,0.2066399783636016,0.9795918367346939,0.039870425092181194,0.20409314673235157,1.0,0.0030267487912470914,0.06726982582236363
vratam,59,14,102,73,0.9795918367346939,0.009319844420226708,0.09924991834052865,0.9795918367346939,0.05665543052060951,0.3366979954828886,0.9795918367346939,0.06460745785427557,0.32361419437220906,0.9795918367346939,0.006848108050384383,0.051192208886499335
yA,622,84,519,174,0.9583333333333334,0.006450347297616177,0.08082710313002961,0.9583333333333334,0.04598809271223814,0.3978864500681837,0.9795918367346939,0.05565239218886564,0.3819426235050499,0.9795918367346939,0.014847834962377293,0.06454812555409606
yAH,115,11,51,20,1.0,0.002843885872372609,0.05401627637830264,0.8888888888888888,0.0231215236296215,0.2775606852189576,0.9795918367346939,0.041442570610702556,0.27111829942407106,0.9583333333333334,0.0023750536213986706,0.033663850520827654
yAM,56,32,138,26,0.9361702127659575,0.003246798349279878,0.04053252528020845,0.9361702127659575,0.03877514695620332,0.3945492900140929,1.0,0.04852365870735553,0.402807255917791,1.0,0.0026759588469530415,0.062327855580899705
yAm,35,8,45,9,0.9795918367346939,0.0026257535588921632,0.007987506335286332,0.9795918367346939,0.032415432076168704,0.26617421360436855,0.9795918367346939,0.02758787676332697,0.2663639080774668,1.0,0.0017385482877658731,0.007500487969672509
yAn,26,5,95,15,0.9583333333333334,0.0027704597145256082,0.013046342667426436,0.9795918367346939,0.04803652964523486,0.4193063458014925,1.0,0.06955465826822305,0.41009728022526015,1.0,0.003072410903202649,0.01678893047181429
yAni,87,17,216,39,1.0,0.008109581857349335,0.12432205783819328,0.9795918367346939,0.06998290362956305,0.42602261878521364,0.9361702127659575,0.04675395289514117,0.3823488883670746,0.9583333333333334,0.005634985061577891,0.10285354723877183
yAti,72,8,220,12,0.9795918367346939,0.010756045737201902,0.21011498290320407,0.9583333333333334,0.06266034288748379,0.4760417925068905,0.9795918367346939,0.06371021187363013,0.46141728258654546,0.9795918367346939,0.015538289498604141,0.24374803927149835
yAvad,47,30,230,18,0.9795918367346939,0.0014841042885932465,0.031022187641010168,0.9583333333333334,0.03448947810402159,0.3870203320318818,1.0,0.03329903036406978,0.40444480274364847,1.0,0.0025335331158250485,0.03326170338123524
yAvanto,6,5,7,8,0.9583333333333334,0.0019286344204101358,0.018406093340047613,1.0,0.02762096077036369,0.06837681257838157,0.9795918367346939,0.030519783183702742,0.07082139572786261,0.9583333333333334,0.0012282126921893122,0.02320284736876055
yAvat,27,12,147,29,0.9361702127659575,0.002279697597804775,0.015306171586649597,0.9583333333333334,0.050956969394003626,0.3583667317858401,0.9130434782608696,0.02694663611006587,0.34163057677497277,0.9795918367346939,0.0027624160018032695,0.03790729347894051
ya,990,514,311,104,0.8372093023255813,0.009626978795438057,0.10261922551232339,0.9361702127659575,0.055310132078065344,0.4255024990174865,0.9583333333333334,0.06392038227018992,0.5136951322149546,0.9583333333333334,0.04107622394342603,0.31516853020758284
yaH,416,157,1212,133,1.0,0.009715301445363256,0.049129626921312175,1.0,0.0456794441489915,0.34764981532260997,0.9795918367346939,0.06278539134967132,0.37449286459839093,0.9795918367346939,0.002193678113563191,0.07329158251724066
yaM,200,76,401,70,0.9130434782608696,0.01715835255339293,0.20311587152782207,0.9795918367346939,0.05252194361180451,0.337794294930024,1.0,0.06892617645404364,0.48561715991934684,0.9795918367346939,0.016129564137717156,0.3891789083127263
yaS,110,56,411,33,1.0,0.02860848138954497,0.3215244531619007,0.9361702127659575,0.08757997890468938,0.49322048946018326,0.9795918367346939,0.05122261003162576,0.46649801928742995,0.9583333333333334,0.00547551913900457,0.09281665597782207
yaSo,45,21,66,13,1.0,0.009692137924669941,0.06216106191273674,0.9795918367346939,0.05529963140563876,0.3009950107141818,1.0,0.041512203639226475,0.3076462336652852,0.9795918367346939,0.0018176641165583707,0.051097535655762694
yaTA,712,498,4217,717,0.9361702127659575,0.003721795741174483,0.06536628457934635,0.9583333333333334,0.04175265890213187,0.4735920921609075,0.9795918367346939,0.040987353677028326,0.5105932155172788,0.9795918367346939,0.0037590879072391115,0.14386358593512316
yac,245,27,626,41,0.9795918367346939,0.004551888407726912,0.05719472600602604,1.0,0.06215677464944036,0.4138085395889064,0.9795918367346939,0.0632722508712259,0.414525303785502,0.9583333333333334,0.011510248887639851,0.08742631572800774
yad,2320,303,2168,276,0.9583333333333334,0.006878422688656571,0.11069356835998256,0.9795918367346939,0.03376204593429499,0.3677121819663498,1.0,0.05479023505945724,0.38270403133972075,0.9795918367346939,0.02931192982059394,0.2173733735855531
yadA,101,131,747,66,1.0,0.012634658592880599,0.20754963517212155,1.0,0.03316643598402569,0.3774174369695499,1.0,0.04132887283281905,0.3451692850976228,0.9795918367346939,0.007703630974428388,0.14558515509592107
yadi,215,179,1606,225,0.9795918367346939,0.0021365374648290025,0.061464651232264966,0.9583333333333334,0.028819700337338716,0.37563135464907593,0.9583333333333334,0.04018071906086207,0.3964038934283045,0.9795918367346939,0.002837741943585881,0.04125606902240042
yady,70,31,385,48,0.9795918367346939,0.004936298045125964,0.052937568386978384,0.9795918367346939,0.035660334956277184,0.3736109974008812,0.9583333333333334,0.05484286273468375,0.3380309222854816,1.0,0.004585105053086624,0.04238618873966615
yaj,42,5,40,9,0.9361702127659575,0.002592774321611868,0.008558655600723108,0.9795918367346939,0.03752582157285833,0.20231189828124196,1.0,0.05409537603879011,0.2308016125043949,1.0,0.004384339573532348,0.009420568178361233
yajYa,61,15,10,134,0.9795918367346939,0.002490933897994041,0.037448619154513585,0.9583333333333334,0.014746736949881045,0.04375748116354783,1.0,0.09975404264547505,0.396719378214774,1.0,0.031893131702562916,0.2926523804784167
yajYaH,59,20,86,21,1.0,0.004893970313710749,0.08547076002648157,0.9583333333333334,0.033510286906062836,0.31865740722099933,0.9583333333333334,0.05905258345194797,0.32889216258501475,0.9130434782608696,0.0038787053595178422,0.03257933636384047
yajYaM,80,19,105,5,0.9795918367346939,0.009700793294425303,0.05730667603232109,0.9795918367346939,0.03729404019162508,0.26911947299935357,1.0,0.03350686466598407,0.2668969059164098,1.0,0.002779273584253339,0.05953407174414527
yajYasya,226,26,75,36,0.9795918367346939,0.01245367733559466,0.1465608892296515,0.9361702127659575,0.0530702922448143,0.2811223902609137,1.0,0.07114882427539271,0.48092169936647755,1.0,0.047180075015901046,0.29037435856586646
yajYe,101,13,146,27,1.0,0.007887080664577883,0.21813038980818034,0.9795918367346939,0.030471271169390524,0.3847624069776916,0.9583333333333334,0.033018451673588634,0.3766668075187911,0.9795918367346939,0.021474615992290835,0.2555959901523239
yajYena,44,12,18,18,1.0,0.004155492436571651,0.011145731758752442,0.9795918367346939,0.027948477078142187,0.10652073186228761,1.0,0.02270921805446191,0.10369452148092528,1.0,0.008118734645484071,0.044838216677524745
yajYo,127,25,95,22,1.0,0.015246891417453723,0.0756425894733963,1.0,0.040464371309219094,0.2728647232556056,0.9795918367346939,0.04705919448556062,0.2655549182595951,0.9795918367346939,0.0158594290277686,0.11701113640202032
yajamAnasya,61,23,18,21,0.9795918367346939,0.011008402940758555,0.047406335305338554,0.9795918367346939,0.03004223360227465,0.09247179379575421,0.9583333333333334,0.029261272738885458,0.0856771134198765,0.9361702127659575,0.0037975697902250527,0.04731044613703306
yajamAno,36,10,8,31,1.0,0.02030655484106758,0.1160638511869323,0.9795918367346939,0.027616656447076893,0.07637553879043146,0.9795918367346939,0.04041008263658108,0.09316711278492651,1.0,0.008587170086787665,0.09668164433035564
yajate,63,6,30,24,1.0,0.00734523666241782,0.2553406446579707,0.9583333333333334,0.034795654909179796,0.17812870014634474,1.0,0.05808152905004815,0.20450047962627083,1.0,0.006959206681548036,0.22015201315150534
yam,223,24,119,66,1.0,0.01770379899352237,0.14543105464981498,0.9361702127659575,0.06029977045396406,0.3484858489031569,1.0,0.07813956884761464,0.37212612175043525,1.0,0.012166292567328596,0.041940479218470994
yama,19,5,16,11,0.9130434782608696,0.0018106799177793897,0.02380476607650439,1.0,0.03251833813526983,0.13369547187673025,0.9795918367346939,0.041332662982707546,0.15374308652485968,1.0,0.00867163778767277,0.09489472116901432
yan,254,34,427,27,0.9795918367346939,0.0019482206975136585,0.03639022470369935,0.9795918367346939,0.05107909118498122,0.39866994889424023,0.9795918367346939,0.039298596997694,0.36024813596195226,0.9795918367346939,0.009416906338238218,0.08046494542127258
yas,257,35,653,68,1.0,0.016928232514252795,0.12669684089261146,0.9583333333333334,0.06507469941615385,0.38557906561719446,0.9795918367346939,0.04860484829466816,0.46585897393131526,0.9795918367346939,0.01281978822472718,0.031574818309315855
yasmAd,28,26,90,14,0.9583333333333334,0.0032989287933613554,0.01968140261963791,0.9795918367346939,0.022226664405689434,0.1506386767547554,0.9583333333333334,0.03313797520930062,0.1563092204951405,1.0,0.003942164415888683,0.01998030408062712
yasmAt,7,25,116,6,0.9795918367346939,0.0022984034278284993,0.007285764001682904,0.9795918367346939,0.031215053213807353,0.19194334851716843,1.0,0.037869890506258885,0.19569261540537974,0.9583333333333334,0.0018080125588649798,0.006033819094056314
yasmin,64,13,142,51,0.9795918367346939,0.003908389209144825,0.04405322330995132,1.0,0.04310794428885978,0.3177647329490988,1.0,0.04468740061965559,0.30401340466543336,0.9795918367346939,0.003059012518030757,0.08253753966502542
yasminn,35,7,35,5,0.9795918367346939,0.003375756782979744,0.055402522967884504,1.0,0.028814787343872106,0.20106225870456762,0.9795918367346939,0.055546633444060634,0.18956509694613333,0.9583333333333334,0.005775118176162941,0.0680807011829454
yasyAM,24,7,35,15,0.9795918367346939,0.0007105489380585528,0.022504205865711113,1.0,0.020940989197603455,0.14900854740907665,0.9795918367346939,0.028132689385887755,0.1472367749568403,1.0,0.0029213995645240853,0.02248569004371015
yasya,306,114,816,137,0.9795918367346939,0.006381753814838631,0.06803718879320053,0.9795918367346939,0.03538185597968413,0.3577977778577486,0.9361702127659575,0.03631412830647607,0.39246006415540047,0.9583333333333334,0.002285236502524657,0.058704591709227705
yat,1101,106,1658,180,0.9361702127659575,0.01063441699880685,0.10562673699197278,0.9795918367346939,0.05668461162280736,0.37082210418055506,1.0,0.058938447148313755,0.3500915938613989,0.9795918367346939,0.007767551996804789,0.08294939607615992
yata,28,44,13,13,1.0,0.004448941753978697,0.010227707908725181,0.9583333333333334,0.02882969780946887,0.12628140896903917,1.0,0.040129969545959154,0.11401774313543167,1.0,0.0032769992661607628,0.009285308585286867
yataH,20,13,122,20,0.9583333333333334,0.0015830562568103224,0.023661847971078065,0.9795918367346939,0.03908573008266303,0.3302086230544381,0.9795918367346939,0.05661749056990739,0.338050582010856,0.9795918367346939,0.001789717053441997,0.043566301119647766
yato,49,46,146,27,0.9583333333333334,0.0029275342331869236,0.029493144209407407,0.9795918367346939,0.05754163464466089,0.44022350198757987,0.9795918367346939,0.05831932755816582,0.45814451934290634,0.9583333333333334,0.003258874221627517,0.0535033757240172
yatra,208,111,1385,151,0.9361702127659575,0.003414613390144705,0.03781833454293093,0.9583333333333334,0.02700127781204742,0.4680274489255041,1.0,0.038208969559956785,0.5193762702483694,0.9583333333333334,0.0031956127666692424,0.07939927691864046
yayA,36,7,60,9,0.9795918367346939,0.008049524154527976,0.14692044978906726,1.0,0.025175685351740418,0.20187166762494813,1.0,0.027180684714633085,0.19335761526283757,0.9795918367346939,0.01073830323381264,0.15684800812482314
ye,1020,167,2423,249,0.9583333333333334,0.00553688778203254,0.056071807453971556,0.9361702127659575,0.07259136567363755,0.4303436198680197,0.9795918367346939,0.06144882496264348,0.40702875321077836,0.9583333333333334,0.006473291751987409,0.026571828842348655
yena,213,103,769,93,0.9795918367346939,0.007604091407195646,0.08542248408493247,0.9583333333333334,0.03181070249137352,0.41420320973323943,1.0,0.06267998397104313,0.5145663953471713,1.0,0.022759828652948455,0.23678893450214833
yezAM,16,25,252,16,0.9583333333333334,0.002447905606653089,0.016109931890753715,0.9361702127659575,0.04435315361139647,0.399117174781096,1.0,0.033214975214189923,0.4067482971105365,0.9795918367346939,0.0032889974928458354,0.010271565569988095
yezu,22,5,37,11,0.9361702127659575,0.0026193493601553985,0.028654913313346686,0.9795918367346939,0.028626189489488918,0.17202600008827273,0.9795918367346939,0.035584400252844595,0.1666165852781758,0.9583333333333334,0.0032241467658111755,0.03258204850192081
yo,1352,450,2026,315,1.0,0.0057317437009021255,0.1291636647765122,0.9795918367346939,0.043100879045602114,0.3179527583409705,0.9583333333333334,0.06158831018073596,0.44783697884674223,1.0,0.020715391412703843,0.19874423000237917
yoniH,6,6,14,12,0.9795918367346939,0.0010756885653115944,0.003246919971863438,0.9583333333333334,0.025651427623924028,0.1139660418790458,0.9795918367346939,0.037343716960658524,0.1186606020046218,0.9361702127659575,0.0021605762890525293,0.005823660451595325
yonim,73,6,14,21,0.9361702127659575,0.001942060862215711,0.05770564682639723,1.0,0.03866334775165148,0.11980900426286167,1.0,0.037880664533168296,0.16896338346267947,0.9795918367346939,0.011124872233895688,0.026818583841564658
yonir,15,6,40,8,0.9583333333333334,0.0007148561975447443,0.006504620668987826,0.9583333333333334,0.03353353284731675,0.16054330392716287,0.9795918367346939,0.038578457802391775,0.16465977135969934,1.0,0.003155096711269234,0.0042851009879092405
yujyate,19,5,66,16,0.9795918367346939,0.0017118196471069824,0.03154700868682203,0.9361702127659575,0.029077582729592377,0.24819575118534853,0.9583333333333334,0.03154316521523148,0.24918760833954823,0.9795918367346939,0.0019216519211540106,0.027861810893893835
yuktA,31,13,139,13,0.9361702127659575,0.0065002245464738095,0.07054549649806274,1.0,0.039238731576828334,0.46836051038949256,0.9795918367346939,0.0646196167923595,0.47111967199647653,1.0,0.005087440000829391,0.09659121702787965
yukto,7,13,179,23,1.0,0.0026462266998851236,0.009682361280723195,0.9583333333333334,0.03632109092283897,0.47798437736466026,1.0,0.0678732926837784,0.5112084393868768,0.9795918367346939,0.004675612675490659,0.05827672930721328
yuvA,41,5,103,7,0.9583333333333334,0.006562073469245755,0.0969287525053093,0.9130434782608696,0.05998480857023314,0.4128776144718592,0.9583333333333334,0.05234645994103393,0.38804354590523094,0.9130434782608696,0.011281379839986339,0.05891539947774693
zaq,90,8,73,54,1.0,0.01149240089873571,0.13786462966502966,0.9583333333333334,0.05495596797268232,0.3640468959703642,1.0,0.07391744793868193,0.3145004401217384,1.0,0.009689921944483704,0.07197185950904761
zaw,20,5,73,117,0.9583333333333334,0.002470435262461712,0.017351231013183144,0.9583333333333334,0.07482723306440087,0.40376416695596506,0.8095238095238095,0.0626121065377303,0.19764356224642632,0.9583333333333334,0.0103803792772178,0.15054352212877686
zazWe,11,6,24,30,0.9795918367346939,0.004409825175703097,0.004006091547213764,0.9795918367346939,0.025472153549013443,0.3063621071310738,0.9361702127659575,0.04596885205833068,0.3057464710793576,1.0,0.008964711320780583,0.05286430289046762
